path,bytes,sha256,jsonl_rows
README.md,9400,4c56380ee9cc87d594e61ce62bc69335f99ddd5a63d02320fa18c64355fcb7ea,
SOURCES.md,4807,0f0580e6c832fdc8c9c0b093148633abb83310a1015b6e4c8c96421f3f060bb7,
reproduction/README.md,1283,67e2e6ad87cdf8f05f6b51dd4573657a49c73d9a3adb9068e5419f692f109139,
reproduction/build_archive_manifest.py,1377,d64c00362da201dc6d03b699f3bd8133b04754a0dda753f4e1d0ca9d6efb3b21,
reproduction/scripts/analyze_l2_approach_access_geometry_v18.py,28650,0c4afcf13c52b06cf7455f1553efcadec145be5d33884f938b901f92b09b24bd,
reproduction/scripts/analyze_l2_c2d8_decision_latent_v22.py,26765,88abcb65ea9d9d646a570a1aaec67bf8d7bbf9677d04a49d976273d884a26a91,
reproduction/scripts/analyze_l2_formal_v2.py,16387,a8a255d2433c3f5f58ca722d41af0fd5fc534f01bfa9d907abb454bc3889526a,
reproduction/scripts/analyze_l2_front_obstruction_geometry_v20.py,13229,b1fe26b8bea603557d513c8680be166ee89c3fd9995017c1c8d1b64f41a43cf4,
reproduction/scripts/analyze_l2_grasp_zone_v3.py,18915,836c29a98e435b47761d5a9f6d26a34df5c908b876d39cf2a70e285059f139af,
reproduction/scripts/analyze_l2_instance_interference_v8.py,27775,52b3b3d4a72728fef33e3688e612b6ef843949d391678d60c87f5540924d59eb,
reproduction/scripts/analyze_l2_instance_occlusion_ltr_v9.py,27332,d7052223d1d1f99c11359202c4956e43e12034cf1ea1338f105ac7166cd456d9,
reproduction/scripts/analyze_l2_occlusion_boolean_v5.py,16888,7a02c3b6e57c839396213a73c15e240eaed14c6c95892ae1bd43a04e4a7b18ef,
reproduction/scripts/analyze_l2_potential_interference_v7.py,15199,c50e5e1d8581ecf0715407c64157d5ae0a9883f5930216181a842581d46da274,
reproduction/scripts/analyze_l2_primary_grasp_blocker_v10.py,17989,50a20d001bc7e1276c11c9d0314642d41099d290aefb45900d88c6664615d56f,
reproduction/scripts/analyze_l2_straight_access_geometry_v19.py,13658,6f976ba8281a1d10bc906907122c44722e1cd2058fc89796482c4f42d671a434,
reproduction/scripts/analyze_l2_target_access_v6.py,14545,2c22908329050c7c3ec7f3cdafa27ec1ae1e98df71a20105a8e52c4ff9be60a1,
reproduction/scripts/analyze_l2_v16_prompt_replay_v21.py,12257,a5089a79054502de5b72885a594c9560717a763af3520d54499f3aad3e69b0c2,
reproduction/scripts/analyze_l2_visibility_only_v4.py,15080,c7cb68093afa62d778debe2a70e9c53062094dd49338214fd9acf1ba38ce7976,
reproduction/scripts/compare_l2_v21_four_conditions.py,20269,a20f6643a5b300718090feb16155af760fbdf18173a92597a8dd72063a5c10e4,
reproduction/scripts/explain_l2_approach_access_v18.py,3240,8691f7fe68332fd92eaa1178fe8a567f7259af3776bbde6ce38e112ee1973a97,
reproduction/scripts/extract_l2_c2d8_decision_latent_v22.py,18548,3c5d3c20e333c5e3952cd23f639a6a16dcc1234ae5c1afed6180b38c1bc5438f,
reproduction/scripts/plot_l2_direct_retrieval_geometry_v16.py,21584,83e0103af2789667924b92110fd72c3594ce4e69062104d755ddb2f08f2b4141,
reproduction/scripts/prepare_vlm_action_geometry_single_info_v1.py,85268,d51c85dfada46644d33b082e5d90ade021880b93b2f44e4caeaad5b761af1cd4,
reproduction/scripts/render_l2_v21_four_conditions.py,2529,7f204bbfe4c57111621478b3ad96419c8ed000f497ba326744c680e7f1c781d2,
reproduction/scripts/replay_vlm_action_geometry_single_info_v1.py,27201,6f8c6f87965d0c5d54a09866f13fab303bde8b1ae8fcbfafca2d9bd01dd1d273,
reproduction/scripts/run_l2_approach_access_geometry_v18.py,15364,74a2719490eadbccc56857c6872536350c408809a6e3807d773d5e9effc43160,
reproduction/scripts/run_l2_direct_retrieval_25scenes_v15.py,13722,bc40d0e8e640a23d313b17278c7b0ed4ed67d39d31c93ecb287960d309856967,
reproduction/scripts/run_l2_direct_retrieval_geometry_v16.py,25526,a54049462e60e477c0e186923a9247f7c981dd68fc0dc315ad43b2e730e10433,
reproduction/scripts/run_l2_direct_retrieval_single_image_v15.py,8319,ab0fda7954431e1bc1d5df704dad7b0bc69c50159623c6a46a6576ac87f8e93c,
reproduction/scripts/run_l2_front_obstruction_geometry_v20.py,9388,8148124bb5d6a49801f6ef090c4f36b440bf2b2f115e4343ccfbfa62951921f5,
reproduction/scripts/run_l2_straight_access_geometry_v19.py,8471,8aa5e3e3608f067a2f906bf19df499d976b7888116e565fb0eaaf309a803710f,
reproduction/scripts/run_l2_v16_prompt_replay_v21.py,7527,59f1c067e9fb6eb758137cefe2e29f59a761b3db53824010cadfa5b5981bc840,
reproduction/scripts/run_vlm_action_geometry_single_info_v1.py,34176,1789ba225516107110e416efa3c29faca2b1c4af835c486a8f0f9d37a117e7b7,
reproduction/scripts/setup_l2_plain_rgb_named_object_obstruction_v12.py,7437,41d793ccdaf655d7d3b34a2d7ea917bd0f9b0c4aaa3705110e9be67927b1e53b,
reproduction/scripts/setup_l2_simple_obstruction_score_v14.py,5945,ac2298a7fcabb8ddb22b47933239544c6de0bf9d73b2918c1db1e66ff89d0a44,
reproduction/scripts/setup_l2_single_image_obstruction_score_v13.py,6678,c6e282e58b78b1016a4fd0b5ba81fc10914faf7216680bf793141c71034efeb4,
reproduction/scripts/setup_l2_single_scene_instance_obstruction_v11.py,7614,41ed32062b95bbc7641c186f247841bcf3851512a28b27a4fedadd6eec25198c,
reproduction/scripts/test_vlm_action_geometry_v1_common.py,1620,590ab86c6157153cbeb614a7fb03b26dc4fa10c92cfb26b28525bc90430cd11c,
reproduction/scripts/vlm_action_geometry_v1_common.py,15714,baa071388ccb1d6560d679f9a00d46f2ba74ee4ffef1944e8ab95906d7c08f8b,
studies/approach-access-geometry-v18/audit/completion_report.json,639,c07ae82a9f6e0019da76e5c5870ccc5eefc0dcd7e5f5c527a8f28e2fa589af2a,
studies/approach-access-geometry-v18/audit/frozen_file_hashes.json,34282,975f8ee0d17e0ec2708c04f9e4ebcf7cbaa8c4e329bd00659d5b244ff6a1bedb,
studies/approach-access-geometry-v18/audit/preflight_report.json,669,87d9564eadb2fba2c7d7365099d74741d413cfe366a6606268aeeeb8fa3f3065,
studies/approach-access-geometry-v18/config/experiment_config.json,4265,04197a12d3c3d273c3413d821fa2b7ba33d5ac6a61111a2dd31641cc133167fd,
studies/approach-access-geometry-v18/config/frozen_scenes.json,16628,e6b619fb300337019a5faf29023ff4c6a883c711dedb95fe018a2228ee05c9ed,
studies/approach-access-geometry-v18/logs/attempts.jsonl,402315,2444447e5ac51c4be33dde49e6c22c4a9739ad853dd2092408965b53915241bf,1500
studies/approach-access-geometry-v18/logs/console.log,19254,4eb7ded6905ada28aedbb5176c07a9dbd33bc0abdc371d6e8fc5b28c8aa953df,
studies/approach-access-geometry-v18/logs/progress.json,96,b630fb41190567a0748a37d3ccf68d2fd52fac950175433c86b1acf29a205471,
studies/approach-access-geometry-v18/logs/runs.jsonl,7153885,5586b54e3d98e05ad7a9f4b5719a39233fbe40454d1735212a6979c408fdb9a9,1500
studies/approach-access-geometry-v18/logs/runtime.json,156,3560238d016466e365f2a2bf388beb176630bd256704e62fc08d2d81f78b7427,
studies/approach-access-geometry-v18/prompts/l2_template_en.txt,348,2e27956e443ae942a6410db7598c7db2f886787f37af1d951475d994e679fe48,
studies/approach-access-geometry-v18/prompts/system_en.txt,154,09caaa041516c7fac98d23afbece06d0ada3fbc898d315d1d425c25d2308ac67,
studies/approach-access-geometry-v18/results/accessible_counts_by_scene.csv,1606,200fdc1940cf297102cd36ebf7f4f0de9f719e567197495d1278eac178b8fb2b,
studies/approach-access-geometry-v18/results/condition_results.csv,1151,2b68ec01331c2f50cd6e30cb0ab3476288cba9404d5d7f5327cc615f3cb9d92b,
studies/approach-access-geometry-v18/results/family_results.csv,2879,4c0119e65ae93623e4f9aea28ae3e14b8950862db7b0041603cca00639d94c65,
studies/approach-access-geometry-v18/results/integrity_report.json,763,60882fb490c4731ac71136d884e33eefa4f57151b9bb7a9aceebe41f7e430752,
studies/approach-access-geometry-v18/results/paired_vs_c0.csv,95188,0a756f0c9d8258cd9d77c6b7fb6d466d1809101db89222f86e4424e554db4a47,
studies/approach-access-geometry-v18/results/paired_vs_c0.json,300618,ff4ba69432fcce7941cefc07618a5cfa91e139ce59fe963cddbc9e858f074362,
studies/approach-access-geometry-v18/results/paired_vs_v16.csv,117403,8097202075068341bffe88296dd0155b510a2bd259d90358b42beda3e12b7e99,
studies/approach-access-geometry-v18/results/paired_vs_v16.json,360318,c6ad0eecd077d4fb1bb74cfd5bd418b95949a51c9cf68fa44fca615f6303cd3c,
studies/approach-access-geometry-v18/results/plots/01_accessible_by_family_condition.pdf,25543,5a9bce5c2b6cfd79e30e20df4247094b82ec960a11c361a4630f9304092bdc96,
studies/approach-access-geometry-v18/results/plots/02_fc_blocked_per_scene.pdf,21740,8e39fd94101d0f0fd217999798bb2464fb95fb35763626ff61c205a39aa2ce58,
studies/approach-access-geometry-v18/results/plots/03_v16_v18_c0_c2d8.pdf,22149,afbb6caf934c53e0a525f7f2daed60ec804ec384f960c6522da052a99e2da292,
studies/approach-access-geometry-v18/results/plots/04_v16_v18_family_delta.pdf,27076,c24d66321841adf015e5b1c74b89e3a6989f29d37a2df20a7ce7701e20b9806b,
studies/approach-access-geometry-v18/results/plots/05_explained_c0_r_f.pdf,42247,6bf48ab6d767411e342beb1526fe5ddb817a27e9f4d95de31eb7d99b4216b3fa,
studies/approach-access-geometry-v18/results/raw_scene_seed_decisions.csv,230229,c900e1bad68f68e4877bb524b379a1dc911c8d784f5dae649dbb98550e00d2be,
studies/approach-access-geometry-v18/results/report.md,10190,0eb2ec0711126c55ae3c1139043529a5d55ab9b20972788bd31ff6225fc41b3a,
studies/approach-access-geometry-v18/results/scene_results.json,192373,c7f565f731283f8bad80e471e446ce5d236a9a1146e4c99c9bac91fbb35a7f07,
studies/approach-access-geometry-v18/results/seed_results.csv,1729,9843c89d3dbb844b83cbb0d694cf71b994b61460f0d3567f283c3448860c4ee8,
studies/approach-access-geometry-v18/results/summary.json,22551,1eee5984a09fb9a8082bb4c7478c015bfb95fd402575cf823af1b52fabc9cb5c,
studies/approach-access-geometry-v18/results/v16_v18_family_comparison.csv,4061,8b14128abe088b117e3d67835a3e2ca3054d00f2220427eb66f1d24e74a4d23a,
studies/approach-access-geometry-v18/schemas/l2.json,227,b53b16deed67946886a67fc585f6d9a95fd64d7e534552547163c7b8a775697a,
studies/c2d4-decision-latent-v23/README.md,3697,708eaf83119bd015334ae0aca177046c8ac51a520fa0f256aa8ba09eba637cbb,
studies/c2d4-decision-latent-v23/analysis_summary.json,19309,d4071f3efb4f64cd4872e68fdfdd941efebb50c60061187ba265020934521b58,
studies/c2d4-decision-latent-v23/artifact_hashes.json,1612,084a2ec7ff2f3353c14af159ec17dff7b5307b2c8df92415171cfa00309ccabb,
studies/c2d4-decision-latent-v23/cosine_final_norm_centered.csv,8615,18e447c3f313587b09744c663b15cf09536b2d27b2f93b12b3acdbbb3bea0468,
studies/c2d4-decision-latent-v23/cosine_final_norm_raw.csv,8307,8e0a34d91de549a9e566b7088784906236277702f3fd2233d66ef01e296ea011,
studies/c2d4-decision-latent-v23/cosine_mid_layer24_centered.csv,8625,12b94014e2ac0d4c71d849039de8d12e7e4666dfe83e92cb4dd0b3d2ee354678,
studies/c2d4-decision-latent-v23/cosine_mid_layer24_raw.csv,8307,65c53fbff14939d9db60b8ad0dc78894d6b612c020e0a4a122aab3ce88b8615d,
studies/c2d4-decision-latent-v23/extraction_manifest.json,19267,9f64b368b014e08380a61cc9b6c4792c8957ab01e520cc9224fb8b301a666fd4,
studies/c2d4-decision-latent-v23/pairwise_cosine.csv,38057,aee11f62113174ec7b76277637f53d6ca17335d02fd24b6eba4c4607d9b73d17,
studies/c2d4-decision-latent-v23/records.json,672742,9030da2934108c10a0a9b6ce443f8bf4ba38329fa58c2fe473c26b3502a4e6de,
studies/c2d4-decision-latent-v23/scene_latent_summary.csv,3346,c26da22971fc56721cb41a4f46a7075e43b45549d7bfe581265de883db75ffef,
studies/c2d8-decision-latent-v22/README.md,3468,76d0cd8638df83f25c8fd5af8197eaa24776fc54212752e189fb652d902bd3ac,
studies/c2d8-decision-latent-v22/analysis_summary.json,19374,5cab8af4bc53026d1e3e194385142a559ddf24ad75348890d90a53d649257a1b,
studies/c2d8-decision-latent-v22/artifact_hashes.json,1612,57e2a72bc306a5807da5feef42176e13e489534e5d221a241589494b5d1e3d9b,
studies/c2d8-decision-latent-v22/cosine_final_norm_centered.csv,8643,0714fb3c2bc4a682f27df9b17a0b3340bb66454dd2301826469acada3cd8a6e1,
studies/c2d8-decision-latent-v22/cosine_final_norm_raw.csv,8307,d0ddc7ca838dd96cf9fe014fafe08fd5ec51a77f057a994d708319ed983e54cd,
studies/c2d8-decision-latent-v22/cosine_mid_layer24_centered.csv,8637,3302573a8df31993b4c05888567d1e07baa77f05b552dd56a80e28db3ac10164,
studies/c2d8-decision-latent-v22/cosine_mid_layer24_raw.csv,8307,2c23fc00f4dfd7edbe90f70b6b6d60b574d993809b9942c8fb29c452e1970391,
studies/c2d8-decision-latent-v22/extraction_manifest.json,19265,460540554ad0092b6493ae29d72d31a6af11ca6bc7bbea82ba70346c38953962,
studies/c2d8-decision-latent-v22/pairwise_cosine.csv,38054,697cac77b38cfad1d4daaeefbfda97b957e2f66a5919c72f282d485c7348daa0,
studies/c2d8-decision-latent-v22/records.json,676816,fb96d2892634224ff972c211f310e660dd82a6a100d556ed174643f5db04b687,
studies/c2d8-decision-latent-v22/scene_latent_summary.csv,3370,077375e753dec643aaf41d00a4feae938b390e636910aa0bf2924eb385cabb0b,
studies/direct-retrieval-25-scenes-v15/audit/preflight_report.json,366,b8673d0ebddf5f4bca879d7e6b22da1ca4fbe2db4723aa0f58a136953ffe518e,
studies/direct-retrieval-25-scenes-v15/config/experiment_config.json,2915,65907909223e78b2912f4e0b1b7003385927d684af3ec0bc9d4447bc2f8da719,
studies/direct-retrieval-25-scenes-v15/config/frozen_scenes.json,16628,e6b619fb300337019a5faf29023ff4c6a883c711dedb95fe018a2228ee05c9ed,
studies/direct-retrieval-25-scenes-v15/logs/attempts.jsonl,34478,02e468f2d8600e372669763bb9a74742c6897719a6c9992bb3325cccfab0d49a,125
studies/direct-retrieval-25-scenes-v15/logs/console.log,17858,c943f7372d0b2b9d2170d5548fe79329dd960507228ecb66936600e4fa7ac779,
studies/direct-retrieval-25-scenes-v15/logs/progress.json,94,715a735a00911445120975f07116a859b11df53529642e58d79b27d89ec46b85,
studies/direct-retrieval-25-scenes-v15/logs/runs.jsonl,389076,cc76053ac4317d8d2b50d1bd08dd7bc8bb246b1dc8fb00e8101e891a417e18d2,125
studies/direct-retrieval-25-scenes-v15/logs/runtime.json,105,995876847825b42dc625e26b7e729077abf3ad7d51e1ea4aebbc0a6aa79b9b99,
studies/direct-retrieval-25-scenes-v15/prompts/l2_template_en.txt,816,00c5195f2106ed80f9d1b86e0ac9ad7614714a8f59a8fea296442f330ca42984,
studies/direct-retrieval-25-scenes-v15/prompts/system_en.txt,287,65bc70085d4ce9eaec947d9343af21c4b421e78f7bd82f79edb1881cd4afe266,
studies/direct-retrieval-25-scenes-v15/results/report.md,1906,b0dcf9fd82944b573adc8801072dcad63f6dc8f00cdfd1afdf7645b927456e95,
studies/direct-retrieval-25-scenes-v15/results/scene_results.csv,2853,0c11b94789837b8aa11ea7cc0222dd731da1da27837c869e199fae584b95c078,
studies/direct-retrieval-25-scenes-v15/results/summary.json,17888,c0c1bf255bba6c5a6e1648ade21aeb4500e47d38132967a3cc890f110890e13e,
studies/direct-retrieval-25-scenes-v15/schemas/l2.json,237,4e047b1d43e1520da04fa821ad9f1c3024231537bb1a5d45019dc249afddb736,
studies/direct-retrieval-geometry-v16/audit/completion_report.json,540,55dde35615761107e5659e82d537569d660070f5dc3487510f1cecb3caae1b00,
studies/direct-retrieval-geometry-v16/audit/geometry_payloads.json,180507,65e555f2665b09dad1d0b8849ea45618fbe725fc7305ca2d341cea7b659936cc,
studies/direct-retrieval-geometry-v16/audit/notion_publication.json,500,f0597c1de92ff43f2101fdf1ea0b605fd65c1c2da399ed1cb7f562245d4b88db,
studies/direct-retrieval-geometry-v16/audit/preflight_report.json,805,94882b15f675af569b45eadaad9dadb193b9baa7c433b46a827204a7e6fc2840,
studies/direct-retrieval-geometry-v16/config/experiment_config.json,4560,c6d66bb611ec1e6ef09b0d2e0bf89af25ba433b115ae4d5ea154a89c5cd0e6e9,
studies/direct-retrieval-geometry-v16/config/frozen_scenes.json,16628,e6b619fb300337019a5faf29023ff4c6a883c711dedb95fe018a2228ee05c9ed,
studies/direct-retrieval-geometry-v16/logs/attempts.jsonl,410235,830ee0f025cbbbf5ce1fdb23ea94dccb7b354e137c9c356be5438677e3a2d4ff,1500
studies/direct-retrieval-geometry-v16/logs/console.log,30924,a01332cae0bd3a72f4d2600f82799d0d9d8526a0e1badae753e1fabd2fb22781,
studies/direct-retrieval-geometry-v16/logs/progress.json,96,a58b628b5696827b51ec435d2d6e6a1fe31afbc18fa17e3a651330f443863edc,
studies/direct-retrieval-geometry-v16/logs/runs.jsonl,8134079,88453cb134d0716699237aff0ab7abd83cfe6e0b635fca46629befe4c8a70f4c,1500
studies/direct-retrieval-geometry-v16/logs/runtime.json,157,e1ef5da57512e6d0fdc991ee92ebfef340f36bcbd58cda5c64369c6d09e3bc7b,
studies/direct-retrieval-geometry-v16/prompts/l2_template_en.txt,827,6d4a3240f0a69b962794bff0376813b48544f483c887565e8ecb8507998593be,
studies/direct-retrieval-geometry-v16/prompts/system_en.txt,287,65bc70085d4ce9eaec947d9343af21c4b421e78f7bd82f79edb1881cd4afe266,
studies/direct-retrieval-geometry-v16/results/condition_results.csv,703,45f115bc07729f54053618695f80e5b459bf11acd2f642e1a0460beaa187e73a,
studies/direct-retrieval-geometry-v16/results/notion_report_ko.md,30379,53cde7ef6207799464f4a105eff420ec7532017701c46171df26ab06f7d61d0a,
studies/direct-retrieval-geometry-v16/results/paired_changes_vs_c0.json,41940,4f1a71c5251f9eb08f63cb7b9e12befe06a4886e7220bc374c16f8ebe3c3ca8e,
studies/direct-retrieval-geometry-v16/results/report.md,4292,760886eb71fe687376c8c9b56477eea2e4bca3aa2528c9e2fe42ced8eeaec9ea,
studies/direct-retrieval-geometry-v16/results/retrieve_counts_by_scene.csv,1318,b4a2b5e50bb0429e5ea8c3e6642d0555aec26e75f60d667d627222cd1d5fb9c0,
studies/direct-retrieval-geometry-v16/results/scene_results.json,184938,6ef93e7826ffbc5fc8db5841390beca6024b1c0d92b3f4c065cadc33701bdc61,
studies/direct-retrieval-geometry-v16/results/summary.json,13331,df5f4e301fa303d74c40a18f21cf11cdd3af2d5fe35d812e9cc399b149ead80b,
studies/direct-retrieval-geometry-v16/schemas/l2.json,237,4e047b1d43e1520da04fa821ad9f1c3024231537bb1a5d45019dc249afddb736,
studies/direct-retrieval-single-image-v15/audit/preflight_report.json,331,a3640ed8be9fab07d5175988c84b9db63e423d03e932280b7c2fdb46f7aadc5c,
studies/direct-retrieval-single-image-v15/config/experiment_config.json,3058,cfad3d8ee19fd4fdb397558d9d853b5269a040c302c47b33a292612b376646df,
studies/direct-retrieval-single-image-v15/logs/attempts.jsonl,1085,bf00cb1a2a00d5c87df51344ab39e7fac79281aa6079a8814216116ff5833c7d,5
studies/direct-retrieval-single-image-v15/logs/console.log,18032,f6fcfac8e0c036a94c7752f95cf9c81480a3641dd5b6951df2c5d7ec1f301dc1,
studies/direct-retrieval-single-image-v15/logs/runs.jsonl,16948,9fd7b3f52eebc2129d17363659aca2ecb67d53c0d88dcc7e7aa074f0f701bba2,5
studies/direct-retrieval-single-image-v15/logs/runtime.json,105,8404632f44517483ba0f9578fc0d1d60d0b1eaf4b1c2dde5201c3799c5a29d8c,
studies/direct-retrieval-single-image-v15/prompts/l2_en.txt,800,abacfe69df00cac49d98949665c71690530f80e9fe184d64ddd55144ac8a5925,
studies/direct-retrieval-single-image-v15/prompts/system_en.txt,287,65bc70085d4ce9eaec947d9343af21c4b421e78f7bd82f79edb1881cd4afe266,
studies/direct-retrieval-single-image-v15/results/summary.json,1137,b7e00e062c21f365f5ff9ecc32d64c3d28332f1647d94e3e988f97fb1c7fc5a7,
studies/direct-retrieval-single-image-v15/schemas/l2.json,237,4e047b1d43e1520da04fa821ad9f1c3024231537bb1a5d45019dc249afddb736,
studies/formal-predicate-v2/logs/attempts.jsonl,489472,1b635c833c67a21de321a7d1a18e33fbf54b5db72534c7512b6949a2c4223284,1500
studies/formal-predicate-v2/logs/last_invocation_summary.json,327,ba9d22e8c71622e26ddc17c32f3c915cb8714a03d916552289ee0e2f5d840572,
studies/formal-predicate-v2/logs/progress.json,299,119d23ac8fbb3f1fb00260b5d0e1e9c1339f034d6a3f6d530bf58e9a7517576c,
studies/formal-predicate-v2/logs/runs.jsonl,10413453,fd0e78a035c01150f04d0b17f2c765cfe421b242f25944407a4d51c4f49d137d,1500
studies/formal-predicate-v2/logs/runtime.json,487,fdc848f8201fb09087ece5da031e1e6b2afdfda9e2a2eab903022f50cf7a5bec,
studies/formal-predicate-v2/results/artifact_hashes.json,360,a47d2985bcb5de94a11a6cd423060dca5218189fa69e9453ada8c0a70aeead60,
studies/formal-predicate-v2/results/condition_metrics.csv,1348,e5effef3857d960230aef5aff7d62973bd1959f502e8d456ac284af6d94f1dcd,
studies/formal-predicate-v2/results/family_accuracy.csv,598,1d0b778f59f81a6687d221412127d2e4de3a4f75b02d6578ab751c9865d16e3e,
studies/formal-predicate-v2/results/report.md,3756,b1b63d42e3064263f0b9850e1c653e199ca3f3218153e28670385af7290cefef,
studies/formal-predicate-v2/results/results.json,28847,1dd94636c211dabbb93a82b0b4a93d9e7d00c82260938fbaac55aea9f36d1edf,
studies/front-obstruction-geometry-v20/audit/completion_report.json,638,cbbda51235adb7dec3249757ae684da78f6bc42857b907011e508ef1b37cca2f,
studies/front-obstruction-geometry-v20/audit/frozen_file_hashes.json,34385,d5116223f32abe0d29a05cfab4f4665ebd815c8844f0062e2cd29199fa923f1f,
studies/front-obstruction-geometry-v20/audit/preflight_report.json,690,9338cb12fe0b491c0f907d412db31637363054f6a0a9a1338d9ac7aa7fee5dd1,
studies/front-obstruction-geometry-v20/config/experiment_config.json,4350,0c90aa20786a5f8c520b74b8366b4b7e1dccfb003b908d27fa38b7afac555a8a,
studies/front-obstruction-geometry-v20/config/frozen_scenes.json,16628,e6b619fb300337019a5faf29023ff4c6a883c711dedb95fe018a2228ee05c9ed,
studies/front-obstruction-geometry-v20/logs/attempts.jsonl,395638,9ca509ed98509154e3dba8302836795f24ca8171f43a7c5b699c66910b170ee4,1500
studies/front-obstruction-geometry-v20/logs/console.log,19123,9dd1b6800cb75d98b0f37b477c026ed728621b47094ac4ff7a5e81b18d74cad0,
studies/front-obstruction-geometry-v20/logs/progress.json,96,87edd8fa981bd4614e1e9685f96d50f59efa39bca2f7266f95b122db0c8c60c7,
studies/front-obstruction-geometry-v20/logs/runs.jsonl,6928754,63414dbc719f25444260d0e96b26e47790c9667bfd32d52299002be73c2cb9a2,1500
studies/front-obstruction-geometry-v20/logs/runtime.json,156,622af4e5f2d5559460477b4dd2aa459afbc632dcf8b5fee2d143747c8359eec8,
studies/front-obstruction-geometry-v20/prompts/l2_template_en.txt,247,0c2239bf00daf583c4c34439c5136b6c0e9426f3b2a505bb848eb95ab70944cc,
studies/front-obstruction-geometry-v20/prompts/system_en.txt,129,38e478270361facffe8e881e6407d68e0b4a21badd5cb41ddff17ec5ef5b6ba5,
studies/front-obstruction-geometry-v20/results/condition_results.csv,474,35b89fdcb8673fa7caca1369bf07d13ad4cec876302cd2786bfe362be23daa84,
studies/front-obstruction-geometry-v20/results/family_results.csv,2590,b1a60f494ec0b117fed14dac04e1455978c6e0860bbe13655fb5f34cc6b11410,
studies/front-obstruction-geometry-v20/results/family_results.json,10862,8135182ba3de616760f3bf5e6f038ce0e99c091a781b9a330e6373ab6ca0051d,
studies/front-obstruction-geometry-v20/results/integrity_report.json,433,b36c1f4510c8c139316ace5b75ed02cddaddb73c6a8647b21303a57b3ab195d9,
studies/front-obstruction-geometry-v20/results/paired_vs_v19.csv,92541,db39a1af79c4cadb9838f7f17aaa3bc5c15b8997de1f96db4ec8590417f185ce,
studies/front-obstruction-geometry-v20/results/paired_vs_v19.json,330949,71865bec1f8b555fe8784b20c64bb7dff1984a7c9cbcb344264179c93e97a80d,
studies/front-obstruction-geometry-v20/results/plots/01_blocked_by_condition_family.pdf,31577,0628494e64141cf3d569554fe181fd6bbe61766af51f4d131eef71779b7d8927,
studies/front-obstruction-geometry-v20/results/plots/02_v19_v20_blocked_comparison.pdf,33734,f5fc07b63ef8f2bcdb6d05172edab666acd21af6e198ab0087a22c3751184fc5,
studies/front-obstruction-geometry-v20/results/plots/03_scene_blocked_matrix.pdf,31243,f6417fe1d413f0b4c8b9f4e3fdca53ee75c8303a3cb2e4daa45f3355b061f4cd,
studies/front-obstruction-geometry-v20/results/report.md,5844,c63831f09771a15de4cc8c1542d1e9690c8834280a384cd4eeb8621a45a7d4ab,
studies/front-obstruction-geometry-v20/results/scene_results.csv,15874,7cf7e4932ae485188698f03e653064aa1ad79aa8a84af615e98b02431c9dd5cb,
studies/front-obstruction-geometry-v20/results/scene_results.json,65587,63f998e88dbed45c9a1d952fdf1493535359fb90757c1eea59aeaba4d5972d31,
studies/front-obstruction-geometry-v20/results/summary.json,18507,091297c1accace6e28fb7cdcbb216c6c84a479777d7dd7615f56b9f5c4a728d2,
studies/front-obstruction-geometry-v20/schemas/l2.json,222,816938e75e91b96908fac9f5c03ff86e8682af2bb11e38a2f16d801643478861,
studies/grasp-zone-v3/audit/file_hashes.json,75646,c08c7c12c1ba954afe7924467e5a77be06e77644e5cf705e10d63db941d2ae87,
studies/grasp-zone-v3/audit/object_coverage_report.json,1017,1049fcfd237f0d2c83c98fd389ca6a2cf632a702622170fb2667a00aa11a8e0d,
studies/grasp-zone-v3/audit/preflight_report.json,871,951edd66a556dae8cc5886197bbdedb2c63fa0a8be5f4dbd765e21203f107cda,
studies/grasp-zone-v3/audit/preparation_attempts.jsonl,7376,e198d77db6f8e54cfd7cfb73bc788b96a2ce42cff2eb338407337fe5c0a6a05e,25
studies/grasp-zone-v3/audit/scene_geometry/scene_fc_blocked_v01.json,59591,d3fb37202fe7bb4910eab0ffabd4ca5f2306d40928c3c15e1b1fbd56ede5b5d5,
studies/grasp-zone-v3/audit/scene_geometry/scene_fc_blocked_v02.json,52756,659e2edc657560a0407e7ead0333b89c6de2d1bb9c5651b7e0a8eb184a7058bc,
studies/grasp-zone-v3/audit/scene_geometry/scene_fc_blocked_v03.json,60704,a17277f15155e7e30a4dbe8063fbb60218dfe3c0956aecca11d0a7fc68be8ef0,
studies/grasp-zone-v3/audit/scene_geometry/scene_fc_blocked_v04.json,24142,9d3e728c0aa5fb5d1a04ea3404ca3bb811e4dd911d73a1f91bf91ee6a8136ff3,
studies/grasp-zone-v3/audit/scene_geometry/scene_fc_blocked_v05.json,41477,a87a98539a06373b2f69522eb249d26ec5ab2f3ef386580bf4f7cd44f5d6686e,
studies/grasp-zone-v3/audit/scene_geometry/scene_fc_clear_v01.json,59589,7f0a83469e73f51e73cb9cb0a16ebff479b032db39a024cd4a7cd4d31b293198,
studies/grasp-zone-v3/audit/scene_geometry/scene_fc_clear_v02.json,52754,c0840ac780d2684003963797a3ef4eb4673e5b962051fbfbef64aee94f24b0bf,
studies/grasp-zone-v3/audit/scene_geometry/scene_fc_clear_v03.json,60702,794bceed6dc36f1488f0575fe0c8ad387add011d4e793c8a3a29a9ccd9dd77b2,
studies/grasp-zone-v3/audit/scene_geometry/scene_fc_clear_v04.json,24140,7f7be15651925011dffaa7d378a176fff2d31a88ae4eea0445f8c43a8b2cf686,
studies/grasp-zone-v3/audit/scene_geometry/scene_fc_clear_v05.json,41475,cecdef111730959fd1be3b012068fa080a491838e88fb6d350b95db748145f3e,
studies/grasp-zone-v3/audit/scene_geometry/scene_lift_and_relocate_v01.json,67105,0b6f94a03a55380e5134b8d0429a0bf4e3eb6f73dbf0b6af8ab30da69bc93d21,
studies/grasp-zone-v3/audit/scene_geometry/scene_lift_and_relocate_v02.json,48983,fc824d12bf40ae5e721424565868c177d6810b9d7e0b8482c406f878c8d0c868,
studies/grasp-zone-v3/audit/scene_geometry/scene_lift_and_relocate_v03.json,47773,f827eea7d2f9e5c1031435b62cfe1136b3e02172a49b8671eda9f5e70adbc0af,
studies/grasp-zone-v3/audit/scene_geometry/scene_lift_and_relocate_v04.json,42088,b3979802f817e8d42110ffff4255f464a8ae5e7d3872d5056069947efe183ec5,
studies/grasp-zone-v3/audit/scene_geometry/scene_lift_and_relocate_v05.json,38784,058c23e44ac69dd5868cc03b86ec6b264505d1a2f97d749e82823545ea4d7a9e,
studies/grasp-zone-v3/audit/scene_geometry/scene_rotate_v01.json,44770,ce71a6549fa310291b4b0d436548a411355b8feae10c68e1c165e4e44c9dbe36,
studies/grasp-zone-v3/audit/scene_geometry/scene_rotate_v02.json,24525,d036fcb5db8c87e2ede865f10891f48eb2c68b6eb0bfb60fa3765760cb12403b,
studies/grasp-zone-v3/audit/scene_geometry/scene_rotate_v03.json,37339,c593808166528096a17623a89d3492a2ed4bfd6400d5ba33a2ba60f4ab79cbdf,
studies/grasp-zone-v3/audit/scene_geometry/scene_rotate_v04.json,44213,91bccece8e4bd36516eba1ba136afff409d54d03499a6abf9825095198d54179,
studies/grasp-zone-v3/audit/scene_geometry/scene_rotate_v05.json,75237,7c65e2a542d2ec3091a0c32bdcf33348e12fc58d9b5b09d086275edd9bf80d78,
studies/grasp-zone-v3/audit/scene_geometry/scene_translate_v01.json,6264,bfbf8916d032b0b1f575a8d548dbe79b83c64bf302da13ac795b8bc1727fd40d,
studies/grasp-zone-v3/audit/scene_geometry/scene_translate_v02.json,50940,b2a37dd6483771e4d63ab917edd2555f25f8d92f1ecfaddcbe7adeadc6d001a0,
studies/grasp-zone-v3/audit/scene_geometry/scene_translate_v03.json,32276,de901bd4361cdd22ac23bed4d0f22155ba2921fd64a4a9045bf8181a9d44a6d5,
studies/grasp-zone-v3/audit/scene_geometry/scene_translate_v04.json,22029,f8d787adf859629b0a1745522ea909ba5f5e3dd57fc37de42b415a2a379345ac,
studies/grasp-zone-v3/audit/scene_geometry/scene_translate_v05.json,61496,423af2a9039d95f5f49ec830fc9d2a98896ae369a767fca465c14fe96620c535,
studies/grasp-zone-v3/audit/scene_records/scene_fc_blocked_v01.json,3391,5efa551c9af93a94254570516863e2fb5a2a1b434d1070a3658b073314a5c0b5,
studies/grasp-zone-v3/audit/scene_records/scene_fc_blocked_v02.json,3392,9a95acf41a5e4be0b2d3de29f6a34cfc3e3ada76684e15fce1e98dea2cb9acf5,
studies/grasp-zone-v3/audit/scene_records/scene_fc_blocked_v03.json,3389,f589063ee33a5344a55646e532234bcda44e04c076b4458848fc8a4aa480d92d,
studies/grasp-zone-v3/audit/scene_records/scene_fc_blocked_v04.json,3388,86e94599d7819016bd154a984878a6812fc53e16e706bcc2f9eef2f45b99d8f8,
studies/grasp-zone-v3/audit/scene_records/scene_fc_blocked_v05.json,3389,ea609c96dbe393b11b163554285a628a755501f70927229a731c06874733fe16,
studies/grasp-zone-v3/audit/scene_records/scene_fc_clear_v01.json,3276,b637a7c50fdae4f8b5fdb6a7f5f63193367604d25ea3bcb56e47578c1e42d841,
studies/grasp-zone-v3/audit/scene_records/scene_fc_clear_v02.json,3276,e263b31aef1e2d5533d43515f8e9e536f979966d859608c549d4aa4940045012,
studies/grasp-zone-v3/audit/scene_records/scene_fc_clear_v03.json,3276,55d963eca2b7d6e569df29d9d36dbdb48c11de782759d9a3d6f202937e49b729,
studies/grasp-zone-v3/audit/scene_records/scene_fc_clear_v04.json,3276,38ed3d3c841e4d865576a98dde0cb8d79494cd76930a3d1389ca4181b718cea5,
studies/grasp-zone-v3/audit/scene_records/scene_fc_clear_v05.json,3276,821627c5a2f518eadd9b8868aec9f6458280c30fd24059a32b273ba52316f6f2,
studies/grasp-zone-v3/audit/scene_records/scene_lift_and_relocate_v01.json,3561,95debd998a7dc8c48896c355942d3599b05e7a00e4ddb650134d104f99797ddd,
studies/grasp-zone-v3/audit/scene_records/scene_lift_and_relocate_v02.json,3560,22c6b20c2d5e596de586d4a880ec792d53c2a2a17bd140415e677cd9eadbc86f,
studies/grasp-zone-v3/audit/scene_records/scene_lift_and_relocate_v03.json,3561,a04ad40514b62b470ca9e9875d2df238243caaa35d3ee3547ea4dc45fd0a43d6,
studies/grasp-zone-v3/audit/scene_records/scene_lift_and_relocate_v04.json,3552,7727f23bc802ebfb2cc6a17beaae5ed09673959a48eccbb76998a1b05f791048,
studies/grasp-zone-v3/audit/scene_records/scene_lift_and_relocate_v05.json,3561,af525c3e4829da25b3bcf617223e499d8970800c01e8fbf703b6d04d85f26107,
studies/grasp-zone-v3/audit/scene_records/scene_rotate_v01.json,3334,0593a1c656ebc4351c692d597a6043e1649494b6de98e02a5ecd2ee9a62f0191,
studies/grasp-zone-v3/audit/scene_records/scene_rotate_v02.json,3332,472c87fe20ac6aaf8f41a184dcb698e7cd32a7b8d025b84731a6bf9a166e70ad,
studies/grasp-zone-v3/audit/scene_records/scene_rotate_v03.json,3332,002f4d1b06bb07e3786ef8dd1b2c1156c39e07e92c4d07305e0ea08874969b1c,
studies/grasp-zone-v3/audit/scene_records/scene_rotate_v04.json,3334,b2127d9a191410d9165911726f8b9ea9d3ec8ac613343dd64bbee5dbe1c90947,
studies/grasp-zone-v3/audit/scene_records/scene_rotate_v05.json,3340,c13f8454d2f7c8cbd85943e5aad074dc2d78edec17d0abd2384252bd14737bdf,
studies/grasp-zone-v3/audit/scene_records/scene_translate_v01.json,3360,cbad9bae0b86cfec4b92ec258031628ee8115540f1b1c203f606dcc79c0b3573,
studies/grasp-zone-v3/audit/scene_records/scene_translate_v02.json,3377,54fccf41d0fd14f6e0522a3e43dcf8b58a04a69278afd30d8e13603fdc3b2f49,
studies/grasp-zone-v3/audit/scene_records/scene_translate_v03.json,3376,bd9a2344f0d93e669aa54a215aa693118c7c71e8353624d01732ef50b79f1ce6,
studies/grasp-zone-v3/audit/scene_records/scene_translate_v04.json,3377,fcfc374795405c72854155468319071f094969a4fb53128a41362e65dc1fb4df,
studies/grasp-zone-v3/audit/scene_records/scene_translate_v05.json,3385,7e88f89b58d277f7680b90cf3aa574bf5c90037cce313ccece8bd37cf26e06a7,
studies/grasp-zone-v3/config/frozen_scenes.json,88487,2de4eaa3bb930c881604a0fe2390242d40a16f3b69fe88f89f90c3f11ac74ee7,
studies/grasp-zone-v3/logs/l2_grasp_zone_v3/attempts.jsonl,487280,4d0e6e11953174cb003955e659bf3b53ffb9a3860a61ff22adfb3ea00b2f6aa2,1500
studies/grasp-zone-v3/logs/l2_grasp_zone_v3/last_invocation_summary.json,329,acd78758527351ee6ddfa4c03a0d5946d55bdf55a4e94476323fa6ccc5fae169,
studies/grasp-zone-v3/logs/l2_grasp_zone_v3/progress.json,299,9b60fcf4f10cce957f393cff564ac36ba93135d6d472e5b479e109f23431173e,
studies/grasp-zone-v3/logs/l2_grasp_zone_v3/runs.jsonl,11396581,0ea187c614f5499ceb24374e63cd7fecde8098376a0c5f16f03e438874ad40ec,1500
studies/grasp-zone-v3/logs/l2_grasp_zone_v3/runtime.json,487,085f7b2fe6eacdaf8cfa42835ccccfaa8cf8beac99508709d592e5d3477c0a32,
studies/grasp-zone-v3/prompts/l2_en.txt,2328,573bd9869bc9ffa4386f88270c6d527ee8bdf5642c1854c3dc64adf8829cfe32,
studies/grasp-zone-v3/prompts/system_en.txt,506,3ed54135bce98adb7ed4c237b93bd244a5008758aefc104d5387e6d6e240b1b9,
studies/grasp-zone-v3/results/l2_grasp_zone_v3/artifact_hashes.json,642,ffd1b88f907c14f6cfe518355e8096b01af4b1b1eab77da4898d24a99e385e26,
studies/grasp-zone-v3/results/l2_grasp_zone_v3/condition_metrics.csv,1389,d80b82c151ad1b9face620938bc9e9ca8bfeadb592f1a60e06412d9bcce0e22f,
studies/grasp-zone-v3/results/l2_grasp_zone_v3/family_accuracy.csv,616,4b90bc312ea824f18d6c4e17a2237c844a3027234b5e94cb805c3a37f2b9be99,
studies/grasp-zone-v3/results/l2_grasp_zone_v3/report.md,5331,891d7f6fac0578e50c73c2507345414e6d118e53c6ca3e5fbdbaab96c5a61fbd,
studies/grasp-zone-v3/results/l2_grasp_zone_v3/results.json,31342,17159e6591b86f8ad740d46eb46caacfe8c78c641d713fa9ea3807cfa1f7b56c,
studies/grasp-zone-v3/results/l2_grasp_zone_v3/run_outcomes.csv,163867,260dac63c3d18130a0820d6f6ca0c287146bc88725887ed73dc3a8bfe5ff0761,
studies/grasp-zone-v3/results/l2_grasp_zone_v3/scene_metrics.csv,1535,a298e93f6f21413cd90b5a237019ca201b41f44c0bfe2a3e311951f1cb64832d,
studies/grasp-zone-v3/results/l2_grasp_zone_v3/source_artifact_hashes.json,1374,9ce66f58fd3d1ccc19d812f1bfc4201e8689a9416fa34f841e0eb68cc05886e0,
studies/grasp-zone-v3/schemas/l2.json,179,b52078249525eb95642416abef899566e0e26c0589436b1eeda9752ba6edeea6,
studies/instance-interference-v8/audit/file_hashes.json,78748,ec0c273558d8ba144ae407eb2a7cd112d65559487ceb0b06ac670ba6aaf5b2d0,
studies/instance-interference-v8/audit/object_coverage_report.json,630,8113b4fd01783f0e728d03f19c79d32a089090ec3ae5ea5f99bbafd8543ea6bb,
studies/instance-interference-v8/audit/preflight_report.json,871,9676e4567e9ecd026838a372730f724cfee9674452714446d2a931898e77d294,
studies/instance-interference-v8/audit/preparation_attempts.jsonl,7377,24608808b40e09ae40078614922aabc13e1ced508f3572ea9c34a3c086d63d6d,25
studies/instance-interference-v8/audit/scene_geometry/scene_fc_blocked_v01.json,59591,d3fb37202fe7bb4910eab0ffabd4ca5f2306d40928c3c15e1b1fbd56ede5b5d5,
studies/instance-interference-v8/audit/scene_geometry/scene_fc_blocked_v02.json,52756,659e2edc657560a0407e7ead0333b89c6de2d1bb9c5651b7e0a8eb184a7058bc,
studies/instance-interference-v8/audit/scene_geometry/scene_fc_blocked_v03.json,60704,a17277f15155e7e30a4dbe8063fbb60218dfe3c0956aecca11d0a7fc68be8ef0,
studies/instance-interference-v8/audit/scene_geometry/scene_fc_blocked_v04.json,24142,9d3e728c0aa5fb5d1a04ea3404ca3bb811e4dd911d73a1f91bf91ee6a8136ff3,
studies/instance-interference-v8/audit/scene_geometry/scene_fc_blocked_v05.json,41477,a87a98539a06373b2f69522eb249d26ec5ab2f3ef386580bf4f7cd44f5d6686e,
studies/instance-interference-v8/audit/scene_geometry/scene_fc_clear_v01.json,59589,7f0a83469e73f51e73cb9cb0a16ebff479b032db39a024cd4a7cd4d31b293198,
studies/instance-interference-v8/audit/scene_geometry/scene_fc_clear_v02.json,52754,c0840ac780d2684003963797a3ef4eb4673e5b962051fbfbef64aee94f24b0bf,
studies/instance-interference-v8/audit/scene_geometry/scene_fc_clear_v03.json,60702,794bceed6dc36f1488f0575fe0c8ad387add011d4e793c8a3a29a9ccd9dd77b2,
studies/instance-interference-v8/audit/scene_geometry/scene_fc_clear_v04.json,24140,7f7be15651925011dffaa7d378a176fff2d31a88ae4eea0445f8c43a8b2cf686,
studies/instance-interference-v8/audit/scene_geometry/scene_fc_clear_v05.json,41475,cecdef111730959fd1be3b012068fa080a491838e88fb6d350b95db748145f3e,
studies/instance-interference-v8/audit/scene_geometry/scene_lift_and_relocate_v01.json,67105,0b6f94a03a55380e5134b8d0429a0bf4e3eb6f73dbf0b6af8ab30da69bc93d21,
studies/instance-interference-v8/audit/scene_geometry/scene_lift_and_relocate_v02.json,48983,fc824d12bf40ae5e721424565868c177d6810b9d7e0b8482c406f878c8d0c868,
studies/instance-interference-v8/audit/scene_geometry/scene_lift_and_relocate_v03.json,47773,f827eea7d2f9e5c1031435b62cfe1136b3e02172a49b8671eda9f5e70adbc0af,
studies/instance-interference-v8/audit/scene_geometry/scene_lift_and_relocate_v04.json,42088,b3979802f817e8d42110ffff4255f464a8ae5e7d3872d5056069947efe183ec5,
studies/instance-interference-v8/audit/scene_geometry/scene_lift_and_relocate_v05.json,38784,058c23e44ac69dd5868cc03b86ec6b264505d1a2f97d749e82823545ea4d7a9e,
studies/instance-interference-v8/audit/scene_geometry/scene_rotate_v01.json,44770,ce71a6549fa310291b4b0d436548a411355b8feae10c68e1c165e4e44c9dbe36,
studies/instance-interference-v8/audit/scene_geometry/scene_rotate_v02.json,24525,d036fcb5db8c87e2ede865f10891f48eb2c68b6eb0bfb60fa3765760cb12403b,
studies/instance-interference-v8/audit/scene_geometry/scene_rotate_v03.json,37339,c593808166528096a17623a89d3492a2ed4bfd6400d5ba33a2ba60f4ab79cbdf,
studies/instance-interference-v8/audit/scene_geometry/scene_rotate_v04.json,44213,91bccece8e4bd36516eba1ba136afff409d54d03499a6abf9825095198d54179,
studies/instance-interference-v8/audit/scene_geometry/scene_rotate_v05.json,75237,7c65e2a542d2ec3091a0c32bdcf33348e12fc58d9b5b09d086275edd9bf80d78,
studies/instance-interference-v8/audit/scene_geometry/scene_translate_v01.json,6264,bfbf8916d032b0b1f575a8d548dbe79b83c64bf302da13ac795b8bc1727fd40d,
studies/instance-interference-v8/audit/scene_geometry/scene_translate_v02.json,50940,b2a37dd6483771e4d63ab917edd2555f25f8d92f1ecfaddcbe7adeadc6d001a0,
studies/instance-interference-v8/audit/scene_geometry/scene_translate_v03.json,32276,de901bd4361cdd22ac23bed4d0f22155ba2921fd64a4a9045bf8181a9d44a6d5,
studies/instance-interference-v8/audit/scene_geometry/scene_translate_v04.json,22029,f8d787adf859629b0a1745522ea909ba5f5e3dd57fc37de42b415a2a379345ac,
studies/instance-interference-v8/audit/scene_geometry/scene_translate_v05.json,61496,423af2a9039d95f5f49ec830fc9d2a98896ae369a767fca465c14fe96620c535,
studies/instance-interference-v8/audit/scene_records/scene_fc_blocked_v01.json,3565,c477ea2f493e4351dee422a0c5670dee158257e17fdf8077c3f036c023bfb099,
studies/instance-interference-v8/audit/scene_records/scene_fc_blocked_v02.json,3566,adbc8f03d012d680abe8e13bf7dc71b54b12c28782c4248949dc0a1bdee84209,
studies/instance-interference-v8/audit/scene_records/scene_fc_blocked_v03.json,3563,9da67e1c103c0583df8bdc5e1403c9117123172f5a83fee7df5dc12beb5b3838,
studies/instance-interference-v8/audit/scene_records/scene_fc_blocked_v04.json,3562,43be0de0301aea11f64efc5bc19704848de3a7e869364da45319b6c653b42566,
studies/instance-interference-v8/audit/scene_records/scene_fc_blocked_v05.json,3563,6b0ee2a51b888937238c7f2f5b5bbf26b96885cd10dca74a65d6bc74297ee729,
studies/instance-interference-v8/audit/scene_records/scene_fc_clear_v01.json,3448,80d52e934c7ec4a02d9e75fa3c3c982d01f0f37f956bd06ce8b24e5de9e515f7,
studies/instance-interference-v8/audit/scene_records/scene_fc_clear_v02.json,3448,54dc2ef95594551fa0ea26670396879e93e91a1781d73f3301619519663ecbad,
studies/instance-interference-v8/audit/scene_records/scene_fc_clear_v03.json,3448,f8e2ed24a571627f3e4effbc279f41fd5f6c65c801459858eb8ecbc5321d3b28,
studies/instance-interference-v8/audit/scene_records/scene_fc_clear_v04.json,3448,94dba73bdacb76867f4cdf00f8876f1fc49e5d75794b8ecb38fa61945ace0504,
studies/instance-interference-v8/audit/scene_records/scene_fc_clear_v05.json,3448,bbebc21d9369f7a3f5fbd2c07ba95d31607b085657b359d9dd7d6c416140f608,
studies/instance-interference-v8/audit/scene_records/scene_lift_and_relocate_v01.json,3742,4decd88ce3c17c9d940465b4634f46268423dec9429ec8ce07123e4ab980b903,
studies/instance-interference-v8/audit/scene_records/scene_lift_and_relocate_v02.json,3741,0df5cb11b1a24092372096241d2361497f0880ac864032c2724c0d1f2d0e4d6d,
studies/instance-interference-v8/audit/scene_records/scene_lift_and_relocate_v03.json,3742,a9fe6c0e30dfdc006696b364ddc258bec0dd895759563a4d4c076161441681b6,
studies/instance-interference-v8/audit/scene_records/scene_lift_and_relocate_v04.json,3733,6ad08a54fbf246e5988dcf1ac56ad6475bcac56bcb8de090834e992712c9f7e1,
studies/instance-interference-v8/audit/scene_records/scene_lift_and_relocate_v05.json,3742,90bc400c2142ffdbd9907ace39dc7e09f64a3947ef56165495216afbb4576600,
studies/instance-interference-v8/audit/scene_records/scene_rotate_v01.json,3504,95bd7d21f0a3d5b0e43778c23411454e0cf70cc33ea6a5e29cec463474ea7052,
studies/instance-interference-v8/audit/scene_records/scene_rotate_v02.json,3502,eea9962ea3e83a898f897a708918418211207f45f6225043d5d0b4ef076387f3,
studies/instance-interference-v8/audit/scene_records/scene_rotate_v03.json,3502,c30230cc35cceca800348df91a96243fd481af8fc1892b5694cd747da720d23c,
studies/instance-interference-v8/audit/scene_records/scene_rotate_v04.json,3504,73e7475121839ac614690d40b50878c515d206baa86a7cb194542a9cfa616ccd,
studies/instance-interference-v8/audit/scene_records/scene_rotate_v05.json,3510,74756e7fbd216cc81affb364b081bda815c57b0ad6dab12953c81179416fb2a1,
studies/instance-interference-v8/audit/scene_records/scene_translate_v01.json,3533,2e74945b02496d0248c534d9e1e4f3ab0b99c04783bfd701ef71c6b3eef6a5d7,
studies/instance-interference-v8/audit/scene_records/scene_translate_v02.json,3550,be65f1c1a6c910c1892868eec130861eadeee539a95ffcb7cef1be3721ffaa38,
studies/instance-interference-v8/audit/scene_records/scene_translate_v03.json,3549,ebf21b802021f4c6d60511972556b02fa46fcb4317b2db2be8aff8a0f5f1b840,
studies/instance-interference-v8/audit/scene_records/scene_translate_v04.json,3550,21587f2aa29c1bf4f6f6cd45aeb530341c31d9de7283a70c9ae46a862eca7be4,
studies/instance-interference-v8/audit/scene_records/scene_translate_v05.json,3558,86dab44246bd62dfe194fb6c38d98c81a3588c78c35302c8e9570df585ce40cc,
studies/instance-interference-v8/config/frozen_scenes.json,93037,6dcd6e067db755d551ae3f29f88e03c4205b88111f74e1e9c2ce23ebbae914fe,
studies/instance-interference-v8/logs/analysis_console.log,2359,24aa9d84145212bac7db08af17dfce81c642aeabdb7089c9ed8eb45017a7dc26,
studies/instance-interference-v8/logs/attempts.jsonl,947262,0cd7f9c016300dd659e07a17947582caa536e303327c8a9d6b77a810a878f304,1500
studies/instance-interference-v8/logs/full_console.log,23506,3a64cc0df57ab1d97ab3d216db28f6d97b05790202c19b08db26e91755942712,
studies/instance-interference-v8/logs/last_invocation_summary.json,324,01a09214bf45a851851c499a93554c26e61d819308481a6113a507e0bc5ed9ab,
studies/instance-interference-v8/logs/pilot_console.log,16947,ded545b207cfba4f8f5ed5dd9bb3b350937ddce15a6ab04ecab6092b1dbbd3be,
studies/instance-interference-v8/logs/preparation_console.log,56447,087b7a8774e039afc82af06121bce93055165d8eab7bdd21ade05fc7e48e97b3,
studies/instance-interference-v8/logs/progress.json,300,d417ba981d12b4a5d54bbeaff343fdc68e84cc2759d734c5e40cc2356545fe1a,
studies/instance-interference-v8/logs/runs.jsonl,11259890,161be70f9772916a7d49c9525f9684be8fc53f16a6343b6c09689424f75a701a,1500
studies/instance-interference-v8/logs/runtime.json,487,14243ef9dcc4888d417e4ea46d28e162b004c00177275f432e77accfad48ccb8,
studies/instance-interference-v8/prompts/l2_en.txt,613,8ab3699eef5e47747cf925eea4bb308211ccf0163a716a9ff718b517690aa60d,
studies/instance-interference-v8/prompts/system_en.txt,506,3ed54135bce98adb7ed4c237b93bd244a5008758aefc104d5387e6d6e240b1b9,
studies/instance-interference-v8/results/l2_instance_interference_v8/artifact_hashes.json,1053,670d9ae02797b0bd775c9530221e4d055f5eb44a43d4187abb10978e999ab910,
studies/instance-interference-v8/results/l2_instance_interference_v8/candidate_instance_errors.csv,320775,90d5076869292ed7cf92feeb1995df74cdd052795ec6f40d8b70f7a3a43172d8,
studies/instance-interference-v8/results/l2_instance_interference_v8/candidate_instance_outcomes.csv,843401,7e643c7b0e00e65b977bd2dbfb90a352f5028dc06a6fbba20bec4945d76187f4,
studies/instance-interference-v8/results/l2_instance_interference_v8/candidate_object_metrics.csv,12643,fb933974134bc45f2e61058a1063d91f36124561dc53fbd2d3311a95ca9e67a7,
studies/instance-interference-v8/results/l2_instance_interference_v8/condition_family_metrics.csv,5539,6628d3e553af27a5ac595962750aa9f23a8667659dd25d90583f58dff9a92133,
studies/instance-interference-v8/results/l2_instance_interference_v8/condition_metrics.csv,2294,4277b82d6d546cb1ac02f4ca84d3bdda3933529b5b2b3c4f4da194a35c44c209,
studies/instance-interference-v8/results/l2_instance_interference_v8/family_metrics.csv,795,13a6a8993a0b738a021e36314e556d5805547f467a086a5f027aa75cc1900cb5,
studies/instance-interference-v8/results/l2_instance_interference_v8/report.md,3457,5ad72978901e8e85fed4a2f3b7a973bc4d935d8666a20c86ee91e5cafd0728d5,
studies/instance-interference-v8/results/l2_instance_interference_v8/results.json,21291,12139d4b6876c0b7b80eba959dc92e5637dbbae38fcd8276a63133b002cc3856,
studies/instance-interference-v8/results/l2_instance_interference_v8/run_outcomes.csv,221073,525fd201eae3c60758dfddb50e6917932f28a2b92c335a57311bf1c0490b7a3b,
studies/instance-interference-v8/results/l2_instance_interference_v8/scene_metrics.csv,2966,7789773da6f346f7ab3edc789427a0592ef43ee72de6b11960cecf6aa8ea8d82,
studies/instance-interference-v8/results/l2_instance_interference_v8/source_artifact_hashes.json,6135,e16313e01d6ec767555783ee1b07a824f24447eb852a812d4560eeaf39fac677,
studies/instance-interference-v8/schemas/l2.json,731,bdb7eef724ffd889f5e9c3343fca82e32f55594c713b8d01e04d5a31bf52b474,
studies/instance-interference-v8/schemas/l2_instances/scene_fc_blocked_v01.json,2154,c2e2c45bdabdefdb467cd172c0064249c6c3d1376b2d0d10a604b1f3afc20b78,
studies/instance-interference-v8/schemas/l2_instances/scene_fc_blocked_v02.json,2154,f09ade452704d26eed2aafca0eee71dda6c469199c8aa1d59b56640b43af9f56,
studies/instance-interference-v8/schemas/l2_instances/scene_fc_blocked_v03.json,2154,8290836a663d5dc8870ea2f775b44e603b7da7d41c0a99df4cf6bf084dcb056d,
studies/instance-interference-v8/schemas/l2_instances/scene_fc_blocked_v04.json,2154,13435993e84e9015b25b4058c5198e8f44ad9e48c71f71f8838d097c454ca128,
studies/instance-interference-v8/schemas/l2_instances/scene_fc_blocked_v05.json,2154,fef75f08bf97ad8df8666abfff81fbc7236366557f97d2eb983653c247c5791f,
studies/instance-interference-v8/schemas/l2_instances/scene_fc_clear_v01.json,2154,1e62e59cd7b6dbfaa06e3eb2b0d32793e85c75b0e14d86fe0655535a6fbf3dfd,
studies/instance-interference-v8/schemas/l2_instances/scene_fc_clear_v02.json,2154,c397869ae646acb45c34cce8cba4d33196a422ac90820b6d02760e770f0c1b99,
studies/instance-interference-v8/schemas/l2_instances/scene_fc_clear_v03.json,2154,9f873445ab371bc788a9c56e1bd2008c71d2a546c3b3649688ced801c06f4908,
studies/instance-interference-v8/schemas/l2_instances/scene_fc_clear_v04.json,2154,261ce870ff0ec8e367497bd4c52a4c519e0b9463104adad6f069dbe1fa436ce0,
studies/instance-interference-v8/schemas/l2_instances/scene_fc_clear_v05.json,2154,e5bf320fa31e1e054839e4eecf38b43b9d17736380e27b8cbf11003ada33e58e,
studies/instance-interference-v8/schemas/l2_instances/scene_lift_and_relocate_v01.json,3114,44eed4f53d06f7cfee7e4519a3a266483a04665d7247aa4a00c098c10d6037cc,
studies/instance-interference-v8/schemas/l2_instances/scene_lift_and_relocate_v02.json,3114,c670d1a87b6c6e512f2f752b608d38df092139bad325f072dee981b0493ee8a6,
studies/instance-interference-v8/schemas/l2_instances/scene_lift_and_relocate_v03.json,3114,8e034093e7c8859cfc2bac840bc1f6eacb03abad68ddd50fb3c7572fb863ce67,
studies/instance-interference-v8/schemas/l2_instances/scene_lift_and_relocate_v04.json,2634,82b3f84a0d44357651e42475405ee79142f9959869cf69872613466d258ac633,
studies/instance-interference-v8/schemas/l2_instances/scene_lift_and_relocate_v05.json,3114,70267915f35ec8f4241de8f82cf6d80129ebce4bef15babf0d9dfb4f0b57bf8c,
studies/instance-interference-v8/schemas/l2_instances/scene_rotate_v01.json,2634,6bd019ac265684a41f7898cb4fc1adc96fb5c8cede99cf088675221b04f45efb,
studies/instance-interference-v8/schemas/l2_instances/scene_rotate_v02.json,2634,b2bd9fe3295d05062572f0d2e3b3b68c8fab4f1bfa653461beb35d4d886939c5,
studies/instance-interference-v8/schemas/l2_instances/scene_rotate_v03.json,2634,47dc34462ab0b5c7e64b9dbbfb1022c53cc5f3b3ca0a491fc6b50e725480c909,
studies/instance-interference-v8/schemas/l2_instances/scene_rotate_v04.json,2634,2c05131ca61dba144a0644b32a5573d8e48d69c78bfa772596f004f31553c60f,
studies/instance-interference-v8/schemas/l2_instances/scene_rotate_v05.json,3114,6049db8669154c533adb78f7171dff8c7f45ed76f1b2608c72d72618ce9706b3,
studies/instance-interference-v8/schemas/l2_instances/scene_translate_v01.json,1194,37bed1d578340be0c1f16a1ec6943aa076f5f1b4e3caa5c554122bcc61524a78,
studies/instance-interference-v8/schemas/l2_instances/scene_translate_v02.json,2154,f132aaa9138f6a3021e2f9accdebf73c3d444a4ccf3dfbd1b6fde93b611bc9e3,
studies/instance-interference-v8/schemas/l2_instances/scene_translate_v03.json,2154,5bbe8b540db1634e807e29ae43f1f9d549826e6e97d2a0602a2d5a8430455eb0,
studies/instance-interference-v8/schemas/l2_instances/scene_translate_v04.json,2154,8218fcfd7ca8145c82c48c74638d02a1a7d095a4cab236500a32aef58dfb74f4,
studies/instance-interference-v8/schemas/l2_instances/scene_translate_v05.json,2634,a1c9737a5fa3f03556b2c7939ec477709908b2d028fdef38ef530745a6488d38,
studies/instance-occlusion-ltr-v9/audit/file_hashes.json,78748,920ec229e780dc5b4547e5e631e532a897bcee3ef3d27a4790b2e4e6d412ba99,
studies/instance-occlusion-ltr-v9/audit/object_coverage_report.json,630,3841b67c7dce728a2e69aec5a1322594c6072aa418d1380ff88527dd19cb0656,
studies/instance-occlusion-ltr-v9/audit/preflight_report.json,871,395d0dc8c2727781746ffeaa60ee98a704337a5a841650e0d4ba950b11737a98,
studies/instance-occlusion-ltr-v9/audit/preparation_attempts.jsonl,7376,28dfe4050a207ff50ac61e75ace5f26a69b96df99b5cf8446daa9fef42ad8a98,25
studies/instance-occlusion-ltr-v9/audit/scene_geometry/scene_fc_blocked_v01.json,59907,2854dbca62f950ea7b0c192a60ead292a0a5f4837d3bcd21d302f91f5d898f90,
studies/instance-occlusion-ltr-v9/audit/scene_geometry/scene_fc_blocked_v02.json,53073,76ffab2d3c5c14055cecc1c9ba7fbe457a6a05f35bd3ac99911ee5a0bb0fb3f7,
studies/instance-occlusion-ltr-v9/audit/scene_geometry/scene_fc_blocked_v03.json,61021,ccf1ea2f4bb79edffcf27f673c0cbe8836b138816534868d62e053c9daff848b,
studies/instance-occlusion-ltr-v9/audit/scene_geometry/scene_fc_blocked_v04.json,24456,872b9a44539e803f0f6d1a8237938894450a4920032e61213117dfe1d7899a36,
studies/instance-occlusion-ltr-v9/audit/scene_geometry/scene_fc_blocked_v05.json,41794,afc44f161bb3c0d6c042d863da8c7142a572a03261d3cf95b1222cc23a75fc6f,
studies/instance-occlusion-ltr-v9/audit/scene_geometry/scene_fc_clear_v01.json,59905,4e433648107b056415403b595b59927030a024698bba3ae706032e3ddf2ba197,
studies/instance-occlusion-ltr-v9/audit/scene_geometry/scene_fc_clear_v02.json,53071,dcf82b2e159a8dcf1cc75cdf2b013e82143dee3aab7abc5bb0af68f42e86867b,
studies/instance-occlusion-ltr-v9/audit/scene_geometry/scene_fc_clear_v03.json,61019,8161b87230dd849c95c64df29f9ef982fac9e8a747a94625a405eec5fffb610e,
studies/instance-occlusion-ltr-v9/audit/scene_geometry/scene_fc_clear_v04.json,24451,681757798ac60d15f8fb93e9f25f98218b835b2af4b3a25617779a2fedc902d3,
studies/instance-occlusion-ltr-v9/audit/scene_geometry/scene_fc_clear_v05.json,41791,76b019351eb7a33dd800500858d47fd0c31d38b958128dd14ae91fa0d1e27eef,
studies/instance-occlusion-ltr-v9/audit/scene_geometry/scene_lift_and_relocate_v01.json,67579,001bd6913ce67f82ae36d6d6ef1ca12cc6877c3a5ce2cacaa5791ce9a6b7a805,
studies/instance-occlusion-ltr-v9/audit/scene_geometry/scene_lift_and_relocate_v02.json,49457,1c94902dc8e928af59d33e57197257bb7217a5ce8a7f620c922d110eae011d0e,
studies/instance-occlusion-ltr-v9/audit/scene_geometry/scene_lift_and_relocate_v03.json,48247,3b15d9e5b54b4c8905dbb539f8080957a084f4562ae3af37322a08235ae0daa2,
studies/instance-occlusion-ltr-v9/audit/scene_geometry/scene_lift_and_relocate_v04.json,42519,323cf1d7d03ddfe1703b62f3e276287cbeb5fa220af702d091dec7d7ad84c2e5,
studies/instance-occlusion-ltr-v9/audit/scene_geometry/scene_lift_and_relocate_v05.json,39256,50c743a37c536b53e9dc55de827f401b3330126116c81fe068fd1a7abd36ab66,
studies/instance-occlusion-ltr-v9/audit/scene_geometry/scene_rotate_v01.json,45167,b21fa372c574647e3e34a14ce9afb06b22b3e6009bf1e34c74c7c848131cbe94,
studies/instance-occlusion-ltr-v9/audit/scene_geometry/scene_rotate_v02.json,24918,8adb2f5299902b90aa36443d3b838647685425243b584d18af56e27b5ecab5ec,
studies/instance-occlusion-ltr-v9/audit/scene_geometry/scene_rotate_v03.json,37735,09938ac0544e2ae19e510cf5f62b1134fdce7c9aa480792addb3d24820a8dd09,
studies/instance-occlusion-ltr-v9/audit/scene_geometry/scene_rotate_v04.json,44607,f80ffed6cbec8481028c042eca4d030e3f382b3d416f2917fe527041ed90a769,
studies/instance-occlusion-ltr-v9/audit/scene_geometry/scene_rotate_v05.json,75711,6e86d1734a98d738fdf07ea74981b1cac5c1a07de9519150794edcb62fc916e1,
studies/instance-occlusion-ltr-v9/audit/scene_geometry/scene_translate_v01.json,6422,c48a6fc0c8fa4494249f72e9f22e5494012ec46dc7bc8f77eb0ab3fd9adfcf53,
studies/instance-occlusion-ltr-v9/audit/scene_geometry/scene_translate_v02.json,51257,7f81858bb46fa6352eb429d92e17ae88ec6bc08c69c9d54b3791f9c53c4aeb1e,
studies/instance-occlusion-ltr-v9/audit/scene_geometry/scene_translate_v03.json,32592,d753fd19db21515a061b8f9b8252858a01098b68da6ba434df409d66b2e85909,
studies/instance-occlusion-ltr-v9/audit/scene_geometry/scene_translate_v04.json,22345,c6d8dc28ece788f47cfead807cfdf4c6a6b0f6f83787ae80aa67e119f7f2abc8,
studies/instance-occlusion-ltr-v9/audit/scene_geometry/scene_translate_v05.json,61888,720dc9ececa9c874b4686fb673ea758d85e4ed4f7c70bbcae8bde9d5fb946cd7,
studies/instance-occlusion-ltr-v9/audit/scene_records/scene_fc_blocked_v01.json,3565,d4fcee3528646c1c3f2891ef552d4339869a2b37ee66adeaf4ffe9a8e768851c,
studies/instance-occlusion-ltr-v9/audit/scene_records/scene_fc_blocked_v02.json,3566,baa35129a5a2aaddfc5ff959f6d8bc54c4b93bf1c8671fc4036c50387c981440,
studies/instance-occlusion-ltr-v9/audit/scene_records/scene_fc_blocked_v03.json,3563,1321a506bbad2a827afad22bc75099d6d986f23476aefa32b8e4f62e36b38888,
studies/instance-occlusion-ltr-v9/audit/scene_records/scene_fc_blocked_v04.json,3562,ece401a75b7592acd9c9f87eadd1885e13bf8480b8cd11847af6b34b6d3c268a,
studies/instance-occlusion-ltr-v9/audit/scene_records/scene_fc_blocked_v05.json,3563,f8c851cf2a0059dee4f518648000cee04882cadd6a1f169e59fd2a054dac5881,
studies/instance-occlusion-ltr-v9/audit/scene_records/scene_fc_clear_v01.json,3448,129bd5aeb1b8723e045163af0f3c125689a5e9934cdc229d7e3065af5fd46157,
studies/instance-occlusion-ltr-v9/audit/scene_records/scene_fc_clear_v02.json,3448,b4fef602b7011f576255155174179cf9eaabb466a014256fb6a63b21dfa91cba,
studies/instance-occlusion-ltr-v9/audit/scene_records/scene_fc_clear_v03.json,3448,ae5972d8bf96d94d702018e8a9fb6d7ba0a0f8203272a4fb84ad3dff4603f04a,
studies/instance-occlusion-ltr-v9/audit/scene_records/scene_fc_clear_v04.json,3448,a523de840646f9468cc7a0bd9b51eb26ed04cd6cf37b37a59b8e86c74ed874cd,
studies/instance-occlusion-ltr-v9/audit/scene_records/scene_fc_clear_v05.json,3448,6c787d55245b63568353cda7a6c824476a5d0fd3a4cb624904bc9e8dc9a60fc8,
studies/instance-occlusion-ltr-v9/audit/scene_records/scene_lift_and_relocate_v01.json,3742,0d6fd659dc6d313a749f1048893687a980aa2cb54e45d37aac40f7f9d140017e,
studies/instance-occlusion-ltr-v9/audit/scene_records/scene_lift_and_relocate_v02.json,3741,002a11deca84554d982aa8ad42bd98d3055fcaf62e4a1e10d385e0855d24e8cd,
studies/instance-occlusion-ltr-v9/audit/scene_records/scene_lift_and_relocate_v03.json,3742,788ea63d2166cd7288b11f277948a2cf5a3f1a86cf798060a31a7470d1b3d6f2,
studies/instance-occlusion-ltr-v9/audit/scene_records/scene_lift_and_relocate_v04.json,3733,427a64c4b96c662b7fdd1dcc7df9c7be58ddce6293f2ef09217da00d1b132322,
studies/instance-occlusion-ltr-v9/audit/scene_records/scene_lift_and_relocate_v05.json,3742,434151b738c171ee8aad555e4b0c3f995f9baf97466ef249ce893d78afcba7d0,
studies/instance-occlusion-ltr-v9/audit/scene_records/scene_rotate_v01.json,3504,ee5049621127fcfdfcc898deb35646c75a36cddc89e8736da325856405b159b7,
studies/instance-occlusion-ltr-v9/audit/scene_records/scene_rotate_v02.json,3502,6656fb8bb90a172025d5e2a3ef1057257f8cbdd8389a081629a1d94bf6fc158c,
studies/instance-occlusion-ltr-v9/audit/scene_records/scene_rotate_v03.json,3502,96d9384b12f0a436fb8bcfe1afaa6dc8f18af5a98292cdb9803532c01190e15a,
studies/instance-occlusion-ltr-v9/audit/scene_records/scene_rotate_v04.json,3504,7e6c7f985ae73bd17bf2413f7bbd0a55e958098c8f3f0659405b1c9eaf68aeb8,
studies/instance-occlusion-ltr-v9/audit/scene_records/scene_rotate_v05.json,3510,1d20560a634cac412322bd1a1f8fadc136c6b22ed55ff8ec2374513746fc08c7,
studies/instance-occlusion-ltr-v9/audit/scene_records/scene_translate_v01.json,3533,7ada46ec03382e4975cb417334c9c6e7fa97a9dc4a5a8e8e4485a52b7bcbc60a,
studies/instance-occlusion-ltr-v9/audit/scene_records/scene_translate_v02.json,3550,ffd9a7643ac219c7f61d0c7e1d2561cd9f2fb61284d6959ed04bc2050175128d,
studies/instance-occlusion-ltr-v9/audit/scene_records/scene_translate_v03.json,3549,304f4e4b35365bd7bc8e362482d3d47b948d2aa58a18ff4ad10959f4881b4750,
studies/instance-occlusion-ltr-v9/audit/scene_records/scene_translate_v04.json,3550,851c042d45a581a935426bc57d22c4a45866601b9c67248bafd42fa8af88baa9,
studies/instance-occlusion-ltr-v9/audit/scene_records/scene_translate_v05.json,3558,ff3cfbe4d194460a1d37480e39aaca635d3f3aae0936a2919109faaa2788771f,
studies/instance-occlusion-ltr-v9/config/frozen_scenes.json,93037,f6f5e5a66af3c7234060a5c6dffebf30eff7403e00637c1d7b072db4a40ebfad,
studies/instance-occlusion-ltr-v9/logs/analysis_console.log,4542,7a87092dae6f0818ce32df0f601854f1f2164f838f293ad24da75730428c8da6,
studies/instance-occlusion-ltr-v9/logs/attempts.jsonl,881929,43e0f3ede92ff97e5ba01356afc397b878487018cc1005807bf4f57616d1d227,1500
studies/instance-occlusion-ltr-v9/logs/full_console.log,23508,37da1ff4a61db740c743f0e7fa12843842b8fd1b32ef4b0977e7b59c2c42bb8e,
studies/instance-occlusion-ltr-v9/logs/last_invocation_summary.json,325,66ad1b77de9ce5ead1a117459a1ae0c8aef9130e450a24ebc69bb7be63e56e8f,
studies/instance-occlusion-ltr-v9/logs/pilot_console.log,16731,8e52213b0be705ea84829d6400d0667c7b604ca42a974d45f6ae3e2b4634ab2c,
studies/instance-occlusion-ltr-v9/logs/preparation_console.log,56446,03cfc0300b96ea4da785f3a183aa647fd647002beec39725edb5edc97df80020,
studies/instance-occlusion-ltr-v9/logs/progress.json,300,86f43a9c39b8c6a91a940dde1d4a790c03d2a962d6a24dae87f7ecaf521df671,
studies/instance-occlusion-ltr-v9/logs/runs.jsonl,11385921,853728130628d117e3be8094a960b780629fe21939656a13a2f66431bde6cb4f,1500
studies/instance-occlusion-ltr-v9/logs/runtime.json,487,48e25f13ad8126509ac5a22d2c818a376bd28234b42365c59f96f60a77553091,
studies/instance-occlusion-ltr-v9/prompts/l2_en.txt,859,1ae2111f49770b1b45e36bba1168fb2792e03c4499509e10c85d6b7816d01d8c,
studies/instance-occlusion-ltr-v9/prompts/system_en.txt,506,3ed54135bce98adb7ed4c237b93bd244a5008758aefc104d5387e6d6e240b1b9,
studies/instance-occlusion-ltr-v9/results/l2_instance_occlusion_ltr_v9/artifact_hashes.json,1053,25697d4d8fb5931e3d191dac3aacfc21705af1cb324b57ceb5b1b131078b89cf,
studies/instance-occlusion-ltr-v9/results/l2_instance_occlusion_ltr_v9/candidate_instance_errors.csv,104840,78eacf48d33d88cd16dd6c20b5d161a4a5bc17bcffada3ea7ede91fc8abf07ae,
studies/instance-occlusion-ltr-v9/results/l2_instance_occlusion_ltr_v9/candidate_instance_outcomes.csv,667101,335c7a294ea4515b5b6d18948d47831ae0e01aa2bdfba45d499734bc9ba5d857,
studies/instance-occlusion-ltr-v9/results/l2_instance_occlusion_ltr_v9/candidate_object_metrics.csv,10621,97ce5677e4ad11322e75cd507a397cc8610a9d096c133b78e4702a58e8b8c27c,
studies/instance-occlusion-ltr-v9/results/l2_instance_occlusion_ltr_v9/condition_family_metrics.csv,4543,a0b327be260a4dc48ad68d16b4792007097e0ce92065fe3c510047f2eeea32dc,
studies/instance-occlusion-ltr-v9/results/l2_instance_occlusion_ltr_v9/condition_metrics.csv,1941,7154e6ff5e73eb17791ef64f4f7d4a6554c0164ddfff33b5deb44afaec08394f,
studies/instance-occlusion-ltr-v9/results/l2_instance_occlusion_ltr_v9/family_metrics.csv,669,230326a78f55062bcb310015a7e1a94cc264766e7ca2564736d905a54982195c,
studies/instance-occlusion-ltr-v9/results/l2_instance_occlusion_ltr_v9/report.md,3811,06bbd5406f50e64d302bdedb771c7d1ca2794f3421272d196d02ef1334136d77,
studies/instance-occlusion-ltr-v9/results/l2_instance_occlusion_ltr_v9/results.json,24212,c538d5b942ad41eaab72f94064936dc5c0d2032ecdef9f8c0f2b3d050de6aaf0,
studies/instance-occlusion-ltr-v9/results/l2_instance_occlusion_ltr_v9/run_outcomes.csv,249569,2ac9261a5c9daf94e4b8a2f3d95cd6c5f893def7d1b7bb87d452ee9db18adca0,
studies/instance-occlusion-ltr-v9/results/l2_instance_occlusion_ltr_v9/scene_metrics.csv,2920,ce5d35eb63e868cf9f192523ae6ef35bb61da7b45c7541231a6ab461b7e21753,
studies/instance-occlusion-ltr-v9/results/l2_instance_occlusion_ltr_v9/source_artifact_hashes.json,6135,fee99620904c637590fd8cecd9f54518d3c0eb9eb0b30b2956dbba2e14d4d29a,
studies/instance-occlusion-ltr-v9/schemas/l2.json,795,a0aa690ef924c9f22460056c9cafefc81819e2f3033258f3118500b592ad2848,
studies/instance-occlusion-ltr-v9/schemas/l2_instances/scene_fc_blocked_v01.json,1850,01d7c48665f55c22d11bf3fdc65ccd98c92b5507166f3ed53580085567336842,
studies/instance-occlusion-ltr-v9/schemas/l2_instances/scene_fc_blocked_v02.json,1850,d2bae38ca7145ab39c3103f274e00232a507b3cd58a18b5c955462ca7daa9d01,
studies/instance-occlusion-ltr-v9/schemas/l2_instances/scene_fc_blocked_v03.json,1850,f4ba6ebbb691e804607ec06dfe4fcfb3d4f4ada668449728e01fbbc1414f638d,
studies/instance-occlusion-ltr-v9/schemas/l2_instances/scene_fc_blocked_v04.json,1850,ff9dabf1d01f1e00a3651108fa21b45d7b9557a06ef1e6ea169eb513ce9bc51c,
studies/instance-occlusion-ltr-v9/schemas/l2_instances/scene_fc_blocked_v05.json,1850,76b36126eff56d47fd38ab5883b73ad7cad3b78ab0341346ed3bbae5d2241c73,
studies/instance-occlusion-ltr-v9/schemas/l2_instances/scene_fc_clear_v01.json,1850,5d2304603c0f95a073496b4a82a539e2830b03eff2d6dcdf1497ce4695219b01,
studies/instance-occlusion-ltr-v9/schemas/l2_instances/scene_fc_clear_v02.json,1850,f95ca5a7f69adfadc6c3097374dc1cee287bfa28e0e9af7db8da7e140fd928fc,
studies/instance-occlusion-ltr-v9/schemas/l2_instances/scene_fc_clear_v03.json,1850,9a9262f60873446c4a5dc2d2a1ad92c09415aae9bb430610b8baf5d407985bba,
studies/instance-occlusion-ltr-v9/schemas/l2_instances/scene_fc_clear_v04.json,1850,e6eacae4cfc19945d977a93d222211ea102bd89d453d21b4eb859e6a321407ba,
studies/instance-occlusion-ltr-v9/schemas/l2_instances/scene_fc_clear_v05.json,1850,beb6940567fb10ccf5ecb19e564e0b825b642b008144a458fdbf7798830093cb,
studies/instance-occlusion-ltr-v9/schemas/l2_instances/scene_lift_and_relocate_v01.json,2670,cad85c6c9bc0b395737ab1ea2ca7cc4f10915996ee073f2c67c31fcf2c447354,
studies/instance-occlusion-ltr-v9/schemas/l2_instances/scene_lift_and_relocate_v02.json,2670,792c7f8fe8ce3b5aa29aa2d465f84ff8ca8bf606a9630a079b324921f9b65f28,
studies/instance-occlusion-ltr-v9/schemas/l2_instances/scene_lift_and_relocate_v03.json,2670,364bb4afe68c7b0c1bada6052d99f577c29e11a387c94fa881c6a5b1741dbb4e,
studies/instance-occlusion-ltr-v9/schemas/l2_instances/scene_lift_and_relocate_v04.json,2260,4d169e4c8565df6c9aab080eb73e861bec4dcfb0c86e473fd4aa1c45650d2c85,
studies/instance-occlusion-ltr-v9/schemas/l2_instances/scene_lift_and_relocate_v05.json,2670,4364272f22ef0c526e226ad9dd843f2dcdf91635568294135c0bc8628b7ff3f5,
studies/instance-occlusion-ltr-v9/schemas/l2_instances/scene_rotate_v01.json,2260,cd071539f44ca73e2c6067ef832914e8addc021ba50ed5394bf19c81a7085b80,
studies/instance-occlusion-ltr-v9/schemas/l2_instances/scene_rotate_v02.json,2260,535d4406d75ccac6733ec3dbc5bbe4744588af6e7b0857dbe6aff4af4e4b615b,
studies/instance-occlusion-ltr-v9/schemas/l2_instances/scene_rotate_v03.json,2260,e8338a6dc41d340aef1a1a781cb9fa6f45e0dd22b2034860386a7e0110083ed7,
studies/instance-occlusion-ltr-v9/schemas/l2_instances/scene_rotate_v04.json,2260,0bd82a1951dc94f6eebe0d955f1c534d6afa9d1167a9252ef5f4c83e93327045,
studies/instance-occlusion-ltr-v9/schemas/l2_instances/scene_rotate_v05.json,2670,2d33d587c6ff6db45e989d00a9e88e47fc2b298d3cc5802115c733bbd4643266,
studies/instance-occlusion-ltr-v9/schemas/l2_instances/scene_translate_v01.json,1030,cb6644fef9ebe037c3548cdb4bee0af681b10726e63e01efbc06d26009a9caee,
studies/instance-occlusion-ltr-v9/schemas/l2_instances/scene_translate_v02.json,1850,195fa698bbcc194cf2348b2e5638614482be9f29fc4a055f3e434d7a8da5f4d4,
studies/instance-occlusion-ltr-v9/schemas/l2_instances/scene_translate_v03.json,1850,c52993e462255f3a504bdecb47ddbe4b28cfd6dc9e0b31bf2b644101eecd55d8,
studies/instance-occlusion-ltr-v9/schemas/l2_instances/scene_translate_v04.json,1850,e39121384ed83554c274ac7892030e79c9c96b379875c11a9e85c110b8a43d19,
studies/instance-occlusion-ltr-v9/schemas/l2_instances/scene_translate_v05.json,2260,6453750ebd957abdc672373b388a3bd3802f968e9a683e0067dcc7037205fd59,
studies/occlusion-boolean-v5/audit/file_hashes.json,75646,c19429f15f059728dac763c3adeb07e348857dfa02d8179fee0e92034720de9f,
studies/occlusion-boolean-v5/audit/object_coverage_report.json,630,0ccd28ca1f62bafc4cbb6f3b76df8cd7e09cb414b74282b792c6b0ac9f284bce,
studies/occlusion-boolean-v5/audit/preflight_report.json,871,761ebdce56ab34df64192c91c1c4aef75b7b04e8e02c0838cefc17fbdf7bcf8c,
studies/occlusion-boolean-v5/audit/preparation_attempts.jsonl,7376,f6f1241ea067f37d8571fc4709a614c465617f47597cea96d03b0e952c3875ba,25
studies/occlusion-boolean-v5/audit/scene_geometry/scene_fc_blocked_v01.json,59591,d3fb37202fe7bb4910eab0ffabd4ca5f2306d40928c3c15e1b1fbd56ede5b5d5,
studies/occlusion-boolean-v5/audit/scene_geometry/scene_fc_blocked_v02.json,52756,659e2edc657560a0407e7ead0333b89c6de2d1bb9c5651b7e0a8eb184a7058bc,
studies/occlusion-boolean-v5/audit/scene_geometry/scene_fc_blocked_v03.json,60704,a17277f15155e7e30a4dbe8063fbb60218dfe3c0956aecca11d0a7fc68be8ef0,
studies/occlusion-boolean-v5/audit/scene_geometry/scene_fc_blocked_v04.json,24142,9d3e728c0aa5fb5d1a04ea3404ca3bb811e4dd911d73a1f91bf91ee6a8136ff3,
studies/occlusion-boolean-v5/audit/scene_geometry/scene_fc_blocked_v05.json,41477,a87a98539a06373b2f69522eb249d26ec5ab2f3ef386580bf4f7cd44f5d6686e,
studies/occlusion-boolean-v5/audit/scene_geometry/scene_fc_clear_v01.json,59589,7f0a83469e73f51e73cb9cb0a16ebff479b032db39a024cd4a7cd4d31b293198,
studies/occlusion-boolean-v5/audit/scene_geometry/scene_fc_clear_v02.json,52754,c0840ac780d2684003963797a3ef4eb4673e5b962051fbfbef64aee94f24b0bf,
studies/occlusion-boolean-v5/audit/scene_geometry/scene_fc_clear_v03.json,60702,794bceed6dc36f1488f0575fe0c8ad387add011d4e793c8a3a29a9ccd9dd77b2,
studies/occlusion-boolean-v5/audit/scene_geometry/scene_fc_clear_v04.json,24140,7f7be15651925011dffaa7d378a176fff2d31a88ae4eea0445f8c43a8b2cf686,
studies/occlusion-boolean-v5/audit/scene_geometry/scene_fc_clear_v05.json,41475,cecdef111730959fd1be3b012068fa080a491838e88fb6d350b95db748145f3e,
studies/occlusion-boolean-v5/audit/scene_geometry/scene_lift_and_relocate_v01.json,67105,0b6f94a03a55380e5134b8d0429a0bf4e3eb6f73dbf0b6af8ab30da69bc93d21,
studies/occlusion-boolean-v5/audit/scene_geometry/scene_lift_and_relocate_v02.json,48983,fc824d12bf40ae5e721424565868c177d6810b9d7e0b8482c406f878c8d0c868,
studies/occlusion-boolean-v5/audit/scene_geometry/scene_lift_and_relocate_v03.json,47773,f827eea7d2f9e5c1031435b62cfe1136b3e02172a49b8671eda9f5e70adbc0af,
studies/occlusion-boolean-v5/audit/scene_geometry/scene_lift_and_relocate_v04.json,42088,b3979802f817e8d42110ffff4255f464a8ae5e7d3872d5056069947efe183ec5,
studies/occlusion-boolean-v5/audit/scene_geometry/scene_lift_and_relocate_v05.json,38784,058c23e44ac69dd5868cc03b86ec6b264505d1a2f97d749e82823545ea4d7a9e,
studies/occlusion-boolean-v5/audit/scene_geometry/scene_rotate_v01.json,44770,ce71a6549fa310291b4b0d436548a411355b8feae10c68e1c165e4e44c9dbe36,
studies/occlusion-boolean-v5/audit/scene_geometry/scene_rotate_v02.json,24525,d036fcb5db8c87e2ede865f10891f48eb2c68b6eb0bfb60fa3765760cb12403b,
studies/occlusion-boolean-v5/audit/scene_geometry/scene_rotate_v03.json,37339,c593808166528096a17623a89d3492a2ed4bfd6400d5ba33a2ba60f4ab79cbdf,
studies/occlusion-boolean-v5/audit/scene_geometry/scene_rotate_v04.json,44213,91bccece8e4bd36516eba1ba136afff409d54d03499a6abf9825095198d54179,
studies/occlusion-boolean-v5/audit/scene_geometry/scene_rotate_v05.json,75237,7c65e2a542d2ec3091a0c32bdcf33348e12fc58d9b5b09d086275edd9bf80d78,
studies/occlusion-boolean-v5/audit/scene_geometry/scene_translate_v01.json,6264,bfbf8916d032b0b1f575a8d548dbe79b83c64bf302da13ac795b8bc1727fd40d,
studies/occlusion-boolean-v5/audit/scene_geometry/scene_translate_v02.json,50940,b2a37dd6483771e4d63ab917edd2555f25f8d92f1ecfaddcbe7adeadc6d001a0,
studies/occlusion-boolean-v5/audit/scene_geometry/scene_translate_v03.json,32276,de901bd4361cdd22ac23bed4d0f22155ba2921fd64a4a9045bf8181a9d44a6d5,
studies/occlusion-boolean-v5/audit/scene_geometry/scene_translate_v04.json,22029,f8d787adf859629b0a1745522ea909ba5f5e3dd57fc37de42b415a2a379345ac,
studies/occlusion-boolean-v5/audit/scene_geometry/scene_translate_v05.json,61496,423af2a9039d95f5f49ec830fc9d2a98896ae369a767fca465c14fe96620c535,
studies/occlusion-boolean-v5/audit/scene_records/scene_fc_blocked_v01.json,3391,697eee397344669e88a18838dbc65fd9d645345e2c057612eedd5b573fd90684,
studies/occlusion-boolean-v5/audit/scene_records/scene_fc_blocked_v02.json,3392,9826894f80db0fe0852df6e95fd76fb5f1d89428728c7b64ad960d5f44f530c3,
studies/occlusion-boolean-v5/audit/scene_records/scene_fc_blocked_v03.json,3389,dbfe914ee12f388f6f9ac333fd497c8b8bcf4b0ad8dcc2f69a35c402a3d35118,
studies/occlusion-boolean-v5/audit/scene_records/scene_fc_blocked_v04.json,3388,c0bc424d969d5398d1c2ac3c7b18165db54caa6241f65a2543d8ebb7125294db,
studies/occlusion-boolean-v5/audit/scene_records/scene_fc_blocked_v05.json,3389,3f37c2383131e35f5389d9b57c7b98b24ca57761d2f10e3e9dc8c94e345cee3a,
studies/occlusion-boolean-v5/audit/scene_records/scene_fc_clear_v01.json,3276,42a0e6d643f5618a1f974e88381aeb0f3ed0c699f3ee73392c3616d493a0e59a,
studies/occlusion-boolean-v5/audit/scene_records/scene_fc_clear_v02.json,3276,ce6b3c7f691bc1125a1d8d8ac8fb386d577522c8ab7eb282feb02af3b62c7bcc,
studies/occlusion-boolean-v5/audit/scene_records/scene_fc_clear_v03.json,3276,ce03088de88dd12e3dd27c9215a4869798f779f6bd268a669157951c354a31dc,
studies/occlusion-boolean-v5/audit/scene_records/scene_fc_clear_v04.json,3276,d3547f3c0d799ae1ceef3242b1f4a1982060f60664844cd370cff75344f1f1be,
studies/occlusion-boolean-v5/audit/scene_records/scene_fc_clear_v05.json,3276,06f6b4a78bb6e0ce4ae7e1f929406ccc7d98830a134d08c73ca6eabfffe14cea,
studies/occlusion-boolean-v5/audit/scene_records/scene_lift_and_relocate_v01.json,3561,f81580a37930c9000ba83fcfcd6ec5ad4d6bd8d469b148b47fcf230ab9186f74,
studies/occlusion-boolean-v5/audit/scene_records/scene_lift_and_relocate_v02.json,3560,ede2a961cd3b2890d99a63b03cbd9393ee38b9a5dd89a925b0f592af180b93ea,
studies/occlusion-boolean-v5/audit/scene_records/scene_lift_and_relocate_v03.json,3561,878ab4adbb6fa4e513e8c5737e1e7a36c75b5e788033dbcc8919bfc85d2e5b9d,
studies/occlusion-boolean-v5/audit/scene_records/scene_lift_and_relocate_v04.json,3552,a4c3b4694ef1302372fb5b22c365718c742698ed7fc69ab7572d19f24d439f51,
studies/occlusion-boolean-v5/audit/scene_records/scene_lift_and_relocate_v05.json,3561,df38df934a8179c16a1c1f2c5d2a7d74fe3ac41c780b34b4594cb200d02ca4a7,
studies/occlusion-boolean-v5/audit/scene_records/scene_rotate_v01.json,3334,b6e845d6369b1f345fe7526e87e1dd72fcdd60ee649a046ced8756d8c9e711e0,
studies/occlusion-boolean-v5/audit/scene_records/scene_rotate_v02.json,3332,c3c75430a641c34199bf8ae0790d6026594487390782d051ed755eac0714ab8e,
studies/occlusion-boolean-v5/audit/scene_records/scene_rotate_v03.json,3332,380f7bbeba3cfdffb29c018e6eb3f6637ae5c889de65f158c01ac6bd26024484,
studies/occlusion-boolean-v5/audit/scene_records/scene_rotate_v04.json,3334,f4b008d66b6eb0e4c64d4a51434be04d442866e4ead6c2be010226be279ca482,
studies/occlusion-boolean-v5/audit/scene_records/scene_rotate_v05.json,3340,506e1d4d716ffd033936fd54a0f1ce79153e57d78921c7d60ead190733293a7f,
studies/occlusion-boolean-v5/audit/scene_records/scene_translate_v01.json,3360,b6da6bd2b21a35731ba962eecc23c8f460da38fd8746342d961e6a5ff76f4c9d,
studies/occlusion-boolean-v5/audit/scene_records/scene_translate_v02.json,3377,e4d655791bbe9243ff58622905f2101791c653594b36ff3070d13271fd073816,
studies/occlusion-boolean-v5/audit/scene_records/scene_translate_v03.json,3376,e61e7eb3f967bfbba88735588b88833ab85f7703c2649d1f4b6cbb49cee2a4c0,
studies/occlusion-boolean-v5/audit/scene_records/scene_translate_v04.json,3377,d3cea46462295b3d7e4b1aee5446a682a6bde18d175e21cbac733fa0bcf73861,
studies/occlusion-boolean-v5/audit/scene_records/scene_translate_v05.json,3385,81789c9f78a092e2e2bab0762aebf84304b109e49b61a2e3def8577809937113,
studies/occlusion-boolean-v5/config/frozen_scenes.json,88487,c2b273116936cabd764983843e247af3690123161552c970a7437d7b9f34291e,
studies/occlusion-boolean-v5/logs/l2_occlusion_boolean_v5/attempts.jsonl,494486,0cb9f00be8bf6028a32e85846aaf5588802dcb1f8efcfb9a2b91dfd5d91c8904,1500
studies/occlusion-boolean-v5/logs/l2_occlusion_boolean_v5/last_invocation_summary.json,341,abf9248dff860940a69b5f94fadbe8536b7ed5e4f2d9bd06b6d80a3dfa2a6fcb,
studies/occlusion-boolean-v5/logs/l2_occlusion_boolean_v5/progress.json,299,523cc84eb777851a98111f631b918d3a9554566fff120987bb5f80f8a226dd9c,
studies/occlusion-boolean-v5/logs/l2_occlusion_boolean_v5/runs.jsonl,8644238,43bb587d8c01dd70fc210f5b00dc9f754d067a5dee5291a98a4b3edb33d90c3a,1500
studies/occlusion-boolean-v5/logs/l2_occlusion_boolean_v5/runtime.json,485,25c74ac222994b82fb2a523fe760683aab3003b6f6b8da5aec3a34009c7abb68,
studies/occlusion-boolean-v5/prompts/l2_en.txt,651,dedceb1fd42694772a5472d1512d7f1f1abc4b35e1edeca61dfc8e1c055ae9eb,
studies/occlusion-boolean-v5/prompts/system_en.txt,506,3ed54135bce98adb7ed4c237b93bd244a5008758aefc104d5387e6d6e240b1b9,
studies/occlusion-boolean-v5/results/l2_occlusion_boolean_v5/artifact_hashes.json,642,c88d0bf70a8dbaea9494353a12b972409bd6f980254c417dbb5b12237f4feb66,
studies/occlusion-boolean-v5/results/l2_occlusion_boolean_v5/condition_metrics.csv,4353,40659dd2a2a2b6a0c9d26184f7ad1a43364526443c9f4b228a0f1eaa159933a4,
studies/occlusion-boolean-v5/results/l2_occlusion_boolean_v5/family_accuracy.csv,614,48934766604718f4082ddc88487261ec5c9a70dd1d0153e7575a65b72b664d97,
studies/occlusion-boolean-v5/results/l2_occlusion_boolean_v5/report.md,3441,941cd3b33f01b1d6e4b36cf6956cadff2b762b5459ca32e3134253d262e0aaf5,
studies/occlusion-boolean-v5/results/l2_occlusion_boolean_v5/results.json,42849,9c045ea90acb9e581a9568e260293207614d483ba4e8feff7d011ff5a2e75f57,
studies/occlusion-boolean-v5/results/l2_occlusion_boolean_v5/run_outcomes.csv,163886,80a6742f4700227506a35e0afadae02ced01c4cf0a69aeb279155c4c1df7b9a2,
studies/occlusion-boolean-v5/results/l2_occlusion_boolean_v5/scene_metrics.csv,1452,66accdc632c6867f3ca5dc227f43ef0cabc3cdd1e13c7a15db345664b79ffada,
studies/occlusion-boolean-v5/results/l2_occlusion_boolean_v5/source_artifact_hashes.json,1680,9f4bc732360a7fed5a7ced7d51f93045af036c1514b7bca951411e2baffb1a29,
studies/occlusion-boolean-v5/schemas/l2.json,195,c63a8c8e66fc72b75a3d1eef1d2c012e65c49028a549f1aaddbf0d3924322f40,
studies/plain-rgb-named-object-obstruction-v12/audit/preflight_report.json,323,e126e4c560499212ccedda5b8983b8facfd9760936f886db08e37c1eac1eb926,
studies/plain-rgb-named-object-obstruction-v12/config/experiment_config.json,1034,58cc1319c5922cc6ded3caa87a17bcbb00eecf2846a1391b851fa631ae6b3cfc,
studies/plain-rgb-named-object-obstruction-v12/ground_truth/black_mug.json,305,43efd0166db530cdb620d2273afa7dbde15da75383aeb1ceefd4859f99bd3cb3,
studies/plain-rgb-named-object-obstruction-v12/ground_truth/brown_mug.json,328,6e06583dd85fe487e917c23a129a18b126929e9b4c17f108282858adf2c6023f,
studies/plain-rgb-named-object-obstruction-v12/ground_truth/cheezit_box.json,311,8e985de1492e1fc72c230e44d82c761d6cb46ce09d91bbbd4836779622773492,
studies/plain-rgb-named-object-obstruction-v12/ground_truth/dark_blue_bottle.json,369,60a466873837b72ec6643c26d9b6d5c619f96f7c8cdfba1f38ed5ad5d45fbae2,
studies/plain-rgb-named-object-obstruction-v12/ground_truth/purple_cup.json,308,120ae3c9942bb0c3b88ee8156bb86bd6119d962e86c165c326f8b50aa4b757e6,
studies/plain-rgb-named-object-obstruction-v12/logs/attempts.jsonl,8526,7241d19d3331d3e263a369fcd871c9be0396384e75fd5beb3aa769fadd510e17,25
studies/plain-rgb-named-object-obstruction-v12/logs/full_console.log,17118,6024ab6bdd4862d4e2a043a15f07aaa473795fa7b4ae50c481e79c99ab465c4b,
studies/plain-rgb-named-object-obstruction-v12/logs/last_invocation_summary.json,328,429ab8dbaee4bb76a9002b532c1048c730673e679e990783cfa9ed260b387f33,
studies/plain-rgb-named-object-obstruction-v12/logs/progress.json,312,4881d841546801299f3fb4e6d389b0bdc472f86c9d2b00834f02f18b663fb225,
studies/plain-rgb-named-object-obstruction-v12/logs/runs.jsonl,72480,02d1f709c6a9ae814c0c33e147db63c8ffbb67e11835aa726b42381eaf13e082,25
studies/plain-rgb-named-object-obstruction-v12/logs/runtime.json,480,7cb514a0274fe30d717c3784addcce221fa9e19ba6ec0a26c811b2193fc4b0bf,
studies/plain-rgb-named-object-obstruction-v12/prompts/l2_en.txt,240,b475432e6d09afd14586686b47a62006af064cca738462c1240176b9663745b6,
studies/plain-rgb-named-object-obstruction-v12/prompts/system_en.txt,62,14c398b5fe4e72ef1920187d638878204594682a36604d7c9f80530b6937d476,
studies/plain-rgb-named-object-obstruction-v12/results/report.md,1760,8b58415a4cd5f1c743b24ddd8802b82940a4a2a308e3172ca88d72cde8292d35,
studies/plain-rgb-named-object-obstruction-v12/results/summary.json,723,5fd0de237eb713907a8c7fe6eeb20e3b67a91e5a2ec30aafa444dbe7beece340,
studies/plain-rgb-named-object-obstruction-v12/schemas/l2.json,177,213fe4996c8aa7123831b8c4a6162c9d4dadc58c320315606f80fc25b4f0499a,
studies/potential-interference-v7/audit/file_hashes.json,75646,784c314a5b1b56b4a556162a1268e4c1285342f1ca7b00925259abce6bc3cda8,
studies/potential-interference-v7/audit/object_coverage_report.json,630,643700cb6cafdc6d7a8a492add863c3ab68fd037cbe3c1f89cdcd397a0c788c0,
studies/potential-interference-v7/audit/preflight_report.json,871,853a09c60051283eef646a8aeccd620225b562e122f433f140c7af57e1d32778,
studies/potential-interference-v7/audit/preparation_attempts.jsonl,7374,2cb0af630cf9d1c3ab355ac8c1330e80fc0960d4f782a7f409049fa6bb116da2,25
studies/potential-interference-v7/audit/scene_geometry/scene_fc_blocked_v01.json,59591,d3fb37202fe7bb4910eab0ffabd4ca5f2306d40928c3c15e1b1fbd56ede5b5d5,
studies/potential-interference-v7/audit/scene_geometry/scene_fc_blocked_v02.json,52756,659e2edc657560a0407e7ead0333b89c6de2d1bb9c5651b7e0a8eb184a7058bc,
studies/potential-interference-v7/audit/scene_geometry/scene_fc_blocked_v03.json,60704,a17277f15155e7e30a4dbe8063fbb60218dfe3c0956aecca11d0a7fc68be8ef0,
studies/potential-interference-v7/audit/scene_geometry/scene_fc_blocked_v04.json,24142,9d3e728c0aa5fb5d1a04ea3404ca3bb811e4dd911d73a1f91bf91ee6a8136ff3,
studies/potential-interference-v7/audit/scene_geometry/scene_fc_blocked_v05.json,41477,a87a98539a06373b2f69522eb249d26ec5ab2f3ef386580bf4f7cd44f5d6686e,
studies/potential-interference-v7/audit/scene_geometry/scene_fc_clear_v01.json,59589,7f0a83469e73f51e73cb9cb0a16ebff479b032db39a024cd4a7cd4d31b293198,
studies/potential-interference-v7/audit/scene_geometry/scene_fc_clear_v02.json,52754,c0840ac780d2684003963797a3ef4eb4673e5b962051fbfbef64aee94f24b0bf,
studies/potential-interference-v7/audit/scene_geometry/scene_fc_clear_v03.json,60702,794bceed6dc36f1488f0575fe0c8ad387add011d4e793c8a3a29a9ccd9dd77b2,
studies/potential-interference-v7/audit/scene_geometry/scene_fc_clear_v04.json,24140,7f7be15651925011dffaa7d378a176fff2d31a88ae4eea0445f8c43a8b2cf686,
studies/potential-interference-v7/audit/scene_geometry/scene_fc_clear_v05.json,41475,cecdef111730959fd1be3b012068fa080a491838e88fb6d350b95db748145f3e,
studies/potential-interference-v7/audit/scene_geometry/scene_lift_and_relocate_v01.json,67105,0b6f94a03a55380e5134b8d0429a0bf4e3eb6f73dbf0b6af8ab30da69bc93d21,
studies/potential-interference-v7/audit/scene_geometry/scene_lift_and_relocate_v02.json,48983,fc824d12bf40ae5e721424565868c177d6810b9d7e0b8482c406f878c8d0c868,
studies/potential-interference-v7/audit/scene_geometry/scene_lift_and_relocate_v03.json,47773,f827eea7d2f9e5c1031435b62cfe1136b3e02172a49b8671eda9f5e70adbc0af,
studies/potential-interference-v7/audit/scene_geometry/scene_lift_and_relocate_v04.json,42088,b3979802f817e8d42110ffff4255f464a8ae5e7d3872d5056069947efe183ec5,
studies/potential-interference-v7/audit/scene_geometry/scene_lift_and_relocate_v05.json,38784,058c23e44ac69dd5868cc03b86ec6b264505d1a2f97d749e82823545ea4d7a9e,
studies/potential-interference-v7/audit/scene_geometry/scene_rotate_v01.json,44770,ce71a6549fa310291b4b0d436548a411355b8feae10c68e1c165e4e44c9dbe36,
studies/potential-interference-v7/audit/scene_geometry/scene_rotate_v02.json,24525,d036fcb5db8c87e2ede865f10891f48eb2c68b6eb0bfb60fa3765760cb12403b,
studies/potential-interference-v7/audit/scene_geometry/scene_rotate_v03.json,37339,c593808166528096a17623a89d3492a2ed4bfd6400d5ba33a2ba60f4ab79cbdf,
studies/potential-interference-v7/audit/scene_geometry/scene_rotate_v04.json,44213,91bccece8e4bd36516eba1ba136afff409d54d03499a6abf9825095198d54179,
studies/potential-interference-v7/audit/scene_geometry/scene_rotate_v05.json,75237,7c65e2a542d2ec3091a0c32bdcf33348e12fc58d9b5b09d086275edd9bf80d78,
studies/potential-interference-v7/audit/scene_geometry/scene_translate_v01.json,6264,bfbf8916d032b0b1f575a8d548dbe79b83c64bf302da13ac795b8bc1727fd40d,
studies/potential-interference-v7/audit/scene_geometry/scene_translate_v02.json,50940,b2a37dd6483771e4d63ab917edd2555f25f8d92f1ecfaddcbe7adeadc6d001a0,
studies/potential-interference-v7/audit/scene_geometry/scene_translate_v03.json,32276,de901bd4361cdd22ac23bed4d0f22155ba2921fd64a4a9045bf8181a9d44a6d5,
studies/potential-interference-v7/audit/scene_geometry/scene_translate_v04.json,22029,f8d787adf859629b0a1745522ea909ba5f5e3dd57fc37de42b415a2a379345ac,
studies/potential-interference-v7/audit/scene_geometry/scene_translate_v05.json,61496,423af2a9039d95f5f49ec830fc9d2a98896ae369a767fca465c14fe96620c535,
studies/potential-interference-v7/audit/scene_records/scene_fc_blocked_v01.json,3391,158d89b30073c90e1b83ac4b8de7023506ec7e3adab69777c9028f90e9a1bcab,
studies/potential-interference-v7/audit/scene_records/scene_fc_blocked_v02.json,3392,436c20252e9138f7e4343af117fc8b1e59e50bc3ef00666d8ef451f9dfb82442,
studies/potential-interference-v7/audit/scene_records/scene_fc_blocked_v03.json,3389,da181760180844a816efe424b19d7e67c8635833c275a0d58aeb50396730cec1,
studies/potential-interference-v7/audit/scene_records/scene_fc_blocked_v04.json,3388,500abe420d119891bcc66bbda8f538655f607d3122f3cb2850b49edea3271f72,
studies/potential-interference-v7/audit/scene_records/scene_fc_blocked_v05.json,3389,44c2ec18a4b005e2f58e1bc32e4749ca6ee2347bc2424782272ce740cc45261c,
studies/potential-interference-v7/audit/scene_records/scene_fc_clear_v01.json,3276,5ab6a61341f3fb106865c9fb19fb796d0fdbfe8ce84f4abed33932daa17183bf,
studies/potential-interference-v7/audit/scene_records/scene_fc_clear_v02.json,3276,319094c0369eb18685111ee954dd31e128f8479595880b5bddbec99b5f62d707,
studies/potential-interference-v7/audit/scene_records/scene_fc_clear_v03.json,3276,dcaf741346cd882756bb2933d2e1f98f46a417709f0ee2cf4bfebd7a111b2e89,
studies/potential-interference-v7/audit/scene_records/scene_fc_clear_v04.json,3276,63950f4992cd012bdd8dde7152d79537ae6bbfc57aa42ac50e8e4f764409a7c4,
studies/potential-interference-v7/audit/scene_records/scene_fc_clear_v05.json,3276,c44b160b00c7c8a7165a6b69d68c077ba64a532e45fc13b9bc2fbbf2d3ca21d4,
studies/potential-interference-v7/audit/scene_records/scene_lift_and_relocate_v01.json,3561,6cde449e89eab80339f07d804bf83474b30c111613fdc664aa6ed7e35bfaebac,
studies/potential-interference-v7/audit/scene_records/scene_lift_and_relocate_v02.json,3560,ae15d00366f8a2fa845ae7927ad3ca977eb9841abeeee04ed79398a820195abc,
studies/potential-interference-v7/audit/scene_records/scene_lift_and_relocate_v03.json,3561,dc9133166b8eb46134aea891622fe73fa89daaadea71c0fa08253a4c524d1def,
studies/potential-interference-v7/audit/scene_records/scene_lift_and_relocate_v04.json,3552,66cbe29786c4db13f5963b7fd76db69a365d481c3c823b320123eae432fbeb9a,
studies/potential-interference-v7/audit/scene_records/scene_lift_and_relocate_v05.json,3561,de264530285719db7cab9ede6a94797fda812d0d37aca98b01eb538b56b04613,
studies/potential-interference-v7/audit/scene_records/scene_rotate_v01.json,3334,dae3f305192ee98c000daefb3a2f2a1b641a2641fa616a620b94ac7a8dbc80ea,
studies/potential-interference-v7/audit/scene_records/scene_rotate_v02.json,3332,63fe303164fcdfdb2ff9e3df8aab3873d17d1253bd849e0025ca04ad1ab5aa13,
studies/potential-interference-v7/audit/scene_records/scene_rotate_v03.json,3332,043ca335a1a6cf0ba446453fdb32b88dbf34b0b186b5a3698d0a1e276e1db698,
studies/potential-interference-v7/audit/scene_records/scene_rotate_v04.json,3334,1b9e67cd6ab1411f07b7cd974a96baa9e799796e5126f53ddd12193a5ddb42f8,
studies/potential-interference-v7/audit/scene_records/scene_rotate_v05.json,3340,873d2c1b369961f0b9c97d6ebd88ef55643e36d0155e94fea9914607a144a394,
studies/potential-interference-v7/audit/scene_records/scene_translate_v01.json,3360,6e44ac5df1dfbfa3f9571e180d6224ba9d1d259f6ac7b20774029dc67f5b01d8,
studies/potential-interference-v7/audit/scene_records/scene_translate_v02.json,3377,afe462b6b2229c6483c1658f466ca3c6b64780471a7568fbaa9e20997f3338d4,
studies/potential-interference-v7/audit/scene_records/scene_translate_v03.json,3376,16a096af58c880ca840fb183f7495efe74c331a89a9034335114421237b2992b,
studies/potential-interference-v7/audit/scene_records/scene_translate_v04.json,3377,24f702bad34ef0663aa866fef998230bd196dd7114ed32b437c9149cfcb5f4de,
studies/potential-interference-v7/audit/scene_records/scene_translate_v05.json,3385,4909af5d0e28954179db71c1980b08990684fc12fb525781e35eb169f1614fe7,
studies/potential-interference-v7/config/frozen_scenes.json,88487,442d59f24cda2edcd9af1128c90b1ce46bbefa230576c76b68f60a7c71d71eac,
studies/potential-interference-v7/logs/l2_potential_interference_v7/attempts.jsonl,500659,1439d4ffc6f9117d2dceed5a5944d050c353926059ec536d2da53c115993a5f6,1500
studies/potential-interference-v7/logs/l2_potential_interference_v7/last_invocation_summary.json,353,ea5989dd8b073fb38db98f6fd753ac82254f6c4e34cb43fc0a376009926fa287,
studies/potential-interference-v7/logs/l2_potential_interference_v7/progress.json,299,978f8f16d2260c00a4e3fc8deaff8aa237cdb7fa304e2c09108bf049ba82c3b5,
studies/potential-interference-v7/logs/l2_potential_interference_v7/runs.jsonl,8382264,4c2e71d8a53bca9bd5967e89d3407c3bdb2ff33b508977927f3e13655f9f0979,1500
studies/potential-interference-v7/logs/l2_potential_interference_v7/runtime.json,487,96bde7f486d9ad458a48f7f64fcbc3294a41626d1272b466113f8f419a74283f,
studies/potential-interference-v7/prompts/l2_en.txt,461,58c38f23ec67b5e6cca563e95c6186c1f889ae37561c325cab9757cf000adf8f,
studies/potential-interference-v7/prompts/system_en.txt,506,3ed54135bce98adb7ed4c237b93bd244a5008758aefc104d5387e6d6e240b1b9,
studies/potential-interference-v7/results/l2_potential_interference_v7/artifact_hashes.json,642,19c800b39a688cc150cd408a96b7067b2d02c7cde0484142e5d7b8c934d6f2b1,
studies/potential-interference-v7/results/l2_potential_interference_v7/condition_metrics.csv,5375,c1c8c8e135ad9cf30e6bd9d3ca58a0ab456164639983893ba2eb68a4b14fddb3,
studies/potential-interference-v7/results/l2_potential_interference_v7/family_accuracy.csv,615,a52da8d219ab9e979e5cc140c32c05b885e29e3baba997d44524fd6cae7905c3,
studies/potential-interference-v7/results/l2_potential_interference_v7/report.md,3283,3546cfe70ff21841bf110f1d9ea9b79af3bebe8ee9beaabe31338f4b6d47015e,
studies/potential-interference-v7/results/l2_potential_interference_v7/results.json,45927,a8a4b223d770e55461a3e79ffdd61f08c6e849e2afe7d91b594e183938f5d1b0,
studies/potential-interference-v7/results/l2_potential_interference_v7/run_outcomes.csv,177780,b38cec1f3bc1ef6a62d741b5b9c085f779625c0ae3450ec872c300f4bc843669,
studies/potential-interference-v7/results/l2_potential_interference_v7/scene_metrics.csv,1757,2a66dcccfed1e8dcd5fe97f93a54ee95aef75dbd1d8a951dfc55076b4c4a2bcd,
studies/potential-interference-v7/results/l2_potential_interference_v7/source_artifact_hashes.json,1700,d89898824a9d2d6c363f95c271c38accd7addbd841f6d89b804527682ace80e4,
studies/potential-interference-v7/schemas/l2.json,203,028efaaa72a0c6326a2dbab509ab07588b3ac8a0022027cb192c5971d3522605,
studies/primary-grasp-blocker-v10/audit/file_hashes.json,75748,9fe4205227e3caadcada4da813fe4c4b6d49414e16216dc2167aa25bf384ba48,
studies/primary-grasp-blocker-v10/audit/object_coverage_report.json,630,205f62958265a9194f0bf049c620637c77165aaf6d0bbe1adbb14e5b6eaca533,
studies/primary-grasp-blocker-v10/audit/preflight_report.json,871,60cc71cdf15f29c991f6f61d0a7ad10170ea7e069e4378fbec0bbb62101609f0,
studies/primary-grasp-blocker-v10/audit/preparation_attempts.jsonl,7374,e69990f175326f4bcfacbb8c877659c6179fbca03d83c00a55efb35dc4460d69,25
studies/primary-grasp-blocker-v10/audit/scene_geometry/scene_fc_blocked_v01.json,59907,2854dbca62f950ea7b0c192a60ead292a0a5f4837d3bcd21d302f91f5d898f90,
studies/primary-grasp-blocker-v10/audit/scene_geometry/scene_fc_blocked_v02.json,53073,76ffab2d3c5c14055cecc1c9ba7fbe457a6a05f35bd3ac99911ee5a0bb0fb3f7,
studies/primary-grasp-blocker-v10/audit/scene_geometry/scene_fc_blocked_v03.json,61021,ccf1ea2f4bb79edffcf27f673c0cbe8836b138816534868d62e053c9daff848b,
studies/primary-grasp-blocker-v10/audit/scene_geometry/scene_fc_blocked_v04.json,24456,872b9a44539e803f0f6d1a8237938894450a4920032e61213117dfe1d7899a36,
studies/primary-grasp-blocker-v10/audit/scene_geometry/scene_fc_blocked_v05.json,41794,afc44f161bb3c0d6c042d863da8c7142a572a03261d3cf95b1222cc23a75fc6f,
studies/primary-grasp-blocker-v10/audit/scene_geometry/scene_fc_clear_v01.json,59905,4e433648107b056415403b595b59927030a024698bba3ae706032e3ddf2ba197,
studies/primary-grasp-blocker-v10/audit/scene_geometry/scene_fc_clear_v02.json,53071,dcf82b2e159a8dcf1cc75cdf2b013e82143dee3aab7abc5bb0af68f42e86867b,
studies/primary-grasp-blocker-v10/audit/scene_geometry/scene_fc_clear_v03.json,61019,8161b87230dd849c95c64df29f9ef982fac9e8a747a94625a405eec5fffb610e,
studies/primary-grasp-blocker-v10/audit/scene_geometry/scene_fc_clear_v04.json,24451,681757798ac60d15f8fb93e9f25f98218b835b2af4b3a25617779a2fedc902d3,
studies/primary-grasp-blocker-v10/audit/scene_geometry/scene_fc_clear_v05.json,41791,76b019351eb7a33dd800500858d47fd0c31d38b958128dd14ae91fa0d1e27eef,
studies/primary-grasp-blocker-v10/audit/scene_geometry/scene_lift_and_relocate_v01.json,67579,001bd6913ce67f82ae36d6d6ef1ca12cc6877c3a5ce2cacaa5791ce9a6b7a805,
studies/primary-grasp-blocker-v10/audit/scene_geometry/scene_lift_and_relocate_v02.json,49457,1c94902dc8e928af59d33e57197257bb7217a5ce8a7f620c922d110eae011d0e,
studies/primary-grasp-blocker-v10/audit/scene_geometry/scene_lift_and_relocate_v03.json,48247,3b15d9e5b54b4c8905dbb539f8080957a084f4562ae3af37322a08235ae0daa2,
studies/primary-grasp-blocker-v10/audit/scene_geometry/scene_lift_and_relocate_v04.json,42519,323cf1d7d03ddfe1703b62f3e276287cbeb5fa220af702d091dec7d7ad84c2e5,
studies/primary-grasp-blocker-v10/audit/scene_geometry/scene_lift_and_relocate_v05.json,39256,50c743a37c536b53e9dc55de827f401b3330126116c81fe068fd1a7abd36ab66,
studies/primary-grasp-blocker-v10/audit/scene_geometry/scene_rotate_v01.json,45167,b21fa372c574647e3e34a14ce9afb06b22b3e6009bf1e34c74c7c848131cbe94,
studies/primary-grasp-blocker-v10/audit/scene_geometry/scene_rotate_v02.json,24918,8adb2f5299902b90aa36443d3b838647685425243b584d18af56e27b5ecab5ec,
studies/primary-grasp-blocker-v10/audit/scene_geometry/scene_rotate_v03.json,37735,09938ac0544e2ae19e510cf5f62b1134fdce7c9aa480792addb3d24820a8dd09,
studies/primary-grasp-blocker-v10/audit/scene_geometry/scene_rotate_v04.json,44607,f80ffed6cbec8481028c042eca4d030e3f382b3d416f2917fe527041ed90a769,
studies/primary-grasp-blocker-v10/audit/scene_geometry/scene_rotate_v05.json,75711,6e86d1734a98d738fdf07ea74981b1cac5c1a07de9519150794edcb62fc916e1,
studies/primary-grasp-blocker-v10/audit/scene_geometry/scene_translate_v01.json,6422,c48a6fc0c8fa4494249f72e9f22e5494012ec46dc7bc8f77eb0ab3fd9adfcf53,
studies/primary-grasp-blocker-v10/audit/scene_geometry/scene_translate_v02.json,51257,7f81858bb46fa6352eb429d92e17ae88ec6bc08c69c9d54b3791f9c53c4aeb1e,
studies/primary-grasp-blocker-v10/audit/scene_geometry/scene_translate_v03.json,32592,d753fd19db21515a061b8f9b8252858a01098b68da6ba434df409d66b2e85909,
studies/primary-grasp-blocker-v10/audit/scene_geometry/scene_translate_v04.json,22345,c6d8dc28ece788f47cfead807cfdf4c6a6b0f6f83787ae80aa67e119f7f2abc8,
studies/primary-grasp-blocker-v10/audit/scene_geometry/scene_translate_v05.json,61888,720dc9ececa9c874b4686fb673ea758d85e4ed4f7c70bbcae8bde9d5fb946cd7,
studies/primary-grasp-blocker-v10/audit/scene_records/scene_fc_blocked_v01.json,3421,231f38abc0f243786e8eb9ff2a7f04ef514504cd32e042334a0751d8e66c8bbd,
studies/primary-grasp-blocker-v10/audit/scene_records/scene_fc_blocked_v02.json,3422,d14d47048a829b347e48347b628a78fcd76388620ab78b40345a9f4b400037fc,
studies/primary-grasp-blocker-v10/audit/scene_records/scene_fc_blocked_v03.json,3419,d11373b46c4bb2fe6899de7da415c97468af6c857d5165d3e8f0f21de414845a,
studies/primary-grasp-blocker-v10/audit/scene_records/scene_fc_blocked_v04.json,3418,863faace8e5e134284336873ee8da6f567ccb15daaf2ccb3395607bf6a1da2a9,
studies/primary-grasp-blocker-v10/audit/scene_records/scene_fc_blocked_v05.json,3419,5b3d77cb6b28a6f9bfe82c2863c1bddc18368f2d935f49b1b1040ad05e684f7d,
studies/primary-grasp-blocker-v10/audit/scene_records/scene_fc_clear_v01.json,3306,89c77ec70744d1d60c21e5a900f14abd5f6f5ee1077f2f3f0a44e3e6500f07b6,
studies/primary-grasp-blocker-v10/audit/scene_records/scene_fc_clear_v02.json,3306,298ceb81e3ecae5d5d78d8317ff11fa95c7d174887168173422f1671fd4455b1,
studies/primary-grasp-blocker-v10/audit/scene_records/scene_fc_clear_v03.json,3306,bdf8c35c2ed0dc8c512c33d2c63ce064482ba29860db51df5d4d196160131306,
studies/primary-grasp-blocker-v10/audit/scene_records/scene_fc_clear_v04.json,3306,2fd51e6e7dab0a696002c93ea761614791b3eec63c7f1de4b4e04335d2ab3a37,
studies/primary-grasp-blocker-v10/audit/scene_records/scene_fc_clear_v05.json,3306,287cc7d123b1f2d936620297dee92ae7a931c1f532c2b66156b122fa825ab062,
studies/primary-grasp-blocker-v10/audit/scene_records/scene_lift_and_relocate_v01.json,3591,5d466d81646a239106cbeb76b238976720cd4fe3ec4c7638a26c43b400a981db,
studies/primary-grasp-blocker-v10/audit/scene_records/scene_lift_and_relocate_v02.json,3590,958641a6e0c7ef964276d6178dc5804827fb7cfeda7edb373d92fab6fde8cf33,
studies/primary-grasp-blocker-v10/audit/scene_records/scene_lift_and_relocate_v03.json,3591,d0a37d9b3c5e2206c1990cabad05d2a7824a93b1b4b450337109058ce3dec28a,
studies/primary-grasp-blocker-v10/audit/scene_records/scene_lift_and_relocate_v04.json,3582,38f31ab9772e3d59531cc2f623cc5db94dbdf93b3578ae564c95e26db68c76be,
studies/primary-grasp-blocker-v10/audit/scene_records/scene_lift_and_relocate_v05.json,3591,1a2ebb519ced73b7f6df807c837d47a7b157d85dc036222600313ed3617a416b,
studies/primary-grasp-blocker-v10/audit/scene_records/scene_rotate_v01.json,3364,d4b9842c2372af098a95685359572d7a1628d573b2ef3618b8c135b9ab27f25f,
studies/primary-grasp-blocker-v10/audit/scene_records/scene_rotate_v02.json,3362,68f8cce8bcbc433a849ea794b7867018c2ad4f6e789efe87d9352ce870d1c5ea,
studies/primary-grasp-blocker-v10/audit/scene_records/scene_rotate_v03.json,3362,59bb4a7c12c913f1477d479d9f3cb294d15cf185364f62760de60596d8e5f50d,
studies/primary-grasp-blocker-v10/audit/scene_records/scene_rotate_v04.json,3364,df49022e076676dc05d2d62b90ee3a4b5281c5ff808d8d46fe1d3a673971ce11,
studies/primary-grasp-blocker-v10/audit/scene_records/scene_rotate_v05.json,3370,b5a0116048bc0c8108dbd73b47caea860a61129ed0392a3b073a61a90710d45a,
studies/primary-grasp-blocker-v10/audit/scene_records/scene_translate_v01.json,3390,7d16e7bbf7bf280112b3909353900c3751fea5b26a227f8c92a5740cbec3113d,
studies/primary-grasp-blocker-v10/audit/scene_records/scene_translate_v02.json,3407,5751a991646c2e389b4f1ec43ddda76a151ef2d0afcdee890c27efa1d3b6da95,
studies/primary-grasp-blocker-v10/audit/scene_records/scene_translate_v03.json,3406,cf96739459f41e6cf85fb69d9abdc92b7a2507865c2078db879353915a27a20a,
studies/primary-grasp-blocker-v10/audit/scene_records/scene_translate_v04.json,3407,98fcbbde9160c728ea7902b6406ffe1587bb9c6b629bc88ebf8dbe7aec5fc6df,
studies/primary-grasp-blocker-v10/audit/scene_records/scene_translate_v05.json,3415,b1dce708553c7930d35ba28ea6f930a2808dd67480b4ef06c2541ee638ff53bd,
studies/primary-grasp-blocker-v10/config/frozen_scenes.json,89287,1e4124c363e13d6723a1b702d8a317c6ad60de2d03c0813d33f7084aed967438,
studies/primary-grasp-blocker-v10/logs/analysis_console.log,13488,5299ecddfce566e2b3810a7ca2e9ff51ae900c0242bc2cbc3278ec23c515edfb,
studies/primary-grasp-blocker-v10/logs/attempts.jsonl,491390,6535910ea817b72bf9c00e8e756e5f9cb761caf309793aa250657a7781b24017,1500
studies/primary-grasp-blocker-v10/logs/full_console.log,23449,e3c5331c0d868b785179f612d4558495f1df6667762442f9fad7fbead66623c5,
studies/primary-grasp-blocker-v10/logs/last_invocation_summary.json,324,4ee7a8d0420a1dea161fb5fac46841145afd35cdd40ffd87812662fa6e4eea41,
studies/primary-grasp-blocker-v10/logs/pilot_console.log,17183,1a0358e71ebc0fb16b24e81215e9076e3ec445fb891db2046275929b60db57ed,
studies/primary-grasp-blocker-v10/logs/preparation_console.log,56445,71bf3e44f63db57eb5ac494195e353ed75e7a1cf6b0e80607d1daecebc394b24,
studies/primary-grasp-blocker-v10/logs/progress.json,299,d5e4deaebd237ba53af97714f97a929040a9e9f540ead89993d5d49343895baf,
studies/primary-grasp-blocker-v10/logs/runs.jsonl,7249080,9d89f25d37fba4d3c53e601181fe30595c84acfe17e7b76fc81a7815abeb5afd,1500
studies/primary-grasp-blocker-v10/logs/runtime.json,487,83cd022867022d6966141af20c88a44c04a2aae82a5c758f8280c82a0bfcf854,
studies/primary-grasp-blocker-v10/prompts/l2_en.txt,163,f7f7b765dce319ef737e8cc4b58209bd28df5c69229bc75dff7cc890d3ba8406,
studies/primary-grasp-blocker-v10/prompts/system_en.txt,62,14c398b5fe4e72ef1920187d638878204594682a36604d7c9f80530b6937d476,
studies/primary-grasp-blocker-v10/results/l2_primary_grasp_blocker_v10/artifact_hashes.json,2214,87217af685e2a2316cd40f1dd9aefb4bc269f1f4b7b0dcef6314436e03783470,
studies/primary-grasp-blocker-v10/results/l2_primary_grasp_blocker_v10/condition_family_metrics.csv,5559,69a4f3785e629eb4be16a955cbf18949f3e72c0369b9d2985c5f4b58b6bb36e1,
studies/primary-grasp-blocker-v10/results/l2_primary_grasp_blocker_v10/condition_metrics.csv,1649,2945ddf982aec9753af0b26210551b13cfb67510a22f56fb318db5ef72022d37,
studies/primary-grasp-blocker-v10/results/l2_primary_grasp_blocker_v10/errors.csv,154640,94f09a242fd4f63f253f188fb41f6dc9ed1138250595e117eee16be6a6354ad2,
studies/primary-grasp-blocker-v10/results/l2_primary_grasp_blocker_v10/family_metrics.csv,818,74f73ef87857eb9819932d6e4171ed5175b80c9089bc5f0cdede078e0ba7493f,
studies/primary-grasp-blocker-v10/results/l2_primary_grasp_blocker_v10/report.md,3091,2264750b6d7249127f9d88ab16e0194d20fbba0cd41c62a26b1e10f85d3aa8fe,
studies/primary-grasp-blocker-v10/results/l2_primary_grasp_blocker_v10/results.json,13488,5299ecddfce566e2b3810a7ca2e9ff51ae900c0242bc2cbc3278ec23c515edfb,
studies/primary-grasp-blocker-v10/results/l2_primary_grasp_blocker_v10/run_outcomes.csv,273774,8746fb5cee884cda45d24bdf5c3ea85915ce9816f28eef14a4ec7e8406a12bb0,
studies/primary-grasp-blocker-v10/results/l2_primary_grasp_blocker_v10/scene_metrics.csv,3609,42cac7dda1fddc75ebe43838de85b047fe5cb7396c04afc37fad52cdf8cc1a86,
studies/primary-grasp-blocker-v10/schemas/l2.json,219,60985fb214cf46be0867c7b040e3b6a6fa32662f7e48108d1b9570f4569230be,
studies/simple-obstruction-score-v14/audit/preflight_report.json,326,76d39ed336f53be2ab8bd9140b34e59e4a596c81c6042ce33cb15c304392a820,
studies/simple-obstruction-score-v14/config/experiment_config.json,1033,492ce5f6a565ba4c0b4d515ef46241ce2a4277720552539589baa762afc080cb,
studies/simple-obstruction-score-v14/ground_truth/scene_lift_and_relocate_v05.json,204,3c4e0984017cd9c8ff0679fd9f04a2c4b7e640d86992630b38e8c6f66c623515,
studies/simple-obstruction-score-v14/logs/attempts.jsonl,8573,969c0dcd2f1a577de093f5fc85f944fd6cc3fddc7d42224f808c4cee7a455c1a,25
studies/simple-obstruction-score-v14/logs/full_console.log,17097,f5a01a7b519668787be534dd37f840385539c93c6ec1a4bf4bc9a31f64acc271,
studies/simple-obstruction-score-v14/logs/last_invocation_summary.json,319,912d60a66781820c63b528c65e8ea1a3cec2f918b6fb5efa6e46e85802dadd85,
studies/simple-obstruction-score-v14/logs/progress.json,311,25e85cf45e8d30181b1d8432cc9ac302b061852172b9408f19790181b5a759bf,
studies/simple-obstruction-score-v14/logs/runs.jsonl,73044,e9b2d4e675b21feaedb4de8f6dd4a042a380af0c942fcaf5b50ee62f9b61ac12,25
studies/simple-obstruction-score-v14/logs/runtime.json,481,1230e3ee3b39e22bb036992cf7e13c1a08c0acc53025b1db1ba8d46f6597eaaf,
studies/simple-obstruction-score-v14/prompts/l2_en.txt,253,99bbdd2be28cb591ef8a1f16bfca7f7a78d638586fdf27e657bdca3285e5ee5c,
studies/simple-obstruction-score-v14/prompts/system_en.txt,62,14c398b5fe4e72ef1920187d638878204594682a36604d7c9f80530b6937d476,
studies/simple-obstruction-score-v14/results/report.md,1805,9124bb94e8ad26eb1b6308b708eeffb3b0b1b04f77f797d120d27144276096d2,
studies/simple-obstruction-score-v14/results/seed_scores.csv,252,c3acbf4e836baa9ab331acea4714a101b6085bce6929bf961481251854775b7e,
studies/simple-obstruction-score-v14/results/summary.json,929,0084bd27b99e0ebbffd434659c6a8b14418e766c7590694bde1061adc1ea0a0e,
studies/simple-obstruction-score-v14/schemas/l2.json,222,29bb95b154180bc12bbb5bfa91a80dc679a77108b6a739286c6225b10141e9dc,
studies/single-image-obstruction-score-v13/audit/preflight_report.json,326,2ecf384f07cea6c8341dca2c2c6da93d680ab92eabb106b406f8fe06f45a6ff9,
studies/single-image-obstruction-score-v13/config/experiment_config.json,1032,0e6607b53991ec67cd59bea32ede35a0f0d0b48dcc38979bd64c30d75cc84414,
studies/single-image-obstruction-score-v13/ground_truth/scene_lift_and_relocate_v05.json,204,3c4e0984017cd9c8ff0679fd9f04a2c4b7e640d86992630b38e8c6f66c623515,
studies/single-image-obstruction-score-v13/logs/attempts.jsonl,8448,35c267a5ea3fd7624c67efa235a90d28c00f360ce3178fdc5705447b2e557d69,25
studies/single-image-obstruction-score-v13/logs/full_console.log,17108,bf58386e5b5b175b7fa611982c129b65d7b09c7598bd251a5a4461d1a3b03c72,
studies/single-image-obstruction-score-v13/logs/last_invocation_summary.json,325,d4718d45351dcb8569fd4b32f0927612c4a94b5ab41cf868aa8ccca9b7e6f7c7,
studies/single-image-obstruction-score-v13/logs/progress.json,311,0a716e02fc4a7ea7556ed6457261677fb04f7f5e8d917d8f888d8dae791f5c38,
studies/single-image-obstruction-score-v13/logs/runs.jsonl,76248,7f7875ab01cb3a951831e99f4e5137a9446065a18e51e54285b492882aa0205b,25
studies/single-image-obstruction-score-v13/logs/runtime.json,481,9dfd13caef2568cfe48031b795aa21513fa500949a30517f53544767decb5b47,
studies/single-image-obstruction-score-v13/prompts/l2_en.txt,374,0c8d83b67242bd7262b5cb23ee6c8a7122841f7b43c566fa43b9f6e73887f788,
studies/single-image-obstruction-score-v13/prompts/system_en.txt,62,14c398b5fe4e72ef1920187d638878204594682a36604d7c9f80530b6937d476,
studies/single-image-obstruction-score-v13/results/report.md,1774,ee895c95c1c2d075e0c5891259bfc6f0579e66d26e1f2e1019cc57eb1c334912,
studies/single-image-obstruction-score-v13/results/summary.json,838,f5f65f8f9b87bc34f00ecc5a27eb0824a3ac82041bcc280321d5bbaa9cdd0077,
studies/single-image-obstruction-score-v13/schemas/l2.json,222,29bb95b154180bc12bbb5bfa91a80dc679a77108b6a739286c6225b10141e9dc,
studies/single-scene-instance-obstruction-v11/audit/preflight_report.json,231,21295c0ff93175d22df3e45e1cb246d3f99174cfc1c45f19d60c0889f2105a39,
studies/single-scene-instance-obstruction-v11/config/experiment_config.json,1008,7a476840b6bdb8e9476edd2a4bc8a44f720f7a46eaef029e7c94fc5eb6738669,
studies/single-scene-instance-obstruction-v11/logs/attempts.jsonl,3055,7861c972c2f3915dec526979476311946698c0948f2b13e4f899dac7eed0fdf3,5
studies/single-scene-instance-obstruction-v11/logs/full_console.log,17088,aa72d570b5b954b4dd2df2f6c2da70af74a1e89bf31be5461654cd8cf9728f58,
studies/single-scene-instance-obstruction-v11/logs/last_invocation_summary.json,325,0705b2389fd5b734a7731b5fae6fe3603fc5ad98c741e3c39efeb8e9841d7356,
studies/single-scene-instance-obstruction-v11/logs/progress.json,297,e8ec81ccfa82fa19843c11a765335ea2980e72e9ba0b0ef6211b8b9e8b8d371c,
studies/single-scene-instance-obstruction-v11/logs/runs.jsonl,22720,82d7a94c7a3e7e4850943370f88841f177626a25a0099c638b75cac03fd196b4,5
studies/single-scene-instance-obstruction-v11/logs/runtime.json,481,eed1dd3242a9dc8c47a7e1af15f1c10985623f667472a4e61a6dbd03e4e07de0,
studies/single-scene-instance-obstruction-v11/prompts/l2_en.txt,231,2c4ba24c1cec8b869febb8c3c0017e6c3757aa6da92699870b92cf2556cad0e0,
studies/single-scene-instance-obstruction-v11/prompts/system_en.txt,62,14c398b5fe4e72ef1920187d638878204594682a36604d7c9f80530b6937d476,
studies/single-scene-instance-obstruction-v11/results/report.md,1359,028313ee11e15cd87a75fbd67d819a43ea41bb7e454da6663852d006ea24096f,
studies/single-scene-instance-obstruction-v11/schemas/l2_instances/scene_lift_and_relocate_v05.json,2222,de5c030fb6f952458f6273e23f319027d4686931407d986fb686f05dd343ae21,
studies/straight-access-geometry-v19/audit/completion_report.json,639,96eec6b574eb2ae14c055af19041c75a9fb8193b43e3f439bbcb398545114bab,
studies/straight-access-geometry-v19/audit/frozen_file_hashes.json,34385,bfe1c85438537a6264e797e81c3404bf22a02d3c01e63ed880f7632b62d02d47,
studies/straight-access-geometry-v19/audit/preflight_report.json,656,3a279a90caff3e5645c2c8abb7d76441744a0a6ef36e60357dd473c44efc0711,
studies/straight-access-geometry-v19/config/experiment_config.json,4412,94a5b8789c0fba622774b936a53764fe20c75c867e3dd2dd4556d400ca004218,
studies/straight-access-geometry-v19/config/frozen_scenes.json,16628,e6b619fb300337019a5faf29023ff4c6a883c711dedb95fe018a2228ee05c9ed,
studies/straight-access-geometry-v19/logs/attempts.jsonl,404058,9caf17343327f133865542e8253898cf7cf8f61cdf315df8598a8eea37126b05,1500
studies/straight-access-geometry-v19/logs/console.log,19290,1ffe70e95d70f55988e5dbcc8e895a8c2bb5eb2101b98e462312c2ef3209e7c9,
studies/straight-access-geometry-v19/logs/progress.json,96,ae79da798fcce611df4822fd4d92723b925d4cfb115c5ffc783c52481a3bf91d,
studies/straight-access-geometry-v19/logs/runs.jsonl,7064372,25e63fb03eab44d0bbe9ea0287fbf57146438b18145b83384fb665332f14fab4,1500
studies/straight-access-geometry-v19/logs/runtime.json,157,48b369d799da8f6a755033f22e01a4da3e762d701c877a8957f9c473223aeba7,
studies/straight-access-geometry-v19/prompts/l2_template_en.txt,316,ed839b035a63d31a7f0cc1c64d79c3c7f30c8f0ff1ba17fe42056775212d6c78,
studies/straight-access-geometry-v19/prompts/system_en.txt,120,9d0d3e948fea7af1f0f0f40180dbd9d403e4ebf53cf024498cbdb892152abe48,
studies/straight-access-geometry-v19/results/condition_results.csv,1052,a2830909e08d41cca8a606675da40717cac2d1258d8c0db641f7742d9ee557c3,
studies/straight-access-geometry-v19/results/family_results.csv,4498,13da7e44e9cc2ec63e140a75966f4bef822aaca358d9f112f8ffc13139a758d5,
studies/straight-access-geometry-v19/results/family_results.json,29732,47c8f4cdafcf0ac26779f518e9f11a4214e73f3f25eccafc857ce49491a4044d,
studies/straight-access-geometry-v19/results/integrity_report.json,343,e8b8467a157ed248f22161e4f49302c78bb14c0617e063aee407c11241f76e52,
studies/straight-access-geometry-v19/results/paired_vs_v18.csv,97691,3321f59098fc94b28f878c24576dab7c7449dbe0b8f3d845ee05cba15fdea6e2,
studies/straight-access-geometry-v19/results/paired_vs_v18.json,295626,b037e7c916bd60fe1ae5a9a03ddf99c94f98c2eab4ae7479b69920a5ba740be2,
studies/straight-access-geometry-v19/results/plots/01_accessible_heatmap.pdf,26287,219dc4197fc5a7e038cb8bcb5ffa215576598b2a9c9e94a6544b459a9f3b6d01,
studies/straight-access-geometry-v19/results/plots/02_change_vs_v18.pdf,43761,17b90d78bfc7cc3f651012c50a1a4ae9394682b21b977eb127acd37fce24a8cc,
studies/straight-access-geometry-v19/results/plots/03_v18_v19_focused_comparison.pdf,34092,e9990d5c31289a04c41ebea24f1171d2cbce8bf1f9ce76f5dce202e618d9ad2b,
studies/straight-access-geometry-v19/results/plots/04_fc_blocked_scene_comparison.pdf,22734,e98df6c32aeaa67fabcca3c53b63e049ffd1b663ff41df4efe5584c2848014d7,
studies/straight-access-geometry-v19/results/report.md,7029,ce49eb2e145ae766370051a61dbbf7c015898823b749754b8df8fc40e96ab6ac,
studies/straight-access-geometry-v19/results/scene_results.csv,18279,0f83b79e639be756f343cc34a46f9c5cc6aa50f874e64f95db72919d8cd3126b,
studies/straight-access-geometry-v19/results/scene_results.json,201568,e225c11694896930d8189d00b0cf2eb27eeff3048d5360040ac66a975e408406,
studies/straight-access-geometry-v19/results/summary.json,45116,1ea164b3038067afd36529f831e785123fa1c3176c5e5b7c2a9806e65eee73db,
studies/straight-access-geometry-v19/schemas/l2.json,227,b53b16deed67946886a67fc585f6d9a95fd64d7e534552547163c7b8a775697a,
studies/target-access-v6/audit/file_hashes.json,75646,df4c7b32b1dfbeaa1f7b31aec381d2f62077278b089b4c5504af56c33ffdd560,
studies/target-access-v6/audit/object_coverage_report.json,630,605a664cd5da134a6c6e03c431610ed15842f2697a08cf374502162652706f17,
studies/target-access-v6/audit/preflight_report.json,871,d637463dd28b6e48c953198ded974f3bd85834bfb66d4a5e84b021df49afd6ca,
studies/target-access-v6/audit/preparation_attempts.jsonl,7374,d461bef08e521d1fff2a961b9188e5db37476f2b718c68a77ec39859fd0c196a,25
studies/target-access-v6/audit/scene_geometry/scene_fc_blocked_v01.json,59591,d3fb37202fe7bb4910eab0ffabd4ca5f2306d40928c3c15e1b1fbd56ede5b5d5,
studies/target-access-v6/audit/scene_geometry/scene_fc_blocked_v02.json,52756,659e2edc657560a0407e7ead0333b89c6de2d1bb9c5651b7e0a8eb184a7058bc,
studies/target-access-v6/audit/scene_geometry/scene_fc_blocked_v03.json,60704,a17277f15155e7e30a4dbe8063fbb60218dfe3c0956aecca11d0a7fc68be8ef0,
studies/target-access-v6/audit/scene_geometry/scene_fc_blocked_v04.json,24142,9d3e728c0aa5fb5d1a04ea3404ca3bb811e4dd911d73a1f91bf91ee6a8136ff3,
studies/target-access-v6/audit/scene_geometry/scene_fc_blocked_v05.json,41477,a87a98539a06373b2f69522eb249d26ec5ab2f3ef386580bf4f7cd44f5d6686e,
studies/target-access-v6/audit/scene_geometry/scene_fc_clear_v01.json,59589,7f0a83469e73f51e73cb9cb0a16ebff479b032db39a024cd4a7cd4d31b293198,
studies/target-access-v6/audit/scene_geometry/scene_fc_clear_v02.json,52754,c0840ac780d2684003963797a3ef4eb4673e5b962051fbfbef64aee94f24b0bf,
studies/target-access-v6/audit/scene_geometry/scene_fc_clear_v03.json,60702,794bceed6dc36f1488f0575fe0c8ad387add011d4e793c8a3a29a9ccd9dd77b2,
studies/target-access-v6/audit/scene_geometry/scene_fc_clear_v04.json,24140,7f7be15651925011dffaa7d378a176fff2d31a88ae4eea0445f8c43a8b2cf686,
studies/target-access-v6/audit/scene_geometry/scene_fc_clear_v05.json,41475,cecdef111730959fd1be3b012068fa080a491838e88fb6d350b95db748145f3e,
studies/target-access-v6/audit/scene_geometry/scene_lift_and_relocate_v01.json,67105,0b6f94a03a55380e5134b8d0429a0bf4e3eb6f73dbf0b6af8ab30da69bc93d21,
studies/target-access-v6/audit/scene_geometry/scene_lift_and_relocate_v02.json,48983,fc824d12bf40ae5e721424565868c177d6810b9d7e0b8482c406f878c8d0c868,
studies/target-access-v6/audit/scene_geometry/scene_lift_and_relocate_v03.json,47773,f827eea7d2f9e5c1031435b62cfe1136b3e02172a49b8671eda9f5e70adbc0af,
studies/target-access-v6/audit/scene_geometry/scene_lift_and_relocate_v04.json,42088,b3979802f817e8d42110ffff4255f464a8ae5e7d3872d5056069947efe183ec5,
studies/target-access-v6/audit/scene_geometry/scene_lift_and_relocate_v05.json,38784,058c23e44ac69dd5868cc03b86ec6b264505d1a2f97d749e82823545ea4d7a9e,
studies/target-access-v6/audit/scene_geometry/scene_rotate_v01.json,44770,ce71a6549fa310291b4b0d436548a411355b8feae10c68e1c165e4e44c9dbe36,
studies/target-access-v6/audit/scene_geometry/scene_rotate_v02.json,24525,d036fcb5db8c87e2ede865f10891f48eb2c68b6eb0bfb60fa3765760cb12403b,
studies/target-access-v6/audit/scene_geometry/scene_rotate_v03.json,37339,c593808166528096a17623a89d3492a2ed4bfd6400d5ba33a2ba60f4ab79cbdf,
studies/target-access-v6/audit/scene_geometry/scene_rotate_v04.json,44213,91bccece8e4bd36516eba1ba136afff409d54d03499a6abf9825095198d54179,
studies/target-access-v6/audit/scene_geometry/scene_rotate_v05.json,75237,7c65e2a542d2ec3091a0c32bdcf33348e12fc58d9b5b09d086275edd9bf80d78,
studies/target-access-v6/audit/scene_geometry/scene_translate_v01.json,6264,bfbf8916d032b0b1f575a8d548dbe79b83c64bf302da13ac795b8bc1727fd40d,
studies/target-access-v6/audit/scene_geometry/scene_translate_v02.json,50940,b2a37dd6483771e4d63ab917edd2555f25f8d92f1ecfaddcbe7adeadc6d001a0,
studies/target-access-v6/audit/scene_geometry/scene_translate_v03.json,32276,de901bd4361cdd22ac23bed4d0f22155ba2921fd64a4a9045bf8181a9d44a6d5,
studies/target-access-v6/audit/scene_geometry/scene_translate_v04.json,22029,f8d787adf859629b0a1745522ea909ba5f5e3dd57fc37de42b415a2a379345ac,
studies/target-access-v6/audit/scene_geometry/scene_translate_v05.json,61496,423af2a9039d95f5f49ec830fc9d2a98896ae369a767fca465c14fe96620c535,
studies/target-access-v6/audit/scene_records/scene_fc_blocked_v01.json,3391,df50cab76f8af35343239283a31c986c023846a5696aa27c38da6c0436881f55,
studies/target-access-v6/audit/scene_records/scene_fc_blocked_v02.json,3392,52dca920545fc400b90bf281a2de1e3ed9b5d63214e61cbbe18ea87c37727a2c,
studies/target-access-v6/audit/scene_records/scene_fc_blocked_v03.json,3389,bec99b4c9b0ebdd5d48fcaaf4fbf9b00a8343eadcd5a83e64170ef2c7162c50b,
studies/target-access-v6/audit/scene_records/scene_fc_blocked_v04.json,3388,88c2a57606023e6085a52dee9dd82c55f8ca0da74cd742c55f9b2c9fb9b938b0,
studies/target-access-v6/audit/scene_records/scene_fc_blocked_v05.json,3389,0909d6dd9e006fb2c572ddaeccbfa101b22e0a9191048b37b2bf67fc4b8f2c3d,
studies/target-access-v6/audit/scene_records/scene_fc_clear_v01.json,3276,573a20b318b8db497f16005df130b316fda757a3f2856034657def1bd6f03999,
studies/target-access-v6/audit/scene_records/scene_fc_clear_v02.json,3276,af4f989d344c4a2fa04dd8cb2775cafd12911a1180c1b2daf952dd65b15a2ebc,
studies/target-access-v6/audit/scene_records/scene_fc_clear_v03.json,3276,a074b13d3543150304d9dae71b3e1c3f3fa465d749e9ef6fc5f06e103cd0073a,
studies/target-access-v6/audit/scene_records/scene_fc_clear_v04.json,3276,0b6d88aec5320246e30eca548c3c7172c2ba8b5948627552aa60ac74203ad6ba,
studies/target-access-v6/audit/scene_records/scene_fc_clear_v05.json,3276,a1341c9a363f16e890ce86e5584acc5144cd1f97fdb111e56897b06385e12b03,
studies/target-access-v6/audit/scene_records/scene_lift_and_relocate_v01.json,3561,c899f4c6090ccee43c363b6dadb7bd49cf90aae9e4583a1ee71807d5284bbff7,
studies/target-access-v6/audit/scene_records/scene_lift_and_relocate_v02.json,3560,5c2fb4e5d09218e8810644f1e63d17f293932a5e25759bc3c8f2c7e13b852cfb,
studies/target-access-v6/audit/scene_records/scene_lift_and_relocate_v03.json,3561,c08b424b7a675e17c13756f76c329c3dadfa34529bd2d3050626cd18bab67c52,
studies/target-access-v6/audit/scene_records/scene_lift_and_relocate_v04.json,3552,8218eedcbfb68afaa79f7770cc1fa61ca4e51ab774faf736f40966409c156d15,
studies/target-access-v6/audit/scene_records/scene_lift_and_relocate_v05.json,3561,251bf95356b8e83d67f2980a9776ada77ebf7ced5f7c5ac2f8d8d59de78f4c94,
studies/target-access-v6/audit/scene_records/scene_rotate_v01.json,3334,b73a5ea8f2b5a0f0c916840567d073b8c4a082e2093081eaacc2bb28f22a2784,
studies/target-access-v6/audit/scene_records/scene_rotate_v02.json,3332,eefcff55dd8b5229356c5d776565eae4a3c84ba5e4d4240d3cff5db7772a46ad,
studies/target-access-v6/audit/scene_records/scene_rotate_v03.json,3332,71442a492ee69a15513b7476e13610c94ec861d81863c9af8bd881fa51dcd8cc,
studies/target-access-v6/audit/scene_records/scene_rotate_v04.json,3334,63c2bd693698da22237d2dc99c6d77d33720be600d4d1a6040daabe1c8731974,
studies/target-access-v6/audit/scene_records/scene_rotate_v05.json,3340,7243080d802d3b9d9b5e8bf3beff96b0777f28ff3e10d1c955932ff11f70a123,
studies/target-access-v6/audit/scene_records/scene_translate_v01.json,3360,e82cc98a80fa03da9d530f24221828086ec7c04563a348e4ddd0ffa6fa2b2756,
studies/target-access-v6/audit/scene_records/scene_translate_v02.json,3377,501d929c06c8c75ad0dbf85f012bed999caedeed665e7a770245b52b4305423e,
studies/target-access-v6/audit/scene_records/scene_translate_v03.json,3376,5e4010aeb032891bfdef68a50bcde1308d12c90a5d24a215569a91d9ab66c3e5,
studies/target-access-v6/audit/scene_records/scene_translate_v04.json,3377,1bb0b1d2e99317783e648e78ecc79a321a904d4593f2387f8c04cff81dc013f2,
studies/target-access-v6/audit/scene_records/scene_translate_v05.json,3385,4fadc86ac8da6a6af3874df6991de41509b29385d02f2d53d88747e07dd235d6,
studies/target-access-v6/config/frozen_scenes.json,88487,f9e82cde33ce5ac6b58b13b4d52fbe4e01d9965eb08b726c90a18d25028946ed,
studies/target-access-v6/logs/l2_target_access_v6/attempts.jsonl,490409,c62bb0c973fc81a0fb82c127917508f8d5b9cae080051352d07b198b88354586,1500
studies/target-access-v6/logs/l2_target_access_v6/last_invocation_summary.json,335,28da4c51622707ae46d3ec1bfd94cbd92002111efc98b2a3e0b12e827b0ea88c,
studies/target-access-v6/logs/l2_target_access_v6/progress.json,299,a358877e2f84479e5a0f1d66a49b7ed62e2c1e483968ddeeb5f738eb7c834551,
studies/target-access-v6/logs/l2_target_access_v6/runs.jsonl,8222401,03cfd5182663e13fdd503000fff3e895a0d1fe749acb092cac7c83ed4781b05b,1500
studies/target-access-v6/logs/l2_target_access_v6/runtime.json,487,e3edd0db1763af019a7e688049ddaceb7a387ad0ea2f36185ae26ed2ddb0e2c6,
studies/target-access-v6/prompts/l2_en.txt,391,f75f276d984f5f2d8e8d5498c9c08dbe9fc3779a5ad6932f4dbdf01dae8d79e6,
studies/target-access-v6/prompts/system_en.txt,506,3ed54135bce98adb7ed4c237b93bd244a5008758aefc104d5387e6d6e240b1b9,
studies/target-access-v6/results/l2_target_access_v6/artifact_hashes.json,642,586088fece7cfeaec23c841308968437c4c8ea30f4ac7f05b7eda2148ec6f26e,
studies/target-access-v6/results/l2_target_access_v6/condition_metrics.csv,4059,e46c63e32eedeb75735f6240723aaba79e77c91bbfc306b6c44db26dfec4a415,
studies/target-access-v6/results/l2_target_access_v6/family_accuracy.csv,612,93fd7d75b194851078cc556c7c1ca2a742c45a52b1dc7743389c38d825b7f4cf,
studies/target-access-v6/results/l2_target_access_v6/report.md,3393,ebe0ba51ed64f632b3e2826207fb0066c18076282c2cb1dac396f35e7529f59a,
studies/target-access-v6/results/l2_target_access_v6/results.json,40943,3cf7dd2bb527494bcf7a3c52f2ac084774caeff0f90d53afcc6da58f1d1f3272,
studies/target-access-v6/results/l2_target_access_v6/run_outcomes.csv,164356,3b03f46ab7ad7f02302dc944d79bf2f515a5bf4fd1f87b932b55299ea686a023,
studies/target-access-v6/results/l2_target_access_v6/scene_metrics.csv,1457,e6190847e071fb8042084f19c67d0521d2d4703f92071e57bafbe4fa5ae59a94,
studies/target-access-v6/results/l2_target_access_v6/source_artifact_hashes.json,1664,d985705f0a942b3a9cb268e4fedc1c80e2af09b1353224e29b0de114a1b5664f,
studies/target-access-v6/schemas/l2.json,189,b35c5c8a226f0bfaeef296ec9a68083606010dc3ac72406ebf610175d2e9e0c6,
studies/v16-prompt-replay-v21/audit/completion_report.json,639,848487ed4a538f96d67b5f31c0436dd32b4a313a70567c16fff0898a7cb4b4c8,
studies/v16-prompt-replay-v21/audit/frozen_file_hashes.json,691,aa0a4fea2797b10a536f96ba602e4278def877d8e01a264597a55a8242b2d338,
studies/v16-prompt-replay-v21/audit/preflight_report.json,304,20d4da1f29cafd2b70124e67f87d27622331dca12815327add8811394d5c6978,
studies/v16-prompt-replay-v21/config/experiment_config.json,5249,11ead8ffdd23ddad630b957e9d11a2e4088bee0dfa06cf1b8474e63d8a79e790,
studies/v16-prompt-replay-v21/config/frozen_scenes.json,16628,e6b619fb300337019a5faf29023ff4c6a883c711dedb95fe018a2228ee05c9ed,
studies/v16-prompt-replay-v21/config/notion_prompt_source.json,3611,3dc2226ad4fd5e8e1816fadd8f9177d9db96152bff633ac2d635dce6c0a42276,
studies/v16-prompt-replay-v21/logs/attempts.jsonl,410235,e4eae5aff7f263ddeb8b464d03562578c5e6489e52b8fe6795a6d30efb41a1d5,1500
studies/v16-prompt-replay-v21/logs/console.log,19436,1fb7ac527d1185f71936be5ab109bbf4f57f8560fd5d8f0078b2f61d976d2c3b,
studies/v16-prompt-replay-v21/logs/progress.json,96,e84a6e8e2cdd6e0dc93fb92f1e2fd8ebe7715e21866679f1f1efa441d083284e,
studies/v16-prompt-replay-v21/logs/runs.jsonl,8122083,48df568de584db28fbebc51442db616263ed813fccd677806f42aee832089093,1500
studies/v16-prompt-replay-v21/logs/runtime.json,157,24530be05fcecccef1a9b4b44973016ac42bf3f66716451318fa6112b1ce5d53,
studies/v16-prompt-replay-v21/prompts/l2_template_en.txt,827,6d4a3240f0a69b962794bff0376813b48544f483c887565e8ecb8507998593be,
studies/v16-prompt-replay-v21/prompts/system_en.txt,287,65bc70085d4ce9eaec947d9343af21c4b421e78f7bd82f79edb1881cd4afe266,
studies/v16-prompt-replay-v21/results/condition_results.csv,770,8961b66daf2501febb91962ec73d81058ad62be85b1324c4a2c4bdecf2852a82,
studies/v16-prompt-replay-v21/results/family_results.csv,2790,4ac9591e01691541727bfac08163b75ab961c7a08b25da2d73c8cfb35a28ee32,
studies/v16-prompt-replay-v21/results/family_results.json,13784,cf956e2c28fa6832311ccf9f4a0c9b0d6d9c8367d4a1bd0264ca741518cde204,
studies/v16-prompt-replay-v21/results/integrity_report.json,442,6181e6c83f8b4143ffc7678fc22dbe794250e3d5a2c9fa884153d4fabda6d671,
studies/v16-prompt-replay-v21/results/paired_vs_v16.csv,120796,66245a7dea5313355a2d70c488230caf24abe6f44d4c8813f8e1d9cfc8ee00e9,
studies/v16-prompt-replay-v21/results/paired_vs_v16.json,342723,d82da6df99a89406f32fa11fe755b1a330cb9cb2eae79d4955d4fb9abcbe93dd,
studies/v16-prompt-replay-v21/results/plots/01_rearrange_by_condition_family.pdf,52050,b588863c86dbf8acf35f247d2058b081fdad9f020be41373aac3f3f8af57932b,
studies/v16-prompt-replay-v21/results/plots/02_delta_vs_original_v16.pdf,27745,14d35551c939d892801dc1aa4dae8f77b3d967d9fecae770cd68a2625cdf6997,
studies/v16-prompt-replay-v21/results/report.md,7919,a2cd413bffd0c4cf5413844dc2c3e85c64aced0d401f6be469557f1cc0db8d74,
studies/v16-prompt-replay-v21/results/scene_results.csv,16556,2b9e1b6a677043d62f6f40de8746807658147556e74c398710daba34d60dd2ad,
studies/v16-prompt-replay-v21/results/scene_results.json,80031,b128f7e154be411acd0827c96c4156011706abdc498691603e325efc5989e6d5,
studies/v16-prompt-replay-v21/results/summary.json,23467,bd5dc34c7063819cf729ba35e8c39954c6f31ea16f4e7bad4dab530d2645d007,
studies/v16-prompt-replay-v21/schemas/l2.json,237,4e047b1d43e1520da04fa821ad9f1c3024231537bb1a5d45019dc249afddb736,
studies/visibility-only-v4/audit/file_hashes.json,75646,da7864eb5d4931c9d40cc6c4bc08d5c1cabbca84c58cecf59f7c43a291c3be43,
studies/visibility-only-v4/audit/object_coverage_report.json,630,e0bf03cbd72482fb265dca39015809ff29ccc7a273e4148e81cb6172e9364cc0,
studies/visibility-only-v4/audit/preflight_report.json,871,76e601f35c034389d9f10aa914296c08e55e173603cd473586110fe7012af355,
studies/visibility-only-v4/audit/preparation_attempts.jsonl,7378,586f8e494f0e6d67b5ac0e29eb60d8d0eeb901f725e861863e3116c4c7d661fa,25
studies/visibility-only-v4/audit/scene_geometry/scene_fc_blocked_v01.json,59591,d3fb37202fe7bb4910eab0ffabd4ca5f2306d40928c3c15e1b1fbd56ede5b5d5,
studies/visibility-only-v4/audit/scene_geometry/scene_fc_blocked_v02.json,52756,659e2edc657560a0407e7ead0333b89c6de2d1bb9c5651b7e0a8eb184a7058bc,
studies/visibility-only-v4/audit/scene_geometry/scene_fc_blocked_v03.json,60704,a17277f15155e7e30a4dbe8063fbb60218dfe3c0956aecca11d0a7fc68be8ef0,
studies/visibility-only-v4/audit/scene_geometry/scene_fc_blocked_v04.json,24142,9d3e728c0aa5fb5d1a04ea3404ca3bb811e4dd911d73a1f91bf91ee6a8136ff3,
studies/visibility-only-v4/audit/scene_geometry/scene_fc_blocked_v05.json,41477,a87a98539a06373b2f69522eb249d26ec5ab2f3ef386580bf4f7cd44f5d6686e,
studies/visibility-only-v4/audit/scene_geometry/scene_fc_clear_v01.json,59589,7f0a83469e73f51e73cb9cb0a16ebff479b032db39a024cd4a7cd4d31b293198,
studies/visibility-only-v4/audit/scene_geometry/scene_fc_clear_v02.json,52754,c0840ac780d2684003963797a3ef4eb4673e5b962051fbfbef64aee94f24b0bf,
studies/visibility-only-v4/audit/scene_geometry/scene_fc_clear_v03.json,60702,794bceed6dc36f1488f0575fe0c8ad387add011d4e793c8a3a29a9ccd9dd77b2,
studies/visibility-only-v4/audit/scene_geometry/scene_fc_clear_v04.json,24140,7f7be15651925011dffaa7d378a176fff2d31a88ae4eea0445f8c43a8b2cf686,
studies/visibility-only-v4/audit/scene_geometry/scene_fc_clear_v05.json,41475,cecdef111730959fd1be3b012068fa080a491838e88fb6d350b95db748145f3e,
studies/visibility-only-v4/audit/scene_geometry/scene_lift_and_relocate_v01.json,67105,0b6f94a03a55380e5134b8d0429a0bf4e3eb6f73dbf0b6af8ab30da69bc93d21,
studies/visibility-only-v4/audit/scene_geometry/scene_lift_and_relocate_v02.json,48983,fc824d12bf40ae5e721424565868c177d6810b9d7e0b8482c406f878c8d0c868,
studies/visibility-only-v4/audit/scene_geometry/scene_lift_and_relocate_v03.json,47773,f827eea7d2f9e5c1031435b62cfe1136b3e02172a49b8671eda9f5e70adbc0af,
studies/visibility-only-v4/audit/scene_geometry/scene_lift_and_relocate_v04.json,42088,b3979802f817e8d42110ffff4255f464a8ae5e7d3872d5056069947efe183ec5,
studies/visibility-only-v4/audit/scene_geometry/scene_lift_and_relocate_v05.json,38784,058c23e44ac69dd5868cc03b86ec6b264505d1a2f97d749e82823545ea4d7a9e,
studies/visibility-only-v4/audit/scene_geometry/scene_rotate_v01.json,44770,ce71a6549fa310291b4b0d436548a411355b8feae10c68e1c165e4e44c9dbe36,
studies/visibility-only-v4/audit/scene_geometry/scene_rotate_v02.json,24525,d036fcb5db8c87e2ede865f10891f48eb2c68b6eb0bfb60fa3765760cb12403b,
studies/visibility-only-v4/audit/scene_geometry/scene_rotate_v03.json,37339,c593808166528096a17623a89d3492a2ed4bfd6400d5ba33a2ba60f4ab79cbdf,
studies/visibility-only-v4/audit/scene_geometry/scene_rotate_v04.json,44213,91bccece8e4bd36516eba1ba136afff409d54d03499a6abf9825095198d54179,
studies/visibility-only-v4/audit/scene_geometry/scene_rotate_v05.json,75237,7c65e2a542d2ec3091a0c32bdcf33348e12fc58d9b5b09d086275edd9bf80d78,
studies/visibility-only-v4/audit/scene_geometry/scene_translate_v01.json,6264,bfbf8916d032b0b1f575a8d548dbe79b83c64bf302da13ac795b8bc1727fd40d,
studies/visibility-only-v4/audit/scene_geometry/scene_translate_v02.json,50940,b2a37dd6483771e4d63ab917edd2555f25f8d92f1ecfaddcbe7adeadc6d001a0,
studies/visibility-only-v4/audit/scene_geometry/scene_translate_v03.json,32276,de901bd4361cdd22ac23bed4d0f22155ba2921fd64a4a9045bf8181a9d44a6d5,
studies/visibility-only-v4/audit/scene_geometry/scene_translate_v04.json,22029,f8d787adf859629b0a1745522ea909ba5f5e3dd57fc37de42b415a2a379345ac,
studies/visibility-only-v4/audit/scene_geometry/scene_translate_v05.json,61496,423af2a9039d95f5f49ec830fc9d2a98896ae369a767fca465c14fe96620c535,
studies/visibility-only-v4/audit/scene_records/scene_fc_blocked_v01.json,3391,c049b2fcc60a220fd6f2187c20036f456157c3fa989c1f7f60c3a47a886a14f6,
studies/visibility-only-v4/audit/scene_records/scene_fc_blocked_v02.json,3392,fb66ba303410306edb9ad2c4f6d7ac3606391ba021a5c684db2c86a9ab830108,
studies/visibility-only-v4/audit/scene_records/scene_fc_blocked_v03.json,3389,0fdb54c494414eb587bd61a84d0d3b54c79ab4076526b214b7d27d821594f818,
studies/visibility-only-v4/audit/scene_records/scene_fc_blocked_v04.json,3388,2aef3e04e5b62ecdea6f64e06b09cd5d10aad988830a3079bc75167f28106762,
studies/visibility-only-v4/audit/scene_records/scene_fc_blocked_v05.json,3389,a5f4b15c6221be97e359ae190d84f05d9721fb5c3ba2edcad18b913a0d9ab37b,
studies/visibility-only-v4/audit/scene_records/scene_fc_clear_v01.json,3276,072109412768f491fbc141cddc8d61e2d72b4f39e5d4131dfbbb8c90d03033d3,
studies/visibility-only-v4/audit/scene_records/scene_fc_clear_v02.json,3276,fc939472dfa8198860b53ad2c70eea25006353aca79df53a19d5f03fc6896035,
studies/visibility-only-v4/audit/scene_records/scene_fc_clear_v03.json,3276,74443fa99ab9690f67eed7f0cdfab72b1b13c282285c1ef6e5943210100ff0eb,
studies/visibility-only-v4/audit/scene_records/scene_fc_clear_v04.json,3276,eba215700b4fb2a71d9e0e88d5f930e08639953f2305eabbdf00680568241635,
studies/visibility-only-v4/audit/scene_records/scene_fc_clear_v05.json,3276,afb0c3d32dafe2c5f37ad2e0c1443f5e4e5c868d025ee9f04ff35abc78f0a50e,
studies/visibility-only-v4/audit/scene_records/scene_lift_and_relocate_v01.json,3561,c3664ba9eb1aaf6d0315e9f76d0b159aee8d5073a378b2f3ef32b18d5c4035ba,
studies/visibility-only-v4/audit/scene_records/scene_lift_and_relocate_v02.json,3560,5a24fda199895cfe40843fb7eeb2b1cadf7b68adb1d14201f2a8a1d0adc12013,
studies/visibility-only-v4/audit/scene_records/scene_lift_and_relocate_v03.json,3561,1cc862c1fab2a3cb0198c797fbf6405d3a3308c7a14a1934f67f5d55add597df,
studies/visibility-only-v4/audit/scene_records/scene_lift_and_relocate_v04.json,3552,30c1d90b010d5c161d0291dcf5aee2aa19bc816402ea323958cb3ae58c7ea1b0,
studies/visibility-only-v4/audit/scene_records/scene_lift_and_relocate_v05.json,3561,947fefe6b2a215e6a5b752f03a32a8948b7ea6cc0bf496a089bb6b608746bf3d,
studies/visibility-only-v4/audit/scene_records/scene_rotate_v01.json,3334,aca30180307bc4a52f4cff777a5b1b8b234f328b1f90f27c87eb6c4f14ba63a7,
studies/visibility-only-v4/audit/scene_records/scene_rotate_v02.json,3332,1db9f82fd317f560da10fa1b2931f46f0a3c17434db95e64d3a7e4cf112cf2fc,
studies/visibility-only-v4/audit/scene_records/scene_rotate_v03.json,3332,f15925024c7c37778d908d0ed445dfcd6028bcc78accbdbf9f49a5b8dda39e58,
studies/visibility-only-v4/audit/scene_records/scene_rotate_v04.json,3334,2ac0be0f9e26ee1371afc99236048b681c73518474ca96ed11388fc21500ed05,
studies/visibility-only-v4/audit/scene_records/scene_rotate_v05.json,3340,4a04955891a79a63c1fe3c8d8d4f2bc2ecd29f7e207c5dfca2044b8d8adcc8d0,
studies/visibility-only-v4/audit/scene_records/scene_translate_v01.json,3360,403fe933892e5590af2e98e902b54a0c8a615232c1a1810dfe7c2367d3cbb22d,
studies/visibility-only-v4/audit/scene_records/scene_translate_v02.json,3377,6e707b72a55a14d479aaa5d2bcc27c7ee1ce66120b2e39cf06d44db2dafa8a63,
studies/visibility-only-v4/audit/scene_records/scene_translate_v03.json,3376,ac009d54c8eb38af515656c4eef32ffcaeb8fe37d15bf2d096c9a43add14a620,
studies/visibility-only-v4/audit/scene_records/scene_translate_v04.json,3377,6a6725ba22be8d83b55b3a84994bcf123eaad53bc0b9e9c9f5c76ac79fce0d97,
studies/visibility-only-v4/audit/scene_records/scene_translate_v05.json,3385,b92c6eebac03c288a58ab5bd83deafe10e13cc6757cd90743fd1ad697342a8c3,
studies/visibility-only-v4/config/frozen_scenes.json,88487,11206aad77204dd677c5b61c74026441b8c3f85af2dc68838f65e818a2a5042e,
studies/visibility-only-v4/logs/l2_visibility_only_v4/attempts.jsonl,481450,79eeeb15dccaeb86ad200bfe7119e0a8b12bfa0418c4413d5984f17e29746f91,1500
studies/visibility-only-v4/logs/l2_visibility_only_v4/last_invocation_summary.json,339,9c75875dccfcab81bbdfbc91ba47f5ec4ed2855ae33928e81527e2bed7262323,
studies/visibility-only-v4/logs/l2_visibility_only_v4/progress.json,299,2345d3b7395dfdcadb0e8f4ea05df4c8a3b710ff3f69c8244e5fd55f1fa34a9a,
studies/visibility-only-v4/logs/l2_visibility_only_v4/runs.jsonl,9233650,f5dcd5236b78d646d7e293692cfff11f4df9e879020a3ca9463a76ae09eb1c15,1500
studies/visibility-only-v4/logs/l2_visibility_only_v4/runtime.json,487,4555e81caa92bfa59f912d46f429eee399ebdad50a5ffb533e4d5bb6ddbaf9d5,
studies/visibility-only-v4/prompts/l2_en.txt,1079,b818fce06b232b583e4234984d3755ae6b18959db6956c0835b4b4cbbb868b8e,
studies/visibility-only-v4/prompts/system_en.txt,506,3ed54135bce98adb7ed4c237b93bd244a5008758aefc104d5387e6d6e240b1b9,
studies/visibility-only-v4/results/l2_visibility_only_v4/artifact_hashes.json,642,c2201b6a1e16273a5ff713665e44e54fd2af6df64d67a91d78d736f3acdd0e9e,
studies/visibility-only-v4/results/l2_visibility_only_v4/condition_metrics.csv,3767,4182cf46fa541ee6e83d066160618ebca4d6836e65cbe102673aa4cd7711b250,
studies/visibility-only-v4/results/l2_visibility_only_v4/family_accuracy.csv,594,87be26ea028ba4090b016a4979d02f3ca4bf18511a642880959051eca8f10539,
studies/visibility-only-v4/results/l2_visibility_only_v4/report.md,3332,560f2bab3a17bfb8cfbd4dac9b8064a6d272beca3301f7f4c8920d008d9585be,
studies/visibility-only-v4/results/l2_visibility_only_v4/results.json,38935,5024e55c195f4877033a314247c505e6aa3a83f4b8165fb9db8cfddd6de021fe,
studies/visibility-only-v4/results/l2_visibility_only_v4/run_outcomes.csv,163501,e6e32b93dff2cb1a636730e6682a33fd6e458f0ebc4f736a873bc5ce36626253,
studies/visibility-only-v4/results/l2_visibility_only_v4/scene_metrics.csv,1406,ffd3e76387a8849861ffffbf3539900c28bd995ca710b86aa3486c26cacd1943,
studies/visibility-only-v4/results/l2_visibility_only_v4/source_artifact_hashes.json,1394,e50496db125d6ef08a957bacb06fb946457ba9d5d312728b19ca8b93ded08102,
studies/visibility-only-v4/schemas/l2.json,179,b52078249525eb95642416abef899566e0e26c0589436b1eeda9752ba6edeea6,
