run_id,scene_id,scene_family,condition,resolution,seed,target_id,object_id,candidate_occlusion_pixels,candidate_occlusion_ratio,truth_occludes,predicted_occludes,correct
v1__scene_fc_blocked_v05__L2__C5_D8__r01_s28101,scene_fc_blocked_v05,FC_BLOCKED,C5,D8,28101,59,26,48,0.004170287,False,True,False
v1__scene_fc_blocked_v05__L2__C5_D8__r03_s28103,scene_fc_blocked_v05,FC_BLOCKED,C5,D8,28103,59,26,48,0.004170287,False,True,False
v1__scene_fc_blocked_v05__L2__C5_D8__r04_s28104,scene_fc_blocked_v05,FC_BLOCKED,C5,D8,28104,59,26,48,0.004170287,False,True,False
v1__scene_fc_blocked_v05__L2__C5_D8__r05_s28105,scene_fc_blocked_v05,FC_BLOCKED,C5,D8,28105,59,26,48,0.004170287,False,True,False
v1__scene_fc_blocked_v05__L2__C6_D4__r04_s28104,scene_fc_blocked_v05,FC_BLOCKED,C6,D4,28104,59,26,48,0.004170287,False,True,False
v1__scene_lift_and_relocate_v01__L2__C0_NA__r01_s28101,scene_lift_and_relocate_v01,LIFT_AND_RELOCATE,C0,,28101,59,64,6071,0.606130192,True,False,False
v1__scene_lift_and_relocate_v01__L2__C0_NA__r02_s28102,scene_lift_and_relocate_v01,LIFT_AND_RELOCATE,C0,,28102,59,64,6071,0.606130192,True,False,False
v1__scene_lift_and_relocate_v01__L2__C0_NA__r03_s28103,scene_lift_and_relocate_v01,LIFT_AND_RELOCATE,C0,,28103,59,64,6071,0.606130192,True,False,False
v1__scene_lift_and_relocate_v01__L2__C0_NA__r04_s28104,scene_lift_and_relocate_v01,LIFT_AND_RELOCATE,C0,,28104,59,64,6071,0.606130192,True,False,False
v1__scene_lift_and_relocate_v01__L2__C0_NA__r05_s28105,scene_lift_and_relocate_v01,LIFT_AND_RELOCATE,C0,,28105,59,64,6071,0.606130192,True,False,False
v1__scene_lift_and_relocate_v01__L2__C1_NA__r01_s28101,scene_lift_and_relocate_v01,LIFT_AND_RELOCATE,C1,,28101,59,64,6071,0.606130192,True,False,False
v1__scene_lift_and_relocate_v01__L2__C1_NA__r02_s28102,scene_lift_and_relocate_v01,LIFT_AND_RELOCATE,C1,,28102,59,64,6071,0.606130192,True,False,False
v1__scene_lift_and_relocate_v01__L2__C1_NA__r03_s28103,scene_lift_and_relocate_v01,LIFT_AND_RELOCATE,C1,,28103,59,64,6071,0.606130192,True,False,False
v1__scene_lift_and_relocate_v01__L2__C1_NA__r04_s28104,scene_lift_and_relocate_v01,LIFT_AND_RELOCATE,C1,,28104,59,64,6071,0.606130192,True,False,False
v1__scene_lift_and_relocate_v01__L2__C1_NA__r05_s28105,scene_lift_and_relocate_v01,LIFT_AND_RELOCATE,C1,,28105,59,64,6071,0.606130192,True,False,False
v1__scene_lift_and_relocate_v01__L2__C2_D4__r01_s28101,scene_lift_and_relocate_v01,LIFT_AND_RELOCATE,C2,D4,28101,59,64,6071,0.606130192,True,False,False
v1__scene_lift_and_relocate_v01__L2__C2_D4__r02_s28102,scene_lift_and_relocate_v01,LIFT_AND_RELOCATE,C2,D4,28102,59,64,6071,0.606130192,True,False,False
v1__scene_lift_and_relocate_v01__L2__C2_D4__r03_s28103,scene_lift_and_relocate_v01,LIFT_AND_RELOCATE,C2,D4,28103,59,64,6071,0.606130192,True,False,False
v1__scene_lift_and_relocate_v01__L2__C2_D4__r04_s28104,scene_lift_and_relocate_v01,LIFT_AND_RELOCATE,C2,D4,28104,59,64,6071,0.606130192,True,False,False
v1__scene_lift_and_relocate_v01__L2__C2_D4__r05_s28105,scene_lift_and_relocate_v01,LIFT_AND_RELOCATE,C2,D4,28105,59,64,6071,0.606130192,True,False,False
v1__scene_lift_and_relocate_v01__L2__C2_D8__r01_s28101,scene_lift_and_relocate_v01,LIFT_AND_RELOCATE,C2,D8,28101,59,64,6071,0.606130192,True,False,False
v1__scene_lift_and_relocate_v01__L2__C2_D8__r02_s28102,scene_lift_and_relocate_v01,LIFT_AND_RELOCATE,C2,D8,28102,59,64,6071,0.606130192,True,False,False
v1__scene_lift_and_relocate_v01__L2__C2_D8__r03_s28103,scene_lift_and_relocate_v01,LIFT_AND_RELOCATE,C2,D8,28103,59,64,6071,0.606130192,True,False,False
v1__scene_lift_and_relocate_v01__L2__C2_D8__r04_s28104,scene_lift_and_relocate_v01,LIFT_AND_RELOCATE,C2,D8,28104,59,64,6071,0.606130192,True,False,False
v1__scene_lift_and_relocate_v01__L2__C2_D8__r05_s28105,scene_lift_and_relocate_v01,LIFT_AND_RELOCATE,C2,D8,28105,59,64,6071,0.606130192,True,False,False
v1__scene_lift_and_relocate_v01__L2__C3_D4__r01_s28101,scene_lift_and_relocate_v01,LIFT_AND_RELOCATE,C3,D4,28101,59,64,6071,0.606130192,True,False,False
v1__scene_lift_and_relocate_v01__L2__C3_D4__r02_s28102,scene_lift_and_relocate_v01,LIFT_AND_RELOCATE,C3,D4,28102,59,64,6071,0.606130192,True,False,False
v1__scene_lift_and_relocate_v01__L2__C3_D4__r03_s28103,scene_lift_and_relocate_v01,LIFT_AND_RELOCATE,C3,D4,28103,59,64,6071,0.606130192,True,False,False
v1__scene_lift_and_relocate_v01__L2__C3_D4__r04_s28104,scene_lift_and_relocate_v01,LIFT_AND_RELOCATE,C3,D4,28104,59,64,6071,0.606130192,True,False,False
v1__scene_lift_and_relocate_v01__L2__C3_D4__r05_s28105,scene_lift_and_relocate_v01,LIFT_AND_RELOCATE,C3,D4,28105,59,64,6071,0.606130192,True,False,False
v1__scene_lift_and_relocate_v01__L2__C3_D8__r01_s28101,scene_lift_and_relocate_v01,LIFT_AND_RELOCATE,C3,D8,28101,59,64,6071,0.606130192,True,False,False
v1__scene_lift_and_relocate_v01__L2__C3_D8__r02_s28102,scene_lift_and_relocate_v01,LIFT_AND_RELOCATE,C3,D8,28102,59,64,6071,0.606130192,True,False,False
v1__scene_lift_and_relocate_v01__L2__C3_D8__r03_s28103,scene_lift_and_relocate_v01,LIFT_AND_RELOCATE,C3,D8,28103,59,64,6071,0.606130192,True,False,False
v1__scene_lift_and_relocate_v01__L2__C3_D8__r04_s28104,scene_lift_and_relocate_v01,LIFT_AND_RELOCATE,C3,D8,28104,59,64,6071,0.606130192,True,False,False
v1__scene_lift_and_relocate_v01__L2__C3_D8__r05_s28105,scene_lift_and_relocate_v01,LIFT_AND_RELOCATE,C3,D8,28105,59,64,6071,0.606130192,True,False,False
v1__scene_lift_and_relocate_v01__L2__C4_D4__r01_s28101,scene_lift_and_relocate_v01,LIFT_AND_RELOCATE,C4,D4,28101,59,64,6071,0.606130192,True,False,False
v1__scene_lift_and_relocate_v01__L2__C4_D4__r02_s28102,scene_lift_and_relocate_v01,LIFT_AND_RELOCATE,C4,D4,28102,59,64,6071,0.606130192,True,False,False
v1__scene_lift_and_relocate_v01__L2__C4_D4__r03_s28103,scene_lift_and_relocate_v01,LIFT_AND_RELOCATE,C4,D4,28103,59,64,6071,0.606130192,True,False,False
v1__scene_lift_and_relocate_v01__L2__C4_D4__r04_s28104,scene_lift_and_relocate_v01,LIFT_AND_RELOCATE,C4,D4,28104,59,64,6071,0.606130192,True,False,False
v1__scene_lift_and_relocate_v01__L2__C4_D4__r05_s28105,scene_lift_and_relocate_v01,LIFT_AND_RELOCATE,C4,D4,28105,59,64,6071,0.606130192,True,False,False
v1__scene_lift_and_relocate_v01__L2__C4_D8__r01_s28101,scene_lift_and_relocate_v01,LIFT_AND_RELOCATE,C4,D8,28101,59,64,6071,0.606130192,True,False,False
v1__scene_lift_and_relocate_v01__L2__C4_D8__r02_s28102,scene_lift_and_relocate_v01,LIFT_AND_RELOCATE,C4,D8,28102,59,64,6071,0.606130192,True,False,False
v1__scene_lift_and_relocate_v01__L2__C4_D8__r03_s28103,scene_lift_and_relocate_v01,LIFT_AND_RELOCATE,C4,D8,28103,59,64,6071,0.606130192,True,False,False
v1__scene_lift_and_relocate_v01__L2__C4_D8__r04_s28104,scene_lift_and_relocate_v01,LIFT_AND_RELOCATE,C4,D8,28104,59,64,6071,0.606130192,True,False,False
v1__scene_lift_and_relocate_v01__L2__C4_D8__r05_s28105,scene_lift_and_relocate_v01,LIFT_AND_RELOCATE,C4,D8,28105,59,64,6071,0.606130192,True,False,False
v1__scene_lift_and_relocate_v01__L2__C5_D4__r01_s28101,scene_lift_and_relocate_v01,LIFT_AND_RELOCATE,C5,D4,28101,59,64,6071,0.606130192,True,False,False
v1__scene_lift_and_relocate_v01__L2__C5_D4__r02_s28102,scene_lift_and_relocate_v01,LIFT_AND_RELOCATE,C5,D4,28102,59,64,6071,0.606130192,True,False,False
v1__scene_lift_and_relocate_v01__L2__C5_D4__r03_s28103,scene_lift_and_relocate_v01,LIFT_AND_RELOCATE,C5,D4,28103,59,64,6071,0.606130192,True,False,False
v1__scene_lift_and_relocate_v01__L2__C5_D4__r04_s28104,scene_lift_and_relocate_v01,LIFT_AND_RELOCATE,C5,D4,28104,59,64,6071,0.606130192,True,False,False
v1__scene_lift_and_relocate_v01__L2__C5_D4__r05_s28105,scene_lift_and_relocate_v01,LIFT_AND_RELOCATE,C5,D4,28105,59,64,6071,0.606130192,True,False,False
v1__scene_lift_and_relocate_v01__L2__C5_D8__r01_s28101,scene_lift_and_relocate_v01,LIFT_AND_RELOCATE,C5,D8,28101,59,64,6071,0.606130192,True,False,False
v1__scene_lift_and_relocate_v01__L2__C5_D8__r02_s28102,scene_lift_and_relocate_v01,LIFT_AND_RELOCATE,C5,D8,28102,59,64,6071,0.606130192,True,False,False
v1__scene_lift_and_relocate_v01__L2__C5_D8__r03_s28103,scene_lift_and_relocate_v01,LIFT_AND_RELOCATE,C5,D8,28103,59,64,6071,0.606130192,True,False,False
v1__scene_lift_and_relocate_v01__L2__C5_D8__r04_s28104,scene_lift_and_relocate_v01,LIFT_AND_RELOCATE,C5,D8,28104,59,64,6071,0.606130192,True,False,False
v1__scene_lift_and_relocate_v01__L2__C5_D8__r05_s28105,scene_lift_and_relocate_v01,LIFT_AND_RELOCATE,C5,D8,28105,59,64,6071,0.606130192,True,False,False
v1__scene_lift_and_relocate_v01__L2__C6_D4__r01_s28101,scene_lift_and_relocate_v01,LIFT_AND_RELOCATE,C6,D4,28101,59,64,6071,0.606130192,True,False,False
v1__scene_lift_and_relocate_v01__L2__C6_D4__r02_s28102,scene_lift_and_relocate_v01,LIFT_AND_RELOCATE,C6,D4,28102,59,64,6071,0.606130192,True,False,False
v1__scene_lift_and_relocate_v01__L2__C6_D4__r03_s28103,scene_lift_and_relocate_v01,LIFT_AND_RELOCATE,C6,D4,28103,59,64,6071,0.606130192,True,False,False
v1__scene_lift_and_relocate_v01__L2__C6_D4__r04_s28104,scene_lift_and_relocate_v01,LIFT_AND_RELOCATE,C6,D4,28104,59,64,6071,0.606130192,True,False,False
v1__scene_lift_and_relocate_v01__L2__C6_D4__r05_s28105,scene_lift_and_relocate_v01,LIFT_AND_RELOCATE,C6,D4,28105,59,64,6071,0.606130192,True,False,False
v1__scene_lift_and_relocate_v01__L2__C6_D8__r01_s28101,scene_lift_and_relocate_v01,LIFT_AND_RELOCATE,C6,D8,28101,59,64,6071,0.606130192,True,False,False
v1__scene_lift_and_relocate_v01__L2__C6_D8__r02_s28102,scene_lift_and_relocate_v01,LIFT_AND_RELOCATE,C6,D8,28102,59,64,6071,0.606130192,True,False,False
v1__scene_lift_and_relocate_v01__L2__C6_D8__r03_s28103,scene_lift_and_relocate_v01,LIFT_AND_RELOCATE,C6,D8,28103,59,64,6071,0.606130192,True,False,False
v1__scene_lift_and_relocate_v01__L2__C6_D8__r04_s28104,scene_lift_and_relocate_v01,LIFT_AND_RELOCATE,C6,D8,28104,59,64,6071,0.606130192,True,False,False
v1__scene_lift_and_relocate_v01__L2__C6_D8__r05_s28105,scene_lift_and_relocate_v01,LIFT_AND_RELOCATE,C6,D8,28105,59,64,6071,0.606130192,True,False,False
v1__scene_lift_and_relocate_v02__L2__C0_NA__r01_s28101,scene_lift_and_relocate_v02,LIFT_AND_RELOCATE,C0,,28101,70,14,2951,0.300692888,True,False,False
v1__scene_lift_and_relocate_v02__L2__C0_NA__r02_s28102,scene_lift_and_relocate_v02,LIFT_AND_RELOCATE,C0,,28102,70,14,2951,0.300692888,True,False,False
v1__scene_lift_and_relocate_v02__L2__C0_NA__r03_s28103,scene_lift_and_relocate_v02,LIFT_AND_RELOCATE,C0,,28103,70,14,2951,0.300692888,True,False,False
v1__scene_lift_and_relocate_v02__L2__C0_NA__r04_s28104,scene_lift_and_relocate_v02,LIFT_AND_RELOCATE,C0,,28104,70,14,2951,0.300692888,True,False,False
v1__scene_lift_and_relocate_v02__L2__C0_NA__r05_s28105,scene_lift_and_relocate_v02,LIFT_AND_RELOCATE,C0,,28105,70,14,2951,0.300692888,True,False,False
v1__scene_lift_and_relocate_v02__L2__C1_NA__r01_s28101,scene_lift_and_relocate_v02,LIFT_AND_RELOCATE,C1,,28101,70,14,2951,0.300692888,True,False,False
v1__scene_lift_and_relocate_v02__L2__C1_NA__r02_s28102,scene_lift_and_relocate_v02,LIFT_AND_RELOCATE,C1,,28102,70,14,2951,0.300692888,True,False,False
v1__scene_lift_and_relocate_v02__L2__C1_NA__r03_s28103,scene_lift_and_relocate_v02,LIFT_AND_RELOCATE,C1,,28103,70,14,2951,0.300692888,True,False,False
v1__scene_lift_and_relocate_v02__L2__C1_NA__r04_s28104,scene_lift_and_relocate_v02,LIFT_AND_RELOCATE,C1,,28104,70,14,2951,0.300692888,True,False,False
v1__scene_lift_and_relocate_v02__L2__C1_NA__r05_s28105,scene_lift_and_relocate_v02,LIFT_AND_RELOCATE,C1,,28105,70,14,2951,0.300692888,True,False,False
v1__scene_lift_and_relocate_v02__L2__C2_D4__r01_s28101,scene_lift_and_relocate_v02,LIFT_AND_RELOCATE,C2,D4,28101,70,14,2951,0.300692888,True,False,False
v1__scene_lift_and_relocate_v02__L2__C2_D4__r02_s28102,scene_lift_and_relocate_v02,LIFT_AND_RELOCATE,C2,D4,28102,70,14,2951,0.300692888,True,False,False
v1__scene_lift_and_relocate_v02__L2__C2_D4__r03_s28103,scene_lift_and_relocate_v02,LIFT_AND_RELOCATE,C2,D4,28103,70,14,2951,0.300692888,True,False,False
v1__scene_lift_and_relocate_v02__L2__C2_D4__r04_s28104,scene_lift_and_relocate_v02,LIFT_AND_RELOCATE,C2,D4,28104,70,14,2951,0.300692888,True,False,False
v1__scene_lift_and_relocate_v02__L2__C2_D4__r05_s28105,scene_lift_and_relocate_v02,LIFT_AND_RELOCATE,C2,D4,28105,70,14,2951,0.300692888,True,False,False
v1__scene_lift_and_relocate_v02__L2__C2_D8__r01_s28101,scene_lift_and_relocate_v02,LIFT_AND_RELOCATE,C2,D8,28101,70,14,2951,0.300692888,True,False,False
v1__scene_lift_and_relocate_v02__L2__C2_D8__r02_s28102,scene_lift_and_relocate_v02,LIFT_AND_RELOCATE,C2,D8,28102,70,14,2951,0.300692888,True,False,False
v1__scene_lift_and_relocate_v02__L2__C2_D8__r03_s28103,scene_lift_and_relocate_v02,LIFT_AND_RELOCATE,C2,D8,28103,70,14,2951,0.300692888,True,False,False
v1__scene_lift_and_relocate_v02__L2__C2_D8__r04_s28104,scene_lift_and_relocate_v02,LIFT_AND_RELOCATE,C2,D8,28104,70,14,2951,0.300692888,True,False,False
v1__scene_lift_and_relocate_v02__L2__C2_D8__r05_s28105,scene_lift_and_relocate_v02,LIFT_AND_RELOCATE,C2,D8,28105,70,14,2951,0.300692888,True,False,False
v1__scene_lift_and_relocate_v02__L2__C3_D4__r01_s28101,scene_lift_and_relocate_v02,LIFT_AND_RELOCATE,C3,D4,28101,70,14,2951,0.300692888,True,False,False
v1__scene_lift_and_relocate_v02__L2__C3_D4__r02_s28102,scene_lift_and_relocate_v02,LIFT_AND_RELOCATE,C3,D4,28102,70,14,2951,0.300692888,True,False,False
v1__scene_lift_and_relocate_v02__L2__C3_D4__r03_s28103,scene_lift_and_relocate_v02,LIFT_AND_RELOCATE,C3,D4,28103,70,14,2951,0.300692888,True,False,False
v1__scene_lift_and_relocate_v02__L2__C3_D4__r04_s28104,scene_lift_and_relocate_v02,LIFT_AND_RELOCATE,C3,D4,28104,70,14,2951,0.300692888,True,False,False
v1__scene_lift_and_relocate_v02__L2__C3_D4__r05_s28105,scene_lift_and_relocate_v02,LIFT_AND_RELOCATE,C3,D4,28105,70,14,2951,0.300692888,True,False,False
v1__scene_lift_and_relocate_v02__L2__C3_D8__r01_s28101,scene_lift_and_relocate_v02,LIFT_AND_RELOCATE,C3,D8,28101,70,14,2951,0.300692888,True,False,False
v1__scene_lift_and_relocate_v02__L2__C3_D8__r02_s28102,scene_lift_and_relocate_v02,LIFT_AND_RELOCATE,C3,D8,28102,70,14,2951,0.300692888,True,False,False
v1__scene_lift_and_relocate_v02__L2__C3_D8__r03_s28103,scene_lift_and_relocate_v02,LIFT_AND_RELOCATE,C3,D8,28103,70,14,2951,0.300692888,True,False,False
v1__scene_lift_and_relocate_v02__L2__C3_D8__r04_s28104,scene_lift_and_relocate_v02,LIFT_AND_RELOCATE,C3,D8,28104,70,14,2951,0.300692888,True,False,False
v1__scene_lift_and_relocate_v02__L2__C3_D8__r05_s28105,scene_lift_and_relocate_v02,LIFT_AND_RELOCATE,C3,D8,28105,70,14,2951,0.300692888,True,False,False
v1__scene_lift_and_relocate_v02__L2__C4_D4__r01_s28101,scene_lift_and_relocate_v02,LIFT_AND_RELOCATE,C4,D4,28101,70,14,2951,0.300692888,True,False,False
v1__scene_lift_and_relocate_v02__L2__C4_D4__r02_s28102,scene_lift_and_relocate_v02,LIFT_AND_RELOCATE,C4,D4,28102,70,14,2951,0.300692888,True,False,False
v1__scene_lift_and_relocate_v02__L2__C4_D4__r03_s28103,scene_lift_and_relocate_v02,LIFT_AND_RELOCATE,C4,D4,28103,70,14,2951,0.300692888,True,False,False
v1__scene_lift_and_relocate_v02__L2__C4_D4__r04_s28104,scene_lift_and_relocate_v02,LIFT_AND_RELOCATE,C4,D4,28104,70,14,2951,0.300692888,True,False,False
v1__scene_lift_and_relocate_v02__L2__C4_D4__r05_s28105,scene_lift_and_relocate_v02,LIFT_AND_RELOCATE,C4,D4,28105,70,14,2951,0.300692888,True,False,False
v1__scene_lift_and_relocate_v02__L2__C4_D8__r01_s28101,scene_lift_and_relocate_v02,LIFT_AND_RELOCATE,C4,D8,28101,70,14,2951,0.300692888,True,False,False
v1__scene_lift_and_relocate_v02__L2__C4_D8__r02_s28102,scene_lift_and_relocate_v02,LIFT_AND_RELOCATE,C4,D8,28102,70,14,2951,0.300692888,True,False,False
v1__scene_lift_and_relocate_v02__L2__C4_D8__r03_s28103,scene_lift_and_relocate_v02,LIFT_AND_RELOCATE,C4,D8,28103,70,14,2951,0.300692888,True,False,False
v1__scene_lift_and_relocate_v02__L2__C4_D8__r04_s28104,scene_lift_and_relocate_v02,LIFT_AND_RELOCATE,C4,D8,28104,70,14,2951,0.300692888,True,False,False
v1__scene_lift_and_relocate_v02__L2__C4_D8__r05_s28105,scene_lift_and_relocate_v02,LIFT_AND_RELOCATE,C4,D8,28105,70,14,2951,0.300692888,True,False,False
v1__scene_lift_and_relocate_v02__L2__C5_D4__r01_s28101,scene_lift_and_relocate_v02,LIFT_AND_RELOCATE,C5,D4,28101,70,14,2951,0.300692888,True,False,False
v1__scene_lift_and_relocate_v02__L2__C5_D4__r02_s28102,scene_lift_and_relocate_v02,LIFT_AND_RELOCATE,C5,D4,28102,70,14,2951,0.300692888,True,False,False
v1__scene_lift_and_relocate_v02__L2__C5_D4__r03_s28103,scene_lift_and_relocate_v02,LIFT_AND_RELOCATE,C5,D4,28103,70,14,2951,0.300692888,True,False,False
v1__scene_lift_and_relocate_v02__L2__C5_D4__r04_s28104,scene_lift_and_relocate_v02,LIFT_AND_RELOCATE,C5,D4,28104,70,14,2951,0.300692888,True,False,False
v1__scene_lift_and_relocate_v02__L2__C5_D4__r05_s28105,scene_lift_and_relocate_v02,LIFT_AND_RELOCATE,C5,D4,28105,70,14,2951,0.300692888,True,False,False
v1__scene_lift_and_relocate_v02__L2__C5_D8__r01_s28101,scene_lift_and_relocate_v02,LIFT_AND_RELOCATE,C5,D8,28101,70,14,2951,0.300692888,True,False,False
v1__scene_lift_and_relocate_v02__L2__C5_D8__r02_s28102,scene_lift_and_relocate_v02,LIFT_AND_RELOCATE,C5,D8,28102,70,14,2951,0.300692888,True,False,False
v1__scene_lift_and_relocate_v02__L2__C5_D8__r03_s28103,scene_lift_and_relocate_v02,LIFT_AND_RELOCATE,C5,D8,28103,70,14,2951,0.300692888,True,False,False
v1__scene_lift_and_relocate_v02__L2__C5_D8__r04_s28104,scene_lift_and_relocate_v02,LIFT_AND_RELOCATE,C5,D8,28104,70,14,2951,0.300692888,True,False,False
v1__scene_lift_and_relocate_v02__L2__C5_D8__r05_s28105,scene_lift_and_relocate_v02,LIFT_AND_RELOCATE,C5,D8,28105,70,14,2951,0.300692888,True,False,False
v1__scene_lift_and_relocate_v02__L2__C6_D4__r01_s28101,scene_lift_and_relocate_v02,LIFT_AND_RELOCATE,C6,D4,28101,70,14,2951,0.300692888,True,False,False
v1__scene_lift_and_relocate_v02__L2__C6_D4__r02_s28102,scene_lift_and_relocate_v02,LIFT_AND_RELOCATE,C6,D4,28102,70,14,2951,0.300692888,True,False,False
v1__scene_lift_and_relocate_v02__L2__C6_D4__r03_s28103,scene_lift_and_relocate_v02,LIFT_AND_RELOCATE,C6,D4,28103,70,14,2951,0.300692888,True,False,False
v1__scene_lift_and_relocate_v02__L2__C6_D4__r04_s28104,scene_lift_and_relocate_v02,LIFT_AND_RELOCATE,C6,D4,28104,70,14,2951,0.300692888,True,False,False
v1__scene_lift_and_relocate_v02__L2__C6_D4__r05_s28105,scene_lift_and_relocate_v02,LIFT_AND_RELOCATE,C6,D4,28105,70,14,2951,0.300692888,True,False,False
v1__scene_lift_and_relocate_v02__L2__C6_D8__r01_s28101,scene_lift_and_relocate_v02,LIFT_AND_RELOCATE,C6,D8,28101,70,14,2951,0.300692888,True,False,False
v1__scene_lift_and_relocate_v02__L2__C6_D8__r02_s28102,scene_lift_and_relocate_v02,LIFT_AND_RELOCATE,C6,D8,28102,70,14,2951,0.300692888,True,False,False
v1__scene_lift_and_relocate_v02__L2__C6_D8__r03_s28103,scene_lift_and_relocate_v02,LIFT_AND_RELOCATE,C6,D8,28103,70,14,2951,0.300692888,True,False,False
v1__scene_lift_and_relocate_v02__L2__C6_D8__r04_s28104,scene_lift_and_relocate_v02,LIFT_AND_RELOCATE,C6,D8,28104,70,22,0,0.0,False,True,False
v1__scene_lift_and_relocate_v02__L2__C6_D8__r04_s28104,scene_lift_and_relocate_v02,LIFT_AND_RELOCATE,C6,D8,28104,70,72,0,0.0,False,True,False
v1__scene_lift_and_relocate_v02__L2__C6_D8__r04_s28104,scene_lift_and_relocate_v02,LIFT_AND_RELOCATE,C6,D8,28104,70,77,0,0.0,False,True,False
v1__scene_lift_and_relocate_v02__L2__C6_D8__r04_s28104,scene_lift_and_relocate_v02,LIFT_AND_RELOCATE,C6,D8,28104,70,79,0,0.0,False,True,False
v1__scene_lift_and_relocate_v02__L2__C6_D8__r05_s28105,scene_lift_and_relocate_v02,LIFT_AND_RELOCATE,C6,D8,28105,70,14,2951,0.300692888,True,False,False
v1__scene_lift_and_relocate_v03__L2__C0_NA__r01_s28101,scene_lift_and_relocate_v03,LIFT_AND_RELOCATE,C0,,28101,12,35,3422,0.351479047,True,False,False
v1__scene_lift_and_relocate_v03__L2__C0_NA__r02_s28102,scene_lift_and_relocate_v03,LIFT_AND_RELOCATE,C0,,28102,12,35,3422,0.351479047,True,False,False
v1__scene_lift_and_relocate_v03__L2__C0_NA__r03_s28103,scene_lift_and_relocate_v03,LIFT_AND_RELOCATE,C0,,28103,12,35,3422,0.351479047,True,False,False
v1__scene_lift_and_relocate_v03__L2__C0_NA__r04_s28104,scene_lift_and_relocate_v03,LIFT_AND_RELOCATE,C0,,28104,12,35,3422,0.351479047,True,False,False
v1__scene_lift_and_relocate_v03__L2__C0_NA__r05_s28105,scene_lift_and_relocate_v03,LIFT_AND_RELOCATE,C0,,28105,12,35,3422,0.351479047,True,False,False
v1__scene_lift_and_relocate_v03__L2__C1_NA__r01_s28101,scene_lift_and_relocate_v03,LIFT_AND_RELOCATE,C1,,28101,12,35,3422,0.351479047,True,False,False
v1__scene_lift_and_relocate_v03__L2__C1_NA__r02_s28102,scene_lift_and_relocate_v03,LIFT_AND_RELOCATE,C1,,28102,12,35,3422,0.351479047,True,False,False
v1__scene_lift_and_relocate_v03__L2__C1_NA__r03_s28103,scene_lift_and_relocate_v03,LIFT_AND_RELOCATE,C1,,28103,12,35,3422,0.351479047,True,False,False
v1__scene_lift_and_relocate_v03__L2__C1_NA__r04_s28104,scene_lift_and_relocate_v03,LIFT_AND_RELOCATE,C1,,28104,12,35,3422,0.351479047,True,False,False
v1__scene_lift_and_relocate_v03__L2__C1_NA__r05_s28105,scene_lift_and_relocate_v03,LIFT_AND_RELOCATE,C1,,28105,12,35,3422,0.351479047,True,False,False
v1__scene_lift_and_relocate_v03__L2__C2_D4__r01_s28101,scene_lift_and_relocate_v03,LIFT_AND_RELOCATE,C2,D4,28101,12,35,3422,0.351479047,True,False,False
v1__scene_lift_and_relocate_v03__L2__C2_D4__r02_s28102,scene_lift_and_relocate_v03,LIFT_AND_RELOCATE,C2,D4,28102,12,35,3422,0.351479047,True,False,False
v1__scene_lift_and_relocate_v03__L2__C2_D4__r03_s28103,scene_lift_and_relocate_v03,LIFT_AND_RELOCATE,C2,D4,28103,12,35,3422,0.351479047,True,False,False
v1__scene_lift_and_relocate_v03__L2__C2_D4__r04_s28104,scene_lift_and_relocate_v03,LIFT_AND_RELOCATE,C2,D4,28104,12,35,3422,0.351479047,True,False,False
v1__scene_lift_and_relocate_v03__L2__C2_D4__r05_s28105,scene_lift_and_relocate_v03,LIFT_AND_RELOCATE,C2,D4,28105,12,35,3422,0.351479047,True,False,False
v1__scene_lift_and_relocate_v03__L2__C2_D8__r01_s28101,scene_lift_and_relocate_v03,LIFT_AND_RELOCATE,C2,D8,28101,12,35,3422,0.351479047,True,False,False
v1__scene_lift_and_relocate_v03__L2__C2_D8__r02_s28102,scene_lift_and_relocate_v03,LIFT_AND_RELOCATE,C2,D8,28102,12,35,3422,0.351479047,True,False,False
v1__scene_lift_and_relocate_v03__L2__C2_D8__r03_s28103,scene_lift_and_relocate_v03,LIFT_AND_RELOCATE,C2,D8,28103,12,35,3422,0.351479047,True,False,False
v1__scene_lift_and_relocate_v03__L2__C2_D8__r04_s28104,scene_lift_and_relocate_v03,LIFT_AND_RELOCATE,C2,D8,28104,12,35,3422,0.351479047,True,False,False
v1__scene_lift_and_relocate_v03__L2__C2_D8__r05_s28105,scene_lift_and_relocate_v03,LIFT_AND_RELOCATE,C2,D8,28105,12,35,3422,0.351479047,True,False,False
v1__scene_lift_and_relocate_v03__L2__C3_D4__r01_s28101,scene_lift_and_relocate_v03,LIFT_AND_RELOCATE,C3,D4,28101,12,35,3422,0.351479047,True,False,False
v1__scene_lift_and_relocate_v03__L2__C3_D4__r02_s28102,scene_lift_and_relocate_v03,LIFT_AND_RELOCATE,C3,D4,28102,12,35,3422,0.351479047,True,False,False
v1__scene_lift_and_relocate_v03__L2__C3_D4__r03_s28103,scene_lift_and_relocate_v03,LIFT_AND_RELOCATE,C3,D4,28103,12,35,3422,0.351479047,True,False,False
v1__scene_lift_and_relocate_v03__L2__C3_D4__r04_s28104,scene_lift_and_relocate_v03,LIFT_AND_RELOCATE,C3,D4,28104,12,35,3422,0.351479047,True,False,False
v1__scene_lift_and_relocate_v03__L2__C3_D4__r05_s28105,scene_lift_and_relocate_v03,LIFT_AND_RELOCATE,C3,D4,28105,12,35,3422,0.351479047,True,False,False
v1__scene_lift_and_relocate_v03__L2__C3_D8__r01_s28101,scene_lift_and_relocate_v03,LIFT_AND_RELOCATE,C3,D8,28101,12,35,3422,0.351479047,True,False,False
v1__scene_lift_and_relocate_v03__L2__C3_D8__r02_s28102,scene_lift_and_relocate_v03,LIFT_AND_RELOCATE,C3,D8,28102,12,35,3422,0.351479047,True,False,False
v1__scene_lift_and_relocate_v03__L2__C3_D8__r03_s28103,scene_lift_and_relocate_v03,LIFT_AND_RELOCATE,C3,D8,28103,12,35,3422,0.351479047,True,False,False
v1__scene_lift_and_relocate_v03__L2__C3_D8__r04_s28104,scene_lift_and_relocate_v03,LIFT_AND_RELOCATE,C3,D8,28104,12,35,3422,0.351479047,True,False,False
v1__scene_lift_and_relocate_v03__L2__C3_D8__r05_s28105,scene_lift_and_relocate_v03,LIFT_AND_RELOCATE,C3,D8,28105,12,35,3422,0.351479047,True,False,False
v1__scene_lift_and_relocate_v03__L2__C4_D4__r01_s28101,scene_lift_and_relocate_v03,LIFT_AND_RELOCATE,C4,D4,28101,12,35,3422,0.351479047,True,False,False
v1__scene_lift_and_relocate_v03__L2__C4_D4__r02_s28102,scene_lift_and_relocate_v03,LIFT_AND_RELOCATE,C4,D4,28102,12,35,3422,0.351479047,True,False,False
v1__scene_lift_and_relocate_v03__L2__C4_D4__r03_s28103,scene_lift_and_relocate_v03,LIFT_AND_RELOCATE,C4,D4,28103,12,35,3422,0.351479047,True,False,False
v1__scene_lift_and_relocate_v03__L2__C4_D4__r04_s28104,scene_lift_and_relocate_v03,LIFT_AND_RELOCATE,C4,D4,28104,12,35,3422,0.351479047,True,False,False
v1__scene_lift_and_relocate_v03__L2__C4_D4__r05_s28105,scene_lift_and_relocate_v03,LIFT_AND_RELOCATE,C4,D4,28105,12,35,3422,0.351479047,True,False,False
v1__scene_lift_and_relocate_v03__L2__C4_D8__r01_s28101,scene_lift_and_relocate_v03,LIFT_AND_RELOCATE,C4,D8,28101,12,35,3422,0.351479047,True,False,False
v1__scene_lift_and_relocate_v03__L2__C4_D8__r02_s28102,scene_lift_and_relocate_v03,LIFT_AND_RELOCATE,C4,D8,28102,12,35,3422,0.351479047,True,False,False
v1__scene_lift_and_relocate_v03__L2__C4_D8__r03_s28103,scene_lift_and_relocate_v03,LIFT_AND_RELOCATE,C4,D8,28103,12,35,3422,0.351479047,True,False,False
v1__scene_lift_and_relocate_v03__L2__C4_D8__r04_s28104,scene_lift_and_relocate_v03,LIFT_AND_RELOCATE,C4,D8,28104,12,35,3422,0.351479047,True,False,False
v1__scene_lift_and_relocate_v03__L2__C4_D8__r05_s28105,scene_lift_and_relocate_v03,LIFT_AND_RELOCATE,C4,D8,28105,12,35,3422,0.351479047,True,False,False
v1__scene_lift_and_relocate_v03__L2__C5_D4__r01_s28101,scene_lift_and_relocate_v03,LIFT_AND_RELOCATE,C5,D4,28101,12,35,3422,0.351479047,True,False,False
v1__scene_lift_and_relocate_v03__L2__C5_D4__r02_s28102,scene_lift_and_relocate_v03,LIFT_AND_RELOCATE,C5,D4,28102,12,35,3422,0.351479047,True,False,False
v1__scene_lift_and_relocate_v03__L2__C5_D4__r03_s28103,scene_lift_and_relocate_v03,LIFT_AND_RELOCATE,C5,D4,28103,12,35,3422,0.351479047,True,False,False
v1__scene_lift_and_relocate_v03__L2__C5_D4__r04_s28104,scene_lift_and_relocate_v03,LIFT_AND_RELOCATE,C5,D4,28104,12,35,3422,0.351479047,True,False,False
v1__scene_lift_and_relocate_v03__L2__C5_D4__r05_s28105,scene_lift_and_relocate_v03,LIFT_AND_RELOCATE,C5,D4,28105,12,35,3422,0.351479047,True,False,False
v1__scene_lift_and_relocate_v03__L2__C5_D8__r01_s28101,scene_lift_and_relocate_v03,LIFT_AND_RELOCATE,C5,D8,28101,12,35,3422,0.351479047,True,False,False
v1__scene_lift_and_relocate_v03__L2__C5_D8__r02_s28102,scene_lift_and_relocate_v03,LIFT_AND_RELOCATE,C5,D8,28102,12,35,3422,0.351479047,True,False,False
v1__scene_lift_and_relocate_v03__L2__C5_D8__r03_s28103,scene_lift_and_relocate_v03,LIFT_AND_RELOCATE,C5,D8,28103,12,35,3422,0.351479047,True,False,False
v1__scene_lift_and_relocate_v03__L2__C5_D8__r04_s28104,scene_lift_and_relocate_v03,LIFT_AND_RELOCATE,C5,D8,28104,12,35,3422,0.351479047,True,False,False
v1__scene_lift_and_relocate_v03__L2__C5_D8__r05_s28105,scene_lift_and_relocate_v03,LIFT_AND_RELOCATE,C5,D8,28105,12,35,3422,0.351479047,True,False,False
v1__scene_lift_and_relocate_v03__L2__C6_D4__r01_s28101,scene_lift_and_relocate_v03,LIFT_AND_RELOCATE,C6,D4,28101,12,35,3422,0.351479047,True,False,False
v1__scene_lift_and_relocate_v03__L2__C6_D4__r02_s28102,scene_lift_and_relocate_v03,LIFT_AND_RELOCATE,C6,D4,28102,12,35,3422,0.351479047,True,False,False
v1__scene_lift_and_relocate_v03__L2__C6_D4__r03_s28103,scene_lift_and_relocate_v03,LIFT_AND_RELOCATE,C6,D4,28103,12,35,3422,0.351479047,True,False,False
v1__scene_lift_and_relocate_v03__L2__C6_D4__r04_s28104,scene_lift_and_relocate_v03,LIFT_AND_RELOCATE,C6,D4,28104,12,35,3422,0.351479047,True,False,False
v1__scene_lift_and_relocate_v03__L2__C6_D4__r05_s28105,scene_lift_and_relocate_v03,LIFT_AND_RELOCATE,C6,D4,28105,12,35,3422,0.351479047,True,False,False
v1__scene_lift_and_relocate_v03__L2__C6_D8__r01_s28101,scene_lift_and_relocate_v03,LIFT_AND_RELOCATE,C6,D8,28101,12,35,3422,0.351479047,True,False,False
v1__scene_lift_and_relocate_v03__L2__C6_D8__r02_s28102,scene_lift_and_relocate_v03,LIFT_AND_RELOCATE,C6,D8,28102,12,35,3422,0.351479047,True,False,False
v1__scene_lift_and_relocate_v03__L2__C6_D8__r03_s28103,scene_lift_and_relocate_v03,LIFT_AND_RELOCATE,C6,D8,28103,12,35,3422,0.351479047,True,False,False
v1__scene_lift_and_relocate_v03__L2__C6_D8__r04_s28104,scene_lift_and_relocate_v03,LIFT_AND_RELOCATE,C6,D8,28104,12,35,3422,0.351479047,True,False,False
v1__scene_lift_and_relocate_v03__L2__C6_D8__r05_s28105,scene_lift_and_relocate_v03,LIFT_AND_RELOCATE,C6,D8,28105,12,35,3422,0.351479047,True,False,False
v1__scene_lift_and_relocate_v04__L2__C0_NA__r01_s28101,scene_lift_and_relocate_v04,LIFT_AND_RELOCATE,C0,,28101,68,73,5697,0.581504542,True,False,False
v1__scene_lift_and_relocate_v04__L2__C0_NA__r02_s28102,scene_lift_and_relocate_v04,LIFT_AND_RELOCATE,C0,,28102,68,73,5697,0.581504542,True,False,False
v1__scene_lift_and_relocate_v04__L2__C0_NA__r03_s28103,scene_lift_and_relocate_v04,LIFT_AND_RELOCATE,C0,,28103,68,73,5697,0.581504542,True,False,False
v1__scene_lift_and_relocate_v04__L2__C0_NA__r04_s28104,scene_lift_and_relocate_v04,LIFT_AND_RELOCATE,C0,,28104,68,73,5697,0.581504542,True,False,False
v1__scene_lift_and_relocate_v04__L2__C0_NA__r05_s28105,scene_lift_and_relocate_v04,LIFT_AND_RELOCATE,C0,,28105,68,73,5697,0.581504542,True,False,False
v1__scene_lift_and_relocate_v04__L2__C1_NA__r01_s28101,scene_lift_and_relocate_v04,LIFT_AND_RELOCATE,C1,,28101,68,73,5697,0.581504542,True,False,False
v1__scene_lift_and_relocate_v04__L2__C1_NA__r02_s28102,scene_lift_and_relocate_v04,LIFT_AND_RELOCATE,C1,,28102,68,73,5697,0.581504542,True,False,False
v1__scene_lift_and_relocate_v04__L2__C1_NA__r03_s28103,scene_lift_and_relocate_v04,LIFT_AND_RELOCATE,C1,,28103,68,73,5697,0.581504542,True,False,False
v1__scene_lift_and_relocate_v04__L2__C1_NA__r04_s28104,scene_lift_and_relocate_v04,LIFT_AND_RELOCATE,C1,,28104,68,73,5697,0.581504542,True,False,False
v1__scene_lift_and_relocate_v04__L2__C1_NA__r05_s28105,scene_lift_and_relocate_v04,LIFT_AND_RELOCATE,C1,,28105,68,73,5697,0.581504542,True,False,False
v1__scene_lift_and_relocate_v04__L2__C2_D4__r01_s28101,scene_lift_and_relocate_v04,LIFT_AND_RELOCATE,C2,D4,28101,68,73,5697,0.581504542,True,False,False
v1__scene_lift_and_relocate_v04__L2__C2_D4__r02_s28102,scene_lift_and_relocate_v04,LIFT_AND_RELOCATE,C2,D4,28102,68,73,5697,0.581504542,True,False,False
v1__scene_lift_and_relocate_v04__L2__C2_D4__r03_s28103,scene_lift_and_relocate_v04,LIFT_AND_RELOCATE,C2,D4,28103,68,73,5697,0.581504542,True,False,False
v1__scene_lift_and_relocate_v04__L2__C2_D4__r04_s28104,scene_lift_and_relocate_v04,LIFT_AND_RELOCATE,C2,D4,28104,68,73,5697,0.581504542,True,False,False
v1__scene_lift_and_relocate_v04__L2__C2_D4__r05_s28105,scene_lift_and_relocate_v04,LIFT_AND_RELOCATE,C2,D4,28105,68,73,5697,0.581504542,True,False,False
v1__scene_lift_and_relocate_v04__L2__C2_D8__r01_s28101,scene_lift_and_relocate_v04,LIFT_AND_RELOCATE,C2,D8,28101,68,73,5697,0.581504542,True,False,False
v1__scene_lift_and_relocate_v04__L2__C2_D8__r02_s28102,scene_lift_and_relocate_v04,LIFT_AND_RELOCATE,C2,D8,28102,68,73,5697,0.581504542,True,False,False
v1__scene_lift_and_relocate_v04__L2__C2_D8__r03_s28103,scene_lift_and_relocate_v04,LIFT_AND_RELOCATE,C2,D8,28103,68,73,5697,0.581504542,True,False,False
v1__scene_lift_and_relocate_v04__L2__C2_D8__r04_s28104,scene_lift_and_relocate_v04,LIFT_AND_RELOCATE,C2,D8,28104,68,73,5697,0.581504542,True,False,False
v1__scene_lift_and_relocate_v04__L2__C2_D8__r05_s28105,scene_lift_and_relocate_v04,LIFT_AND_RELOCATE,C2,D8,28105,68,73,5697,0.581504542,True,False,False
v1__scene_lift_and_relocate_v04__L2__C3_D4__r01_s28101,scene_lift_and_relocate_v04,LIFT_AND_RELOCATE,C3,D4,28101,68,73,5697,0.581504542,True,False,False
v1__scene_lift_and_relocate_v04__L2__C3_D4__r02_s28102,scene_lift_and_relocate_v04,LIFT_AND_RELOCATE,C3,D4,28102,68,73,5697,0.581504542,True,False,False
v1__scene_lift_and_relocate_v04__L2__C3_D4__r03_s28103,scene_lift_and_relocate_v04,LIFT_AND_RELOCATE,C3,D4,28103,68,73,5697,0.581504542,True,False,False
v1__scene_lift_and_relocate_v04__L2__C3_D4__r04_s28104,scene_lift_and_relocate_v04,LIFT_AND_RELOCATE,C3,D4,28104,68,73,5697,0.581504542,True,False,False
v1__scene_lift_and_relocate_v04__L2__C3_D4__r05_s28105,scene_lift_and_relocate_v04,LIFT_AND_RELOCATE,C3,D4,28105,68,73,5697,0.581504542,True,False,False
v1__scene_lift_and_relocate_v04__L2__C3_D8__r01_s28101,scene_lift_and_relocate_v04,LIFT_AND_RELOCATE,C3,D8,28101,68,73,5697,0.581504542,True,False,False
v1__scene_lift_and_relocate_v04__L2__C3_D8__r02_s28102,scene_lift_and_relocate_v04,LIFT_AND_RELOCATE,C3,D8,28102,68,73,5697,0.581504542,True,False,False
v1__scene_lift_and_relocate_v04__L2__C3_D8__r03_s28103,scene_lift_and_relocate_v04,LIFT_AND_RELOCATE,C3,D8,28103,68,73,5697,0.581504542,True,False,False
v1__scene_lift_and_relocate_v04__L2__C3_D8__r04_s28104,scene_lift_and_relocate_v04,LIFT_AND_RELOCATE,C3,D8,28104,68,73,5697,0.581504542,True,False,False
v1__scene_lift_and_relocate_v04__L2__C3_D8__r05_s28105,scene_lift_and_relocate_v04,LIFT_AND_RELOCATE,C3,D8,28105,68,73,5697,0.581504542,True,False,False
v1__scene_lift_and_relocate_v04__L2__C4_D4__r01_s28101,scene_lift_and_relocate_v04,LIFT_AND_RELOCATE,C4,D4,28101,68,73,5697,0.581504542,True,False,False
v1__scene_lift_and_relocate_v04__L2__C4_D4__r02_s28102,scene_lift_and_relocate_v04,LIFT_AND_RELOCATE,C4,D4,28102,68,73,5697,0.581504542,True,False,False
v1__scene_lift_and_relocate_v04__L2__C4_D4__r03_s28103,scene_lift_and_relocate_v04,LIFT_AND_RELOCATE,C4,D4,28103,68,73,5697,0.581504542,True,False,False
v1__scene_lift_and_relocate_v04__L2__C4_D4__r04_s28104,scene_lift_and_relocate_v04,LIFT_AND_RELOCATE,C4,D4,28104,68,73,5697,0.581504542,True,False,False
v1__scene_lift_and_relocate_v04__L2__C4_D4__r05_s28105,scene_lift_and_relocate_v04,LIFT_AND_RELOCATE,C4,D4,28105,68,73,5697,0.581504542,True,False,False
v1__scene_lift_and_relocate_v04__L2__C4_D8__r01_s28101,scene_lift_and_relocate_v04,LIFT_AND_RELOCATE,C4,D8,28101,68,73,5697,0.581504542,True,False,False
v1__scene_lift_and_relocate_v04__L2__C4_D8__r02_s28102,scene_lift_and_relocate_v04,LIFT_AND_RELOCATE,C4,D8,28102,68,73,5697,0.581504542,True,False,False
v1__scene_lift_and_relocate_v04__L2__C4_D8__r03_s28103,scene_lift_and_relocate_v04,LIFT_AND_RELOCATE,C4,D8,28103,68,73,5697,0.581504542,True,False,False
v1__scene_lift_and_relocate_v04__L2__C4_D8__r04_s28104,scene_lift_and_relocate_v04,LIFT_AND_RELOCATE,C4,D8,28104,68,73,5697,0.581504542,True,False,False
v1__scene_lift_and_relocate_v04__L2__C4_D8__r05_s28105,scene_lift_and_relocate_v04,LIFT_AND_RELOCATE,C4,D8,28105,68,73,5697,0.581504542,True,False,False
v1__scene_lift_and_relocate_v04__L2__C5_D4__r01_s28101,scene_lift_and_relocate_v04,LIFT_AND_RELOCATE,C5,D4,28101,68,73,5697,0.581504542,True,False,False
v1__scene_lift_and_relocate_v04__L2__C5_D4__r02_s28102,scene_lift_and_relocate_v04,LIFT_AND_RELOCATE,C5,D4,28102,68,73,5697,0.581504542,True,False,False
v1__scene_lift_and_relocate_v04__L2__C5_D4__r03_s28103,scene_lift_and_relocate_v04,LIFT_AND_RELOCATE,C5,D4,28103,68,73,5697,0.581504542,True,False,False
v1__scene_lift_and_relocate_v04__L2__C5_D4__r04_s28104,scene_lift_and_relocate_v04,LIFT_AND_RELOCATE,C5,D4,28104,68,73,5697,0.581504542,True,False,False
v1__scene_lift_and_relocate_v04__L2__C5_D4__r05_s28105,scene_lift_and_relocate_v04,LIFT_AND_RELOCATE,C5,D4,28105,68,73,5697,0.581504542,True,False,False
v1__scene_lift_and_relocate_v04__L2__C5_D8__r01_s28101,scene_lift_and_relocate_v04,LIFT_AND_RELOCATE,C5,D8,28101,68,73,5697,0.581504542,True,False,False
v1__scene_lift_and_relocate_v04__L2__C5_D8__r02_s28102,scene_lift_and_relocate_v04,LIFT_AND_RELOCATE,C5,D8,28102,68,73,5697,0.581504542,True,False,False
v1__scene_lift_and_relocate_v04__L2__C5_D8__r03_s28103,scene_lift_and_relocate_v04,LIFT_AND_RELOCATE,C5,D8,28103,68,73,5697,0.581504542,True,False,False
v1__scene_lift_and_relocate_v04__L2__C5_D8__r04_s28104,scene_lift_and_relocate_v04,LIFT_AND_RELOCATE,C5,D8,28104,68,73,5697,0.581504542,True,False,False
v1__scene_lift_and_relocate_v04__L2__C5_D8__r05_s28105,scene_lift_and_relocate_v04,LIFT_AND_RELOCATE,C5,D8,28105,68,73,5697,0.581504542,True,False,False
v1__scene_lift_and_relocate_v04__L2__C6_D4__r01_s28101,scene_lift_and_relocate_v04,LIFT_AND_RELOCATE,C6,D4,28101,68,73,5697,0.581504542,True,False,False
v1__scene_lift_and_relocate_v04__L2__C6_D4__r02_s28102,scene_lift_and_relocate_v04,LIFT_AND_RELOCATE,C6,D4,28102,68,73,5697,0.581504542,True,False,False
v1__scene_lift_and_relocate_v04__L2__C6_D4__r03_s28103,scene_lift_and_relocate_v04,LIFT_AND_RELOCATE,C6,D4,28103,68,73,5697,0.581504542,True,False,False
v1__scene_lift_and_relocate_v04__L2__C6_D4__r04_s28104,scene_lift_and_relocate_v04,LIFT_AND_RELOCATE,C6,D4,28104,68,73,5697,0.581504542,True,False,False
v1__scene_lift_and_relocate_v04__L2__C6_D4__r05_s28105,scene_lift_and_relocate_v04,LIFT_AND_RELOCATE,C6,D4,28105,68,73,5697,0.581504542,True,False,False
v1__scene_lift_and_relocate_v04__L2__C6_D8__r01_s28101,scene_lift_and_relocate_v04,LIFT_AND_RELOCATE,C6,D8,28101,68,73,5697,0.581504542,True,False,False
v1__scene_lift_and_relocate_v04__L2__C6_D8__r02_s28102,scene_lift_and_relocate_v04,LIFT_AND_RELOCATE,C6,D8,28102,68,73,5697,0.581504542,True,False,False
v1__scene_lift_and_relocate_v04__L2__C6_D8__r03_s28103,scene_lift_and_relocate_v04,LIFT_AND_RELOCATE,C6,D8,28103,68,73,5697,0.581504542,True,False,False
v1__scene_lift_and_relocate_v04__L2__C6_D8__r04_s28104,scene_lift_and_relocate_v04,LIFT_AND_RELOCATE,C6,D8,28104,68,73,5697,0.581504542,True,False,False
v1__scene_lift_and_relocate_v04__L2__C6_D8__r05_s28105,scene_lift_and_relocate_v04,LIFT_AND_RELOCATE,C6,D8,28105,68,73,5697,0.581504542,True,False,False
v1__scene_lift_and_relocate_v05__L2__C0_NA__r01_s28101,scene_lift_and_relocate_v05,LIFT_AND_RELOCATE,C0,,28101,43,15,6011,0.625038993,True,False,False
v1__scene_lift_and_relocate_v05__L2__C0_NA__r02_s28102,scene_lift_and_relocate_v05,LIFT_AND_RELOCATE,C0,,28102,43,15,6011,0.625038993,True,False,False
v1__scene_lift_and_relocate_v05__L2__C0_NA__r03_s28103,scene_lift_and_relocate_v05,LIFT_AND_RELOCATE,C0,,28103,43,15,6011,0.625038993,True,False,False
v1__scene_lift_and_relocate_v05__L2__C0_NA__r04_s28104,scene_lift_and_relocate_v05,LIFT_AND_RELOCATE,C0,,28104,43,15,6011,0.625038993,True,False,False
v1__scene_lift_and_relocate_v05__L2__C0_NA__r05_s28105,scene_lift_and_relocate_v05,LIFT_AND_RELOCATE,C0,,28105,43,15,6011,0.625038993,True,False,False
v1__scene_lift_and_relocate_v05__L2__C1_NA__r01_s28101,scene_lift_and_relocate_v05,LIFT_AND_RELOCATE,C1,,28101,43,15,6011,0.625038993,True,False,False
v1__scene_lift_and_relocate_v05__L2__C1_NA__r02_s28102,scene_lift_and_relocate_v05,LIFT_AND_RELOCATE,C1,,28102,43,15,6011,0.625038993,True,False,False
v1__scene_lift_and_relocate_v05__L2__C1_NA__r03_s28103,scene_lift_and_relocate_v05,LIFT_AND_RELOCATE,C1,,28103,43,15,6011,0.625038993,True,False,False
v1__scene_lift_and_relocate_v05__L2__C1_NA__r04_s28104,scene_lift_and_relocate_v05,LIFT_AND_RELOCATE,C1,,28104,43,15,6011,0.625038993,True,False,False
v1__scene_lift_and_relocate_v05__L2__C1_NA__r05_s28105,scene_lift_and_relocate_v05,LIFT_AND_RELOCATE,C1,,28105,43,15,6011,0.625038993,True,False,False
v1__scene_lift_and_relocate_v05__L2__C2_D4__r01_s28101,scene_lift_and_relocate_v05,LIFT_AND_RELOCATE,C2,D4,28101,43,15,6011,0.625038993,True,False,False
v1__scene_lift_and_relocate_v05__L2__C2_D4__r02_s28102,scene_lift_and_relocate_v05,LIFT_AND_RELOCATE,C2,D4,28102,43,15,6011,0.625038993,True,False,False
v1__scene_lift_and_relocate_v05__L2__C2_D4__r03_s28103,scene_lift_and_relocate_v05,LIFT_AND_RELOCATE,C2,D4,28103,43,15,6011,0.625038993,True,False,False
v1__scene_lift_and_relocate_v05__L2__C2_D4__r04_s28104,scene_lift_and_relocate_v05,LIFT_AND_RELOCATE,C2,D4,28104,43,15,6011,0.625038993,True,False,False
v1__scene_lift_and_relocate_v05__L2__C2_D4__r05_s28105,scene_lift_and_relocate_v05,LIFT_AND_RELOCATE,C2,D4,28105,43,15,6011,0.625038993,True,False,False
v1__scene_lift_and_relocate_v05__L2__C2_D8__r01_s28101,scene_lift_and_relocate_v05,LIFT_AND_RELOCATE,C2,D8,28101,43,15,6011,0.625038993,True,False,False
v1__scene_lift_and_relocate_v05__L2__C2_D8__r02_s28102,scene_lift_and_relocate_v05,LIFT_AND_RELOCATE,C2,D8,28102,43,15,6011,0.625038993,True,False,False
v1__scene_lift_and_relocate_v05__L2__C2_D8__r03_s28103,scene_lift_and_relocate_v05,LIFT_AND_RELOCATE,C2,D8,28103,43,15,6011,0.625038993,True,False,False
v1__scene_lift_and_relocate_v05__L2__C2_D8__r04_s28104,scene_lift_and_relocate_v05,LIFT_AND_RELOCATE,C2,D8,28104,43,15,6011,0.625038993,True,False,False
v1__scene_lift_and_relocate_v05__L2__C2_D8__r05_s28105,scene_lift_and_relocate_v05,LIFT_AND_RELOCATE,C2,D8,28105,43,15,6011,0.625038993,True,False,False
v1__scene_lift_and_relocate_v05__L2__C3_D4__r01_s28101,scene_lift_and_relocate_v05,LIFT_AND_RELOCATE,C3,D4,28101,43,15,6011,0.625038993,True,False,False
v1__scene_lift_and_relocate_v05__L2__C3_D4__r02_s28102,scene_lift_and_relocate_v05,LIFT_AND_RELOCATE,C3,D4,28102,43,15,6011,0.625038993,True,False,False
v1__scene_lift_and_relocate_v05__L2__C3_D4__r03_s28103,scene_lift_and_relocate_v05,LIFT_AND_RELOCATE,C3,D4,28103,43,15,6011,0.625038993,True,False,False
v1__scene_lift_and_relocate_v05__L2__C3_D4__r04_s28104,scene_lift_and_relocate_v05,LIFT_AND_RELOCATE,C3,D4,28104,43,15,6011,0.625038993,True,False,False
v1__scene_lift_and_relocate_v05__L2__C3_D4__r05_s28105,scene_lift_and_relocate_v05,LIFT_AND_RELOCATE,C3,D4,28105,43,15,6011,0.625038993,True,False,False
v1__scene_lift_and_relocate_v05__L2__C3_D8__r01_s28101,scene_lift_and_relocate_v05,LIFT_AND_RELOCATE,C3,D8,28101,43,15,6011,0.625038993,True,False,False
v1__scene_lift_and_relocate_v05__L2__C3_D8__r02_s28102,scene_lift_and_relocate_v05,LIFT_AND_RELOCATE,C3,D8,28102,43,15,6011,0.625038993,True,False,False
v1__scene_lift_and_relocate_v05__L2__C3_D8__r03_s28103,scene_lift_and_relocate_v05,LIFT_AND_RELOCATE,C3,D8,28103,43,15,6011,0.625038993,True,False,False
v1__scene_lift_and_relocate_v05__L2__C3_D8__r04_s28104,scene_lift_and_relocate_v05,LIFT_AND_RELOCATE,C3,D8,28104,43,15,6011,0.625038993,True,False,False
v1__scene_lift_and_relocate_v05__L2__C3_D8__r05_s28105,scene_lift_and_relocate_v05,LIFT_AND_RELOCATE,C3,D8,28105,43,15,6011,0.625038993,True,False,False
v1__scene_lift_and_relocate_v05__L2__C4_D4__r01_s28101,scene_lift_and_relocate_v05,LIFT_AND_RELOCATE,C4,D4,28101,43,15,6011,0.625038993,True,False,False
v1__scene_lift_and_relocate_v05__L2__C4_D4__r02_s28102,scene_lift_and_relocate_v05,LIFT_AND_RELOCATE,C4,D4,28102,43,15,6011,0.625038993,True,False,False
v1__scene_lift_and_relocate_v05__L2__C4_D4__r03_s28103,scene_lift_and_relocate_v05,LIFT_AND_RELOCATE,C4,D4,28103,43,15,6011,0.625038993,True,False,False
v1__scene_lift_and_relocate_v05__L2__C4_D4__r04_s28104,scene_lift_and_relocate_v05,LIFT_AND_RELOCATE,C4,D4,28104,43,15,6011,0.625038993,True,False,False
v1__scene_lift_and_relocate_v05__L2__C4_D4__r05_s28105,scene_lift_and_relocate_v05,LIFT_AND_RELOCATE,C4,D4,28105,43,15,6011,0.625038993,True,False,False
v1__scene_lift_and_relocate_v05__L2__C4_D8__r01_s28101,scene_lift_and_relocate_v05,LIFT_AND_RELOCATE,C4,D8,28101,43,15,6011,0.625038993,True,False,False
v1__scene_lift_and_relocate_v05__L2__C4_D8__r02_s28102,scene_lift_and_relocate_v05,LIFT_AND_RELOCATE,C4,D8,28102,43,15,6011,0.625038993,True,False,False
v1__scene_lift_and_relocate_v05__L2__C4_D8__r03_s28103,scene_lift_and_relocate_v05,LIFT_AND_RELOCATE,C4,D8,28103,43,15,6011,0.625038993,True,False,False
v1__scene_lift_and_relocate_v05__L2__C4_D8__r04_s28104,scene_lift_and_relocate_v05,LIFT_AND_RELOCATE,C4,D8,28104,43,15,6011,0.625038993,True,False,False
v1__scene_lift_and_relocate_v05__L2__C4_D8__r05_s28105,scene_lift_and_relocate_v05,LIFT_AND_RELOCATE,C4,D8,28105,43,15,6011,0.625038993,True,False,False
v1__scene_lift_and_relocate_v05__L2__C5_D4__r01_s28101,scene_lift_and_relocate_v05,LIFT_AND_RELOCATE,C5,D4,28101,43,15,6011,0.625038993,True,False,False
v1__scene_lift_and_relocate_v05__L2__C5_D4__r02_s28102,scene_lift_and_relocate_v05,LIFT_AND_RELOCATE,C5,D4,28102,43,15,6011,0.625038993,True,False,False
v1__scene_lift_and_relocate_v05__L2__C5_D4__r03_s28103,scene_lift_and_relocate_v05,LIFT_AND_RELOCATE,C5,D4,28103,43,15,6011,0.625038993,True,False,False
v1__scene_lift_and_relocate_v05__L2__C5_D4__r04_s28104,scene_lift_and_relocate_v05,LIFT_AND_RELOCATE,C5,D4,28104,43,15,6011,0.625038993,True,False,False
v1__scene_lift_and_relocate_v05__L2__C5_D4__r05_s28105,scene_lift_and_relocate_v05,LIFT_AND_RELOCATE,C5,D4,28105,43,15,6011,0.625038993,True,False,False
v1__scene_lift_and_relocate_v05__L2__C5_D8__r01_s28101,scene_lift_and_relocate_v05,LIFT_AND_RELOCATE,C5,D8,28101,43,15,6011,0.625038993,True,False,False
v1__scene_lift_and_relocate_v05__L2__C5_D8__r02_s28102,scene_lift_and_relocate_v05,LIFT_AND_RELOCATE,C5,D8,28102,43,15,6011,0.625038993,True,False,False
v1__scene_lift_and_relocate_v05__L2__C5_D8__r03_s28103,scene_lift_and_relocate_v05,LIFT_AND_RELOCATE,C5,D8,28103,43,15,6011,0.625038993,True,False,False
v1__scene_lift_and_relocate_v05__L2__C5_D8__r04_s28104,scene_lift_and_relocate_v05,LIFT_AND_RELOCATE,C5,D8,28104,43,15,6011,0.625038993,True,False,False
v1__scene_lift_and_relocate_v05__L2__C5_D8__r05_s28105,scene_lift_and_relocate_v05,LIFT_AND_RELOCATE,C5,D8,28105,43,15,6011,0.625038993,True,False,False
v1__scene_lift_and_relocate_v05__L2__C6_D4__r01_s28101,scene_lift_and_relocate_v05,LIFT_AND_RELOCATE,C6,D4,28101,43,15,6011,0.625038993,True,False,False
v1__scene_lift_and_relocate_v05__L2__C6_D4__r02_s28102,scene_lift_and_relocate_v05,LIFT_AND_RELOCATE,C6,D4,28102,43,15,6011,0.625038993,True,False,False
v1__scene_lift_and_relocate_v05__L2__C6_D4__r03_s28103,scene_lift_and_relocate_v05,LIFT_AND_RELOCATE,C6,D4,28103,43,15,6011,0.625038993,True,False,False
v1__scene_lift_and_relocate_v05__L2__C6_D4__r04_s28104,scene_lift_and_relocate_v05,LIFT_AND_RELOCATE,C6,D4,28104,43,15,6011,0.625038993,True,False,False
v1__scene_lift_and_relocate_v05__L2__C6_D4__r05_s28105,scene_lift_and_relocate_v05,LIFT_AND_RELOCATE,C6,D4,28105,43,15,6011,0.625038993,True,False,False
v1__scene_lift_and_relocate_v05__L2__C6_D8__r01_s28101,scene_lift_and_relocate_v05,LIFT_AND_RELOCATE,C6,D8,28101,43,15,6011,0.625038993,True,False,False
v1__scene_lift_and_relocate_v05__L2__C6_D8__r02_s28102,scene_lift_and_relocate_v05,LIFT_AND_RELOCATE,C6,D8,28102,43,15,6011,0.625038993,True,False,False
v1__scene_lift_and_relocate_v05__L2__C6_D8__r03_s28103,scene_lift_and_relocate_v05,LIFT_AND_RELOCATE,C6,D8,28103,43,15,6011,0.625038993,True,False,False
v1__scene_lift_and_relocate_v05__L2__C6_D8__r04_s28104,scene_lift_and_relocate_v05,LIFT_AND_RELOCATE,C6,D8,28104,43,15,6011,0.625038993,True,False,False
v1__scene_lift_and_relocate_v05__L2__C6_D8__r05_s28105,scene_lift_and_relocate_v05,LIFT_AND_RELOCATE,C6,D8,28105,43,15,6011,0.625038993,True,False,False
v1__scene_rotate_v01__L2__C0_NA__r01_s28101,scene_rotate_v01,ROTATE,C0,,28101,12,95,1780,0.190150625,True,False,False
v1__scene_rotate_v01__L2__C0_NA__r02_s28102,scene_rotate_v01,ROTATE,C0,,28102,12,95,1780,0.190150625,True,False,False
v1__scene_rotate_v01__L2__C0_NA__r03_s28103,scene_rotate_v01,ROTATE,C0,,28103,12,95,1780,0.190150625,True,False,False
v1__scene_rotate_v01__L2__C0_NA__r04_s28104,scene_rotate_v01,ROTATE,C0,,28104,12,95,1780,0.190150625,True,False,False
v1__scene_rotate_v01__L2__C1_NA__r01_s28101,scene_rotate_v01,ROTATE,C1,,28101,12,95,1780,0.190150625,True,False,False
v1__scene_rotate_v01__L2__C1_NA__r02_s28102,scene_rotate_v01,ROTATE,C1,,28102,12,95,1780,0.190150625,True,False,False
v1__scene_rotate_v01__L2__C1_NA__r03_s28103,scene_rotate_v01,ROTATE,C1,,28103,12,95,1780,0.190150625,True,False,False
v1__scene_rotate_v01__L2__C1_NA__r04_s28104,scene_rotate_v01,ROTATE,C1,,28104,12,95,1780,0.190150625,True,False,False
v1__scene_rotate_v01__L2__C1_NA__r05_s28105,scene_rotate_v01,ROTATE,C1,,28105,12,95,1780,0.190150625,True,False,False
v1__scene_rotate_v01__L2__C2_D4__r01_s28101,scene_rotate_v01,ROTATE,C2,D4,28101,12,95,1780,0.190150625,True,False,False
v1__scene_rotate_v01__L2__C2_D4__r02_s28102,scene_rotate_v01,ROTATE,C2,D4,28102,12,95,1780,0.190150625,True,False,False
v1__scene_rotate_v01__L2__C2_D4__r03_s28103,scene_rotate_v01,ROTATE,C2,D4,28103,12,95,1780,0.190150625,True,False,False
v1__scene_rotate_v01__L2__C2_D4__r04_s28104,scene_rotate_v01,ROTATE,C2,D4,28104,12,95,1780,0.190150625,True,False,False
v1__scene_rotate_v01__L2__C2_D4__r05_s28105,scene_rotate_v01,ROTATE,C2,D4,28105,12,95,1780,0.190150625,True,False,False
v1__scene_rotate_v01__L2__C2_D8__r01_s28101,scene_rotate_v01,ROTATE,C2,D8,28101,12,95,1780,0.190150625,True,False,False
v1__scene_rotate_v01__L2__C2_D8__r02_s28102,scene_rotate_v01,ROTATE,C2,D8,28102,12,95,1780,0.190150625,True,False,False
v1__scene_rotate_v01__L2__C2_D8__r03_s28103,scene_rotate_v01,ROTATE,C2,D8,28103,12,95,1780,0.190150625,True,False,False
v1__scene_rotate_v01__L2__C2_D8__r04_s28104,scene_rotate_v01,ROTATE,C2,D8,28104,12,95,1780,0.190150625,True,False,False
v1__scene_rotate_v01__L2__C2_D8__r05_s28105,scene_rotate_v01,ROTATE,C2,D8,28105,12,95,1780,0.190150625,True,False,False
v1__scene_rotate_v01__L2__C3_D4__r01_s28101,scene_rotate_v01,ROTATE,C3,D4,28101,12,95,1780,0.190150625,True,False,False
v1__scene_rotate_v01__L2__C3_D4__r02_s28102,scene_rotate_v01,ROTATE,C3,D4,28102,12,95,1780,0.190150625,True,False,False
v1__scene_rotate_v01__L2__C3_D4__r03_s28103,scene_rotate_v01,ROTATE,C3,D4,28103,12,95,1780,0.190150625,True,False,False
v1__scene_rotate_v01__L2__C3_D4__r04_s28104,scene_rotate_v01,ROTATE,C3,D4,28104,12,95,1780,0.190150625,True,False,False
v1__scene_rotate_v01__L2__C3_D4__r05_s28105,scene_rotate_v01,ROTATE,C3,D4,28105,12,95,1780,0.190150625,True,False,False
v1__scene_rotate_v01__L2__C4_D4__r02_s28102,scene_rotate_v01,ROTATE,C4,D4,28102,12,95,1780,0.190150625,True,False,False
v1__scene_rotate_v01__L2__C4_D4__r03_s28103,scene_rotate_v01,ROTATE,C4,D4,28103,12,95,1780,0.190150625,True,False,False
v1__scene_rotate_v01__L2__C4_D4__r04_s28104,scene_rotate_v01,ROTATE,C4,D4,28104,12,95,1780,0.190150625,True,False,False
v1__scene_rotate_v01__L2__C4_D8__r02_s28102,scene_rotate_v01,ROTATE,C4,D8,28102,12,95,1780,0.190150625,True,False,False
v1__scene_rotate_v01__L2__C4_D8__r03_s28103,scene_rotate_v01,ROTATE,C4,D8,28103,12,95,1780,0.190150625,True,False,False
v1__scene_rotate_v01__L2__C4_D8__r04_s28104,scene_rotate_v01,ROTATE,C4,D8,28104,12,95,1780,0.190150625,True,False,False
v1__scene_rotate_v01__L2__C4_D8__r05_s28105,scene_rotate_v01,ROTATE,C4,D8,28105,12,95,1780,0.190150625,True,False,False
v1__scene_rotate_v01__L2__C5_D4__r02_s28102,scene_rotate_v01,ROTATE,C5,D4,28102,12,95,1780,0.190150625,True,False,False
v1__scene_rotate_v01__L2__C5_D4__r03_s28103,scene_rotate_v01,ROTATE,C5,D4,28103,12,95,1780,0.190150625,True,False,False
v1__scene_rotate_v01__L2__C5_D4__r04_s28104,scene_rotate_v01,ROTATE,C5,D4,28104,12,95,1780,0.190150625,True,False,False
v1__scene_rotate_v01__L2__C5_D8__r02_s28102,scene_rotate_v01,ROTATE,C5,D8,28102,12,95,1780,0.190150625,True,False,False
v1__scene_rotate_v01__L2__C5_D8__r03_s28103,scene_rotate_v01,ROTATE,C5,D8,28103,12,95,1780,0.190150625,True,False,False
v1__scene_rotate_v01__L2__C5_D8__r04_s28104,scene_rotate_v01,ROTATE,C5,D8,28104,12,95,1780,0.190150625,True,False,False
v1__scene_rotate_v01__L2__C6_D4__r03_s28103,scene_rotate_v01,ROTATE,C6,D4,28103,12,95,1780,0.190150625,True,False,False
v1__scene_rotate_v01__L2__C6_D8__r02_s28102,scene_rotate_v01,ROTATE,C6,D8,28102,12,95,1780,0.190150625,True,False,False
v1__scene_rotate_v01__L2__C6_D8__r03_s28103,scene_rotate_v01,ROTATE,C6,D8,28103,12,95,1780,0.190150625,True,False,False
v1__scene_rotate_v01__L2__C6_D8__r04_s28104,scene_rotate_v01,ROTATE,C6,D8,28104,12,95,1780,0.190150625,True,False,False
v1__scene_rotate_v02__L2__C3_D4__r03_s28103,scene_rotate_v02,ROTATE,C3,D4,28103,38,29,0,0.0,False,True,False
v1__scene_rotate_v02__L2__C3_D4__r03_s28103,scene_rotate_v02,ROTATE,C3,D4,28103,38,44,0,0.0,False,True,False
v1__scene_rotate_v02__L2__C4_D4__r03_s28103,scene_rotate_v02,ROTATE,C4,D4,28103,38,29,0,0.0,False,True,False
v1__scene_rotate_v03__L2__C0_NA__r01_s28101,scene_rotate_v03,ROTATE,C0,,28101,83,19,2156,0.230317274,True,False,False
v1__scene_rotate_v03__L2__C0_NA__r02_s28102,scene_rotate_v03,ROTATE,C0,,28102,83,19,2156,0.230317274,True,False,False
v1__scene_rotate_v03__L2__C0_NA__r03_s28103,scene_rotate_v03,ROTATE,C0,,28103,83,19,2156,0.230317274,True,False,False
v1__scene_rotate_v03__L2__C0_NA__r04_s28104,scene_rotate_v03,ROTATE,C0,,28104,83,19,2156,0.230317274,True,False,False
v1__scene_rotate_v03__L2__C0_NA__r05_s28105,scene_rotate_v03,ROTATE,C0,,28105,83,19,2156,0.230317274,True,False,False
v1__scene_rotate_v03__L2__C1_NA__r01_s28101,scene_rotate_v03,ROTATE,C1,,28101,83,19,2156,0.230317274,True,False,False
v1__scene_rotate_v03__L2__C1_NA__r02_s28102,scene_rotate_v03,ROTATE,C1,,28102,83,19,2156,0.230317274,True,False,False
v1__scene_rotate_v03__L2__C1_NA__r03_s28103,scene_rotate_v03,ROTATE,C1,,28103,83,19,2156,0.230317274,True,False,False
v1__scene_rotate_v03__L2__C1_NA__r04_s28104,scene_rotate_v03,ROTATE,C1,,28104,83,19,2156,0.230317274,True,False,False
v1__scene_rotate_v03__L2__C1_NA__r05_s28105,scene_rotate_v03,ROTATE,C1,,28105,83,19,2156,0.230317274,True,False,False
v1__scene_rotate_v03__L2__C2_D4__r01_s28101,scene_rotate_v03,ROTATE,C2,D4,28101,83,19,2156,0.230317274,True,False,False
v1__scene_rotate_v03__L2__C2_D4__r02_s28102,scene_rotate_v03,ROTATE,C2,D4,28102,83,19,2156,0.230317274,True,False,False
v1__scene_rotate_v03__L2__C2_D4__r03_s28103,scene_rotate_v03,ROTATE,C2,D4,28103,83,19,2156,0.230317274,True,False,False
v1__scene_rotate_v03__L2__C2_D4__r04_s28104,scene_rotate_v03,ROTATE,C2,D4,28104,83,19,2156,0.230317274,True,False,False
v1__scene_rotate_v03__L2__C2_D4__r05_s28105,scene_rotate_v03,ROTATE,C2,D4,28105,83,19,2156,0.230317274,True,False,False
v1__scene_rotate_v03__L2__C2_D8__r01_s28101,scene_rotate_v03,ROTATE,C2,D8,28101,83,19,2156,0.230317274,True,False,False
v1__scene_rotate_v03__L2__C2_D8__r02_s28102,scene_rotate_v03,ROTATE,C2,D8,28102,83,19,2156,0.230317274,True,False,False
v1__scene_rotate_v03__L2__C2_D8__r03_s28103,scene_rotate_v03,ROTATE,C2,D8,28103,83,19,2156,0.230317274,True,False,False
v1__scene_rotate_v03__L2__C2_D8__r04_s28104,scene_rotate_v03,ROTATE,C2,D8,28104,83,19,2156,0.230317274,True,False,False
v1__scene_rotate_v03__L2__C2_D8__r05_s28105,scene_rotate_v03,ROTATE,C2,D8,28105,83,19,2156,0.230317274,True,False,False
v1__scene_rotate_v03__L2__C3_D4__r01_s28101,scene_rotate_v03,ROTATE,C3,D4,28101,83,19,2156,0.230317274,True,False,False
v1__scene_rotate_v03__L2__C3_D4__r02_s28102,scene_rotate_v03,ROTATE,C3,D4,28102,83,19,2156,0.230317274,True,False,False
v1__scene_rotate_v03__L2__C3_D4__r03_s28103,scene_rotate_v03,ROTATE,C3,D4,28103,83,19,2156,0.230317274,True,False,False
v1__scene_rotate_v03__L2__C3_D4__r04_s28104,scene_rotate_v03,ROTATE,C3,D4,28104,83,19,2156,0.230317274,True,False,False
v1__scene_rotate_v03__L2__C3_D4__r05_s28105,scene_rotate_v03,ROTATE,C3,D4,28105,83,19,2156,0.230317274,True,False,False
v1__scene_rotate_v03__L2__C3_D8__r01_s28101,scene_rotate_v03,ROTATE,C3,D8,28101,83,19,2156,0.230317274,True,False,False
v1__scene_rotate_v03__L2__C3_D8__r02_s28102,scene_rotate_v03,ROTATE,C3,D8,28102,83,19,2156,0.230317274,True,False,False
v1__scene_rotate_v03__L2__C3_D8__r03_s28103,scene_rotate_v03,ROTATE,C3,D8,28103,83,19,2156,0.230317274,True,False,False
v1__scene_rotate_v03__L2__C3_D8__r04_s28104,scene_rotate_v03,ROTATE,C3,D8,28104,83,19,2156,0.230317274,True,False,False
v1__scene_rotate_v03__L2__C3_D8__r05_s28105,scene_rotate_v03,ROTATE,C3,D8,28105,83,19,2156,0.230317274,True,False,False
v1__scene_rotate_v03__L2__C4_D4__r02_s28102,scene_rotate_v03,ROTATE,C4,D4,28102,83,19,2156,0.230317274,True,False,False
v1__scene_rotate_v03__L2__C4_D4__r03_s28103,scene_rotate_v03,ROTATE,C4,D4,28103,83,19,2156,0.230317274,True,False,False
v1__scene_rotate_v03__L2__C4_D4__r04_s28104,scene_rotate_v03,ROTATE,C4,D4,28104,83,19,2156,0.230317274,True,False,False
v1__scene_rotate_v03__L2__C4_D8__r01_s28101,scene_rotate_v03,ROTATE,C4,D8,28101,83,19,2156,0.230317274,True,False,False
v1__scene_rotate_v03__L2__C4_D8__r02_s28102,scene_rotate_v03,ROTATE,C4,D8,28102,83,19,2156,0.230317274,True,False,False
v1__scene_rotate_v03__L2__C4_D8__r03_s28103,scene_rotate_v03,ROTATE,C4,D8,28103,83,19,2156,0.230317274,True,False,False
v1__scene_rotate_v03__L2__C4_D8__r04_s28104,scene_rotate_v03,ROTATE,C4,D8,28104,83,19,2156,0.230317274,True,False,False
v1__scene_rotate_v03__L2__C5_D4__r02_s28102,scene_rotate_v03,ROTATE,C5,D4,28102,83,19,2156,0.230317274,True,False,False
v1__scene_rotate_v03__L2__C5_D4__r03_s28103,scene_rotate_v03,ROTATE,C5,D4,28103,83,19,2156,0.230317274,True,False,False
v1__scene_rotate_v03__L2__C5_D4__r04_s28104,scene_rotate_v03,ROTATE,C5,D4,28104,83,19,2156,0.230317274,True,False,False
v1__scene_rotate_v03__L2__C5_D4__r05_s28105,scene_rotate_v03,ROTATE,C5,D4,28105,83,19,2156,0.230317274,True,False,False
v1__scene_rotate_v03__L2__C5_D8__r02_s28102,scene_rotate_v03,ROTATE,C5,D8,28102,83,19,2156,0.230317274,True,False,False
v1__scene_rotate_v03__L2__C5_D8__r03_s28103,scene_rotate_v03,ROTATE,C5,D8,28103,83,19,2156,0.230317274,True,False,False
v1__scene_rotate_v03__L2__C5_D8__r04_s28104,scene_rotate_v03,ROTATE,C5,D8,28104,83,19,2156,0.230317274,True,False,False
v1__scene_rotate_v03__L2__C6_D4__r01_s28101,scene_rotate_v03,ROTATE,C6,D4,28101,83,19,2156,0.230317274,True,False,False
v1__scene_rotate_v03__L2__C6_D4__r02_s28102,scene_rotate_v03,ROTATE,C6,D4,28102,83,19,2156,0.230317274,True,False,False
v1__scene_rotate_v03__L2__C6_D4__r03_s28103,scene_rotate_v03,ROTATE,C6,D4,28103,83,19,2156,0.230317274,True,False,False
v1__scene_rotate_v03__L2__C6_D4__r04_s28104,scene_rotate_v03,ROTATE,C6,D4,28104,83,19,2156,0.230317274,True,False,False
v1__scene_rotate_v03__L2__C6_D8__r02_s28102,scene_rotate_v03,ROTATE,C6,D8,28102,83,19,2156,0.230317274,True,False,False
v1__scene_rotate_v04__L2__C0_NA__r01_s28101,scene_rotate_v04,ROTATE,C0,,28101,47,95,3912,0.423330808,True,False,False
v1__scene_rotate_v04__L2__C0_NA__r02_s28102,scene_rotate_v04,ROTATE,C0,,28102,47,95,3912,0.423330808,True,False,False
v1__scene_rotate_v04__L2__C0_NA__r03_s28103,scene_rotate_v04,ROTATE,C0,,28103,47,95,3912,0.423330808,True,False,False
v1__scene_rotate_v04__L2__C0_NA__r04_s28104,scene_rotate_v04,ROTATE,C0,,28104,47,95,3912,0.423330808,True,False,False
v1__scene_rotate_v04__L2__C0_NA__r05_s28105,scene_rotate_v04,ROTATE,C0,,28105,47,95,3912,0.423330808,True,False,False
v1__scene_rotate_v04__L2__C1_NA__r01_s28101,scene_rotate_v04,ROTATE,C1,,28101,47,95,3912,0.423330808,True,False,False
v1__scene_rotate_v04__L2__C1_NA__r02_s28102,scene_rotate_v04,ROTATE,C1,,28102,47,95,3912,0.423330808,True,False,False
v1__scene_rotate_v04__L2__C1_NA__r03_s28103,scene_rotate_v04,ROTATE,C1,,28103,47,95,3912,0.423330808,True,False,False
v1__scene_rotate_v04__L2__C1_NA__r04_s28104,scene_rotate_v04,ROTATE,C1,,28104,47,95,3912,0.423330808,True,False,False
v1__scene_rotate_v04__L2__C1_NA__r05_s28105,scene_rotate_v04,ROTATE,C1,,28105,47,95,3912,0.423330808,True,False,False
v1__scene_rotate_v04__L2__C2_D4__r01_s28101,scene_rotate_v04,ROTATE,C2,D4,28101,47,95,3912,0.423330808,True,False,False
v1__scene_rotate_v04__L2__C2_D4__r02_s28102,scene_rotate_v04,ROTATE,C2,D4,28102,47,95,3912,0.423330808,True,False,False
v1__scene_rotate_v04__L2__C2_D4__r03_s28103,scene_rotate_v04,ROTATE,C2,D4,28103,47,95,3912,0.423330808,True,False,False
v1__scene_rotate_v04__L2__C2_D4__r04_s28104,scene_rotate_v04,ROTATE,C2,D4,28104,47,95,3912,0.423330808,True,False,False
v1__scene_rotate_v04__L2__C2_D4__r05_s28105,scene_rotate_v04,ROTATE,C2,D4,28105,47,95,3912,0.423330808,True,False,False
v1__scene_rotate_v04__L2__C2_D8__r01_s28101,scene_rotate_v04,ROTATE,C2,D8,28101,47,95,3912,0.423330808,True,False,False
v1__scene_rotate_v04__L2__C2_D8__r02_s28102,scene_rotate_v04,ROTATE,C2,D8,28102,47,95,3912,0.423330808,True,False,False
v1__scene_rotate_v04__L2__C2_D8__r03_s28103,scene_rotate_v04,ROTATE,C2,D8,28103,47,95,3912,0.423330808,True,False,False
v1__scene_rotate_v04__L2__C2_D8__r04_s28104,scene_rotate_v04,ROTATE,C2,D8,28104,47,95,3912,0.423330808,True,False,False
v1__scene_rotate_v04__L2__C2_D8__r05_s28105,scene_rotate_v04,ROTATE,C2,D8,28105,47,95,3912,0.423330808,True,False,False
v1__scene_rotate_v04__L2__C3_D4__r01_s28101,scene_rotate_v04,ROTATE,C3,D4,28101,47,95,3912,0.423330808,True,False,False
v1__scene_rotate_v04__L2__C3_D4__r02_s28102,scene_rotate_v04,ROTATE,C3,D4,28102,47,95,3912,0.423330808,True,False,False
v1__scene_rotate_v04__L2__C3_D4__r03_s28103,scene_rotate_v04,ROTATE,C3,D4,28103,47,95,3912,0.423330808,True,False,False
v1__scene_rotate_v04__L2__C3_D4__r04_s28104,scene_rotate_v04,ROTATE,C3,D4,28104,47,95,3912,0.423330808,True,False,False
v1__scene_rotate_v04__L2__C3_D4__r05_s28105,scene_rotate_v04,ROTATE,C3,D4,28105,47,95,3912,0.423330808,True,False,False
v1__scene_rotate_v04__L2__C3_D8__r01_s28101,scene_rotate_v04,ROTATE,C3,D8,28101,47,95,3912,0.423330808,True,False,False
v1__scene_rotate_v04__L2__C3_D8__r02_s28102,scene_rotate_v04,ROTATE,C3,D8,28102,47,95,3912,0.423330808,True,False,False
v1__scene_rotate_v04__L2__C3_D8__r03_s28103,scene_rotate_v04,ROTATE,C3,D8,28103,47,95,3912,0.423330808,True,False,False
v1__scene_rotate_v04__L2__C3_D8__r04_s28104,scene_rotate_v04,ROTATE,C3,D8,28104,47,95,3912,0.423330808,True,False,False
v1__scene_rotate_v04__L2__C3_D8__r05_s28105,scene_rotate_v04,ROTATE,C3,D8,28105,47,95,3912,0.423330808,True,False,False
v1__scene_rotate_v04__L2__C4_D4__r01_s28101,scene_rotate_v04,ROTATE,C4,D4,28101,47,95,3912,0.423330808,True,False,False
v1__scene_rotate_v04__L2__C4_D4__r02_s28102,scene_rotate_v04,ROTATE,C4,D4,28102,47,95,3912,0.423330808,True,False,False
v1__scene_rotate_v04__L2__C4_D4__r03_s28103,scene_rotate_v04,ROTATE,C4,D4,28103,47,95,3912,0.423330808,True,False,False
v1__scene_rotate_v04__L2__C4_D4__r04_s28104,scene_rotate_v04,ROTATE,C4,D4,28104,47,95,3912,0.423330808,True,False,False
v1__scene_rotate_v04__L2__C4_D4__r05_s28105,scene_rotate_v04,ROTATE,C4,D4,28105,47,95,3912,0.423330808,True,False,False
v1__scene_rotate_v04__L2__C4_D8__r01_s28101,scene_rotate_v04,ROTATE,C4,D8,28101,47,95,3912,0.423330808,True,False,False
v1__scene_rotate_v04__L2__C4_D8__r02_s28102,scene_rotate_v04,ROTATE,C4,D8,28102,47,95,3912,0.423330808,True,False,False
v1__scene_rotate_v04__L2__C4_D8__r03_s28103,scene_rotate_v04,ROTATE,C4,D8,28103,47,95,3912,0.423330808,True,False,False
v1__scene_rotate_v04__L2__C4_D8__r04_s28104,scene_rotate_v04,ROTATE,C4,D8,28104,47,95,3912,0.423330808,True,False,False
v1__scene_rotate_v04__L2__C4_D8__r05_s28105,scene_rotate_v04,ROTATE,C4,D8,28105,47,95,3912,0.423330808,True,False,False
v1__scene_rotate_v04__L2__C5_D4__r01_s28101,scene_rotate_v04,ROTATE,C5,D4,28101,47,95,3912,0.423330808,True,False,False
v1__scene_rotate_v04__L2__C5_D4__r02_s28102,scene_rotate_v04,ROTATE,C5,D4,28102,47,95,3912,0.423330808,True,False,False
v1__scene_rotate_v04__L2__C5_D4__r03_s28103,scene_rotate_v04,ROTATE,C5,D4,28103,47,95,3912,0.423330808,True,False,False
v1__scene_rotate_v04__L2__C5_D4__r04_s28104,scene_rotate_v04,ROTATE,C5,D4,28104,47,95,3912,0.423330808,True,False,False
v1__scene_rotate_v04__L2__C5_D4__r05_s28105,scene_rotate_v04,ROTATE,C5,D4,28105,47,95,3912,0.423330808,True,False,False
v1__scene_rotate_v04__L2__C5_D8__r01_s28101,scene_rotate_v04,ROTATE,C5,D8,28101,47,95,3912,0.423330808,True,False,False
v1__scene_rotate_v04__L2__C5_D8__r02_s28102,scene_rotate_v04,ROTATE,C5,D8,28102,47,95,3912,0.423330808,True,False,False
v1__scene_rotate_v04__L2__C5_D8__r03_s28103,scene_rotate_v04,ROTATE,C5,D8,28103,47,95,3912,0.423330808,True,False,False
v1__scene_rotate_v04__L2__C5_D8__r04_s28104,scene_rotate_v04,ROTATE,C5,D8,28104,47,95,3912,0.423330808,True,False,False
v1__scene_rotate_v04__L2__C5_D8__r05_s28105,scene_rotate_v04,ROTATE,C5,D8,28105,47,95,3912,0.423330808,True,False,False
v1__scene_rotate_v04__L2__C6_D4__r01_s28101,scene_rotate_v04,ROTATE,C6,D4,28101,47,95,3912,0.423330808,True,False,False
v1__scene_rotate_v04__L2__C6_D4__r02_s28102,scene_rotate_v04,ROTATE,C6,D4,28102,47,95,3912,0.423330808,True,False,False
v1__scene_rotate_v04__L2__C6_D4__r03_s28103,scene_rotate_v04,ROTATE,C6,D4,28103,47,95,3912,0.423330808,True,False,False
v1__scene_rotate_v04__L2__C6_D4__r04_s28104,scene_rotate_v04,ROTATE,C6,D4,28104,47,95,3912,0.423330808,True,False,False
v1__scene_rotate_v04__L2__C6_D4__r05_s28105,scene_rotate_v04,ROTATE,C6,D4,28105,47,95,3912,0.423330808,True,False,False
v1__scene_rotate_v04__L2__C6_D8__r01_s28101,scene_rotate_v04,ROTATE,C6,D8,28101,47,95,3912,0.423330808,True,False,False
v1__scene_rotate_v04__L2__C6_D8__r02_s28102,scene_rotate_v04,ROTATE,C6,D8,28102,47,95,3912,0.423330808,True,False,False
v1__scene_rotate_v04__L2__C6_D8__r03_s28103,scene_rotate_v04,ROTATE,C6,D8,28103,47,95,3912,0.423330808,True,False,False
v1__scene_rotate_v04__L2__C6_D8__r04_s28104,scene_rotate_v04,ROTATE,C6,D8,28104,47,95,3912,0.423330808,True,False,False
v1__scene_rotate_v04__L2__C6_D8__r05_s28105,scene_rotate_v04,ROTATE,C6,D8,28105,47,95,3912,0.423330808,True,False,False
v1__scene_rotate_v05__L2__C0_NA__r01_s28101,scene_rotate_v05,ROTATE,C0,,28101,44,82,6522,0.70983892,True,False,False
v1__scene_rotate_v05__L2__C0_NA__r02_s28102,scene_rotate_v05,ROTATE,C0,,28102,44,82,6522,0.70983892,True,False,False
v1__scene_rotate_v05__L2__C0_NA__r03_s28103,scene_rotate_v05,ROTATE,C0,,28103,44,82,6522,0.70983892,True,False,False
v1__scene_rotate_v05__L2__C0_NA__r04_s28104,scene_rotate_v05,ROTATE,C0,,28104,44,82,6522,0.70983892,True,False,False
v1__scene_rotate_v05__L2__C0_NA__r05_s28105,scene_rotate_v05,ROTATE,C0,,28105,44,82,6522,0.70983892,True,False,False
v1__scene_rotate_v05__L2__C1_NA__r01_s28101,scene_rotate_v05,ROTATE,C1,,28101,44,82,6522,0.70983892,True,False,False
v1__scene_rotate_v05__L2__C1_NA__r02_s28102,scene_rotate_v05,ROTATE,C1,,28102,44,82,6522,0.70983892,True,False,False
v1__scene_rotate_v05__L2__C1_NA__r03_s28103,scene_rotate_v05,ROTATE,C1,,28103,44,82,6522,0.70983892,True,False,False
v1__scene_rotate_v05__L2__C1_NA__r04_s28104,scene_rotate_v05,ROTATE,C1,,28104,44,82,6522,0.70983892,True,False,False
v1__scene_rotate_v05__L2__C1_NA__r05_s28105,scene_rotate_v05,ROTATE,C1,,28105,44,82,6522,0.70983892,True,False,False
v1__scene_rotate_v05__L2__C2_D4__r01_s28101,scene_rotate_v05,ROTATE,C2,D4,28101,44,82,6522,0.70983892,True,False,False
v1__scene_rotate_v05__L2__C2_D4__r02_s28102,scene_rotate_v05,ROTATE,C2,D4,28102,44,82,6522,0.70983892,True,False,False
v1__scene_rotate_v05__L2__C2_D4__r03_s28103,scene_rotate_v05,ROTATE,C2,D4,28103,44,82,6522,0.70983892,True,False,False
v1__scene_rotate_v05__L2__C2_D4__r04_s28104,scene_rotate_v05,ROTATE,C2,D4,28104,44,82,6522,0.70983892,True,False,False
v1__scene_rotate_v05__L2__C2_D4__r05_s28105,scene_rotate_v05,ROTATE,C2,D4,28105,44,82,6522,0.70983892,True,False,False
v1__scene_rotate_v05__L2__C2_D8__r01_s28101,scene_rotate_v05,ROTATE,C2,D8,28101,44,82,6522,0.70983892,True,False,False
v1__scene_rotate_v05__L2__C2_D8__r02_s28102,scene_rotate_v05,ROTATE,C2,D8,28102,44,82,6522,0.70983892,True,False,False
v1__scene_rotate_v05__L2__C2_D8__r03_s28103,scene_rotate_v05,ROTATE,C2,D8,28103,44,82,6522,0.70983892,True,False,False
v1__scene_rotate_v05__L2__C2_D8__r04_s28104,scene_rotate_v05,ROTATE,C2,D8,28104,44,82,6522,0.70983892,True,False,False
v1__scene_rotate_v05__L2__C2_D8__r05_s28105,scene_rotate_v05,ROTATE,C2,D8,28105,44,82,6522,0.70983892,True,False,False
v1__scene_rotate_v05__L2__C3_D4__r01_s28101,scene_rotate_v05,ROTATE,C3,D4,28101,44,82,6522,0.70983892,True,False,False
v1__scene_rotate_v05__L2__C3_D4__r02_s28102,scene_rotate_v05,ROTATE,C3,D4,28102,44,82,6522,0.70983892,True,False,False
v1__scene_rotate_v05__L2__C3_D4__r03_s28103,scene_rotate_v05,ROTATE,C3,D4,28103,44,82,6522,0.70983892,True,False,False
v1__scene_rotate_v05__L2__C3_D4__r04_s28104,scene_rotate_v05,ROTATE,C3,D4,28104,44,82,6522,0.70983892,True,False,False
v1__scene_rotate_v05__L2__C3_D4__r05_s28105,scene_rotate_v05,ROTATE,C3,D4,28105,44,82,6522,0.70983892,True,False,False
v1__scene_rotate_v05__L2__C3_D8__r01_s28101,scene_rotate_v05,ROTATE,C3,D8,28101,44,82,6522,0.70983892,True,False,False
v1__scene_rotate_v05__L2__C3_D8__r02_s28102,scene_rotate_v05,ROTATE,C3,D8,28102,44,82,6522,0.70983892,True,False,False
v1__scene_rotate_v05__L2__C3_D8__r03_s28103,scene_rotate_v05,ROTATE,C3,D8,28103,44,82,6522,0.70983892,True,False,False
v1__scene_rotate_v05__L2__C3_D8__r04_s28104,scene_rotate_v05,ROTATE,C3,D8,28104,44,82,6522,0.70983892,True,False,False
v1__scene_rotate_v05__L2__C3_D8__r05_s28105,scene_rotate_v05,ROTATE,C3,D8,28105,44,82,6522,0.70983892,True,False,False
v1__scene_rotate_v05__L2__C4_D4__r01_s28101,scene_rotate_v05,ROTATE,C4,D4,28101,44,82,6522,0.70983892,True,False,False
v1__scene_rotate_v05__L2__C4_D4__r02_s28102,scene_rotate_v05,ROTATE,C4,D4,28102,44,82,6522,0.70983892,True,False,False
v1__scene_rotate_v05__L2__C4_D4__r03_s28103,scene_rotate_v05,ROTATE,C4,D4,28103,44,82,6522,0.70983892,True,False,False
v1__scene_rotate_v05__L2__C4_D4__r04_s28104,scene_rotate_v05,ROTATE,C4,D4,28104,44,82,6522,0.70983892,True,False,False
v1__scene_rotate_v05__L2__C4_D4__r05_s28105,scene_rotate_v05,ROTATE,C4,D4,28105,44,82,6522,0.70983892,True,False,False
v1__scene_rotate_v05__L2__C4_D8__r01_s28101,scene_rotate_v05,ROTATE,C4,D8,28101,44,82,6522,0.70983892,True,False,False
v1__scene_rotate_v05__L2__C4_D8__r02_s28102,scene_rotate_v05,ROTATE,C4,D8,28102,44,82,6522,0.70983892,True,False,False
v1__scene_rotate_v05__L2__C4_D8__r03_s28103,scene_rotate_v05,ROTATE,C4,D8,28103,44,82,6522,0.70983892,True,False,False
v1__scene_rotate_v05__L2__C4_D8__r04_s28104,scene_rotate_v05,ROTATE,C4,D8,28104,44,82,6522,0.70983892,True,False,False
v1__scene_rotate_v05__L2__C4_D8__r05_s28105,scene_rotate_v05,ROTATE,C4,D8,28105,44,82,6522,0.70983892,True,False,False
v1__scene_rotate_v05__L2__C5_D4__r01_s28101,scene_rotate_v05,ROTATE,C5,D4,28101,44,82,6522,0.70983892,True,False,False
v1__scene_rotate_v05__L2__C5_D4__r02_s28102,scene_rotate_v05,ROTATE,C5,D4,28102,44,82,6522,0.70983892,True,False,False
v1__scene_rotate_v05__L2__C5_D4__r03_s28103,scene_rotate_v05,ROTATE,C5,D4,28103,44,82,6522,0.70983892,True,False,False
v1__scene_rotate_v05__L2__C5_D4__r04_s28104,scene_rotate_v05,ROTATE,C5,D4,28104,44,82,6522,0.70983892,True,False,False
v1__scene_rotate_v05__L2__C5_D4__r05_s28105,scene_rotate_v05,ROTATE,C5,D4,28105,44,82,6522,0.70983892,True,False,False
v1__scene_rotate_v05__L2__C5_D8__r01_s28101,scene_rotate_v05,ROTATE,C5,D8,28101,44,82,6522,0.70983892,True,False,False
v1__scene_rotate_v05__L2__C5_D8__r02_s28102,scene_rotate_v05,ROTATE,C5,D8,28102,44,82,6522,0.70983892,True,False,False
v1__scene_rotate_v05__L2__C5_D8__r03_s28103,scene_rotate_v05,ROTATE,C5,D8,28103,44,82,6522,0.70983892,True,False,False
v1__scene_rotate_v05__L2__C5_D8__r04_s28104,scene_rotate_v05,ROTATE,C5,D8,28104,44,82,6522,0.70983892,True,False,False
v1__scene_rotate_v05__L2__C5_D8__r05_s28105,scene_rotate_v05,ROTATE,C5,D8,28105,44,82,6522,0.70983892,True,False,False
v1__scene_rotate_v05__L2__C6_D4__r01_s28101,scene_rotate_v05,ROTATE,C6,D4,28101,44,82,6522,0.70983892,True,False,False
v1__scene_rotate_v05__L2__C6_D4__r02_s28102,scene_rotate_v05,ROTATE,C6,D4,28102,44,82,6522,0.70983892,True,False,False
v1__scene_rotate_v05__L2__C6_D4__r03_s28103,scene_rotate_v05,ROTATE,C6,D4,28103,44,82,6522,0.70983892,True,False,False
v1__scene_rotate_v05__L2__C6_D4__r04_s28104,scene_rotate_v05,ROTATE,C6,D4,28104,44,82,6522,0.70983892,True,False,False
v1__scene_rotate_v05__L2__C6_D4__r05_s28105,scene_rotate_v05,ROTATE,C6,D4,28105,44,82,6522,0.70983892,True,False,False
v1__scene_rotate_v05__L2__C6_D8__r01_s28101,scene_rotate_v05,ROTATE,C6,D8,28101,44,82,6522,0.70983892,True,False,False
v1__scene_rotate_v05__L2__C6_D8__r02_s28102,scene_rotate_v05,ROTATE,C6,D8,28102,44,82,6522,0.70983892,True,False,False
v1__scene_rotate_v05__L2__C6_D8__r03_s28103,scene_rotate_v05,ROTATE,C6,D8,28103,44,82,6522,0.70983892,True,False,False
v1__scene_rotate_v05__L2__C6_D8__r04_s28104,scene_rotate_v05,ROTATE,C6,D8,28104,44,82,6522,0.70983892,True,False,False
v1__scene_rotate_v05__L2__C6_D8__r05_s28105,scene_rotate_v05,ROTATE,C6,D8,28105,44,82,6522,0.70983892,True,False,False
v1__scene_translate_v01__L2__C0_NA__r01_s28101,scene_translate_v01,TRANSLATE,C0,,28101,67,35,6313,0.630291534,True,False,False
v1__scene_translate_v01__L2__C0_NA__r02_s28102,scene_translate_v01,TRANSLATE,C0,,28102,67,35,6313,0.630291534,True,False,False
v1__scene_translate_v01__L2__C0_NA__r03_s28103,scene_translate_v01,TRANSLATE,C0,,28103,67,35,6313,0.630291534,True,False,False
v1__scene_translate_v01__L2__C0_NA__r04_s28104,scene_translate_v01,TRANSLATE,C0,,28104,67,35,6313,0.630291534,True,False,False
v1__scene_translate_v01__L2__C0_NA__r05_s28105,scene_translate_v01,TRANSLATE,C0,,28105,67,35,6313,0.630291534,True,False,False
v1__scene_translate_v01__L2__C1_NA__r01_s28101,scene_translate_v01,TRANSLATE,C1,,28101,67,35,6313,0.630291534,True,False,False
v1__scene_translate_v01__L2__C1_NA__r02_s28102,scene_translate_v01,TRANSLATE,C1,,28102,67,35,6313,0.630291534,True,False,False
v1__scene_translate_v01__L2__C1_NA__r03_s28103,scene_translate_v01,TRANSLATE,C1,,28103,67,35,6313,0.630291534,True,False,False
v1__scene_translate_v01__L2__C1_NA__r04_s28104,scene_translate_v01,TRANSLATE,C1,,28104,67,35,6313,0.630291534,True,False,False
v1__scene_translate_v01__L2__C1_NA__r05_s28105,scene_translate_v01,TRANSLATE,C1,,28105,67,35,6313,0.630291534,True,False,False
v1__scene_translate_v01__L2__C2_D4__r01_s28101,scene_translate_v01,TRANSLATE,C2,D4,28101,67,35,6313,0.630291534,True,False,False
v1__scene_translate_v01__L2__C2_D4__r02_s28102,scene_translate_v01,TRANSLATE,C2,D4,28102,67,35,6313,0.630291534,True,False,False
v1__scene_translate_v01__L2__C2_D4__r03_s28103,scene_translate_v01,TRANSLATE,C2,D4,28103,67,35,6313,0.630291534,True,False,False
v1__scene_translate_v01__L2__C2_D4__r04_s28104,scene_translate_v01,TRANSLATE,C2,D4,28104,67,35,6313,0.630291534,True,False,False
v1__scene_translate_v01__L2__C2_D4__r05_s28105,scene_translate_v01,TRANSLATE,C2,D4,28105,67,35,6313,0.630291534,True,False,False
v1__scene_translate_v01__L2__C2_D8__r01_s28101,scene_translate_v01,TRANSLATE,C2,D8,28101,67,35,6313,0.630291534,True,False,False
v1__scene_translate_v01__L2__C2_D8__r02_s28102,scene_translate_v01,TRANSLATE,C2,D8,28102,67,35,6313,0.630291534,True,False,False
v1__scene_translate_v01__L2__C2_D8__r03_s28103,scene_translate_v01,TRANSLATE,C2,D8,28103,67,35,6313,0.630291534,True,False,False
v1__scene_translate_v01__L2__C2_D8__r04_s28104,scene_translate_v01,TRANSLATE,C2,D8,28104,67,35,6313,0.630291534,True,False,False
v1__scene_translate_v01__L2__C2_D8__r05_s28105,scene_translate_v01,TRANSLATE,C2,D8,28105,67,35,6313,0.630291534,True,False,False
v1__scene_translate_v01__L2__C3_D4__r01_s28101,scene_translate_v01,TRANSLATE,C3,D4,28101,67,35,6313,0.630291534,True,False,False
v1__scene_translate_v01__L2__C3_D4__r02_s28102,scene_translate_v01,TRANSLATE,C3,D4,28102,67,35,6313,0.630291534,True,False,False
v1__scene_translate_v01__L2__C3_D4__r03_s28103,scene_translate_v01,TRANSLATE,C3,D4,28103,67,35,6313,0.630291534,True,False,False
v1__scene_translate_v01__L2__C3_D4__r04_s28104,scene_translate_v01,TRANSLATE,C3,D4,28104,67,35,6313,0.630291534,True,False,False
v1__scene_translate_v01__L2__C3_D4__r05_s28105,scene_translate_v01,TRANSLATE,C3,D4,28105,67,35,6313,0.630291534,True,False,False
v1__scene_translate_v01__L2__C3_D8__r01_s28101,scene_translate_v01,TRANSLATE,C3,D8,28101,67,35,6313,0.630291534,True,False,False
v1__scene_translate_v01__L2__C3_D8__r02_s28102,scene_translate_v01,TRANSLATE,C3,D8,28102,67,35,6313,0.630291534,True,False,False
v1__scene_translate_v01__L2__C3_D8__r03_s28103,scene_translate_v01,TRANSLATE,C3,D8,28103,67,35,6313,0.630291534,True,False,False
v1__scene_translate_v01__L2__C3_D8__r04_s28104,scene_translate_v01,TRANSLATE,C3,D8,28104,67,35,6313,0.630291534,True,False,False
v1__scene_translate_v01__L2__C3_D8__r05_s28105,scene_translate_v01,TRANSLATE,C3,D8,28105,67,35,6313,0.630291534,True,False,False
v1__scene_translate_v01__L2__C4_D4__r01_s28101,scene_translate_v01,TRANSLATE,C4,D4,28101,67,35,6313,0.630291534,True,False,False
v1__scene_translate_v01__L2__C4_D4__r02_s28102,scene_translate_v01,TRANSLATE,C4,D4,28102,67,35,6313,0.630291534,True,False,False
v1__scene_translate_v01__L2__C4_D4__r03_s28103,scene_translate_v01,TRANSLATE,C4,D4,28103,67,35,6313,0.630291534,True,False,False
v1__scene_translate_v01__L2__C4_D4__r04_s28104,scene_translate_v01,TRANSLATE,C4,D4,28104,67,35,6313,0.630291534,True,False,False
v1__scene_translate_v01__L2__C4_D4__r05_s28105,scene_translate_v01,TRANSLATE,C4,D4,28105,67,35,6313,0.630291534,True,False,False
v1__scene_translate_v01__L2__C4_D8__r01_s28101,scene_translate_v01,TRANSLATE,C4,D8,28101,67,35,6313,0.630291534,True,False,False
v1__scene_translate_v01__L2__C4_D8__r02_s28102,scene_translate_v01,TRANSLATE,C4,D8,28102,67,35,6313,0.630291534,True,False,False
v1__scene_translate_v01__L2__C4_D8__r03_s28103,scene_translate_v01,TRANSLATE,C4,D8,28103,67,35,6313,0.630291534,True,False,False
v1__scene_translate_v01__L2__C4_D8__r04_s28104,scene_translate_v01,TRANSLATE,C4,D8,28104,67,35,6313,0.630291534,True,False,False
v1__scene_translate_v01__L2__C4_D8__r05_s28105,scene_translate_v01,TRANSLATE,C4,D8,28105,67,35,6313,0.630291534,True,False,False
v1__scene_translate_v01__L2__C5_D4__r01_s28101,scene_translate_v01,TRANSLATE,C5,D4,28101,67,35,6313,0.630291534,True,False,False
v1__scene_translate_v01__L2__C5_D4__r02_s28102,scene_translate_v01,TRANSLATE,C5,D4,28102,67,35,6313,0.630291534,True,False,False
v1__scene_translate_v01__L2__C5_D4__r03_s28103,scene_translate_v01,TRANSLATE,C5,D4,28103,67,35,6313,0.630291534,True,False,False
v1__scene_translate_v01__L2__C5_D4__r04_s28104,scene_translate_v01,TRANSLATE,C5,D4,28104,67,35,6313,0.630291534,True,False,False
v1__scene_translate_v01__L2__C5_D4__r05_s28105,scene_translate_v01,TRANSLATE,C5,D4,28105,67,35,6313,0.630291534,True,False,False
v1__scene_translate_v01__L2__C5_D8__r01_s28101,scene_translate_v01,TRANSLATE,C5,D8,28101,67,35,6313,0.630291534,True,False,False
v1__scene_translate_v01__L2__C5_D8__r02_s28102,scene_translate_v01,TRANSLATE,C5,D8,28102,67,35,6313,0.630291534,True,False,False
v1__scene_translate_v01__L2__C5_D8__r03_s28103,scene_translate_v01,TRANSLATE,C5,D8,28103,67,35,6313,0.630291534,True,False,False
v1__scene_translate_v01__L2__C5_D8__r04_s28104,scene_translate_v01,TRANSLATE,C5,D8,28104,67,35,6313,0.630291534,True,False,False
v1__scene_translate_v01__L2__C5_D8__r05_s28105,scene_translate_v01,TRANSLATE,C5,D8,28105,67,35,6313,0.630291534,True,False,False
v1__scene_translate_v01__L2__C6_D4__r01_s28101,scene_translate_v01,TRANSLATE,C6,D4,28101,67,35,6313,0.630291534,True,False,False
v1__scene_translate_v01__L2__C6_D4__r02_s28102,scene_translate_v01,TRANSLATE,C6,D4,28102,67,35,6313,0.630291534,True,False,False
v1__scene_translate_v01__L2__C6_D4__r03_s28103,scene_translate_v01,TRANSLATE,C6,D4,28103,67,35,6313,0.630291534,True,False,False
v1__scene_translate_v01__L2__C6_D4__r04_s28104,scene_translate_v01,TRANSLATE,C6,D4,28104,67,35,6313,0.630291534,True,False,False
v1__scene_translate_v01__L2__C6_D4__r05_s28105,scene_translate_v01,TRANSLATE,C6,D4,28105,67,35,6313,0.630291534,True,False,False
v1__scene_translate_v01__L2__C6_D8__r01_s28101,scene_translate_v01,TRANSLATE,C6,D8,28101,67,35,6313,0.630291534,True,False,False
v1__scene_translate_v01__L2__C6_D8__r02_s28102,scene_translate_v01,TRANSLATE,C6,D8,28102,67,35,6313,0.630291534,True,False,False
v1__scene_translate_v01__L2__C6_D8__r03_s28103,scene_translate_v01,TRANSLATE,C6,D8,28103,67,35,6313,0.630291534,True,False,False
v1__scene_translate_v01__L2__C6_D8__r04_s28104,scene_translate_v01,TRANSLATE,C6,D8,28104,67,35,6313,0.630291534,True,False,False
v1__scene_translate_v01__L2__C6_D8__r05_s28105,scene_translate_v01,TRANSLATE,C6,D8,28105,67,35,6313,0.630291534,True,False,False
v1__scene_translate_v02__L2__C0_NA__r01_s28101,scene_translate_v02,TRANSLATE,C0,,28101,45,95,2263,0.230800612,True,False,False
v1__scene_translate_v02__L2__C0_NA__r02_s28102,scene_translate_v02,TRANSLATE,C0,,28102,45,95,2263,0.230800612,True,False,False
v1__scene_translate_v02__L2__C0_NA__r03_s28103,scene_translate_v02,TRANSLATE,C0,,28103,45,95,2263,0.230800612,True,False,False
v1__scene_translate_v02__L2__C0_NA__r04_s28104,scene_translate_v02,TRANSLATE,C0,,28104,45,95,2263,0.230800612,True,False,False
v1__scene_translate_v02__L2__C0_NA__r05_s28105,scene_translate_v02,TRANSLATE,C0,,28105,45,95,2263,0.230800612,True,False,False
v1__scene_translate_v02__L2__C1_NA__r01_s28101,scene_translate_v02,TRANSLATE,C1,,28101,45,95,2263,0.230800612,True,False,False
v1__scene_translate_v02__L2__C1_NA__r02_s28102,scene_translate_v02,TRANSLATE,C1,,28102,45,95,2263,0.230800612,True,False,False
v1__scene_translate_v02__L2__C1_NA__r03_s28103,scene_translate_v02,TRANSLATE,C1,,28103,45,95,2263,0.230800612,True,False,False
v1__scene_translate_v02__L2__C1_NA__r04_s28104,scene_translate_v02,TRANSLATE,C1,,28104,45,95,2263,0.230800612,True,False,False
v1__scene_translate_v02__L2__C1_NA__r05_s28105,scene_translate_v02,TRANSLATE,C1,,28105,45,95,2263,0.230800612,True,False,False
v1__scene_translate_v02__L2__C2_D4__r01_s28101,scene_translate_v02,TRANSLATE,C2,D4,28101,45,95,2263,0.230800612,True,False,False
v1__scene_translate_v02__L2__C2_D4__r02_s28102,scene_translate_v02,TRANSLATE,C2,D4,28102,45,95,2263,0.230800612,True,False,False
v1__scene_translate_v02__L2__C2_D4__r03_s28103,scene_translate_v02,TRANSLATE,C2,D4,28103,45,95,2263,0.230800612,True,False,False
v1__scene_translate_v02__L2__C2_D4__r04_s28104,scene_translate_v02,TRANSLATE,C2,D4,28104,45,95,2263,0.230800612,True,False,False
v1__scene_translate_v02__L2__C2_D4__r05_s28105,scene_translate_v02,TRANSLATE,C2,D4,28105,45,95,2263,0.230800612,True,False,False
v1__scene_translate_v02__L2__C2_D8__r01_s28101,scene_translate_v02,TRANSLATE,C2,D8,28101,45,95,2263,0.230800612,True,False,False
v1__scene_translate_v02__L2__C2_D8__r02_s28102,scene_translate_v02,TRANSLATE,C2,D8,28102,45,95,2263,0.230800612,True,False,False
v1__scene_translate_v02__L2__C2_D8__r03_s28103,scene_translate_v02,TRANSLATE,C2,D8,28103,45,95,2263,0.230800612,True,False,False
v1__scene_translate_v02__L2__C2_D8__r04_s28104,scene_translate_v02,TRANSLATE,C2,D8,28104,45,95,2263,0.230800612,True,False,False
v1__scene_translate_v02__L2__C2_D8__r05_s28105,scene_translate_v02,TRANSLATE,C2,D8,28105,45,95,2263,0.230800612,True,False,False
v1__scene_translate_v02__L2__C3_D4__r01_s28101,scene_translate_v02,TRANSLATE,C3,D4,28101,45,95,2263,0.230800612,True,False,False
v1__scene_translate_v02__L2__C3_D4__r02_s28102,scene_translate_v02,TRANSLATE,C3,D4,28102,45,95,2263,0.230800612,True,False,False
v1__scene_translate_v02__L2__C3_D4__r03_s28103,scene_translate_v02,TRANSLATE,C3,D4,28103,45,95,2263,0.230800612,True,False,False
v1__scene_translate_v02__L2__C3_D4__r04_s28104,scene_translate_v02,TRANSLATE,C3,D4,28104,45,95,2263,0.230800612,True,False,False
v1__scene_translate_v02__L2__C3_D4__r05_s28105,scene_translate_v02,TRANSLATE,C3,D4,28105,45,95,2263,0.230800612,True,False,False
v1__scene_translate_v02__L2__C3_D8__r01_s28101,scene_translate_v02,TRANSLATE,C3,D8,28101,45,95,2263,0.230800612,True,False,False
v1__scene_translate_v02__L2__C3_D8__r02_s28102,scene_translate_v02,TRANSLATE,C3,D8,28102,45,95,2263,0.230800612,True,False,False
v1__scene_translate_v02__L2__C3_D8__r03_s28103,scene_translate_v02,TRANSLATE,C3,D8,28103,45,95,2263,0.230800612,True,False,False
v1__scene_translate_v02__L2__C3_D8__r04_s28104,scene_translate_v02,TRANSLATE,C3,D8,28104,45,95,2263,0.230800612,True,False,False
v1__scene_translate_v02__L2__C3_D8__r05_s28105,scene_translate_v02,TRANSLATE,C3,D8,28105,45,95,2263,0.230800612,True,False,False
v1__scene_translate_v02__L2__C4_D4__r01_s28101,scene_translate_v02,TRANSLATE,C4,D4,28101,45,95,2263,0.230800612,True,False,False
v1__scene_translate_v02__L2__C4_D4__r02_s28102,scene_translate_v02,TRANSLATE,C4,D4,28102,45,95,2263,0.230800612,True,False,False
v1__scene_translate_v02__L2__C4_D4__r03_s28103,scene_translate_v02,TRANSLATE,C4,D4,28103,45,95,2263,0.230800612,True,False,False
v1__scene_translate_v02__L2__C4_D4__r04_s28104,scene_translate_v02,TRANSLATE,C4,D4,28104,45,95,2263,0.230800612,True,False,False
v1__scene_translate_v02__L2__C4_D4__r05_s28105,scene_translate_v02,TRANSLATE,C4,D4,28105,45,95,2263,0.230800612,True,False,False
v1__scene_translate_v02__L2__C4_D8__r01_s28101,scene_translate_v02,TRANSLATE,C4,D8,28101,45,95,2263,0.230800612,True,False,False
v1__scene_translate_v02__L2__C4_D8__r02_s28102,scene_translate_v02,TRANSLATE,C4,D8,28102,45,95,2263,0.230800612,True,False,False
v1__scene_translate_v02__L2__C4_D8__r03_s28103,scene_translate_v02,TRANSLATE,C4,D8,28103,45,95,2263,0.230800612,True,False,False
v1__scene_translate_v02__L2__C4_D8__r04_s28104,scene_translate_v02,TRANSLATE,C4,D8,28104,45,95,2263,0.230800612,True,False,False
v1__scene_translate_v02__L2__C4_D8__r05_s28105,scene_translate_v02,TRANSLATE,C4,D8,28105,45,95,2263,0.230800612,True,False,False
v1__scene_translate_v02__L2__C5_D4__r03_s28103,scene_translate_v02,TRANSLATE,C5,D4,28103,45,95,2263,0.230800612,True,False,False
v1__scene_translate_v02__L2__C5_D8__r01_s28101,scene_translate_v02,TRANSLATE,C5,D8,28101,45,95,2263,0.230800612,True,False,False
v1__scene_translate_v02__L2__C5_D8__r02_s28102,scene_translate_v02,TRANSLATE,C5,D8,28102,45,95,2263,0.230800612,True,False,False
v1__scene_translate_v02__L2__C5_D8__r03_s28103,scene_translate_v02,TRANSLATE,C5,D8,28103,45,95,2263,0.230800612,True,False,False
v1__scene_translate_v02__L2__C5_D8__r04_s28104,scene_translate_v02,TRANSLATE,C5,D8,28104,45,95,2263,0.230800612,True,False,False
v1__scene_translate_v02__L2__C5_D8__r05_s28105,scene_translate_v02,TRANSLATE,C5,D8,28105,45,95,2263,0.230800612,True,False,False
v1__scene_translate_v02__L2__C6_D4__r01_s28101,scene_translate_v02,TRANSLATE,C6,D4,28101,45,95,2263,0.230800612,True,False,False
v1__scene_translate_v02__L2__C6_D4__r02_s28102,scene_translate_v02,TRANSLATE,C6,D4,28102,45,95,2263,0.230800612,True,False,False
v1__scene_translate_v02__L2__C6_D4__r03_s28103,scene_translate_v02,TRANSLATE,C6,D4,28103,45,95,2263,0.230800612,True,False,False
v1__scene_translate_v02__L2__C6_D4__r04_s28104,scene_translate_v02,TRANSLATE,C6,D4,28104,45,95,2263,0.230800612,True,False,False
v1__scene_translate_v02__L2__C6_D4__r05_s28105,scene_translate_v02,TRANSLATE,C6,D4,28105,45,95,2263,0.230800612,True,False,False
v1__scene_translate_v02__L2__C6_D8__r01_s28101,scene_translate_v02,TRANSLATE,C6,D8,28101,45,95,2263,0.230800612,True,False,False
v1__scene_translate_v02__L2__C6_D8__r02_s28102,scene_translate_v02,TRANSLATE,C6,D8,28102,45,95,2263,0.230800612,True,False,False
v1__scene_translate_v02__L2__C6_D8__r03_s28103,scene_translate_v02,TRANSLATE,C6,D8,28103,45,95,2263,0.230800612,True,False,False
v1__scene_translate_v02__L2__C6_D8__r04_s28104,scene_translate_v02,TRANSLATE,C6,D8,28104,45,95,2263,0.230800612,True,False,False
v1__scene_translate_v02__L2__C6_D8__r05_s28105,scene_translate_v02,TRANSLATE,C6,D8,28105,45,95,2263,0.230800612,True,False,False
v1__scene_translate_v03__L2__C0_NA__r02_s28102,scene_translate_v03,TRANSLATE,C0,,28102,18,45,4270,0.464483846,True,False,False
v1__scene_translate_v03__L2__C0_NA__r04_s28104,scene_translate_v03,TRANSLATE,C0,,28104,18,45,4270,0.464483846,True,False,False
v1__scene_translate_v03__L2__C0_NA__r05_s28105,scene_translate_v03,TRANSLATE,C0,,28105,18,45,4270,0.464483846,True,False,False
v1__scene_translate_v03__L2__C1_NA__r01_s28101,scene_translate_v03,TRANSLATE,C1,,28101,18,45,4270,0.464483846,True,False,False
v1__scene_translate_v03__L2__C1_NA__r02_s28102,scene_translate_v03,TRANSLATE,C1,,28102,18,45,4270,0.464483846,True,False,False
v1__scene_translate_v03__L2__C1_NA__r03_s28103,scene_translate_v03,TRANSLATE,C1,,28103,18,45,4270,0.464483846,True,False,False
v1__scene_translate_v03__L2__C1_NA__r04_s28104,scene_translate_v03,TRANSLATE,C1,,28104,18,45,4270,0.464483846,True,False,False
v1__scene_translate_v03__L2__C1_NA__r05_s28105,scene_translate_v03,TRANSLATE,C1,,28105,18,45,4270,0.464483846,True,False,False
v1__scene_translate_v03__L2__C2_D4__r01_s28101,scene_translate_v03,TRANSLATE,C2,D4,28101,18,45,4270,0.464483846,True,False,False
v1__scene_translate_v03__L2__C2_D4__r02_s28102,scene_translate_v03,TRANSLATE,C2,D4,28102,18,45,4270,0.464483846,True,False,False
v1__scene_translate_v03__L2__C2_D4__r03_s28103,scene_translate_v03,TRANSLATE,C2,D4,28103,18,45,4270,0.464483846,True,False,False
v1__scene_translate_v03__L2__C2_D4__r04_s28104,scene_translate_v03,TRANSLATE,C2,D4,28104,18,45,4270,0.464483846,True,False,False
v1__scene_translate_v03__L2__C2_D4__r05_s28105,scene_translate_v03,TRANSLATE,C2,D4,28105,18,45,4270,0.464483846,True,False,False
v1__scene_translate_v03__L2__C2_D8__r01_s28101,scene_translate_v03,TRANSLATE,C2,D8,28101,18,45,4270,0.464483846,True,False,False
v1__scene_translate_v03__L2__C2_D8__r02_s28102,scene_translate_v03,TRANSLATE,C2,D8,28102,18,45,4270,0.464483846,True,False,False
v1__scene_translate_v03__L2__C2_D8__r03_s28103,scene_translate_v03,TRANSLATE,C2,D8,28103,18,45,4270,0.464483846,True,False,False
v1__scene_translate_v03__L2__C2_D8__r04_s28104,scene_translate_v03,TRANSLATE,C2,D8,28104,18,45,4270,0.464483846,True,False,False
v1__scene_translate_v03__L2__C2_D8__r05_s28105,scene_translate_v03,TRANSLATE,C2,D8,28105,18,45,4270,0.464483846,True,False,False
v1__scene_translate_v03__L2__C3_D4__r04_s28104,scene_translate_v03,TRANSLATE,C3,D4,28104,18,45,4270,0.464483846,True,False,False
v1__scene_translate_v03__L2__C3_D4__r05_s28105,scene_translate_v03,TRANSLATE,C3,D4,28105,18,45,4270,0.464483846,True,False,False
v1__scene_translate_v03__L2__C3_D8__r02_s28102,scene_translate_v03,TRANSLATE,C3,D8,28102,18,45,4270,0.464483846,True,False,False
v1__scene_translate_v03__L2__C3_D8__r04_s28104,scene_translate_v03,TRANSLATE,C3,D8,28104,18,45,4270,0.464483846,True,False,False
v1__scene_translate_v03__L2__C4_D4__r01_s28101,scene_translate_v03,TRANSLATE,C4,D4,28101,18,45,4270,0.464483846,True,False,False
v1__scene_translate_v03__L2__C4_D4__r02_s28102,scene_translate_v03,TRANSLATE,C4,D4,28102,18,45,4270,0.464483846,True,False,False
v1__scene_translate_v03__L2__C4_D4__r03_s28103,scene_translate_v03,TRANSLATE,C4,D4,28103,18,45,4270,0.464483846,True,False,False
v1__scene_translate_v03__L2__C4_D4__r04_s28104,scene_translate_v03,TRANSLATE,C4,D4,28104,18,45,4270,0.464483846,True,False,False
v1__scene_translate_v03__L2__C4_D4__r05_s28105,scene_translate_v03,TRANSLATE,C4,D4,28105,18,45,4270,0.464483846,True,False,False
v1__scene_translate_v03__L2__C4_D8__r04_s28104,scene_translate_v03,TRANSLATE,C4,D8,28104,18,45,4270,0.464483846,True,False,False
v1__scene_translate_v03__L2__C4_D8__r05_s28105,scene_translate_v03,TRANSLATE,C4,D8,28105,18,45,4270,0.464483846,True,False,False
v1__scene_translate_v03__L2__C5_D4__r04_s28104,scene_translate_v03,TRANSLATE,C5,D4,28104,18,45,4270,0.464483846,True,False,False
v1__scene_translate_v03__L2__C5_D8__r02_s28102,scene_translate_v03,TRANSLATE,C5,D8,28102,18,45,4270,0.464483846,True,False,False
v1__scene_translate_v03__L2__C5_D8__r04_s28104,scene_translate_v03,TRANSLATE,C5,D8,28104,18,45,4270,0.464483846,True,False,False
v1__scene_translate_v03__L2__C5_D8__r05_s28105,scene_translate_v03,TRANSLATE,C5,D8,28105,18,45,4270,0.464483846,True,False,False
v1__scene_translate_v03__L2__C6_D4__r04_s28104,scene_translate_v03,TRANSLATE,C6,D4,28104,18,45,4270,0.464483846,True,False,False
v1__scene_translate_v03__L2__C6_D8__r04_s28104,scene_translate_v03,TRANSLATE,C6,D8,28104,18,45,4270,0.464483846,True,False,False
v1__scene_translate_v04__L2__C0_NA__r01_s28101,scene_translate_v04,TRANSLATE,C0,,28101,13,84,5103,0.572727273,True,False,False
v1__scene_translate_v04__L2__C0_NA__r02_s28102,scene_translate_v04,TRANSLATE,C0,,28102,13,84,5103,0.572727273,True,False,False
v1__scene_translate_v04__L2__C0_NA__r03_s28103,scene_translate_v04,TRANSLATE,C0,,28103,13,84,5103,0.572727273,True,False,False
v1__scene_translate_v04__L2__C0_NA__r04_s28104,scene_translate_v04,TRANSLATE,C0,,28104,13,84,5103,0.572727273,True,False,False
v1__scene_translate_v04__L2__C0_NA__r05_s28105,scene_translate_v04,TRANSLATE,C0,,28105,13,84,5103,0.572727273,True,False,False
v1__scene_translate_v04__L2__C1_NA__r01_s28101,scene_translate_v04,TRANSLATE,C1,,28101,13,84,5103,0.572727273,True,False,False
v1__scene_translate_v04__L2__C1_NA__r02_s28102,scene_translate_v04,TRANSLATE,C1,,28102,13,84,5103,0.572727273,True,False,False
v1__scene_translate_v04__L2__C1_NA__r03_s28103,scene_translate_v04,TRANSLATE,C1,,28103,13,84,5103,0.572727273,True,False,False
v1__scene_translate_v04__L2__C1_NA__r04_s28104,scene_translate_v04,TRANSLATE,C1,,28104,13,84,5103,0.572727273,True,False,False
v1__scene_translate_v04__L2__C1_NA__r05_s28105,scene_translate_v04,TRANSLATE,C1,,28105,13,84,5103,0.572727273,True,False,False
v1__scene_translate_v04__L2__C2_D4__r01_s28101,scene_translate_v04,TRANSLATE,C2,D4,28101,13,84,5103,0.572727273,True,False,False
v1__scene_translate_v04__L2__C2_D4__r02_s28102,scene_translate_v04,TRANSLATE,C2,D4,28102,13,84,5103,0.572727273,True,False,False
v1__scene_translate_v04__L2__C2_D4__r03_s28103,scene_translate_v04,TRANSLATE,C2,D4,28103,13,84,5103,0.572727273,True,False,False
v1__scene_translate_v04__L2__C2_D8__r02_s28102,scene_translate_v04,TRANSLATE,C2,D8,28102,13,84,5103,0.572727273,True,False,False
v1__scene_translate_v04__L2__C2_D8__r03_s28103,scene_translate_v04,TRANSLATE,C2,D8,28103,13,84,5103,0.572727273,True,False,False
v1__scene_translate_v04__L2__C3_D4__r01_s28101,scene_translate_v04,TRANSLATE,C3,D4,28101,13,84,5103,0.572727273,True,False,False
v1__scene_translate_v04__L2__C3_D4__r02_s28102,scene_translate_v04,TRANSLATE,C3,D4,28102,13,84,5103,0.572727273,True,False,False
v1__scene_translate_v04__L2__C3_D4__r03_s28103,scene_translate_v04,TRANSLATE,C3,D4,28103,13,84,5103,0.572727273,True,False,False
v1__scene_translate_v04__L2__C3_D4__r04_s28104,scene_translate_v04,TRANSLATE,C3,D4,28104,13,84,5103,0.572727273,True,False,False
v1__scene_translate_v04__L2__C3_D4__r05_s28105,scene_translate_v04,TRANSLATE,C3,D4,28105,13,84,5103,0.572727273,True,False,False
v1__scene_translate_v04__L2__C3_D8__r01_s28101,scene_translate_v04,TRANSLATE,C3,D8,28101,13,84,5103,0.572727273,True,False,False
v1__scene_translate_v04__L2__C3_D8__r02_s28102,scene_translate_v04,TRANSLATE,C3,D8,28102,13,84,5103,0.572727273,True,False,False
v1__scene_translate_v04__L2__C3_D8__r03_s28103,scene_translate_v04,TRANSLATE,C3,D8,28103,13,84,5103,0.572727273,True,False,False
v1__scene_translate_v04__L2__C3_D8__r04_s28104,scene_translate_v04,TRANSLATE,C3,D8,28104,13,84,5103,0.572727273,True,False,False
v1__scene_translate_v04__L2__C3_D8__r05_s28105,scene_translate_v04,TRANSLATE,C3,D8,28105,13,84,5103,0.572727273,True,False,False
v1__scene_translate_v04__L2__C4_D4__r01_s28101,scene_translate_v04,TRANSLATE,C4,D4,28101,13,84,5103,0.572727273,True,False,False
v1__scene_translate_v04__L2__C4_D4__r02_s28102,scene_translate_v04,TRANSLATE,C4,D4,28102,13,84,5103,0.572727273,True,False,False
v1__scene_translate_v04__L2__C4_D4__r03_s28103,scene_translate_v04,TRANSLATE,C4,D4,28103,13,84,5103,0.572727273,True,False,False
v1__scene_translate_v04__L2__C4_D4__r04_s28104,scene_translate_v04,TRANSLATE,C4,D4,28104,13,84,5103,0.572727273,True,False,False
v1__scene_translate_v04__L2__C4_D4__r05_s28105,scene_translate_v04,TRANSLATE,C4,D4,28105,13,84,5103,0.572727273,True,False,False
v1__scene_translate_v04__L2__C4_D8__r01_s28101,scene_translate_v04,TRANSLATE,C4,D8,28101,13,84,5103,0.572727273,True,False,False
v1__scene_translate_v04__L2__C4_D8__r02_s28102,scene_translate_v04,TRANSLATE,C4,D8,28102,13,84,5103,0.572727273,True,False,False
v1__scene_translate_v04__L2__C4_D8__r03_s28103,scene_translate_v04,TRANSLATE,C4,D8,28103,13,84,5103,0.572727273,True,False,False
v1__scene_translate_v04__L2__C4_D8__r04_s28104,scene_translate_v04,TRANSLATE,C4,D8,28104,13,84,5103,0.572727273,True,False,False
v1__scene_translate_v04__L2__C4_D8__r05_s28105,scene_translate_v04,TRANSLATE,C4,D8,28105,13,84,5103,0.572727273,True,False,False
v1__scene_translate_v04__L2__C5_D4__r01_s28101,scene_translate_v04,TRANSLATE,C5,D4,28101,13,84,5103,0.572727273,True,False,False
v1__scene_translate_v04__L2__C5_D4__r02_s28102,scene_translate_v04,TRANSLATE,C5,D4,28102,13,84,5103,0.572727273,True,False,False
v1__scene_translate_v04__L2__C5_D4__r03_s28103,scene_translate_v04,TRANSLATE,C5,D4,28103,13,84,5103,0.572727273,True,False,False
v1__scene_translate_v04__L2__C5_D4__r04_s28104,scene_translate_v04,TRANSLATE,C5,D4,28104,13,84,5103,0.572727273,True,False,False
v1__scene_translate_v04__L2__C5_D4__r05_s28105,scene_translate_v04,TRANSLATE,C5,D4,28105,13,84,5103,0.572727273,True,False,False
v1__scene_translate_v04__L2__C5_D8__r01_s28101,scene_translate_v04,TRANSLATE,C5,D8,28101,13,84,5103,0.572727273,True,False,False
v1__scene_translate_v04__L2__C5_D8__r02_s28102,scene_translate_v04,TRANSLATE,C5,D8,28102,13,84,5103,0.572727273,True,False,False
v1__scene_translate_v04__L2__C5_D8__r03_s28103,scene_translate_v04,TRANSLATE,C5,D8,28103,13,84,5103,0.572727273,True,False,False
v1__scene_translate_v04__L2__C5_D8__r04_s28104,scene_translate_v04,TRANSLATE,C5,D8,28104,13,84,5103,0.572727273,True,False,False
v1__scene_translate_v04__L2__C5_D8__r05_s28105,scene_translate_v04,TRANSLATE,C5,D8,28105,13,84,5103,0.572727273,True,False,False
v1__scene_translate_v04__L2__C6_D4__r01_s28101,scene_translate_v04,TRANSLATE,C6,D4,28101,13,84,5103,0.572727273,True,False,False
v1__scene_translate_v04__L2__C6_D4__r02_s28102,scene_translate_v04,TRANSLATE,C6,D4,28102,13,84,5103,0.572727273,True,False,False
v1__scene_translate_v04__L2__C6_D4__r03_s28103,scene_translate_v04,TRANSLATE,C6,D4,28103,13,84,5103,0.572727273,True,False,False
v1__scene_translate_v04__L2__C6_D4__r04_s28104,scene_translate_v04,TRANSLATE,C6,D4,28104,13,84,5103,0.572727273,True,False,False
v1__scene_translate_v04__L2__C6_D4__r05_s28105,scene_translate_v04,TRANSLATE,C6,D4,28105,13,84,5103,0.572727273,True,False,False
v1__scene_translate_v04__L2__C6_D8__r01_s28101,scene_translate_v04,TRANSLATE,C6,D8,28101,13,84,5103,0.572727273,True,False,False
v1__scene_translate_v04__L2__C6_D8__r02_s28102,scene_translate_v04,TRANSLATE,C6,D8,28102,13,84,5103,0.572727273,True,False,False
v1__scene_translate_v04__L2__C6_D8__r03_s28103,scene_translate_v04,TRANSLATE,C6,D8,28103,13,84,5103,0.572727273,True,False,False
v1__scene_translate_v04__L2__C6_D8__r04_s28104,scene_translate_v04,TRANSLATE,C6,D8,28104,13,84,5103,0.572727273,True,False,False
v1__scene_translate_v04__L2__C6_D8__r05_s28105,scene_translate_v04,TRANSLATE,C6,D8,28105,13,84,5103,0.572727273,True,False,False
v1__scene_translate_v05__L2__C1_NA__r01_s28101,scene_translate_v05,TRANSLATE,C1,,28101,54,79,5350,0.524458386,True,False,False
v1__scene_translate_v05__L2__C1_NA__r02_s28102,scene_translate_v05,TRANSLATE,C1,,28102,54,79,5350,0.524458386,True,False,False
v1__scene_translate_v05__L2__C1_NA__r03_s28103,scene_translate_v05,TRANSLATE,C1,,28103,54,79,5350,0.524458386,True,False,False
v1__scene_translate_v05__L2__C1_NA__r04_s28104,scene_translate_v05,TRANSLATE,C1,,28104,54,79,5350,0.524458386,True,False,False
v1__scene_translate_v05__L2__C1_NA__r05_s28105,scene_translate_v05,TRANSLATE,C1,,28105,54,79,5350,0.524458386,True,False,False
v1__scene_translate_v05__L2__C2_D4__r01_s28101,scene_translate_v05,TRANSLATE,C2,D4,28101,54,79,5350,0.524458386,True,False,False
v1__scene_translate_v05__L2__C2_D4__r02_s28102,scene_translate_v05,TRANSLATE,C2,D4,28102,54,79,5350,0.524458386,True,False,False
v1__scene_translate_v05__L2__C2_D4__r03_s28103,scene_translate_v05,TRANSLATE,C2,D4,28103,54,79,5350,0.524458386,True,False,False
v1__scene_translate_v05__L2__C2_D4__r04_s28104,scene_translate_v05,TRANSLATE,C2,D4,28104,54,79,5350,0.524458386,True,False,False
v1__scene_translate_v05__L2__C2_D4__r05_s28105,scene_translate_v05,TRANSLATE,C2,D4,28105,54,79,5350,0.524458386,True,False,False
v1__scene_translate_v05__L2__C2_D8__r01_s28101,scene_translate_v05,TRANSLATE,C2,D8,28101,54,79,5350,0.524458386,True,False,False
v1__scene_translate_v05__L2__C2_D8__r02_s28102,scene_translate_v05,TRANSLATE,C2,D8,28102,54,79,5350,0.524458386,True,False,False
v1__scene_translate_v05__L2__C2_D8__r03_s28103,scene_translate_v05,TRANSLATE,C2,D8,28103,54,79,5350,0.524458386,True,False,False
v1__scene_translate_v05__L2__C2_D8__r04_s28104,scene_translate_v05,TRANSLATE,C2,D8,28104,54,79,5350,0.524458386,True,False,False
v1__scene_translate_v05__L2__C3_D4__r01_s28101,scene_translate_v05,TRANSLATE,C3,D4,28101,54,79,5350,0.524458386,True,False,False
v1__scene_translate_v05__L2__C3_D4__r02_s28102,scene_translate_v05,TRANSLATE,C3,D4,28102,54,79,5350,0.524458386,True,False,False
v1__scene_translate_v05__L2__C3_D4__r03_s28103,scene_translate_v05,TRANSLATE,C3,D4,28103,54,79,5350,0.524458386,True,False,False
v1__scene_translate_v05__L2__C3_D4__r04_s28104,scene_translate_v05,TRANSLATE,C3,D4,28104,54,79,5350,0.524458386,True,False,False
v1__scene_translate_v05__L2__C3_D4__r05_s28105,scene_translate_v05,TRANSLATE,C3,D4,28105,54,79,5350,0.524458386,True,False,False
v1__scene_translate_v05__L2__C3_D8__r01_s28101,scene_translate_v05,TRANSLATE,C3,D8,28101,54,79,5350,0.524458386,True,False,False
v1__scene_translate_v05__L2__C3_D8__r02_s28102,scene_translate_v05,TRANSLATE,C3,D8,28102,54,79,5350,0.524458386,True,False,False
v1__scene_translate_v05__L2__C3_D8__r03_s28103,scene_translate_v05,TRANSLATE,C3,D8,28103,54,79,5350,0.524458386,True,False,False
v1__scene_translate_v05__L2__C3_D8__r04_s28104,scene_translate_v05,TRANSLATE,C3,D8,28104,54,79,5350,0.524458386,True,False,False
v1__scene_translate_v05__L2__C4_D4__r02_s28102,scene_translate_v05,TRANSLATE,C4,D4,28102,54,79,5350,0.524458386,True,False,False
v1__scene_translate_v05__L2__C4_D4__r03_s28103,scene_translate_v05,TRANSLATE,C4,D4,28103,54,79,5350,0.524458386,True,False,False
v1__scene_translate_v05__L2__C4_D4__r04_s28104,scene_translate_v05,TRANSLATE,C4,D4,28104,54,79,5350,0.524458386,True,False,False
v1__scene_translate_v05__L2__C4_D4__r05_s28105,scene_translate_v05,TRANSLATE,C4,D4,28105,54,79,5350,0.524458386,True,False,False
v1__scene_translate_v05__L2__C4_D8__r01_s28101,scene_translate_v05,TRANSLATE,C4,D8,28101,54,79,5350,0.524458386,True,False,False
v1__scene_translate_v05__L2__C4_D8__r03_s28103,scene_translate_v05,TRANSLATE,C4,D8,28103,54,79,5350,0.524458386,True,False,False
v1__scene_translate_v05__L2__C4_D8__r04_s28104,scene_translate_v05,TRANSLATE,C4,D8,28104,54,79,5350,0.524458386,True,False,False
v1__scene_translate_v05__L2__C4_D8__r05_s28105,scene_translate_v05,TRANSLATE,C4,D8,28105,54,79,5350,0.524458386,True,False,False
v1__scene_translate_v05__L2__C5_D4__r01_s28101,scene_translate_v05,TRANSLATE,C5,D4,28101,54,79,5350,0.524458386,True,False,False
v1__scene_translate_v05__L2__C5_D4__r04_s28104,scene_translate_v05,TRANSLATE,C5,D4,28104,54,79,5350,0.524458386,True,False,False
v1__scene_translate_v05__L2__C5_D8__r03_s28103,scene_translate_v05,TRANSLATE,C5,D8,28103,54,79,5350,0.524458386,True,False,False
v1__scene_translate_v05__L2__C6_D4__r01_s28101,scene_translate_v05,TRANSLATE,C6,D4,28101,54,79,5350,0.524458386,True,False,False
v1__scene_translate_v05__L2__C6_D4__r03_s28103,scene_translate_v05,TRANSLATE,C6,D4,28103,54,79,5350,0.524458386,True,False,False
v1__scene_translate_v05__L2__C6_D4__r04_s28104,scene_translate_v05,TRANSLATE,C6,D4,28104,54,79,5350,0.524458386,True,False,False
v1__scene_translate_v05__L2__C6_D8__r01_s28101,scene_translate_v05,TRANSLATE,C6,D8,28101,54,79,5350,0.524458386,True,False,False
v1__scene_translate_v05__L2__C6_D8__r03_s28103,scene_translate_v05,TRANSLATE,C6,D8,28103,54,79,5350,0.524458386,True,False,False
v1__scene_translate_v05__L2__C6_D8__r04_s28104,scene_translate_v05,TRANSLATE,C6,D8,28104,54,79,5350,0.524458386,True,False,False
