run_id,scene_id,scene_family,condition,resolution,seed,target_id,visible_object_ids_left_to_right,candidate_count,correct_candidate_count,expected_occluder_ids,predicted_occluder_ids,visible_order_correct,target_id_correct,full_output_exact_match,occluder_set_exact_match,truth_any_occlusion,predicted_any_occlusion,any_occlusion_correct
v1__scene_fc_blocked_v01__L2__C0_NA__r01_s28101,scene_fc_blocked_v01,FC_BLOCKED,C0,,28101,64,"[46, 64, 40, 59]",3,3,[],[],True,True,True,True,False,False,True
v1__scene_fc_blocked_v01__L2__C0_NA__r02_s28102,scene_fc_blocked_v01,FC_BLOCKED,C0,,28102,64,"[46, 64, 40, 59]",3,3,[],[],True,True,True,True,False,False,True
v1__scene_fc_blocked_v01__L2__C0_NA__r03_s28103,scene_fc_blocked_v01,FC_BLOCKED,C0,,28103,64,"[46, 64, 40, 59]",3,3,[],[],True,True,True,True,False,False,True
v1__scene_fc_blocked_v01__L2__C0_NA__r04_s28104,scene_fc_blocked_v01,FC_BLOCKED,C0,,28104,64,"[46, 64, 40, 59]",3,3,[],[],True,True,True,True,False,False,True
v1__scene_fc_blocked_v01__L2__C0_NA__r05_s28105,scene_fc_blocked_v01,FC_BLOCKED,C0,,28105,64,"[46, 64, 40, 59]",3,3,[],[],True,True,True,True,False,False,True
v1__scene_fc_blocked_v01__L2__C1_NA__r01_s28101,scene_fc_blocked_v01,FC_BLOCKED,C1,,28101,64,"[46, 64, 40, 59]",3,3,[],[],True,True,True,True,False,False,True
v1__scene_fc_blocked_v01__L2__C1_NA__r02_s28102,scene_fc_blocked_v01,FC_BLOCKED,C1,,28102,64,"[46, 64, 40, 59]",3,3,[],[],True,True,True,True,False,False,True
v1__scene_fc_blocked_v01__L2__C1_NA__r03_s28103,scene_fc_blocked_v01,FC_BLOCKED,C1,,28103,64,"[46, 64, 40, 59]",3,3,[],[],True,True,True,True,False,False,True
v1__scene_fc_blocked_v01__L2__C1_NA__r04_s28104,scene_fc_blocked_v01,FC_BLOCKED,C1,,28104,64,"[46, 64, 40, 59]",3,3,[],[],True,True,True,True,False,False,True
v1__scene_fc_blocked_v01__L2__C1_NA__r05_s28105,scene_fc_blocked_v01,FC_BLOCKED,C1,,28105,64,"[46, 64, 40, 59]",3,3,[],[],True,True,True,True,False,False,True
v1__scene_fc_blocked_v01__L2__C2_D4__r01_s28101,scene_fc_blocked_v01,FC_BLOCKED,C2,D4,28101,64,"[46, 64, 40, 59]",3,3,[],[],True,True,True,True,False,False,True
v1__scene_fc_blocked_v01__L2__C2_D4__r02_s28102,scene_fc_blocked_v01,FC_BLOCKED,C2,D4,28102,64,"[46, 64, 40, 59]",3,3,[],[],True,True,True,True,False,False,True
v1__scene_fc_blocked_v01__L2__C2_D4__r03_s28103,scene_fc_blocked_v01,FC_BLOCKED,C2,D4,28103,64,"[46, 64, 40, 59]",3,3,[],[],True,True,True,True,False,False,True
v1__scene_fc_blocked_v01__L2__C2_D4__r04_s28104,scene_fc_blocked_v01,FC_BLOCKED,C2,D4,28104,64,"[46, 64, 40, 59]",3,3,[],[],True,True,True,True,False,False,True
v1__scene_fc_blocked_v01__L2__C2_D4__r05_s28105,scene_fc_blocked_v01,FC_BLOCKED,C2,D4,28105,64,"[46, 64, 40, 59]",3,3,[],[],True,True,True,True,False,False,True
v1__scene_fc_blocked_v01__L2__C2_D8__r01_s28101,scene_fc_blocked_v01,FC_BLOCKED,C2,D8,28101,64,"[46, 64, 40, 59]",3,3,[],[],True,True,True,True,False,False,True
v1__scene_fc_blocked_v01__L2__C2_D8__r02_s28102,scene_fc_blocked_v01,FC_BLOCKED,C2,D8,28102,64,"[46, 64, 40, 59]",3,3,[],[],True,True,True,True,False,False,True
v1__scene_fc_blocked_v01__L2__C2_D8__r03_s28103,scene_fc_blocked_v01,FC_BLOCKED,C2,D8,28103,64,"[46, 64, 40, 59]",3,3,[],[],True,True,True,True,False,False,True
v1__scene_fc_blocked_v01__L2__C2_D8__r04_s28104,scene_fc_blocked_v01,FC_BLOCKED,C2,D8,28104,64,"[46, 64, 40, 59]",3,3,[],[],True,True,True,True,False,False,True
v1__scene_fc_blocked_v01__L2__C2_D8__r05_s28105,scene_fc_blocked_v01,FC_BLOCKED,C2,D8,28105,64,"[46, 64, 40, 59]",3,3,[],[],True,True,True,True,False,False,True
v1__scene_fc_blocked_v01__L2__C3_D4__r01_s28101,scene_fc_blocked_v01,FC_BLOCKED,C3,D4,28101,64,"[46, 64, 40, 59]",3,3,[],[],True,True,True,True,False,False,True
v1__scene_fc_blocked_v01__L2__C3_D4__r02_s28102,scene_fc_blocked_v01,FC_BLOCKED,C3,D4,28102,64,"[46, 64, 40, 59]",3,3,[],[],True,True,True,True,False,False,True
v1__scene_fc_blocked_v01__L2__C3_D4__r03_s28103,scene_fc_blocked_v01,FC_BLOCKED,C3,D4,28103,64,"[46, 64, 40, 59]",3,3,[],[],True,True,True,True,False,False,True
v1__scene_fc_blocked_v01__L2__C3_D4__r04_s28104,scene_fc_blocked_v01,FC_BLOCKED,C3,D4,28104,64,"[46, 64, 40, 59]",3,3,[],[],True,True,True,True,False,False,True
v1__scene_fc_blocked_v01__L2__C3_D4__r05_s28105,scene_fc_blocked_v01,FC_BLOCKED,C3,D4,28105,64,"[46, 64, 40, 59]",3,3,[],[],True,True,True,True,False,False,True
v1__scene_fc_blocked_v01__L2__C3_D8__r01_s28101,scene_fc_blocked_v01,FC_BLOCKED,C3,D8,28101,64,"[46, 64, 40, 59]",3,3,[],[],True,True,True,True,False,False,True
v1__scene_fc_blocked_v01__L2__C3_D8__r02_s28102,scene_fc_blocked_v01,FC_BLOCKED,C3,D8,28102,64,"[46, 64, 40, 59]",3,3,[],[],True,True,True,True,False,False,True
v1__scene_fc_blocked_v01__L2__C3_D8__r03_s28103,scene_fc_blocked_v01,FC_BLOCKED,C3,D8,28103,64,"[46, 64, 40, 59]",3,3,[],[],True,True,True,True,False,False,True
v1__scene_fc_blocked_v01__L2__C3_D8__r04_s28104,scene_fc_blocked_v01,FC_BLOCKED,C3,D8,28104,64,"[46, 64, 40, 59]",3,3,[],[],True,True,True,True,False,False,True
v1__scene_fc_blocked_v01__L2__C3_D8__r05_s28105,scene_fc_blocked_v01,FC_BLOCKED,C3,D8,28105,64,"[46, 64, 40, 59]",3,3,[],[],True,True,True,True,False,False,True
v1__scene_fc_blocked_v01__L2__C4_D4__r01_s28101,scene_fc_blocked_v01,FC_BLOCKED,C4,D4,28101,64,"[46, 64, 40, 59]",3,3,[],[],True,True,True,True,False,False,True
v1__scene_fc_blocked_v01__L2__C4_D4__r02_s28102,scene_fc_blocked_v01,FC_BLOCKED,C4,D4,28102,64,"[46, 64, 40, 59]",3,3,[],[],True,True,True,True,False,False,True
v1__scene_fc_blocked_v01__L2__C4_D4__r03_s28103,scene_fc_blocked_v01,FC_BLOCKED,C4,D4,28103,64,"[46, 64, 40, 59]",3,3,[],[],True,True,True,True,False,False,True
v1__scene_fc_blocked_v01__L2__C4_D4__r04_s28104,scene_fc_blocked_v01,FC_BLOCKED,C4,D4,28104,64,"[46, 64, 40, 59]",3,3,[],[],True,True,True,True,False,False,True
v1__scene_fc_blocked_v01__L2__C4_D4__r05_s28105,scene_fc_blocked_v01,FC_BLOCKED,C4,D4,28105,64,"[46, 64, 40, 59]",3,3,[],[],True,True,True,True,False,False,True
v1__scene_fc_blocked_v01__L2__C4_D8__r01_s28101,scene_fc_blocked_v01,FC_BLOCKED,C4,D8,28101,64,"[46, 64, 40, 59]",3,3,[],[],True,True,True,True,False,False,True
v1__scene_fc_blocked_v01__L2__C4_D8__r02_s28102,scene_fc_blocked_v01,FC_BLOCKED,C4,D8,28102,64,"[46, 64, 40, 59]",3,3,[],[],True,True,True,True,False,False,True
v1__scene_fc_blocked_v01__L2__C4_D8__r03_s28103,scene_fc_blocked_v01,FC_BLOCKED,C4,D8,28103,64,"[46, 64, 40, 59]",3,3,[],[],True,True,True,True,False,False,True
v1__scene_fc_blocked_v01__L2__C4_D8__r04_s28104,scene_fc_blocked_v01,FC_BLOCKED,C4,D8,28104,64,"[46, 64, 40, 59]",3,3,[],[],True,True,True,True,False,False,True
v1__scene_fc_blocked_v01__L2__C4_D8__r05_s28105,scene_fc_blocked_v01,FC_BLOCKED,C4,D8,28105,64,"[46, 64, 40, 59]",3,3,[],[],True,True,True,True,False,False,True
v1__scene_fc_blocked_v01__L2__C5_D4__r01_s28101,scene_fc_blocked_v01,FC_BLOCKED,C5,D4,28101,64,"[46, 64, 40, 59]",3,3,[],[],True,True,True,True,False,False,True
v1__scene_fc_blocked_v01__L2__C5_D4__r02_s28102,scene_fc_blocked_v01,FC_BLOCKED,C5,D4,28102,64,"[46, 64, 40, 59]",3,3,[],[],True,True,True,True,False,False,True
v1__scene_fc_blocked_v01__L2__C5_D4__r03_s28103,scene_fc_blocked_v01,FC_BLOCKED,C5,D4,28103,64,"[46, 64, 40, 59]",3,3,[],[],True,True,True,True,False,False,True
v1__scene_fc_blocked_v01__L2__C5_D4__r04_s28104,scene_fc_blocked_v01,FC_BLOCKED,C5,D4,28104,64,"[46, 64, 40, 59]",3,3,[],[],True,True,True,True,False,False,True
v1__scene_fc_blocked_v01__L2__C5_D4__r05_s28105,scene_fc_blocked_v01,FC_BLOCKED,C5,D4,28105,64,"[46, 64, 40, 59]",3,3,[],[],True,True,True,True,False,False,True
v1__scene_fc_blocked_v01__L2__C5_D8__r01_s28101,scene_fc_blocked_v01,FC_BLOCKED,C5,D8,28101,64,"[46, 64, 40, 59]",3,3,[],[],True,True,True,True,False,False,True
v1__scene_fc_blocked_v01__L2__C5_D8__r02_s28102,scene_fc_blocked_v01,FC_BLOCKED,C5,D8,28102,64,"[46, 64, 40, 59]",3,3,[],[],True,True,True,True,False,False,True
v1__scene_fc_blocked_v01__L2__C5_D8__r03_s28103,scene_fc_blocked_v01,FC_BLOCKED,C5,D8,28103,64,"[46, 64, 40, 59]",3,3,[],[],True,True,True,True,False,False,True
v1__scene_fc_blocked_v01__L2__C5_D8__r04_s28104,scene_fc_blocked_v01,FC_BLOCKED,C5,D8,28104,64,"[46, 64, 40, 59]",3,3,[],[],True,True,True,True,False,False,True
v1__scene_fc_blocked_v01__L2__C5_D8__r05_s28105,scene_fc_blocked_v01,FC_BLOCKED,C5,D8,28105,64,"[46, 64, 40, 59]",3,3,[],[],True,True,True,True,False,False,True
v1__scene_fc_blocked_v01__L2__C6_D4__r01_s28101,scene_fc_blocked_v01,FC_BLOCKED,C6,D4,28101,64,"[46, 64, 40, 59]",3,3,[],[],True,True,True,True,False,False,True
v1__scene_fc_blocked_v01__L2__C6_D4__r02_s28102,scene_fc_blocked_v01,FC_BLOCKED,C6,D4,28102,64,"[46, 64, 40, 59]",3,3,[],[],True,True,True,True,False,False,True
v1__scene_fc_blocked_v01__L2__C6_D4__r03_s28103,scene_fc_blocked_v01,FC_BLOCKED,C6,D4,28103,64,"[46, 64, 40, 59]",3,3,[],[],True,True,True,True,False,False,True
v1__scene_fc_blocked_v01__L2__C6_D4__r04_s28104,scene_fc_blocked_v01,FC_BLOCKED,C6,D4,28104,64,"[46, 64, 40, 59]",3,3,[],[],True,True,True,True,False,False,True
v1__scene_fc_blocked_v01__L2__C6_D4__r05_s28105,scene_fc_blocked_v01,FC_BLOCKED,C6,D4,28105,64,"[46, 64, 40, 59]",3,3,[],[],True,True,True,True,False,False,True
v1__scene_fc_blocked_v01__L2__C6_D8__r01_s28101,scene_fc_blocked_v01,FC_BLOCKED,C6,D8,28101,64,"[46, 64, 40, 59]",3,3,[],[],True,True,True,True,False,False,True
v1__scene_fc_blocked_v01__L2__C6_D8__r02_s28102,scene_fc_blocked_v01,FC_BLOCKED,C6,D8,28102,64,"[46, 64, 40, 59]",3,3,[],[],True,True,True,True,False,False,True
v1__scene_fc_blocked_v01__L2__C6_D8__r03_s28103,scene_fc_blocked_v01,FC_BLOCKED,C6,D8,28103,64,"[46, 64, 40, 59]",3,3,[],[],True,True,True,True,False,False,True
v1__scene_fc_blocked_v01__L2__C6_D8__r04_s28104,scene_fc_blocked_v01,FC_BLOCKED,C6,D8,28104,64,"[46, 64, 40, 59]",3,3,[],[],True,True,True,True,False,False,True
v1__scene_fc_blocked_v01__L2__C6_D8__r05_s28105,scene_fc_blocked_v01,FC_BLOCKED,C6,D8,28105,64,"[46, 64, 40, 59]",3,3,[],[],True,True,True,True,False,False,True
v1__scene_fc_blocked_v02__L2__C0_NA__r01_s28101,scene_fc_blocked_v02,FC_BLOCKED,C0,,28101,53,"[60, 49, 53, 78]",3,3,[],[],True,True,True,True,False,False,True
v1__scene_fc_blocked_v02__L2__C0_NA__r02_s28102,scene_fc_blocked_v02,FC_BLOCKED,C0,,28102,53,"[60, 49, 53, 78]",3,3,[],[],True,True,True,True,False,False,True
v1__scene_fc_blocked_v02__L2__C0_NA__r03_s28103,scene_fc_blocked_v02,FC_BLOCKED,C0,,28103,53,"[60, 49, 53, 78]",3,3,[],[],True,True,True,True,False,False,True
v1__scene_fc_blocked_v02__L2__C0_NA__r04_s28104,scene_fc_blocked_v02,FC_BLOCKED,C0,,28104,53,"[60, 49, 53, 78]",3,3,[],[],True,True,True,True,False,False,True
v1__scene_fc_blocked_v02__L2__C0_NA__r05_s28105,scene_fc_blocked_v02,FC_BLOCKED,C0,,28105,53,"[60, 49, 53, 78]",3,3,[],[],True,True,True,True,False,False,True
v1__scene_fc_blocked_v02__L2__C1_NA__r01_s28101,scene_fc_blocked_v02,FC_BLOCKED,C1,,28101,53,"[60, 49, 53, 78]",3,3,[],[],True,True,True,True,False,False,True
v1__scene_fc_blocked_v02__L2__C1_NA__r02_s28102,scene_fc_blocked_v02,FC_BLOCKED,C1,,28102,53,"[60, 49, 53, 78]",3,3,[],[],True,True,True,True,False,False,True
v1__scene_fc_blocked_v02__L2__C1_NA__r03_s28103,scene_fc_blocked_v02,FC_BLOCKED,C1,,28103,53,"[60, 49, 53, 78]",3,3,[],[],True,True,True,True,False,False,True
v1__scene_fc_blocked_v02__L2__C1_NA__r04_s28104,scene_fc_blocked_v02,FC_BLOCKED,C1,,28104,53,"[60, 49, 53, 78]",3,3,[],[],True,True,True,True,False,False,True
v1__scene_fc_blocked_v02__L2__C1_NA__r05_s28105,scene_fc_blocked_v02,FC_BLOCKED,C1,,28105,53,"[60, 49, 53, 78]",3,3,[],[],True,True,True,True,False,False,True
v1__scene_fc_blocked_v02__L2__C2_D4__r01_s28101,scene_fc_blocked_v02,FC_BLOCKED,C2,D4,28101,53,"[60, 49, 53, 78]",3,3,[],[],True,True,True,True,False,False,True
v1__scene_fc_blocked_v02__L2__C2_D4__r02_s28102,scene_fc_blocked_v02,FC_BLOCKED,C2,D4,28102,53,"[60, 49, 53, 78]",3,3,[],[],True,True,True,True,False,False,True
v1__scene_fc_blocked_v02__L2__C2_D4__r03_s28103,scene_fc_blocked_v02,FC_BLOCKED,C2,D4,28103,53,"[60, 49, 53, 78]",3,3,[],[],True,True,True,True,False,False,True
v1__scene_fc_blocked_v02__L2__C2_D4__r04_s28104,scene_fc_blocked_v02,FC_BLOCKED,C2,D4,28104,53,"[60, 49, 53, 78]",3,3,[],[],True,True,True,True,False,False,True
v1__scene_fc_blocked_v02__L2__C2_D4__r05_s28105,scene_fc_blocked_v02,FC_BLOCKED,C2,D4,28105,53,"[60, 49, 53, 78]",3,3,[],[],True,True,True,True,False,False,True
v1__scene_fc_blocked_v02__L2__C2_D8__r01_s28101,scene_fc_blocked_v02,FC_BLOCKED,C2,D8,28101,53,"[60, 49, 53, 78]",3,3,[],[],True,True,True,True,False,False,True
v1__scene_fc_blocked_v02__L2__C2_D8__r02_s28102,scene_fc_blocked_v02,FC_BLOCKED,C2,D8,28102,53,"[60, 49, 53, 78]",3,3,[],[],True,True,True,True,False,False,True
v1__scene_fc_blocked_v02__L2__C2_D8__r03_s28103,scene_fc_blocked_v02,FC_BLOCKED,C2,D8,28103,53,"[60, 49, 53, 78]",3,3,[],[],True,True,True,True,False,False,True
v1__scene_fc_blocked_v02__L2__C2_D8__r04_s28104,scene_fc_blocked_v02,FC_BLOCKED,C2,D8,28104,53,"[60, 49, 53, 78]",3,3,[],[],True,True,True,True,False,False,True
v1__scene_fc_blocked_v02__L2__C2_D8__r05_s28105,scene_fc_blocked_v02,FC_BLOCKED,C2,D8,28105,53,"[60, 49, 53, 78]",3,3,[],[],True,True,True,True,False,False,True
v1__scene_fc_blocked_v02__L2__C3_D4__r01_s28101,scene_fc_blocked_v02,FC_BLOCKED,C3,D4,28101,53,"[60, 49, 53, 78]",3,3,[],[],True,True,True,True,False,False,True
v1__scene_fc_blocked_v02__L2__C3_D4__r02_s28102,scene_fc_blocked_v02,FC_BLOCKED,C3,D4,28102,53,"[60, 49, 53, 78]",3,3,[],[],True,True,True,True,False,False,True
v1__scene_fc_blocked_v02__L2__C3_D4__r03_s28103,scene_fc_blocked_v02,FC_BLOCKED,C3,D4,28103,53,"[60, 49, 53, 78]",3,3,[],[],True,True,True,True,False,False,True
v1__scene_fc_blocked_v02__L2__C3_D4__r04_s28104,scene_fc_blocked_v02,FC_BLOCKED,C3,D4,28104,53,"[60, 49, 53, 78]",3,3,[],[],True,True,True,True,False,False,True
v1__scene_fc_blocked_v02__L2__C3_D4__r05_s28105,scene_fc_blocked_v02,FC_BLOCKED,C3,D4,28105,53,"[60, 49, 53, 78]",3,3,[],[],True,True,True,True,False,False,True
v1__scene_fc_blocked_v02__L2__C3_D8__r01_s28101,scene_fc_blocked_v02,FC_BLOCKED,C3,D8,28101,53,"[60, 49, 53, 78]",3,3,[],[],True,True,True,True,False,False,True
v1__scene_fc_blocked_v02__L2__C3_D8__r02_s28102,scene_fc_blocked_v02,FC_BLOCKED,C3,D8,28102,53,"[60, 49, 53, 78]",3,3,[],[],True,True,True,True,False,False,True
v1__scene_fc_blocked_v02__L2__C3_D8__r03_s28103,scene_fc_blocked_v02,FC_BLOCKED,C3,D8,28103,53,"[60, 49, 53, 78]",3,3,[],[],True,True,True,True,False,False,True
v1__scene_fc_blocked_v02__L2__C3_D8__r04_s28104,scene_fc_blocked_v02,FC_BLOCKED,C3,D8,28104,53,"[60, 49, 53, 78]",3,3,[],[],True,True,True,True,False,False,True
v1__scene_fc_blocked_v02__L2__C3_D8__r05_s28105,scene_fc_blocked_v02,FC_BLOCKED,C3,D8,28105,53,"[60, 49, 53, 78]",3,3,[],[],True,True,True,True,False,False,True
v1__scene_fc_blocked_v02__L2__C4_D4__r01_s28101,scene_fc_blocked_v02,FC_BLOCKED,C4,D4,28101,53,"[60, 49, 53, 78]",3,3,[],[],True,True,True,True,False,False,True
v1__scene_fc_blocked_v02__L2__C4_D4__r02_s28102,scene_fc_blocked_v02,FC_BLOCKED,C4,D4,28102,53,"[60, 49, 53, 78]",3,3,[],[],True,True,True,True,False,False,True
v1__scene_fc_blocked_v02__L2__C4_D4__r03_s28103,scene_fc_blocked_v02,FC_BLOCKED,C4,D4,28103,53,"[60, 49, 53, 78]",3,3,[],[],True,True,True,True,False,False,True
v1__scene_fc_blocked_v02__L2__C4_D4__r04_s28104,scene_fc_blocked_v02,FC_BLOCKED,C4,D4,28104,53,"[60, 49, 53, 78]",3,3,[],[],True,True,True,True,False,False,True
v1__scene_fc_blocked_v02__L2__C4_D4__r05_s28105,scene_fc_blocked_v02,FC_BLOCKED,C4,D4,28105,53,"[60, 49, 53, 78]",3,3,[],[],True,True,True,True,False,False,True
v1__scene_fc_blocked_v02__L2__C4_D8__r01_s28101,scene_fc_blocked_v02,FC_BLOCKED,C4,D8,28101,53,"[60, 49, 53, 78]",3,3,[],[],True,True,True,True,False,False,True
v1__scene_fc_blocked_v02__L2__C4_D8__r02_s28102,scene_fc_blocked_v02,FC_BLOCKED,C4,D8,28102,53,"[60, 49, 53, 78]",3,3,[],[],True,True,True,True,False,False,True
v1__scene_fc_blocked_v02__L2__C4_D8__r03_s28103,scene_fc_blocked_v02,FC_BLOCKED,C4,D8,28103,53,"[60, 49, 53, 78]",3,3,[],[],True,True,True,True,False,False,True
v1__scene_fc_blocked_v02__L2__C4_D8__r04_s28104,scene_fc_blocked_v02,FC_BLOCKED,C4,D8,28104,53,"[60, 49, 53, 78]",3,3,[],[],True,True,True,True,False,False,True
v1__scene_fc_blocked_v02__L2__C4_D8__r05_s28105,scene_fc_blocked_v02,FC_BLOCKED,C4,D8,28105,53,"[60, 49, 53, 78]",3,3,[],[],True,True,True,True,False,False,True
v1__scene_fc_blocked_v02__L2__C5_D4__r01_s28101,scene_fc_blocked_v02,FC_BLOCKED,C5,D4,28101,53,"[60, 49, 53, 78]",3,3,[],[],True,True,True,True,False,False,True
v1__scene_fc_blocked_v02__L2__C5_D4__r02_s28102,scene_fc_blocked_v02,FC_BLOCKED,C5,D4,28102,53,"[60, 49, 53, 78]",3,3,[],[],True,True,True,True,False,False,True
v1__scene_fc_blocked_v02__L2__C5_D4__r03_s28103,scene_fc_blocked_v02,FC_BLOCKED,C5,D4,28103,53,"[60, 49, 53, 78]",3,3,[],[],True,True,True,True,False,False,True
v1__scene_fc_blocked_v02__L2__C5_D4__r04_s28104,scene_fc_blocked_v02,FC_BLOCKED,C5,D4,28104,53,"[60, 49, 53, 78]",3,3,[],[],True,True,True,True,False,False,True
v1__scene_fc_blocked_v02__L2__C5_D4__r05_s28105,scene_fc_blocked_v02,FC_BLOCKED,C5,D4,28105,53,"[60, 49, 53, 78]",3,3,[],[],True,True,True,True,False,False,True
v1__scene_fc_blocked_v02__L2__C5_D8__r01_s28101,scene_fc_blocked_v02,FC_BLOCKED,C5,D8,28101,53,"[60, 49, 53, 78]",3,3,[],[],True,True,True,True,False,False,True
v1__scene_fc_blocked_v02__L2__C5_D8__r02_s28102,scene_fc_blocked_v02,FC_BLOCKED,C5,D8,28102,53,"[60, 49, 53, 78]",3,3,[],[],True,True,True,True,False,False,True
v1__scene_fc_blocked_v02__L2__C5_D8__r03_s28103,scene_fc_blocked_v02,FC_BLOCKED,C5,D8,28103,53,"[60, 49, 53, 78]",3,3,[],[],True,True,True,True,False,False,True
v1__scene_fc_blocked_v02__L2__C5_D8__r04_s28104,scene_fc_blocked_v02,FC_BLOCKED,C5,D8,28104,53,"[60, 49, 53, 78]",3,3,[],[],True,True,True,True,False,False,True
v1__scene_fc_blocked_v02__L2__C5_D8__r05_s28105,scene_fc_blocked_v02,FC_BLOCKED,C5,D8,28105,53,"[60, 49, 53, 78]",3,3,[],[],True,True,True,True,False,False,True
v1__scene_fc_blocked_v02__L2__C6_D4__r01_s28101,scene_fc_blocked_v02,FC_BLOCKED,C6,D4,28101,53,"[60, 49, 53, 78]",3,3,[],[],True,True,True,True,False,False,True
v1__scene_fc_blocked_v02__L2__C6_D4__r02_s28102,scene_fc_blocked_v02,FC_BLOCKED,C6,D4,28102,53,"[60, 49, 53, 78]",3,3,[],[],True,True,True,True,False,False,True
v1__scene_fc_blocked_v02__L2__C6_D4__r03_s28103,scene_fc_blocked_v02,FC_BLOCKED,C6,D4,28103,53,"[60, 49, 53, 78]",3,3,[],[],True,True,True,True,False,False,True
v1__scene_fc_blocked_v02__L2__C6_D4__r04_s28104,scene_fc_blocked_v02,FC_BLOCKED,C6,D4,28104,53,"[60, 49, 53, 78]",3,3,[],[],True,True,True,True,False,False,True
v1__scene_fc_blocked_v02__L2__C6_D4__r05_s28105,scene_fc_blocked_v02,FC_BLOCKED,C6,D4,28105,53,"[60, 49, 53, 78]",3,3,[],[],True,True,True,True,False,False,True
v1__scene_fc_blocked_v02__L2__C6_D8__r01_s28101,scene_fc_blocked_v02,FC_BLOCKED,C6,D8,28101,53,"[60, 49, 53, 78]",3,3,[],[],True,True,True,True,False,False,True
v1__scene_fc_blocked_v02__L2__C6_D8__r02_s28102,scene_fc_blocked_v02,FC_BLOCKED,C6,D8,28102,53,"[60, 49, 53, 78]",3,3,[],[],True,True,True,True,False,False,True
v1__scene_fc_blocked_v02__L2__C6_D8__r03_s28103,scene_fc_blocked_v02,FC_BLOCKED,C6,D8,28103,53,"[60, 49, 53, 78]",3,3,[],[],True,True,True,True,False,False,True
v1__scene_fc_blocked_v02__L2__C6_D8__r04_s28104,scene_fc_blocked_v02,FC_BLOCKED,C6,D8,28104,53,"[60, 49, 53, 78]",3,3,[],[],True,True,True,True,False,False,True
v1__scene_fc_blocked_v02__L2__C6_D8__r05_s28105,scene_fc_blocked_v02,FC_BLOCKED,C6,D8,28105,53,"[60, 49, 53, 78]",3,3,[],[],True,True,True,True,False,False,True
v1__scene_fc_blocked_v03__L2__C0_NA__r01_s28101,scene_fc_blocked_v03,FC_BLOCKED,C0,,28101,12,"[12, 33, 68, 30]",3,3,[],[],True,True,True,True,False,False,True
v1__scene_fc_blocked_v03__L2__C0_NA__r02_s28102,scene_fc_blocked_v03,FC_BLOCKED,C0,,28102,12,"[12, 33, 68, 30]",3,3,[],[],True,True,True,True,False,False,True
v1__scene_fc_blocked_v03__L2__C0_NA__r03_s28103,scene_fc_blocked_v03,FC_BLOCKED,C0,,28103,12,"[12, 33, 68, 30]",3,3,[],[],True,True,True,True,False,False,True
v1__scene_fc_blocked_v03__L2__C0_NA__r04_s28104,scene_fc_blocked_v03,FC_BLOCKED,C0,,28104,12,"[12, 33, 68, 30]",3,3,[],[],True,True,True,True,False,False,True
v1__scene_fc_blocked_v03__L2__C0_NA__r05_s28105,scene_fc_blocked_v03,FC_BLOCKED,C0,,28105,12,"[12, 33, 68, 30]",3,3,[],[],True,True,True,True,False,False,True
v1__scene_fc_blocked_v03__L2__C1_NA__r01_s28101,scene_fc_blocked_v03,FC_BLOCKED,C1,,28101,12,"[12, 33, 68, 30]",3,3,[],[],True,True,True,True,False,False,True
v1__scene_fc_blocked_v03__L2__C1_NA__r02_s28102,scene_fc_blocked_v03,FC_BLOCKED,C1,,28102,12,"[12, 33, 68, 30]",3,3,[],[],True,True,True,True,False,False,True
v1__scene_fc_blocked_v03__L2__C1_NA__r03_s28103,scene_fc_blocked_v03,FC_BLOCKED,C1,,28103,12,"[12, 33, 68, 30]",3,3,[],[],True,True,True,True,False,False,True
v1__scene_fc_blocked_v03__L2__C1_NA__r04_s28104,scene_fc_blocked_v03,FC_BLOCKED,C1,,28104,12,"[12, 33, 68, 30]",3,3,[],[],True,True,True,True,False,False,True
v1__scene_fc_blocked_v03__L2__C1_NA__r05_s28105,scene_fc_blocked_v03,FC_BLOCKED,C1,,28105,12,"[12, 33, 68, 30]",3,3,[],[],True,True,True,True,False,False,True
v1__scene_fc_blocked_v03__L2__C2_D4__r01_s28101,scene_fc_blocked_v03,FC_BLOCKED,C2,D4,28101,12,"[12, 33, 68, 30]",3,3,[],[],True,True,True,True,False,False,True
v1__scene_fc_blocked_v03__L2__C2_D4__r02_s28102,scene_fc_blocked_v03,FC_BLOCKED,C2,D4,28102,12,"[12, 33, 68, 30]",3,3,[],[],True,True,True,True,False,False,True
v1__scene_fc_blocked_v03__L2__C2_D4__r03_s28103,scene_fc_blocked_v03,FC_BLOCKED,C2,D4,28103,12,"[12, 33, 68, 30]",3,3,[],[],True,True,True,True,False,False,True
v1__scene_fc_blocked_v03__L2__C2_D4__r04_s28104,scene_fc_blocked_v03,FC_BLOCKED,C2,D4,28104,12,"[12, 33, 68, 30]",3,3,[],[],True,True,True,True,False,False,True
v1__scene_fc_blocked_v03__L2__C2_D4__r05_s28105,scene_fc_blocked_v03,FC_BLOCKED,C2,D4,28105,12,"[12, 33, 68, 30]",3,3,[],[],True,True,True,True,False,False,True
v1__scene_fc_blocked_v03__L2__C2_D8__r01_s28101,scene_fc_blocked_v03,FC_BLOCKED,C2,D8,28101,12,"[12, 33, 68, 30]",3,3,[],[],True,True,True,True,False,False,True
v1__scene_fc_blocked_v03__L2__C2_D8__r02_s28102,scene_fc_blocked_v03,FC_BLOCKED,C2,D8,28102,12,"[12, 33, 68, 30]",3,3,[],[],True,True,True,True,False,False,True
v1__scene_fc_blocked_v03__L2__C2_D8__r03_s28103,scene_fc_blocked_v03,FC_BLOCKED,C2,D8,28103,12,"[12, 33, 68, 30]",3,3,[],[],True,True,True,True,False,False,True
v1__scene_fc_blocked_v03__L2__C2_D8__r04_s28104,scene_fc_blocked_v03,FC_BLOCKED,C2,D8,28104,12,"[12, 33, 68, 30]",3,3,[],[],True,True,True,True,False,False,True
v1__scene_fc_blocked_v03__L2__C2_D8__r05_s28105,scene_fc_blocked_v03,FC_BLOCKED,C2,D8,28105,12,"[12, 33, 68, 30]",3,3,[],[],True,True,True,True,False,False,True
v1__scene_fc_blocked_v03__L2__C3_D4__r01_s28101,scene_fc_blocked_v03,FC_BLOCKED,C3,D4,28101,12,"[12, 33, 68, 30]",3,3,[],[],True,True,True,True,False,False,True
v1__scene_fc_blocked_v03__L2__C3_D4__r02_s28102,scene_fc_blocked_v03,FC_BLOCKED,C3,D4,28102,12,"[12, 33, 68, 30]",3,3,[],[],True,True,True,True,False,False,True
v1__scene_fc_blocked_v03__L2__C3_D4__r03_s28103,scene_fc_blocked_v03,FC_BLOCKED,C3,D4,28103,12,"[12, 33, 68, 30]",3,3,[],[],True,True,True,True,False,False,True
v1__scene_fc_blocked_v03__L2__C3_D4__r04_s28104,scene_fc_blocked_v03,FC_BLOCKED,C3,D4,28104,12,"[12, 33, 68, 30]",3,3,[],[],True,True,True,True,False,False,True
v1__scene_fc_blocked_v03__L2__C3_D4__r05_s28105,scene_fc_blocked_v03,FC_BLOCKED,C3,D4,28105,12,"[12, 33, 68, 30]",3,3,[],[],True,True,True,True,False,False,True
v1__scene_fc_blocked_v03__L2__C3_D8__r01_s28101,scene_fc_blocked_v03,FC_BLOCKED,C3,D8,28101,12,"[12, 33, 68, 30]",3,3,[],[],True,True,True,True,False,False,True
v1__scene_fc_blocked_v03__L2__C3_D8__r02_s28102,scene_fc_blocked_v03,FC_BLOCKED,C3,D8,28102,12,"[12, 33, 68, 30]",3,3,[],[],True,True,True,True,False,False,True
v1__scene_fc_blocked_v03__L2__C3_D8__r03_s28103,scene_fc_blocked_v03,FC_BLOCKED,C3,D8,28103,12,"[12, 33, 68, 30]",3,3,[],[],True,True,True,True,False,False,True
v1__scene_fc_blocked_v03__L2__C3_D8__r04_s28104,scene_fc_blocked_v03,FC_BLOCKED,C3,D8,28104,12,"[12, 33, 68, 30]",3,3,[],[],True,True,True,True,False,False,True
v1__scene_fc_blocked_v03__L2__C3_D8__r05_s28105,scene_fc_blocked_v03,FC_BLOCKED,C3,D8,28105,12,"[12, 33, 68, 30]",3,3,[],[],True,True,True,True,False,False,True
v1__scene_fc_blocked_v03__L2__C4_D4__r01_s28101,scene_fc_blocked_v03,FC_BLOCKED,C4,D4,28101,12,"[12, 33, 68, 30]",3,3,[],[],True,True,True,True,False,False,True
v1__scene_fc_blocked_v03__L2__C4_D4__r02_s28102,scene_fc_blocked_v03,FC_BLOCKED,C4,D4,28102,12,"[12, 33, 68, 30]",3,3,[],[],True,True,True,True,False,False,True
v1__scene_fc_blocked_v03__L2__C4_D4__r03_s28103,scene_fc_blocked_v03,FC_BLOCKED,C4,D4,28103,12,"[12, 33, 68, 30]",3,3,[],[],True,True,True,True,False,False,True
v1__scene_fc_blocked_v03__L2__C4_D4__r04_s28104,scene_fc_blocked_v03,FC_BLOCKED,C4,D4,28104,12,"[12, 33, 68, 30]",3,3,[],[],True,True,True,True,False,False,True
v1__scene_fc_blocked_v03__L2__C4_D4__r05_s28105,scene_fc_blocked_v03,FC_BLOCKED,C4,D4,28105,12,"[12, 33, 68, 30]",3,3,[],[],True,True,True,True,False,False,True
v1__scene_fc_blocked_v03__L2__C4_D8__r01_s28101,scene_fc_blocked_v03,FC_BLOCKED,C4,D8,28101,12,"[12, 33, 68, 30]",3,3,[],[],True,True,True,True,False,False,True
v1__scene_fc_blocked_v03__L2__C4_D8__r02_s28102,scene_fc_blocked_v03,FC_BLOCKED,C4,D8,28102,12,"[12, 33, 68, 30]",3,3,[],[],True,True,True,True,False,False,True
v1__scene_fc_blocked_v03__L2__C4_D8__r03_s28103,scene_fc_blocked_v03,FC_BLOCKED,C4,D8,28103,12,"[12, 33, 68, 30]",3,3,[],[],True,True,True,True,False,False,True
v1__scene_fc_blocked_v03__L2__C4_D8__r04_s28104,scene_fc_blocked_v03,FC_BLOCKED,C4,D8,28104,12,"[12, 33, 68, 30]",3,3,[],[],True,True,True,True,False,False,True
v1__scene_fc_blocked_v03__L2__C4_D8__r05_s28105,scene_fc_blocked_v03,FC_BLOCKED,C4,D8,28105,12,"[12, 33, 68, 30]",3,3,[],[],True,True,True,True,False,False,True
v1__scene_fc_blocked_v03__L2__C5_D4__r01_s28101,scene_fc_blocked_v03,FC_BLOCKED,C5,D4,28101,12,"[12, 33, 68, 30]",3,3,[],[],True,True,True,True,False,False,True
v1__scene_fc_blocked_v03__L2__C5_D4__r02_s28102,scene_fc_blocked_v03,FC_BLOCKED,C5,D4,28102,12,"[12, 33, 68, 30]",3,3,[],[],True,True,True,True,False,False,True
v1__scene_fc_blocked_v03__L2__C5_D4__r03_s28103,scene_fc_blocked_v03,FC_BLOCKED,C5,D4,28103,12,"[12, 33, 68, 30]",3,3,[],[],True,True,True,True,False,False,True
v1__scene_fc_blocked_v03__L2__C5_D4__r04_s28104,scene_fc_blocked_v03,FC_BLOCKED,C5,D4,28104,12,"[12, 33, 68, 30]",3,3,[],[],True,True,True,True,False,False,True
v1__scene_fc_blocked_v03__L2__C5_D4__r05_s28105,scene_fc_blocked_v03,FC_BLOCKED,C5,D4,28105,12,"[12, 33, 68, 30]",3,3,[],[],True,True,True,True,False,False,True
v1__scene_fc_blocked_v03__L2__C5_D8__r01_s28101,scene_fc_blocked_v03,FC_BLOCKED,C5,D8,28101,12,"[12, 33, 68, 30]",3,3,[],[],True,True,True,True,False,False,True
v1__scene_fc_blocked_v03__L2__C5_D8__r02_s28102,scene_fc_blocked_v03,FC_BLOCKED,C5,D8,28102,12,"[12, 33, 68, 30]",3,3,[],[],True,True,True,True,False,False,True
v1__scene_fc_blocked_v03__L2__C5_D8__r03_s28103,scene_fc_blocked_v03,FC_BLOCKED,C5,D8,28103,12,"[12, 33, 68, 30]",3,3,[],[],True,True,True,True,False,False,True
v1__scene_fc_blocked_v03__L2__C5_D8__r04_s28104,scene_fc_blocked_v03,FC_BLOCKED,C5,D8,28104,12,"[12, 33, 68, 30]",3,3,[],[],True,True,True,True,False,False,True
v1__scene_fc_blocked_v03__L2__C5_D8__r05_s28105,scene_fc_blocked_v03,FC_BLOCKED,C5,D8,28105,12,"[12, 33, 68, 30]",3,3,[],[],True,True,True,True,False,False,True
v1__scene_fc_blocked_v03__L2__C6_D4__r01_s28101,scene_fc_blocked_v03,FC_BLOCKED,C6,D4,28101,12,"[12, 33, 68, 30]",3,3,[],[],True,True,True,True,False,False,True
v1__scene_fc_blocked_v03__L2__C6_D4__r02_s28102,scene_fc_blocked_v03,FC_BLOCKED,C6,D4,28102,12,"[12, 33, 68, 30]",3,3,[],[],True,True,True,True,False,False,True
v1__scene_fc_blocked_v03__L2__C6_D4__r03_s28103,scene_fc_blocked_v03,FC_BLOCKED,C6,D4,28103,12,"[12, 33, 68, 30]",3,3,[],[],True,True,True,True,False,False,True
v1__scene_fc_blocked_v03__L2__C6_D4__r04_s28104,scene_fc_blocked_v03,FC_BLOCKED,C6,D4,28104,12,"[12, 33, 68, 30]",3,3,[],[],True,True,True,True,False,False,True
v1__scene_fc_blocked_v03__L2__C6_D4__r05_s28105,scene_fc_blocked_v03,FC_BLOCKED,C6,D4,28105,12,"[12, 33, 68, 30]",3,3,[],[],True,True,True,True,False,False,True
v1__scene_fc_blocked_v03__L2__C6_D8__r01_s28101,scene_fc_blocked_v03,FC_BLOCKED,C6,D8,28101,12,"[12, 33, 68, 30]",3,3,[],[],True,True,True,True,False,False,True
v1__scene_fc_blocked_v03__L2__C6_D8__r02_s28102,scene_fc_blocked_v03,FC_BLOCKED,C6,D8,28102,12,"[12, 33, 68, 30]",3,3,[],[],True,True,True,True,False,False,True
v1__scene_fc_blocked_v03__L2__C6_D8__r03_s28103,scene_fc_blocked_v03,FC_BLOCKED,C6,D8,28103,12,"[12, 33, 68, 30]",3,3,[],[],True,True,True,True,False,False,True
v1__scene_fc_blocked_v03__L2__C6_D8__r04_s28104,scene_fc_blocked_v03,FC_BLOCKED,C6,D8,28104,12,"[12, 33, 68, 30]",3,3,[],[],True,True,True,True,False,False,True
v1__scene_fc_blocked_v03__L2__C6_D8__r05_s28105,scene_fc_blocked_v03,FC_BLOCKED,C6,D8,28105,12,"[12, 33, 68, 30]",3,3,[],[],True,True,True,True,False,False,True
v1__scene_fc_blocked_v04__L2__C0_NA__r01_s28101,scene_fc_blocked_v04,FC_BLOCKED,C0,,28101,89,"[77, 19, 89, 44]",3,3,[],[],True,True,True,True,False,False,True
v1__scene_fc_blocked_v04__L2__C0_NA__r02_s28102,scene_fc_blocked_v04,FC_BLOCKED,C0,,28102,89,"[77, 19, 89, 44]",3,3,[],[],True,True,True,True,False,False,True
v1__scene_fc_blocked_v04__L2__C0_NA__r03_s28103,scene_fc_blocked_v04,FC_BLOCKED,C0,,28103,89,"[77, 19, 89, 44]",3,3,[],[],True,True,True,True,False,False,True
v1__scene_fc_blocked_v04__L2__C0_NA__r04_s28104,scene_fc_blocked_v04,FC_BLOCKED,C0,,28104,89,"[77, 19, 89, 44]",3,3,[],[],True,True,True,True,False,False,True
v1__scene_fc_blocked_v04__L2__C0_NA__r05_s28105,scene_fc_blocked_v04,FC_BLOCKED,C0,,28105,89,"[77, 19, 89, 44]",3,3,[],[],True,True,True,True,False,False,True
v1__scene_fc_blocked_v04__L2__C1_NA__r01_s28101,scene_fc_blocked_v04,FC_BLOCKED,C1,,28101,89,"[77, 19, 89, 44]",3,3,[],[],True,True,True,True,False,False,True
v1__scene_fc_blocked_v04__L2__C1_NA__r02_s28102,scene_fc_blocked_v04,FC_BLOCKED,C1,,28102,89,"[77, 19, 89, 44]",3,3,[],[],True,True,True,True,False,False,True
v1__scene_fc_blocked_v04__L2__C1_NA__r03_s28103,scene_fc_blocked_v04,FC_BLOCKED,C1,,28103,89,"[77, 19, 89, 44]",3,3,[],[],True,True,True,True,False,False,True
v1__scene_fc_blocked_v04__L2__C1_NA__r04_s28104,scene_fc_blocked_v04,FC_BLOCKED,C1,,28104,89,"[77, 19, 89, 44]",3,3,[],[],True,True,True,True,False,False,True
v1__scene_fc_blocked_v04__L2__C1_NA__r05_s28105,scene_fc_blocked_v04,FC_BLOCKED,C1,,28105,89,"[77, 19, 89, 44]",3,3,[],[],True,True,True,True,False,False,True
v1__scene_fc_blocked_v04__L2__C2_D4__r01_s28101,scene_fc_blocked_v04,FC_BLOCKED,C2,D4,28101,89,"[77, 19, 89, 44]",3,3,[],[],True,True,True,True,False,False,True
v1__scene_fc_blocked_v04__L2__C2_D4__r02_s28102,scene_fc_blocked_v04,FC_BLOCKED,C2,D4,28102,89,"[77, 19, 89, 44]",3,3,[],[],True,True,True,True,False,False,True
v1__scene_fc_blocked_v04__L2__C2_D4__r03_s28103,scene_fc_blocked_v04,FC_BLOCKED,C2,D4,28103,89,"[77, 19, 89, 44]",3,3,[],[],True,True,True,True,False,False,True
v1__scene_fc_blocked_v04__L2__C2_D4__r04_s28104,scene_fc_blocked_v04,FC_BLOCKED,C2,D4,28104,89,"[77, 19, 89, 44]",3,3,[],[],True,True,True,True,False,False,True
v1__scene_fc_blocked_v04__L2__C2_D4__r05_s28105,scene_fc_blocked_v04,FC_BLOCKED,C2,D4,28105,89,"[77, 19, 89, 44]",3,3,[],[],True,True,True,True,False,False,True
v1__scene_fc_blocked_v04__L2__C2_D8__r01_s28101,scene_fc_blocked_v04,FC_BLOCKED,C2,D8,28101,89,"[77, 19, 89, 44]",3,3,[],[],True,True,True,True,False,False,True
v1__scene_fc_blocked_v04__L2__C2_D8__r02_s28102,scene_fc_blocked_v04,FC_BLOCKED,C2,D8,28102,89,"[77, 19, 89, 44]",3,3,[],[],True,True,True,True,False,False,True
v1__scene_fc_blocked_v04__L2__C2_D8__r03_s28103,scene_fc_blocked_v04,FC_BLOCKED,C2,D8,28103,89,"[77, 19, 89, 44]",3,3,[],[],True,True,True,True,False,False,True
v1__scene_fc_blocked_v04__L2__C2_D8__r04_s28104,scene_fc_blocked_v04,FC_BLOCKED,C2,D8,28104,89,"[77, 19, 89, 44]",3,3,[],[],True,True,True,True,False,False,True
v1__scene_fc_blocked_v04__L2__C2_D8__r05_s28105,scene_fc_blocked_v04,FC_BLOCKED,C2,D8,28105,89,"[77, 19, 89, 44]",3,3,[],[],True,True,True,True,False,False,True
v1__scene_fc_blocked_v04__L2__C3_D4__r01_s28101,scene_fc_blocked_v04,FC_BLOCKED,C3,D4,28101,89,"[77, 19, 89, 44]",3,3,[],[],True,True,True,True,False,False,True
v1__scene_fc_blocked_v04__L2__C3_D4__r02_s28102,scene_fc_blocked_v04,FC_BLOCKED,C3,D4,28102,89,"[77, 19, 89, 44]",3,3,[],[],True,True,True,True,False,False,True
v1__scene_fc_blocked_v04__L2__C3_D4__r03_s28103,scene_fc_blocked_v04,FC_BLOCKED,C3,D4,28103,89,"[77, 19, 89, 44]",3,3,[],[],True,True,True,True,False,False,True
v1__scene_fc_blocked_v04__L2__C3_D4__r04_s28104,scene_fc_blocked_v04,FC_BLOCKED,C3,D4,28104,89,"[77, 19, 89, 44]",3,3,[],[],True,True,True,True,False,False,True
v1__scene_fc_blocked_v04__L2__C3_D4__r05_s28105,scene_fc_blocked_v04,FC_BLOCKED,C3,D4,28105,89,"[77, 19, 89, 44]",3,3,[],[],True,True,True,True,False,False,True
v1__scene_fc_blocked_v04__L2__C3_D8__r01_s28101,scene_fc_blocked_v04,FC_BLOCKED,C3,D8,28101,89,"[77, 19, 89, 44]",3,3,[],[],True,True,True,True,False,False,True
v1__scene_fc_blocked_v04__L2__C3_D8__r02_s28102,scene_fc_blocked_v04,FC_BLOCKED,C3,D8,28102,89,"[77, 19, 89, 44]",3,3,[],[],True,True,True,True,False,False,True
v1__scene_fc_blocked_v04__L2__C3_D8__r03_s28103,scene_fc_blocked_v04,FC_BLOCKED,C3,D8,28103,89,"[77, 19, 89, 44]",3,3,[],[],True,True,True,True,False,False,True
v1__scene_fc_blocked_v04__L2__C3_D8__r04_s28104,scene_fc_blocked_v04,FC_BLOCKED,C3,D8,28104,89,"[77, 19, 89, 44]",3,3,[],[],True,True,True,True,False,False,True
v1__scene_fc_blocked_v04__L2__C3_D8__r05_s28105,scene_fc_blocked_v04,FC_BLOCKED,C3,D8,28105,89,"[77, 19, 89, 44]",3,3,[],[],True,True,True,True,False,False,True
v1__scene_fc_blocked_v04__L2__C4_D4__r01_s28101,scene_fc_blocked_v04,FC_BLOCKED,C4,D4,28101,89,"[77, 19, 89, 44]",3,3,[],[],True,True,True,True,False,False,True
v1__scene_fc_blocked_v04__L2__C4_D4__r02_s28102,scene_fc_blocked_v04,FC_BLOCKED,C4,D4,28102,89,"[77, 19, 89, 44]",3,3,[],[],True,True,True,True,False,False,True
v1__scene_fc_blocked_v04__L2__C4_D4__r03_s28103,scene_fc_blocked_v04,FC_BLOCKED,C4,D4,28103,89,"[77, 19, 89, 44]",3,3,[],[],True,True,True,True,False,False,True
v1__scene_fc_blocked_v04__L2__C4_D4__r04_s28104,scene_fc_blocked_v04,FC_BLOCKED,C4,D4,28104,89,"[77, 19, 89, 44]",3,3,[],[],True,True,True,True,False,False,True
v1__scene_fc_blocked_v04__L2__C4_D4__r05_s28105,scene_fc_blocked_v04,FC_BLOCKED,C4,D4,28105,89,"[77, 19, 89, 44]",3,3,[],[],True,True,True,True,False,False,True
v1__scene_fc_blocked_v04__L2__C4_D8__r01_s28101,scene_fc_blocked_v04,FC_BLOCKED,C4,D8,28101,89,"[77, 19, 89, 44]",3,3,[],[],True,True,True,True,False,False,True
v1__scene_fc_blocked_v04__L2__C4_D8__r02_s28102,scene_fc_blocked_v04,FC_BLOCKED,C4,D8,28102,89,"[77, 19, 89, 44]",3,3,[],[],True,True,True,True,False,False,True
v1__scene_fc_blocked_v04__L2__C4_D8__r03_s28103,scene_fc_blocked_v04,FC_BLOCKED,C4,D8,28103,89,"[77, 19, 89, 44]",3,3,[],[],True,True,True,True,False,False,True
v1__scene_fc_blocked_v04__L2__C4_D8__r04_s28104,scene_fc_blocked_v04,FC_BLOCKED,C4,D8,28104,89,"[77, 19, 89, 44]",3,3,[],[],True,True,True,True,False,False,True
v1__scene_fc_blocked_v04__L2__C4_D8__r05_s28105,scene_fc_blocked_v04,FC_BLOCKED,C4,D8,28105,89,"[77, 19, 89, 44]",3,3,[],[],True,True,True,True,False,False,True
v1__scene_fc_blocked_v04__L2__C5_D4__r01_s28101,scene_fc_blocked_v04,FC_BLOCKED,C5,D4,28101,89,"[77, 19, 89, 44]",3,3,[],[],True,True,True,True,False,False,True
v1__scene_fc_blocked_v04__L2__C5_D4__r02_s28102,scene_fc_blocked_v04,FC_BLOCKED,C5,D4,28102,89,"[77, 19, 89, 44]",3,3,[],[],True,True,True,True,False,False,True
v1__scene_fc_blocked_v04__L2__C5_D4__r03_s28103,scene_fc_blocked_v04,FC_BLOCKED,C5,D4,28103,89,"[77, 19, 89, 44]",3,3,[],[],True,True,True,True,False,False,True
v1__scene_fc_blocked_v04__L2__C5_D4__r04_s28104,scene_fc_blocked_v04,FC_BLOCKED,C5,D4,28104,89,"[77, 19, 89, 44]",3,3,[],[],True,True,True,True,False,False,True
v1__scene_fc_blocked_v04__L2__C5_D4__r05_s28105,scene_fc_blocked_v04,FC_BLOCKED,C5,D4,28105,89,"[77, 19, 89, 44]",3,3,[],[],True,True,True,True,False,False,True
v1__scene_fc_blocked_v04__L2__C5_D8__r01_s28101,scene_fc_blocked_v04,FC_BLOCKED,C5,D8,28101,89,"[77, 19, 89, 44]",3,3,[],[],True,True,True,True,False,False,True
v1__scene_fc_blocked_v04__L2__C5_D8__r02_s28102,scene_fc_blocked_v04,FC_BLOCKED,C5,D8,28102,89,"[77, 19, 89, 44]",3,3,[],[],True,True,True,True,False,False,True
v1__scene_fc_blocked_v04__L2__C5_D8__r03_s28103,scene_fc_blocked_v04,FC_BLOCKED,C5,D8,28103,89,"[77, 19, 89, 44]",3,3,[],[],True,True,True,True,False,False,True
v1__scene_fc_blocked_v04__L2__C5_D8__r04_s28104,scene_fc_blocked_v04,FC_BLOCKED,C5,D8,28104,89,"[77, 19, 89, 44]",3,3,[],[],True,True,True,True,False,False,True
v1__scene_fc_blocked_v04__L2__C5_D8__r05_s28105,scene_fc_blocked_v04,FC_BLOCKED,C5,D8,28105,89,"[77, 19, 89, 44]",3,3,[],[],True,True,True,True,False,False,True
v1__scene_fc_blocked_v04__L2__C6_D4__r01_s28101,scene_fc_blocked_v04,FC_BLOCKED,C6,D4,28101,89,"[77, 19, 89, 44]",3,3,[],[],True,True,True,True,False,False,True
v1__scene_fc_blocked_v04__L2__C6_D4__r02_s28102,scene_fc_blocked_v04,FC_BLOCKED,C6,D4,28102,89,"[77, 19, 89, 44]",3,3,[],[],True,True,True,True,False,False,True
v1__scene_fc_blocked_v04__L2__C6_D4__r03_s28103,scene_fc_blocked_v04,FC_BLOCKED,C6,D4,28103,89,"[77, 19, 89, 44]",3,3,[],[],True,True,True,True,False,False,True
v1__scene_fc_blocked_v04__L2__C6_D4__r04_s28104,scene_fc_blocked_v04,FC_BLOCKED,C6,D4,28104,89,"[77, 19, 89, 44]",3,3,[],[],True,True,True,True,False,False,True
v1__scene_fc_blocked_v04__L2__C6_D4__r05_s28105,scene_fc_blocked_v04,FC_BLOCKED,C6,D4,28105,89,"[77, 19, 89, 44]",3,3,[],[],True,True,True,True,False,False,True
v1__scene_fc_blocked_v04__L2__C6_D8__r01_s28101,scene_fc_blocked_v04,FC_BLOCKED,C6,D8,28101,89,"[77, 19, 89, 44]",3,3,[],[],True,True,True,True,False,False,True
v1__scene_fc_blocked_v04__L2__C6_D8__r02_s28102,scene_fc_blocked_v04,FC_BLOCKED,C6,D8,28102,89,"[77, 19, 89, 44]",3,3,[],[],True,True,True,True,False,False,True
v1__scene_fc_blocked_v04__L2__C6_D8__r03_s28103,scene_fc_blocked_v04,FC_BLOCKED,C6,D8,28103,89,"[77, 19, 89, 44]",3,3,[],[],True,True,True,True,False,False,True
v1__scene_fc_blocked_v04__L2__C6_D8__r04_s28104,scene_fc_blocked_v04,FC_BLOCKED,C6,D8,28104,89,"[77, 19, 89, 44]",3,3,[],[],True,True,True,True,False,False,True
v1__scene_fc_blocked_v04__L2__C6_D8__r05_s28105,scene_fc_blocked_v04,FC_BLOCKED,C6,D8,28105,89,"[77, 19, 89, 44]",3,3,[],[],True,True,True,True,False,False,True
v1__scene_fc_blocked_v05__L2__C0_NA__r01_s28101,scene_fc_blocked_v05,FC_BLOCKED,C0,,28101,59,"[92, 59, 26, 69]",3,3,[],[],True,True,True,True,False,False,True
v1__scene_fc_blocked_v05__L2__C0_NA__r02_s28102,scene_fc_blocked_v05,FC_BLOCKED,C0,,28102,59,"[92, 59, 26, 69]",3,3,[],[],True,True,True,True,False,False,True
v1__scene_fc_blocked_v05__L2__C0_NA__r03_s28103,scene_fc_blocked_v05,FC_BLOCKED,C0,,28103,59,"[92, 59, 26, 69]",3,3,[],[],True,True,True,True,False,False,True
v1__scene_fc_blocked_v05__L2__C0_NA__r04_s28104,scene_fc_blocked_v05,FC_BLOCKED,C0,,28104,59,"[92, 59, 26, 69]",3,3,[],[],True,True,True,True,False,False,True
v1__scene_fc_blocked_v05__L2__C0_NA__r05_s28105,scene_fc_blocked_v05,FC_BLOCKED,C0,,28105,59,"[92, 59, 26, 69]",3,3,[],[],True,True,True,True,False,False,True
v1__scene_fc_blocked_v05__L2__C1_NA__r01_s28101,scene_fc_blocked_v05,FC_BLOCKED,C1,,28101,59,"[92, 59, 26, 69]",3,3,[],[],True,True,True,True,False,False,True
v1__scene_fc_blocked_v05__L2__C1_NA__r02_s28102,scene_fc_blocked_v05,FC_BLOCKED,C1,,28102,59,"[92, 59, 26, 69]",3,3,[],[],True,True,True,True,False,False,True
v1__scene_fc_blocked_v05__L2__C1_NA__r03_s28103,scene_fc_blocked_v05,FC_BLOCKED,C1,,28103,59,"[92, 59, 26, 69]",3,3,[],[],True,True,True,True,False,False,True
v1__scene_fc_blocked_v05__L2__C1_NA__r04_s28104,scene_fc_blocked_v05,FC_BLOCKED,C1,,28104,59,"[92, 59, 26, 69]",3,3,[],[],True,True,True,True,False,False,True
v1__scene_fc_blocked_v05__L2__C1_NA__r05_s28105,scene_fc_blocked_v05,FC_BLOCKED,C1,,28105,59,"[92, 59, 26, 69]",3,3,[],[],True,True,True,True,False,False,True
v1__scene_fc_blocked_v05__L2__C2_D4__r01_s28101,scene_fc_blocked_v05,FC_BLOCKED,C2,D4,28101,59,"[92, 59, 26, 69]",3,3,[],[],True,True,True,True,False,False,True
v1__scene_fc_blocked_v05__L2__C2_D4__r02_s28102,scene_fc_blocked_v05,FC_BLOCKED,C2,D4,28102,59,"[92, 59, 26, 69]",3,3,[],[],True,True,True,True,False,False,True
v1__scene_fc_blocked_v05__L2__C2_D4__r03_s28103,scene_fc_blocked_v05,FC_BLOCKED,C2,D4,28103,59,"[92, 59, 26, 69]",3,3,[],[],True,True,True,True,False,False,True
v1__scene_fc_blocked_v05__L2__C2_D4__r04_s28104,scene_fc_blocked_v05,FC_BLOCKED,C2,D4,28104,59,"[92, 59, 26, 69]",3,3,[],[],True,True,True,True,False,False,True
v1__scene_fc_blocked_v05__L2__C2_D4__r05_s28105,scene_fc_blocked_v05,FC_BLOCKED,C2,D4,28105,59,"[92, 59, 26, 69]",3,3,[],[],True,True,True,True,False,False,True
v1__scene_fc_blocked_v05__L2__C2_D8__r01_s28101,scene_fc_blocked_v05,FC_BLOCKED,C2,D8,28101,59,"[92, 59, 26, 69]",3,3,[],[],True,True,True,True,False,False,True
v1__scene_fc_blocked_v05__L2__C2_D8__r02_s28102,scene_fc_blocked_v05,FC_BLOCKED,C2,D8,28102,59,"[92, 59, 26, 69]",3,3,[],[],True,True,True,True,False,False,True
v1__scene_fc_blocked_v05__L2__C2_D8__r03_s28103,scene_fc_blocked_v05,FC_BLOCKED,C2,D8,28103,59,"[92, 59, 26, 69]",3,3,[],[],True,True,True,True,False,False,True
v1__scene_fc_blocked_v05__L2__C2_D8__r04_s28104,scene_fc_blocked_v05,FC_BLOCKED,C2,D8,28104,59,"[92, 59, 26, 69]",3,3,[],[],True,True,True,True,False,False,True
v1__scene_fc_blocked_v05__L2__C2_D8__r05_s28105,scene_fc_blocked_v05,FC_BLOCKED,C2,D8,28105,59,"[92, 59, 26, 69]",3,3,[],[],True,True,True,True,False,False,True
v1__scene_fc_blocked_v05__L2__C3_D4__r01_s28101,scene_fc_blocked_v05,FC_BLOCKED,C3,D4,28101,59,"[92, 59, 26, 69]",3,3,[],[],True,True,True,True,False,False,True
v1__scene_fc_blocked_v05__L2__C3_D4__r02_s28102,scene_fc_blocked_v05,FC_BLOCKED,C3,D4,28102,59,"[92, 59, 26, 69]",3,3,[],[],True,True,True,True,False,False,True
v1__scene_fc_blocked_v05__L2__C3_D4__r03_s28103,scene_fc_blocked_v05,FC_BLOCKED,C3,D4,28103,59,"[92, 59, 26, 69]",3,3,[],[],True,True,True,True,False,False,True
v1__scene_fc_blocked_v05__L2__C3_D4__r04_s28104,scene_fc_blocked_v05,FC_BLOCKED,C3,D4,28104,59,"[92, 59, 26, 69]",3,3,[],[],True,True,True,True,False,False,True
v1__scene_fc_blocked_v05__L2__C3_D4__r05_s28105,scene_fc_blocked_v05,FC_BLOCKED,C3,D4,28105,59,"[92, 59, 26, 69]",3,3,[],[],True,True,True,True,False,False,True
v1__scene_fc_blocked_v05__L2__C3_D8__r01_s28101,scene_fc_blocked_v05,FC_BLOCKED,C3,D8,28101,59,"[92, 59, 26, 69]",3,3,[],[],True,True,True,True,False,False,True
v1__scene_fc_blocked_v05__L2__C3_D8__r02_s28102,scene_fc_blocked_v05,FC_BLOCKED,C3,D8,28102,59,"[92, 59, 26, 69]",3,3,[],[],True,True,True,True,False,False,True
v1__scene_fc_blocked_v05__L2__C3_D8__r03_s28103,scene_fc_blocked_v05,FC_BLOCKED,C3,D8,28103,59,"[92, 59, 26, 69]",3,3,[],[],True,True,True,True,False,False,True
v1__scene_fc_blocked_v05__L2__C3_D8__r04_s28104,scene_fc_blocked_v05,FC_BLOCKED,C3,D8,28104,59,"[92, 59, 26, 69]",3,3,[],[],True,True,True,True,False,False,True
v1__scene_fc_blocked_v05__L2__C3_D8__r05_s28105,scene_fc_blocked_v05,FC_BLOCKED,C3,D8,28105,59,"[92, 59, 26, 69]",3,3,[],[],True,True,True,True,False,False,True
v1__scene_fc_blocked_v05__L2__C4_D4__r01_s28101,scene_fc_blocked_v05,FC_BLOCKED,C4,D4,28101,59,"[92, 59, 26, 69]",3,3,[],[],True,True,True,True,False,False,True
v1__scene_fc_blocked_v05__L2__C4_D4__r02_s28102,scene_fc_blocked_v05,FC_BLOCKED,C4,D4,28102,59,"[92, 59, 26, 69]",3,3,[],[],True,True,True,True,False,False,True
v1__scene_fc_blocked_v05__L2__C4_D4__r03_s28103,scene_fc_blocked_v05,FC_BLOCKED,C4,D4,28103,59,"[92, 59, 26, 69]",3,3,[],[],True,True,True,True,False,False,True
v1__scene_fc_blocked_v05__L2__C4_D4__r04_s28104,scene_fc_blocked_v05,FC_BLOCKED,C4,D4,28104,59,"[92, 59, 26, 69]",3,3,[],[],True,True,True,True,False,False,True
v1__scene_fc_blocked_v05__L2__C4_D4__r05_s28105,scene_fc_blocked_v05,FC_BLOCKED,C4,D4,28105,59,"[92, 59, 26, 69]",3,3,[],[],True,True,True,True,False,False,True
v1__scene_fc_blocked_v05__L2__C4_D8__r01_s28101,scene_fc_blocked_v05,FC_BLOCKED,C4,D8,28101,59,"[92, 59, 26, 69]",3,3,[],[],True,True,True,True,False,False,True
v1__scene_fc_blocked_v05__L2__C4_D8__r02_s28102,scene_fc_blocked_v05,FC_BLOCKED,C4,D8,28102,59,"[92, 59, 26, 69]",3,3,[],[],True,True,True,True,False,False,True
v1__scene_fc_blocked_v05__L2__C4_D8__r03_s28103,scene_fc_blocked_v05,FC_BLOCKED,C4,D8,28103,59,"[92, 59, 26, 69]",3,3,[],[],True,True,True,True,False,False,True
v1__scene_fc_blocked_v05__L2__C4_D8__r04_s28104,scene_fc_blocked_v05,FC_BLOCKED,C4,D8,28104,59,"[92, 59, 26, 69]",3,3,[],[],True,True,True,True,False,False,True
v1__scene_fc_blocked_v05__L2__C4_D8__r05_s28105,scene_fc_blocked_v05,FC_BLOCKED,C4,D8,28105,59,"[92, 59, 26, 69]",3,3,[],[],True,True,True,True,False,False,True
v1__scene_fc_blocked_v05__L2__C5_D4__r01_s28101,scene_fc_blocked_v05,FC_BLOCKED,C5,D4,28101,59,"[92, 59, 26, 69]",3,3,[],[],True,True,True,True,False,False,True
v1__scene_fc_blocked_v05__L2__C5_D4__r02_s28102,scene_fc_blocked_v05,FC_BLOCKED,C5,D4,28102,59,"[92, 59, 26, 69]",3,3,[],[],True,True,True,True,False,False,True
v1__scene_fc_blocked_v05__L2__C5_D4__r03_s28103,scene_fc_blocked_v05,FC_BLOCKED,C5,D4,28103,59,"[92, 59, 26, 69]",3,3,[],[],True,True,True,True,False,False,True
v1__scene_fc_blocked_v05__L2__C5_D4__r04_s28104,scene_fc_blocked_v05,FC_BLOCKED,C5,D4,28104,59,"[92, 59, 26, 69]",3,3,[],[],True,True,True,True,False,False,True
v1__scene_fc_blocked_v05__L2__C5_D4__r05_s28105,scene_fc_blocked_v05,FC_BLOCKED,C5,D4,28105,59,"[92, 59, 26, 69]",3,3,[],[],True,True,True,True,False,False,True
v1__scene_fc_blocked_v05__L2__C5_D8__r01_s28101,scene_fc_blocked_v05,FC_BLOCKED,C5,D8,28101,59,"[92, 59, 26, 69]",3,2,[],[26],True,True,False,False,False,True,False
v1__scene_fc_blocked_v05__L2__C5_D8__r02_s28102,scene_fc_blocked_v05,FC_BLOCKED,C5,D8,28102,59,"[92, 59, 26, 69]",3,3,[],[],True,True,True,True,False,False,True
v1__scene_fc_blocked_v05__L2__C5_D8__r03_s28103,scene_fc_blocked_v05,FC_BLOCKED,C5,D8,28103,59,"[92, 59, 26, 69]",3,2,[],[26],True,True,False,False,False,True,False
v1__scene_fc_blocked_v05__L2__C5_D8__r04_s28104,scene_fc_blocked_v05,FC_BLOCKED,C5,D8,28104,59,"[92, 59, 26, 69]",3,2,[],[26],True,True,False,False,False,True,False
v1__scene_fc_blocked_v05__L2__C5_D8__r05_s28105,scene_fc_blocked_v05,FC_BLOCKED,C5,D8,28105,59,"[92, 59, 26, 69]",3,2,[],[26],True,True,False,False,False,True,False
v1__scene_fc_blocked_v05__L2__C6_D4__r01_s28101,scene_fc_blocked_v05,FC_BLOCKED,C6,D4,28101,59,"[92, 59, 26, 69]",3,3,[],[],True,True,True,True,False,False,True
v1__scene_fc_blocked_v05__L2__C6_D4__r02_s28102,scene_fc_blocked_v05,FC_BLOCKED,C6,D4,28102,59,"[92, 59, 26, 69]",3,3,[],[],True,True,True,True,False,False,True
v1__scene_fc_blocked_v05__L2__C6_D4__r03_s28103,scene_fc_blocked_v05,FC_BLOCKED,C6,D4,28103,59,"[92, 59, 26, 69]",3,3,[],[],True,True,True,True,False,False,True
v1__scene_fc_blocked_v05__L2__C6_D4__r04_s28104,scene_fc_blocked_v05,FC_BLOCKED,C6,D4,28104,59,"[92, 59, 26, 69]",3,2,[],[26],True,True,False,False,False,True,False
v1__scene_fc_blocked_v05__L2__C6_D4__r05_s28105,scene_fc_blocked_v05,FC_BLOCKED,C6,D4,28105,59,"[92, 59, 26, 69]",3,3,[],[],True,True,True,True,False,False,True
v1__scene_fc_blocked_v05__L2__C6_D8__r01_s28101,scene_fc_blocked_v05,FC_BLOCKED,C6,D8,28101,59,"[92, 59, 26, 69]",3,3,[],[],True,True,True,True,False,False,True
v1__scene_fc_blocked_v05__L2__C6_D8__r02_s28102,scene_fc_blocked_v05,FC_BLOCKED,C6,D8,28102,59,"[92, 59, 26, 69]",3,3,[],[],True,True,True,True,False,False,True
v1__scene_fc_blocked_v05__L2__C6_D8__r03_s28103,scene_fc_blocked_v05,FC_BLOCKED,C6,D8,28103,59,"[92, 59, 26, 69]",3,3,[],[],True,True,True,True,False,False,True
v1__scene_fc_blocked_v05__L2__C6_D8__r04_s28104,scene_fc_blocked_v05,FC_BLOCKED,C6,D8,28104,59,"[92, 59, 26, 69]",3,3,[],[],True,True,True,True,False,False,True
v1__scene_fc_blocked_v05__L2__C6_D8__r05_s28105,scene_fc_blocked_v05,FC_BLOCKED,C6,D8,28105,59,"[92, 59, 26, 69]",3,3,[],[],True,True,True,True,False,False,True
v1__scene_fc_clear_v01__L2__C0_NA__r01_s28101,scene_fc_clear_v01,FC_CLEAR,C0,,28101,53,"[62, 53, 98, 59]",3,3,[],[],True,True,True,True,False,False,True
v1__scene_fc_clear_v01__L2__C0_NA__r02_s28102,scene_fc_clear_v01,FC_CLEAR,C0,,28102,53,"[62, 53, 98, 59]",3,3,[],[],True,True,True,True,False,False,True
v1__scene_fc_clear_v01__L2__C0_NA__r03_s28103,scene_fc_clear_v01,FC_CLEAR,C0,,28103,53,"[62, 53, 98, 59]",3,3,[],[],True,True,True,True,False,False,True
v1__scene_fc_clear_v01__L2__C0_NA__r04_s28104,scene_fc_clear_v01,FC_CLEAR,C0,,28104,53,"[62, 53, 98, 59]",3,3,[],[],True,True,True,True,False,False,True
v1__scene_fc_clear_v01__L2__C0_NA__r05_s28105,scene_fc_clear_v01,FC_CLEAR,C0,,28105,53,"[62, 53, 98, 59]",3,3,[],[],True,True,True,True,False,False,True
v1__scene_fc_clear_v01__L2__C1_NA__r01_s28101,scene_fc_clear_v01,FC_CLEAR,C1,,28101,53,"[62, 53, 98, 59]",3,3,[],[],True,True,True,True,False,False,True
v1__scene_fc_clear_v01__L2__C1_NA__r02_s28102,scene_fc_clear_v01,FC_CLEAR,C1,,28102,53,"[62, 53, 98, 59]",3,3,[],[],True,True,True,True,False,False,True
v1__scene_fc_clear_v01__L2__C1_NA__r03_s28103,scene_fc_clear_v01,FC_CLEAR,C1,,28103,53,"[62, 53, 98, 59]",3,3,[],[],True,True,True,True,False,False,True
v1__scene_fc_clear_v01__L2__C1_NA__r04_s28104,scene_fc_clear_v01,FC_CLEAR,C1,,28104,53,"[62, 53, 98, 59]",3,3,[],[],True,True,True,True,False,False,True
v1__scene_fc_clear_v01__L2__C1_NA__r05_s28105,scene_fc_clear_v01,FC_CLEAR,C1,,28105,53,"[62, 53, 98, 59]",3,3,[],[],True,True,True,True,False,False,True
v1__scene_fc_clear_v01__L2__C2_D4__r01_s28101,scene_fc_clear_v01,FC_CLEAR,C2,D4,28101,53,"[62, 53, 98, 59]",3,3,[],[],True,True,True,True,False,False,True
v1__scene_fc_clear_v01__L2__C2_D4__r02_s28102,scene_fc_clear_v01,FC_CLEAR,C2,D4,28102,53,"[62, 53, 98, 59]",3,3,[],[],True,True,True,True,False,False,True
v1__scene_fc_clear_v01__L2__C2_D4__r03_s28103,scene_fc_clear_v01,FC_CLEAR,C2,D4,28103,53,"[62, 53, 98, 59]",3,3,[],[],True,True,True,True,False,False,True
v1__scene_fc_clear_v01__L2__C2_D4__r04_s28104,scene_fc_clear_v01,FC_CLEAR,C2,D4,28104,53,"[62, 53, 98, 59]",3,3,[],[],True,True,True,True,False,False,True
v1__scene_fc_clear_v01__L2__C2_D4__r05_s28105,scene_fc_clear_v01,FC_CLEAR,C2,D4,28105,53,"[62, 53, 98, 59]",3,3,[],[],True,True,True,True,False,False,True
v1__scene_fc_clear_v01__L2__C2_D8__r01_s28101,scene_fc_clear_v01,FC_CLEAR,C2,D8,28101,53,"[62, 53, 98, 59]",3,3,[],[],True,True,True,True,False,False,True
v1__scene_fc_clear_v01__L2__C2_D8__r02_s28102,scene_fc_clear_v01,FC_CLEAR,C2,D8,28102,53,"[62, 53, 98, 59]",3,3,[],[],True,True,True,True,False,False,True
v1__scene_fc_clear_v01__L2__C2_D8__r03_s28103,scene_fc_clear_v01,FC_CLEAR,C2,D8,28103,53,"[62, 53, 98, 59]",3,3,[],[],True,True,True,True,False,False,True
v1__scene_fc_clear_v01__L2__C2_D8__r04_s28104,scene_fc_clear_v01,FC_CLEAR,C2,D8,28104,53,"[62, 53, 98, 59]",3,3,[],[],True,True,True,True,False,False,True
v1__scene_fc_clear_v01__L2__C2_D8__r05_s28105,scene_fc_clear_v01,FC_CLEAR,C2,D8,28105,53,"[62, 53, 98, 59]",3,3,[],[],True,True,True,True,False,False,True
v1__scene_fc_clear_v01__L2__C3_D4__r01_s28101,scene_fc_clear_v01,FC_CLEAR,C3,D4,28101,53,"[62, 53, 98, 59]",3,3,[],[],True,True,True,True,False,False,True
v1__scene_fc_clear_v01__L2__C3_D4__r02_s28102,scene_fc_clear_v01,FC_CLEAR,C3,D4,28102,53,"[62, 53, 98, 59]",3,3,[],[],True,True,True,True,False,False,True
v1__scene_fc_clear_v01__L2__C3_D4__r03_s28103,scene_fc_clear_v01,FC_CLEAR,C3,D4,28103,53,"[62, 53, 98, 59]",3,3,[],[],True,True,True,True,False,False,True
v1__scene_fc_clear_v01__L2__C3_D4__r04_s28104,scene_fc_clear_v01,FC_CLEAR,C3,D4,28104,53,"[62, 53, 98, 59]",3,3,[],[],True,True,True,True,False,False,True
v1__scene_fc_clear_v01__L2__C3_D4__r05_s28105,scene_fc_clear_v01,FC_CLEAR,C3,D4,28105,53,"[62, 53, 98, 59]",3,3,[],[],True,True,True,True,False,False,True
v1__scene_fc_clear_v01__L2__C3_D8__r01_s28101,scene_fc_clear_v01,FC_CLEAR,C3,D8,28101,53,"[62, 53, 98, 59]",3,3,[],[],True,True,True,True,False,False,True
v1__scene_fc_clear_v01__L2__C3_D8__r02_s28102,scene_fc_clear_v01,FC_CLEAR,C3,D8,28102,53,"[62, 53, 98, 59]",3,3,[],[],True,True,True,True,False,False,True
v1__scene_fc_clear_v01__L2__C3_D8__r03_s28103,scene_fc_clear_v01,FC_CLEAR,C3,D8,28103,53,"[62, 53, 98, 59]",3,3,[],[],True,True,True,True,False,False,True
v1__scene_fc_clear_v01__L2__C3_D8__r04_s28104,scene_fc_clear_v01,FC_CLEAR,C3,D8,28104,53,"[62, 53, 98, 59]",3,3,[],[],True,True,True,True,False,False,True
v1__scene_fc_clear_v01__L2__C3_D8__r05_s28105,scene_fc_clear_v01,FC_CLEAR,C3,D8,28105,53,"[62, 53, 98, 59]",3,3,[],[],True,True,True,True,False,False,True
v1__scene_fc_clear_v01__L2__C4_D4__r01_s28101,scene_fc_clear_v01,FC_CLEAR,C4,D4,28101,53,"[62, 53, 98, 59]",3,3,[],[],True,True,True,True,False,False,True
v1__scene_fc_clear_v01__L2__C4_D4__r02_s28102,scene_fc_clear_v01,FC_CLEAR,C4,D4,28102,53,"[62, 53, 98, 59]",3,3,[],[],True,True,True,True,False,False,True
v1__scene_fc_clear_v01__L2__C4_D4__r03_s28103,scene_fc_clear_v01,FC_CLEAR,C4,D4,28103,53,"[62, 53, 98, 59]",3,3,[],[],True,True,True,True,False,False,True
v1__scene_fc_clear_v01__L2__C4_D4__r04_s28104,scene_fc_clear_v01,FC_CLEAR,C4,D4,28104,53,"[62, 53, 98, 59]",3,3,[],[],True,True,True,True,False,False,True
v1__scene_fc_clear_v01__L2__C4_D4__r05_s28105,scene_fc_clear_v01,FC_CLEAR,C4,D4,28105,53,"[62, 53, 98, 59]",3,3,[],[],True,True,True,True,False,False,True
v1__scene_fc_clear_v01__L2__C4_D8__r01_s28101,scene_fc_clear_v01,FC_CLEAR,C4,D8,28101,53,"[62, 53, 98, 59]",3,3,[],[],True,True,True,True,False,False,True
v1__scene_fc_clear_v01__L2__C4_D8__r02_s28102,scene_fc_clear_v01,FC_CLEAR,C4,D8,28102,53,"[62, 53, 98, 59]",3,3,[],[],True,True,True,True,False,False,True
v1__scene_fc_clear_v01__L2__C4_D8__r03_s28103,scene_fc_clear_v01,FC_CLEAR,C4,D8,28103,53,"[62, 53, 98, 59]",3,3,[],[],True,True,True,True,False,False,True
v1__scene_fc_clear_v01__L2__C4_D8__r04_s28104,scene_fc_clear_v01,FC_CLEAR,C4,D8,28104,53,"[62, 53, 98, 59]",3,3,[],[],True,True,True,True,False,False,True
v1__scene_fc_clear_v01__L2__C4_D8__r05_s28105,scene_fc_clear_v01,FC_CLEAR,C4,D8,28105,53,"[62, 53, 98, 59]",3,3,[],[],True,True,True,True,False,False,True
v1__scene_fc_clear_v01__L2__C5_D4__r01_s28101,scene_fc_clear_v01,FC_CLEAR,C5,D4,28101,53,"[62, 53, 98, 59]",3,3,[],[],True,True,True,True,False,False,True
v1__scene_fc_clear_v01__L2__C5_D4__r02_s28102,scene_fc_clear_v01,FC_CLEAR,C5,D4,28102,53,"[62, 53, 98, 59]",3,3,[],[],True,True,True,True,False,False,True
v1__scene_fc_clear_v01__L2__C5_D4__r03_s28103,scene_fc_clear_v01,FC_CLEAR,C5,D4,28103,53,"[62, 53, 98, 59]",3,3,[],[],True,True,True,True,False,False,True
v1__scene_fc_clear_v01__L2__C5_D4__r04_s28104,scene_fc_clear_v01,FC_CLEAR,C5,D4,28104,53,"[62, 53, 98, 59]",3,3,[],[],True,True,True,True,False,False,True
v1__scene_fc_clear_v01__L2__C5_D4__r05_s28105,scene_fc_clear_v01,FC_CLEAR,C5,D4,28105,53,"[62, 53, 98, 59]",3,3,[],[],True,True,True,True,False,False,True
v1__scene_fc_clear_v01__L2__C5_D8__r01_s28101,scene_fc_clear_v01,FC_CLEAR,C5,D8,28101,53,"[62, 53, 98, 59]",3,3,[],[],True,True,True,True,False,False,True
v1__scene_fc_clear_v01__L2__C5_D8__r02_s28102,scene_fc_clear_v01,FC_CLEAR,C5,D8,28102,53,"[62, 53, 98, 59]",3,3,[],[],True,True,True,True,False,False,True
v1__scene_fc_clear_v01__L2__C5_D8__r03_s28103,scene_fc_clear_v01,FC_CLEAR,C5,D8,28103,53,"[62, 53, 98, 59]",3,3,[],[],True,True,True,True,False,False,True
v1__scene_fc_clear_v01__L2__C5_D8__r04_s28104,scene_fc_clear_v01,FC_CLEAR,C5,D8,28104,53,"[62, 53, 98, 59]",3,3,[],[],True,True,True,True,False,False,True
v1__scene_fc_clear_v01__L2__C5_D8__r05_s28105,scene_fc_clear_v01,FC_CLEAR,C5,D8,28105,53,"[62, 53, 98, 59]",3,3,[],[],True,True,True,True,False,False,True
v1__scene_fc_clear_v01__L2__C6_D4__r01_s28101,scene_fc_clear_v01,FC_CLEAR,C6,D4,28101,53,"[62, 53, 98, 59]",3,3,[],[],True,True,True,True,False,False,True
v1__scene_fc_clear_v01__L2__C6_D4__r02_s28102,scene_fc_clear_v01,FC_CLEAR,C6,D4,28102,53,"[62, 53, 98, 59]",3,3,[],[],True,True,True,True,False,False,True
v1__scene_fc_clear_v01__L2__C6_D4__r03_s28103,scene_fc_clear_v01,FC_CLEAR,C6,D4,28103,53,"[62, 53, 98, 59]",3,3,[],[],True,True,True,True,False,False,True
v1__scene_fc_clear_v01__L2__C6_D4__r04_s28104,scene_fc_clear_v01,FC_CLEAR,C6,D4,28104,53,"[62, 53, 98, 59]",3,3,[],[],True,True,True,True,False,False,True
v1__scene_fc_clear_v01__L2__C6_D4__r05_s28105,scene_fc_clear_v01,FC_CLEAR,C6,D4,28105,53,"[62, 53, 98, 59]",3,3,[],[],True,True,True,True,False,False,True
v1__scene_fc_clear_v01__L2__C6_D8__r01_s28101,scene_fc_clear_v01,FC_CLEAR,C6,D8,28101,53,"[62, 53, 98, 59]",3,3,[],[],True,True,True,True,False,False,True
v1__scene_fc_clear_v01__L2__C6_D8__r02_s28102,scene_fc_clear_v01,FC_CLEAR,C6,D8,28102,53,"[62, 53, 98, 59]",3,3,[],[],True,True,True,True,False,False,True
v1__scene_fc_clear_v01__L2__C6_D8__r03_s28103,scene_fc_clear_v01,FC_CLEAR,C6,D8,28103,53,"[62, 53, 98, 59]",3,3,[],[],True,True,True,True,False,False,True
v1__scene_fc_clear_v01__L2__C6_D8__r04_s28104,scene_fc_clear_v01,FC_CLEAR,C6,D8,28104,53,"[62, 53, 98, 59]",3,3,[],[],True,True,True,True,False,False,True
v1__scene_fc_clear_v01__L2__C6_D8__r05_s28105,scene_fc_clear_v01,FC_CLEAR,C6,D8,28105,53,"[62, 53, 98, 59]",3,3,[],[],True,True,True,True,False,False,True
v1__scene_fc_clear_v02__L2__C0_NA__r01_s28101,scene_fc_clear_v02,FC_CLEAR,C0,,28101,29,"[39, 10, 29, 66]",3,3,[],[],True,True,True,True,False,False,True
v1__scene_fc_clear_v02__L2__C0_NA__r02_s28102,scene_fc_clear_v02,FC_CLEAR,C0,,28102,29,"[39, 10, 29, 66]",3,3,[],[],True,True,True,True,False,False,True
v1__scene_fc_clear_v02__L2__C0_NA__r03_s28103,scene_fc_clear_v02,FC_CLEAR,C0,,28103,29,"[39, 10, 29, 66]",3,3,[],[],True,True,True,True,False,False,True
v1__scene_fc_clear_v02__L2__C0_NA__r04_s28104,scene_fc_clear_v02,FC_CLEAR,C0,,28104,29,"[39, 10, 29, 66]",3,3,[],[],True,True,True,True,False,False,True
v1__scene_fc_clear_v02__L2__C0_NA__r05_s28105,scene_fc_clear_v02,FC_CLEAR,C0,,28105,29,"[39, 10, 29, 66]",3,3,[],[],True,True,True,True,False,False,True
v1__scene_fc_clear_v02__L2__C1_NA__r01_s28101,scene_fc_clear_v02,FC_CLEAR,C1,,28101,29,"[39, 10, 29, 66]",3,3,[],[],True,True,True,True,False,False,True
v1__scene_fc_clear_v02__L2__C1_NA__r02_s28102,scene_fc_clear_v02,FC_CLEAR,C1,,28102,29,"[39, 10, 29, 66]",3,3,[],[],True,True,True,True,False,False,True
v1__scene_fc_clear_v02__L2__C1_NA__r03_s28103,scene_fc_clear_v02,FC_CLEAR,C1,,28103,29,"[39, 10, 29, 66]",3,3,[],[],True,True,True,True,False,False,True
v1__scene_fc_clear_v02__L2__C1_NA__r04_s28104,scene_fc_clear_v02,FC_CLEAR,C1,,28104,29,"[39, 10, 29, 66]",3,3,[],[],True,True,True,True,False,False,True
v1__scene_fc_clear_v02__L2__C1_NA__r05_s28105,scene_fc_clear_v02,FC_CLEAR,C1,,28105,29,"[39, 10, 29, 66]",3,3,[],[],True,True,True,True,False,False,True
v1__scene_fc_clear_v02__L2__C2_D4__r01_s28101,scene_fc_clear_v02,FC_CLEAR,C2,D4,28101,29,"[39, 10, 29, 66]",3,3,[],[],True,True,True,True,False,False,True
v1__scene_fc_clear_v02__L2__C2_D4__r02_s28102,scene_fc_clear_v02,FC_CLEAR,C2,D4,28102,29,"[39, 10, 29, 66]",3,3,[],[],True,True,True,True,False,False,True
v1__scene_fc_clear_v02__L2__C2_D4__r03_s28103,scene_fc_clear_v02,FC_CLEAR,C2,D4,28103,29,"[39, 10, 29, 66]",3,3,[],[],True,True,True,True,False,False,True
v1__scene_fc_clear_v02__L2__C2_D4__r04_s28104,scene_fc_clear_v02,FC_CLEAR,C2,D4,28104,29,"[39, 10, 29, 66]",3,3,[],[],True,True,True,True,False,False,True
v1__scene_fc_clear_v02__L2__C2_D4__r05_s28105,scene_fc_clear_v02,FC_CLEAR,C2,D4,28105,29,"[39, 10, 29, 66]",3,3,[],[],True,True,True,True,False,False,True
v1__scene_fc_clear_v02__L2__C2_D8__r01_s28101,scene_fc_clear_v02,FC_CLEAR,C2,D8,28101,29,"[39, 10, 29, 66]",3,3,[],[],True,True,True,True,False,False,True
v1__scene_fc_clear_v02__L2__C2_D8__r02_s28102,scene_fc_clear_v02,FC_CLEAR,C2,D8,28102,29,"[39, 10, 29, 66]",3,3,[],[],True,True,True,True,False,False,True
v1__scene_fc_clear_v02__L2__C2_D8__r03_s28103,scene_fc_clear_v02,FC_CLEAR,C2,D8,28103,29,"[39, 10, 29, 66]",3,3,[],[],True,True,True,True,False,False,True
v1__scene_fc_clear_v02__L2__C2_D8__r04_s28104,scene_fc_clear_v02,FC_CLEAR,C2,D8,28104,29,"[39, 10, 29, 66]",3,3,[],[],True,True,True,True,False,False,True
v1__scene_fc_clear_v02__L2__C2_D8__r05_s28105,scene_fc_clear_v02,FC_CLEAR,C2,D8,28105,29,"[39, 10, 29, 66]",3,3,[],[],True,True,True,True,False,False,True
v1__scene_fc_clear_v02__L2__C3_D4__r01_s28101,scene_fc_clear_v02,FC_CLEAR,C3,D4,28101,29,"[39, 10, 29, 66]",3,3,[],[],True,True,True,True,False,False,True
v1__scene_fc_clear_v02__L2__C3_D4__r02_s28102,scene_fc_clear_v02,FC_CLEAR,C3,D4,28102,29,"[39, 10, 29, 66]",3,3,[],[],True,True,True,True,False,False,True
v1__scene_fc_clear_v02__L2__C3_D4__r03_s28103,scene_fc_clear_v02,FC_CLEAR,C3,D4,28103,29,"[39, 10, 29, 66]",3,3,[],[],True,True,True,True,False,False,True
v1__scene_fc_clear_v02__L2__C3_D4__r04_s28104,scene_fc_clear_v02,FC_CLEAR,C3,D4,28104,29,"[39, 10, 29, 66]",3,3,[],[],True,True,True,True,False,False,True
v1__scene_fc_clear_v02__L2__C3_D4__r05_s28105,scene_fc_clear_v02,FC_CLEAR,C3,D4,28105,29,"[39, 10, 29, 66]",3,3,[],[],True,True,True,True,False,False,True
v1__scene_fc_clear_v02__L2__C3_D8__r01_s28101,scene_fc_clear_v02,FC_CLEAR,C3,D8,28101,29,"[39, 10, 29, 66]",3,3,[],[],True,True,True,True,False,False,True
v1__scene_fc_clear_v02__L2__C3_D8__r02_s28102,scene_fc_clear_v02,FC_CLEAR,C3,D8,28102,29,"[39, 10, 29, 66]",3,3,[],[],True,True,True,True,False,False,True
v1__scene_fc_clear_v02__L2__C3_D8__r03_s28103,scene_fc_clear_v02,FC_CLEAR,C3,D8,28103,29,"[39, 10, 29, 66]",3,3,[],[],True,True,True,True,False,False,True
v1__scene_fc_clear_v02__L2__C3_D8__r04_s28104,scene_fc_clear_v02,FC_CLEAR,C3,D8,28104,29,"[39, 10, 29, 66]",3,3,[],[],True,True,True,True,False,False,True
v1__scene_fc_clear_v02__L2__C3_D8__r05_s28105,scene_fc_clear_v02,FC_CLEAR,C3,D8,28105,29,"[39, 10, 29, 66]",3,3,[],[],True,True,True,True,False,False,True
v1__scene_fc_clear_v02__L2__C4_D4__r01_s28101,scene_fc_clear_v02,FC_CLEAR,C4,D4,28101,29,"[39, 10, 29, 66]",3,3,[],[],True,True,True,True,False,False,True
v1__scene_fc_clear_v02__L2__C4_D4__r02_s28102,scene_fc_clear_v02,FC_CLEAR,C4,D4,28102,29,"[39, 10, 29, 66]",3,3,[],[],True,True,True,True,False,False,True
v1__scene_fc_clear_v02__L2__C4_D4__r03_s28103,scene_fc_clear_v02,FC_CLEAR,C4,D4,28103,29,"[39, 10, 29, 66]",3,3,[],[],True,True,True,True,False,False,True
v1__scene_fc_clear_v02__L2__C4_D4__r04_s28104,scene_fc_clear_v02,FC_CLEAR,C4,D4,28104,29,"[39, 10, 29, 66]",3,3,[],[],True,True,True,True,False,False,True
v1__scene_fc_clear_v02__L2__C4_D4__r05_s28105,scene_fc_clear_v02,FC_CLEAR,C4,D4,28105,29,"[39, 10, 29, 66]",3,3,[],[],True,True,True,True,False,False,True
v1__scene_fc_clear_v02__L2__C4_D8__r01_s28101,scene_fc_clear_v02,FC_CLEAR,C4,D8,28101,29,"[39, 10, 29, 66]",3,3,[],[],True,True,True,True,False,False,True
v1__scene_fc_clear_v02__L2__C4_D8__r02_s28102,scene_fc_clear_v02,FC_CLEAR,C4,D8,28102,29,"[39, 10, 29, 66]",3,3,[],[],True,True,True,True,False,False,True
v1__scene_fc_clear_v02__L2__C4_D8__r03_s28103,scene_fc_clear_v02,FC_CLEAR,C4,D8,28103,29,"[39, 10, 29, 66]",3,3,[],[],True,True,True,True,False,False,True
v1__scene_fc_clear_v02__L2__C4_D8__r04_s28104,scene_fc_clear_v02,FC_CLEAR,C4,D8,28104,29,"[39, 10, 29, 66]",3,3,[],[],True,True,True,True,False,False,True
v1__scene_fc_clear_v02__L2__C4_D8__r05_s28105,scene_fc_clear_v02,FC_CLEAR,C4,D8,28105,29,"[39, 10, 29, 66]",3,3,[],[],True,True,True,True,False,False,True
v1__scene_fc_clear_v02__L2__C5_D4__r01_s28101,scene_fc_clear_v02,FC_CLEAR,C5,D4,28101,29,"[39, 10, 29, 66]",3,3,[],[],True,True,True,True,False,False,True
v1__scene_fc_clear_v02__L2__C5_D4__r02_s28102,scene_fc_clear_v02,FC_CLEAR,C5,D4,28102,29,"[39, 10, 29, 66]",3,3,[],[],True,True,True,True,False,False,True
v1__scene_fc_clear_v02__L2__C5_D4__r03_s28103,scene_fc_clear_v02,FC_CLEAR,C5,D4,28103,29,"[39, 10, 29, 66]",3,3,[],[],True,True,True,True,False,False,True
v1__scene_fc_clear_v02__L2__C5_D4__r04_s28104,scene_fc_clear_v02,FC_CLEAR,C5,D4,28104,29,"[39, 10, 29, 66]",3,3,[],[],True,True,True,True,False,False,True
v1__scene_fc_clear_v02__L2__C5_D4__r05_s28105,scene_fc_clear_v02,FC_CLEAR,C5,D4,28105,29,"[39, 10, 29, 66]",3,3,[],[],True,True,True,True,False,False,True
v1__scene_fc_clear_v02__L2__C5_D8__r01_s28101,scene_fc_clear_v02,FC_CLEAR,C5,D8,28101,29,"[39, 10, 29, 66]",3,3,[],[],True,True,True,True,False,False,True
v1__scene_fc_clear_v02__L2__C5_D8__r02_s28102,scene_fc_clear_v02,FC_CLEAR,C5,D8,28102,29,"[39, 10, 29, 66]",3,3,[],[],True,True,True,True,False,False,True
v1__scene_fc_clear_v02__L2__C5_D8__r03_s28103,scene_fc_clear_v02,FC_CLEAR,C5,D8,28103,29,"[39, 10, 29, 66]",3,3,[],[],True,True,True,True,False,False,True
v1__scene_fc_clear_v02__L2__C5_D8__r04_s28104,scene_fc_clear_v02,FC_CLEAR,C5,D8,28104,29,"[39, 10, 29, 66]",3,3,[],[],True,True,True,True,False,False,True
v1__scene_fc_clear_v02__L2__C5_D8__r05_s28105,scene_fc_clear_v02,FC_CLEAR,C5,D8,28105,29,"[39, 10, 29, 66]",3,3,[],[],True,True,True,True,False,False,True
v1__scene_fc_clear_v02__L2__C6_D4__r01_s28101,scene_fc_clear_v02,FC_CLEAR,C6,D4,28101,29,"[39, 10, 29, 66]",3,3,[],[],True,True,True,True,False,False,True
v1__scene_fc_clear_v02__L2__C6_D4__r02_s28102,scene_fc_clear_v02,FC_CLEAR,C6,D4,28102,29,"[39, 10, 29, 66]",3,3,[],[],True,True,True,True,False,False,True
v1__scene_fc_clear_v02__L2__C6_D4__r03_s28103,scene_fc_clear_v02,FC_CLEAR,C6,D4,28103,29,"[39, 10, 29, 66]",3,3,[],[],True,True,True,True,False,False,True
v1__scene_fc_clear_v02__L2__C6_D4__r04_s28104,scene_fc_clear_v02,FC_CLEAR,C6,D4,28104,29,"[39, 10, 29, 66]",3,3,[],[],True,True,True,True,False,False,True
v1__scene_fc_clear_v02__L2__C6_D4__r05_s28105,scene_fc_clear_v02,FC_CLEAR,C6,D4,28105,29,"[39, 10, 29, 66]",3,3,[],[],True,True,True,True,False,False,True
v1__scene_fc_clear_v02__L2__C6_D8__r01_s28101,scene_fc_clear_v02,FC_CLEAR,C6,D8,28101,29,"[39, 10, 29, 66]",3,3,[],[],True,True,True,True,False,False,True
v1__scene_fc_clear_v02__L2__C6_D8__r02_s28102,scene_fc_clear_v02,FC_CLEAR,C6,D8,28102,29,"[39, 10, 29, 66]",3,3,[],[],True,True,True,True,False,False,True
v1__scene_fc_clear_v02__L2__C6_D8__r03_s28103,scene_fc_clear_v02,FC_CLEAR,C6,D8,28103,29,"[39, 10, 29, 66]",3,3,[],[],True,True,True,True,False,False,True
v1__scene_fc_clear_v02__L2__C6_D8__r04_s28104,scene_fc_clear_v02,FC_CLEAR,C6,D8,28104,29,"[39, 10, 29, 66]",3,3,[],[],True,True,True,True,False,False,True
v1__scene_fc_clear_v02__L2__C6_D8__r05_s28105,scene_fc_clear_v02,FC_CLEAR,C6,D8,28105,29,"[39, 10, 29, 66]",3,3,[],[],True,True,True,True,False,False,True
v1__scene_fc_clear_v03__L2__C0_NA__r01_s28101,scene_fc_clear_v03,FC_CLEAR,C0,,28101,95,"[95, 20, 51, 22]",3,3,[],[],True,True,True,True,False,False,True
v1__scene_fc_clear_v03__L2__C0_NA__r02_s28102,scene_fc_clear_v03,FC_CLEAR,C0,,28102,95,"[95, 20, 51, 22]",3,3,[],[],True,True,True,True,False,False,True
v1__scene_fc_clear_v03__L2__C0_NA__r03_s28103,scene_fc_clear_v03,FC_CLEAR,C0,,28103,95,"[95, 20, 51, 22]",3,3,[],[],True,True,True,True,False,False,True
v1__scene_fc_clear_v03__L2__C0_NA__r04_s28104,scene_fc_clear_v03,FC_CLEAR,C0,,28104,95,"[95, 20, 51, 22]",3,3,[],[],True,True,True,True,False,False,True
v1__scene_fc_clear_v03__L2__C0_NA__r05_s28105,scene_fc_clear_v03,FC_CLEAR,C0,,28105,95,"[95, 20, 51, 22]",3,3,[],[],True,True,True,True,False,False,True
v1__scene_fc_clear_v03__L2__C1_NA__r01_s28101,scene_fc_clear_v03,FC_CLEAR,C1,,28101,95,"[95, 20, 51, 22]",3,3,[],[],True,True,True,True,False,False,True
v1__scene_fc_clear_v03__L2__C1_NA__r02_s28102,scene_fc_clear_v03,FC_CLEAR,C1,,28102,95,"[95, 20, 51, 22]",3,3,[],[],True,True,True,True,False,False,True
v1__scene_fc_clear_v03__L2__C1_NA__r03_s28103,scene_fc_clear_v03,FC_CLEAR,C1,,28103,95,"[95, 20, 51, 22]",3,3,[],[],True,True,True,True,False,False,True
v1__scene_fc_clear_v03__L2__C1_NA__r04_s28104,scene_fc_clear_v03,FC_CLEAR,C1,,28104,95,"[95, 20, 51, 22]",3,3,[],[],True,True,True,True,False,False,True
v1__scene_fc_clear_v03__L2__C1_NA__r05_s28105,scene_fc_clear_v03,FC_CLEAR,C1,,28105,95,"[95, 20, 51, 22]",3,3,[],[],True,True,True,True,False,False,True
v1__scene_fc_clear_v03__L2__C2_D4__r01_s28101,scene_fc_clear_v03,FC_CLEAR,C2,D4,28101,95,"[95, 20, 51, 22]",3,3,[],[],True,True,True,True,False,False,True
v1__scene_fc_clear_v03__L2__C2_D4__r02_s28102,scene_fc_clear_v03,FC_CLEAR,C2,D4,28102,95,"[95, 20, 51, 22]",3,3,[],[],True,True,True,True,False,False,True
v1__scene_fc_clear_v03__L2__C2_D4__r03_s28103,scene_fc_clear_v03,FC_CLEAR,C2,D4,28103,95,"[95, 20, 51, 22]",3,3,[],[],True,True,True,True,False,False,True
v1__scene_fc_clear_v03__L2__C2_D4__r04_s28104,scene_fc_clear_v03,FC_CLEAR,C2,D4,28104,95,"[95, 20, 51, 22]",3,3,[],[],True,True,True,True,False,False,True
v1__scene_fc_clear_v03__L2__C2_D4__r05_s28105,scene_fc_clear_v03,FC_CLEAR,C2,D4,28105,95,"[95, 20, 51, 22]",3,3,[],[],True,True,True,True,False,False,True
v1__scene_fc_clear_v03__L2__C2_D8__r01_s28101,scene_fc_clear_v03,FC_CLEAR,C2,D8,28101,95,"[95, 20, 51, 22]",3,3,[],[],True,True,True,True,False,False,True
v1__scene_fc_clear_v03__L2__C2_D8__r02_s28102,scene_fc_clear_v03,FC_CLEAR,C2,D8,28102,95,"[95, 20, 51, 22]",3,3,[],[],True,True,True,True,False,False,True
v1__scene_fc_clear_v03__L2__C2_D8__r03_s28103,scene_fc_clear_v03,FC_CLEAR,C2,D8,28103,95,"[95, 20, 51, 22]",3,3,[],[],True,True,True,True,False,False,True
v1__scene_fc_clear_v03__L2__C2_D8__r04_s28104,scene_fc_clear_v03,FC_CLEAR,C2,D8,28104,95,"[95, 20, 51, 22]",3,3,[],[],True,True,True,True,False,False,True
v1__scene_fc_clear_v03__L2__C2_D8__r05_s28105,scene_fc_clear_v03,FC_CLEAR,C2,D8,28105,95,"[95, 20, 51, 22]",3,3,[],[],True,True,True,True,False,False,True
v1__scene_fc_clear_v03__L2__C3_D4__r01_s28101,scene_fc_clear_v03,FC_CLEAR,C3,D4,28101,95,"[95, 20, 51, 22]",3,3,[],[],True,True,True,True,False,False,True
v1__scene_fc_clear_v03__L2__C3_D4__r02_s28102,scene_fc_clear_v03,FC_CLEAR,C3,D4,28102,95,"[95, 20, 51, 22]",3,3,[],[],True,True,True,True,False,False,True
v1__scene_fc_clear_v03__L2__C3_D4__r03_s28103,scene_fc_clear_v03,FC_CLEAR,C3,D4,28103,95,"[95, 20, 51, 22]",3,3,[],[],True,True,True,True,False,False,True
v1__scene_fc_clear_v03__L2__C3_D4__r04_s28104,scene_fc_clear_v03,FC_CLEAR,C3,D4,28104,95,"[95, 20, 51, 22]",3,3,[],[],True,True,True,True,False,False,True
v1__scene_fc_clear_v03__L2__C3_D4__r05_s28105,scene_fc_clear_v03,FC_CLEAR,C3,D4,28105,95,"[95, 20, 51, 22]",3,3,[],[],True,True,True,True,False,False,True
v1__scene_fc_clear_v03__L2__C3_D8__r01_s28101,scene_fc_clear_v03,FC_CLEAR,C3,D8,28101,95,"[95, 20, 51, 22]",3,3,[],[],True,True,True,True,False,False,True
v1__scene_fc_clear_v03__L2__C3_D8__r02_s28102,scene_fc_clear_v03,FC_CLEAR,C3,D8,28102,95,"[95, 20, 51, 22]",3,3,[],[],True,True,True,True,False,False,True
v1__scene_fc_clear_v03__L2__C3_D8__r03_s28103,scene_fc_clear_v03,FC_CLEAR,C3,D8,28103,95,"[95, 20, 51, 22]",3,3,[],[],True,True,True,True,False,False,True
v1__scene_fc_clear_v03__L2__C3_D8__r04_s28104,scene_fc_clear_v03,FC_CLEAR,C3,D8,28104,95,"[95, 20, 51, 22]",3,3,[],[],True,True,True,True,False,False,True
v1__scene_fc_clear_v03__L2__C3_D8__r05_s28105,scene_fc_clear_v03,FC_CLEAR,C3,D8,28105,95,"[95, 20, 51, 22]",3,3,[],[],True,True,True,True,False,False,True
v1__scene_fc_clear_v03__L2__C4_D4__r01_s28101,scene_fc_clear_v03,FC_CLEAR,C4,D4,28101,95,"[95, 20, 51, 22]",3,3,[],[],True,True,True,True,False,False,True
v1__scene_fc_clear_v03__L2__C4_D4__r02_s28102,scene_fc_clear_v03,FC_CLEAR,C4,D4,28102,95,"[95, 20, 51, 22]",3,3,[],[],True,True,True,True,False,False,True
v1__scene_fc_clear_v03__L2__C4_D4__r03_s28103,scene_fc_clear_v03,FC_CLEAR,C4,D4,28103,95,"[95, 20, 51, 22]",3,3,[],[],True,True,True,True,False,False,True
v1__scene_fc_clear_v03__L2__C4_D4__r04_s28104,scene_fc_clear_v03,FC_CLEAR,C4,D4,28104,95,"[95, 20, 51, 22]",3,3,[],[],True,True,True,True,False,False,True
v1__scene_fc_clear_v03__L2__C4_D4__r05_s28105,scene_fc_clear_v03,FC_CLEAR,C4,D4,28105,95,"[95, 20, 51, 22]",3,3,[],[],True,True,True,True,False,False,True
v1__scene_fc_clear_v03__L2__C4_D8__r01_s28101,scene_fc_clear_v03,FC_CLEAR,C4,D8,28101,95,"[95, 20, 51, 22]",3,3,[],[],True,True,True,True,False,False,True
v1__scene_fc_clear_v03__L2__C4_D8__r02_s28102,scene_fc_clear_v03,FC_CLEAR,C4,D8,28102,95,"[95, 20, 51, 22]",3,3,[],[],True,True,True,True,False,False,True
v1__scene_fc_clear_v03__L2__C4_D8__r03_s28103,scene_fc_clear_v03,FC_CLEAR,C4,D8,28103,95,"[95, 20, 51, 22]",3,3,[],[],True,True,True,True,False,False,True
v1__scene_fc_clear_v03__L2__C4_D8__r04_s28104,scene_fc_clear_v03,FC_CLEAR,C4,D8,28104,95,"[95, 20, 51, 22]",3,3,[],[],True,True,True,True,False,False,True
v1__scene_fc_clear_v03__L2__C4_D8__r05_s28105,scene_fc_clear_v03,FC_CLEAR,C4,D8,28105,95,"[95, 20, 51, 22]",3,3,[],[],True,True,True,True,False,False,True
v1__scene_fc_clear_v03__L2__C5_D4__r01_s28101,scene_fc_clear_v03,FC_CLEAR,C5,D4,28101,95,"[95, 20, 51, 22]",3,3,[],[],True,True,True,True,False,False,True
v1__scene_fc_clear_v03__L2__C5_D4__r02_s28102,scene_fc_clear_v03,FC_CLEAR,C5,D4,28102,95,"[95, 20, 51, 22]",3,3,[],[],True,True,True,True,False,False,True
v1__scene_fc_clear_v03__L2__C5_D4__r03_s28103,scene_fc_clear_v03,FC_CLEAR,C5,D4,28103,95,"[95, 20, 51, 22]",3,3,[],[],True,True,True,True,False,False,True
v1__scene_fc_clear_v03__L2__C5_D4__r04_s28104,scene_fc_clear_v03,FC_CLEAR,C5,D4,28104,95,"[95, 20, 51, 22]",3,3,[],[],True,True,True,True,False,False,True
v1__scene_fc_clear_v03__L2__C5_D4__r05_s28105,scene_fc_clear_v03,FC_CLEAR,C5,D4,28105,95,"[95, 20, 51, 22]",3,3,[],[],True,True,True,True,False,False,True
v1__scene_fc_clear_v03__L2__C5_D8__r01_s28101,scene_fc_clear_v03,FC_CLEAR,C5,D8,28101,95,"[95, 20, 51, 22]",3,3,[],[],True,True,True,True,False,False,True
v1__scene_fc_clear_v03__L2__C5_D8__r02_s28102,scene_fc_clear_v03,FC_CLEAR,C5,D8,28102,95,"[95, 20, 51, 22]",3,3,[],[],True,True,True,True,False,False,True
v1__scene_fc_clear_v03__L2__C5_D8__r03_s28103,scene_fc_clear_v03,FC_CLEAR,C5,D8,28103,95,"[95, 20, 51, 22]",3,3,[],[],True,True,True,True,False,False,True
v1__scene_fc_clear_v03__L2__C5_D8__r04_s28104,scene_fc_clear_v03,FC_CLEAR,C5,D8,28104,95,"[95, 20, 51, 22]",3,3,[],[],True,True,True,True,False,False,True
v1__scene_fc_clear_v03__L2__C5_D8__r05_s28105,scene_fc_clear_v03,FC_CLEAR,C5,D8,28105,95,"[95, 20, 51, 22]",3,3,[],[],True,True,True,True,False,False,True
v1__scene_fc_clear_v03__L2__C6_D4__r01_s28101,scene_fc_clear_v03,FC_CLEAR,C6,D4,28101,95,"[95, 20, 51, 22]",3,3,[],[],True,True,True,True,False,False,True
v1__scene_fc_clear_v03__L2__C6_D4__r02_s28102,scene_fc_clear_v03,FC_CLEAR,C6,D4,28102,95,"[95, 20, 51, 22]",3,3,[],[],True,True,True,True,False,False,True
v1__scene_fc_clear_v03__L2__C6_D4__r03_s28103,scene_fc_clear_v03,FC_CLEAR,C6,D4,28103,95,"[95, 20, 51, 22]",3,3,[],[],True,True,True,True,False,False,True
v1__scene_fc_clear_v03__L2__C6_D4__r04_s28104,scene_fc_clear_v03,FC_CLEAR,C6,D4,28104,95,"[95, 20, 51, 22]",3,3,[],[],True,True,True,True,False,False,True
v1__scene_fc_clear_v03__L2__C6_D4__r05_s28105,scene_fc_clear_v03,FC_CLEAR,C6,D4,28105,95,"[95, 20, 51, 22]",3,3,[],[],True,True,True,True,False,False,True
v1__scene_fc_clear_v03__L2__C6_D8__r01_s28101,scene_fc_clear_v03,FC_CLEAR,C6,D8,28101,95,"[95, 20, 51, 22]",3,3,[],[],True,True,True,True,False,False,True
v1__scene_fc_clear_v03__L2__C6_D8__r02_s28102,scene_fc_clear_v03,FC_CLEAR,C6,D8,28102,95,"[95, 20, 51, 22]",3,3,[],[],True,True,True,True,False,False,True
v1__scene_fc_clear_v03__L2__C6_D8__r03_s28103,scene_fc_clear_v03,FC_CLEAR,C6,D8,28103,95,"[95, 20, 51, 22]",3,3,[],[],True,True,True,True,False,False,True
v1__scene_fc_clear_v03__L2__C6_D8__r04_s28104,scene_fc_clear_v03,FC_CLEAR,C6,D8,28104,95,"[95, 20, 51, 22]",3,3,[],[],True,True,True,True,False,False,True
v1__scene_fc_clear_v03__L2__C6_D8__r05_s28105,scene_fc_clear_v03,FC_CLEAR,C6,D8,28105,95,"[95, 20, 51, 22]",3,3,[],[],True,True,True,True,False,False,True
v1__scene_fc_clear_v04__L2__C0_NA__r01_s28101,scene_fc_clear_v04,FC_CLEAR,C0,,28101,61,"[59, 38, 61, 13]",3,3,[],[],True,True,True,True,False,False,True
v1__scene_fc_clear_v04__L2__C0_NA__r02_s28102,scene_fc_clear_v04,FC_CLEAR,C0,,28102,61,"[59, 38, 61, 13]",3,3,[],[],True,True,True,True,False,False,True
v1__scene_fc_clear_v04__L2__C0_NA__r03_s28103,scene_fc_clear_v04,FC_CLEAR,C0,,28103,61,"[59, 38, 61, 13]",3,3,[],[],True,True,True,True,False,False,True
v1__scene_fc_clear_v04__L2__C0_NA__r04_s28104,scene_fc_clear_v04,FC_CLEAR,C0,,28104,61,"[59, 38, 61, 13]",3,3,[],[],True,True,True,True,False,False,True
v1__scene_fc_clear_v04__L2__C0_NA__r05_s28105,scene_fc_clear_v04,FC_CLEAR,C0,,28105,61,"[59, 38, 61, 13]",3,3,[],[],True,True,True,True,False,False,True
v1__scene_fc_clear_v04__L2__C1_NA__r01_s28101,scene_fc_clear_v04,FC_CLEAR,C1,,28101,61,"[59, 38, 61, 13]",3,3,[],[],True,True,True,True,False,False,True
v1__scene_fc_clear_v04__L2__C1_NA__r02_s28102,scene_fc_clear_v04,FC_CLEAR,C1,,28102,61,"[59, 38, 61, 13]",3,3,[],[],True,True,True,True,False,False,True
v1__scene_fc_clear_v04__L2__C1_NA__r03_s28103,scene_fc_clear_v04,FC_CLEAR,C1,,28103,61,"[59, 38, 61, 13]",3,3,[],[],True,True,True,True,False,False,True
v1__scene_fc_clear_v04__L2__C1_NA__r04_s28104,scene_fc_clear_v04,FC_CLEAR,C1,,28104,61,"[59, 38, 61, 13]",3,3,[],[],True,True,True,True,False,False,True
v1__scene_fc_clear_v04__L2__C1_NA__r05_s28105,scene_fc_clear_v04,FC_CLEAR,C1,,28105,61,"[59, 38, 61, 13]",3,3,[],[],True,True,True,True,False,False,True
v1__scene_fc_clear_v04__L2__C2_D4__r01_s28101,scene_fc_clear_v04,FC_CLEAR,C2,D4,28101,61,"[59, 38, 61, 13]",3,3,[],[],True,True,True,True,False,False,True
v1__scene_fc_clear_v04__L2__C2_D4__r02_s28102,scene_fc_clear_v04,FC_CLEAR,C2,D4,28102,61,"[59, 38, 61, 13]",3,3,[],[],True,True,True,True,False,False,True
v1__scene_fc_clear_v04__L2__C2_D4__r03_s28103,scene_fc_clear_v04,FC_CLEAR,C2,D4,28103,61,"[59, 38, 61, 13]",3,3,[],[],True,True,True,True,False,False,True
v1__scene_fc_clear_v04__L2__C2_D4__r04_s28104,scene_fc_clear_v04,FC_CLEAR,C2,D4,28104,61,"[59, 38, 61, 13]",3,3,[],[],True,True,True,True,False,False,True
v1__scene_fc_clear_v04__L2__C2_D4__r05_s28105,scene_fc_clear_v04,FC_CLEAR,C2,D4,28105,61,"[59, 38, 61, 13]",3,3,[],[],True,True,True,True,False,False,True
v1__scene_fc_clear_v04__L2__C2_D8__r01_s28101,scene_fc_clear_v04,FC_CLEAR,C2,D8,28101,61,"[59, 38, 61, 13]",3,3,[],[],True,True,True,True,False,False,True
v1__scene_fc_clear_v04__L2__C2_D8__r02_s28102,scene_fc_clear_v04,FC_CLEAR,C2,D8,28102,61,"[59, 38, 61, 13]",3,3,[],[],True,True,True,True,False,False,True
v1__scene_fc_clear_v04__L2__C2_D8__r03_s28103,scene_fc_clear_v04,FC_CLEAR,C2,D8,28103,61,"[59, 38, 61, 13]",3,3,[],[],True,True,True,True,False,False,True
v1__scene_fc_clear_v04__L2__C2_D8__r04_s28104,scene_fc_clear_v04,FC_CLEAR,C2,D8,28104,61,"[59, 38, 61, 13]",3,3,[],[],True,True,True,True,False,False,True
v1__scene_fc_clear_v04__L2__C2_D8__r05_s28105,scene_fc_clear_v04,FC_CLEAR,C2,D8,28105,61,"[59, 38, 61, 13]",3,3,[],[],True,True,True,True,False,False,True
v1__scene_fc_clear_v04__L2__C3_D4__r01_s28101,scene_fc_clear_v04,FC_CLEAR,C3,D4,28101,61,"[59, 38, 61, 13]",3,3,[],[],True,True,True,True,False,False,True
v1__scene_fc_clear_v04__L2__C3_D4__r02_s28102,scene_fc_clear_v04,FC_CLEAR,C3,D4,28102,61,"[59, 38, 61, 13]",3,3,[],[],True,True,True,True,False,False,True
v1__scene_fc_clear_v04__L2__C3_D4__r03_s28103,scene_fc_clear_v04,FC_CLEAR,C3,D4,28103,61,"[59, 38, 61, 13]",3,3,[],[],True,True,True,True,False,False,True
v1__scene_fc_clear_v04__L2__C3_D4__r04_s28104,scene_fc_clear_v04,FC_CLEAR,C3,D4,28104,61,"[59, 38, 61, 13]",3,3,[],[],True,True,True,True,False,False,True
v1__scene_fc_clear_v04__L2__C3_D4__r05_s28105,scene_fc_clear_v04,FC_CLEAR,C3,D4,28105,61,"[59, 38, 61, 13]",3,3,[],[],True,True,True,True,False,False,True
v1__scene_fc_clear_v04__L2__C3_D8__r01_s28101,scene_fc_clear_v04,FC_CLEAR,C3,D8,28101,61,"[59, 38, 61, 13]",3,3,[],[],True,True,True,True,False,False,True
v1__scene_fc_clear_v04__L2__C3_D8__r02_s28102,scene_fc_clear_v04,FC_CLEAR,C3,D8,28102,61,"[59, 38, 61, 13]",3,3,[],[],True,True,True,True,False,False,True
v1__scene_fc_clear_v04__L2__C3_D8__r03_s28103,scene_fc_clear_v04,FC_CLEAR,C3,D8,28103,61,"[59, 38, 61, 13]",3,3,[],[],True,True,True,True,False,False,True
v1__scene_fc_clear_v04__L2__C3_D8__r04_s28104,scene_fc_clear_v04,FC_CLEAR,C3,D8,28104,61,"[59, 38, 61, 13]",3,3,[],[],True,True,True,True,False,False,True
v1__scene_fc_clear_v04__L2__C3_D8__r05_s28105,scene_fc_clear_v04,FC_CLEAR,C3,D8,28105,61,"[59, 38, 61, 13]",3,3,[],[],True,True,True,True,False,False,True
v1__scene_fc_clear_v04__L2__C4_D4__r01_s28101,scene_fc_clear_v04,FC_CLEAR,C4,D4,28101,61,"[59, 38, 61, 13]",3,3,[],[],True,True,True,True,False,False,True
v1__scene_fc_clear_v04__L2__C4_D4__r02_s28102,scene_fc_clear_v04,FC_CLEAR,C4,D4,28102,61,"[59, 38, 61, 13]",3,3,[],[],True,True,True,True,False,False,True
v1__scene_fc_clear_v04__L2__C4_D4__r03_s28103,scene_fc_clear_v04,FC_CLEAR,C4,D4,28103,61,"[59, 38, 61, 13]",3,3,[],[],True,True,True,True,False,False,True
v1__scene_fc_clear_v04__L2__C4_D4__r04_s28104,scene_fc_clear_v04,FC_CLEAR,C4,D4,28104,61,"[59, 38, 61, 13]",3,3,[],[],True,True,True,True,False,False,True
v1__scene_fc_clear_v04__L2__C4_D4__r05_s28105,scene_fc_clear_v04,FC_CLEAR,C4,D4,28105,61,"[59, 38, 61, 13]",3,3,[],[],True,True,True,True,False,False,True
v1__scene_fc_clear_v04__L2__C4_D8__r01_s28101,scene_fc_clear_v04,FC_CLEAR,C4,D8,28101,61,"[59, 38, 61, 13]",3,3,[],[],True,True,True,True,False,False,True
v1__scene_fc_clear_v04__L2__C4_D8__r02_s28102,scene_fc_clear_v04,FC_CLEAR,C4,D8,28102,61,"[59, 38, 61, 13]",3,3,[],[],True,True,True,True,False,False,True
v1__scene_fc_clear_v04__L2__C4_D8__r03_s28103,scene_fc_clear_v04,FC_CLEAR,C4,D8,28103,61,"[59, 38, 61, 13]",3,3,[],[],True,True,True,True,False,False,True
v1__scene_fc_clear_v04__L2__C4_D8__r04_s28104,scene_fc_clear_v04,FC_CLEAR,C4,D8,28104,61,"[59, 38, 61, 13]",3,3,[],[],True,True,True,True,False,False,True
v1__scene_fc_clear_v04__L2__C4_D8__r05_s28105,scene_fc_clear_v04,FC_CLEAR,C4,D8,28105,61,"[59, 38, 61, 13]",3,3,[],[],True,True,True,True,False,False,True
v1__scene_fc_clear_v04__L2__C5_D4__r01_s28101,scene_fc_clear_v04,FC_CLEAR,C5,D4,28101,61,"[59, 38, 61, 13]",3,3,[],[],True,True,True,True,False,False,True
v1__scene_fc_clear_v04__L2__C5_D4__r02_s28102,scene_fc_clear_v04,FC_CLEAR,C5,D4,28102,61,"[59, 38, 61, 13]",3,3,[],[],True,True,True,True,False,False,True
v1__scene_fc_clear_v04__L2__C5_D4__r03_s28103,scene_fc_clear_v04,FC_CLEAR,C5,D4,28103,61,"[59, 38, 61, 13]",3,3,[],[],True,True,True,True,False,False,True
v1__scene_fc_clear_v04__L2__C5_D4__r04_s28104,scene_fc_clear_v04,FC_CLEAR,C5,D4,28104,61,"[59, 38, 61, 13]",3,3,[],[],True,True,True,True,False,False,True
v1__scene_fc_clear_v04__L2__C5_D4__r05_s28105,scene_fc_clear_v04,FC_CLEAR,C5,D4,28105,61,"[59, 38, 61, 13]",3,3,[],[],True,True,True,True,False,False,True
v1__scene_fc_clear_v04__L2__C5_D8__r01_s28101,scene_fc_clear_v04,FC_CLEAR,C5,D8,28101,61,"[59, 38, 61, 13]",3,3,[],[],True,True,True,True,False,False,True
v1__scene_fc_clear_v04__L2__C5_D8__r02_s28102,scene_fc_clear_v04,FC_CLEAR,C5,D8,28102,61,"[59, 38, 61, 13]",3,3,[],[],True,True,True,True,False,False,True
v1__scene_fc_clear_v04__L2__C5_D8__r03_s28103,scene_fc_clear_v04,FC_CLEAR,C5,D8,28103,61,"[59, 38, 61, 13]",3,3,[],[],True,True,True,True,False,False,True
v1__scene_fc_clear_v04__L2__C5_D8__r04_s28104,scene_fc_clear_v04,FC_CLEAR,C5,D8,28104,61,"[59, 38, 61, 13]",3,3,[],[],True,True,True,True,False,False,True
v1__scene_fc_clear_v04__L2__C5_D8__r05_s28105,scene_fc_clear_v04,FC_CLEAR,C5,D8,28105,61,"[59, 38, 61, 13]",3,3,[],[],True,True,True,True,False,False,True
v1__scene_fc_clear_v04__L2__C6_D4__r01_s28101,scene_fc_clear_v04,FC_CLEAR,C6,D4,28101,61,"[59, 38, 61, 13]",3,3,[],[],True,True,True,True,False,False,True
v1__scene_fc_clear_v04__L2__C6_D4__r02_s28102,scene_fc_clear_v04,FC_CLEAR,C6,D4,28102,61,"[59, 38, 61, 13]",3,3,[],[],True,True,True,True,False,False,True
v1__scene_fc_clear_v04__L2__C6_D4__r03_s28103,scene_fc_clear_v04,FC_CLEAR,C6,D4,28103,61,"[59, 38, 61, 13]",3,3,[],[],True,True,True,True,False,False,True
v1__scene_fc_clear_v04__L2__C6_D4__r04_s28104,scene_fc_clear_v04,FC_CLEAR,C6,D4,28104,61,"[59, 38, 61, 13]",3,3,[],[],True,True,True,True,False,False,True
v1__scene_fc_clear_v04__L2__C6_D4__r05_s28105,scene_fc_clear_v04,FC_CLEAR,C6,D4,28105,61,"[59, 38, 61, 13]",3,3,[],[],True,True,True,True,False,False,True
v1__scene_fc_clear_v04__L2__C6_D8__r01_s28101,scene_fc_clear_v04,FC_CLEAR,C6,D8,28101,61,"[59, 38, 61, 13]",3,3,[],[],True,True,True,True,False,False,True
v1__scene_fc_clear_v04__L2__C6_D8__r02_s28102,scene_fc_clear_v04,FC_CLEAR,C6,D8,28102,61,"[59, 38, 61, 13]",3,3,[],[],True,True,True,True,False,False,True
v1__scene_fc_clear_v04__L2__C6_D8__r03_s28103,scene_fc_clear_v04,FC_CLEAR,C6,D8,28103,61,"[59, 38, 61, 13]",3,3,[],[],True,True,True,True,False,False,True
v1__scene_fc_clear_v04__L2__C6_D8__r04_s28104,scene_fc_clear_v04,FC_CLEAR,C6,D8,28104,61,"[59, 38, 61, 13]",3,3,[],[],True,True,True,True,False,False,True
v1__scene_fc_clear_v04__L2__C6_D8__r05_s28105,scene_fc_clear_v04,FC_CLEAR,C6,D8,28105,61,"[59, 38, 61, 13]",3,3,[],[],True,True,True,True,False,False,True
v1__scene_fc_clear_v05__L2__C0_NA__r01_s28101,scene_fc_clear_v05,FC_CLEAR,C0,,28101,62,"[42, 62, 82, 27]",3,3,[],[],True,True,True,True,False,False,True
v1__scene_fc_clear_v05__L2__C0_NA__r02_s28102,scene_fc_clear_v05,FC_CLEAR,C0,,28102,62,"[42, 62, 82, 27]",3,3,[],[],True,True,True,True,False,False,True
v1__scene_fc_clear_v05__L2__C0_NA__r03_s28103,scene_fc_clear_v05,FC_CLEAR,C0,,28103,62,"[42, 62, 82, 27]",3,3,[],[],True,True,True,True,False,False,True
v1__scene_fc_clear_v05__L2__C0_NA__r04_s28104,scene_fc_clear_v05,FC_CLEAR,C0,,28104,62,"[42, 62, 82, 27]",3,3,[],[],True,True,True,True,False,False,True
v1__scene_fc_clear_v05__L2__C0_NA__r05_s28105,scene_fc_clear_v05,FC_CLEAR,C0,,28105,62,"[42, 62, 82, 27]",3,3,[],[],True,True,True,True,False,False,True
v1__scene_fc_clear_v05__L2__C1_NA__r01_s28101,scene_fc_clear_v05,FC_CLEAR,C1,,28101,62,"[42, 62, 82, 27]",3,3,[],[],True,True,True,True,False,False,True
v1__scene_fc_clear_v05__L2__C1_NA__r02_s28102,scene_fc_clear_v05,FC_CLEAR,C1,,28102,62,"[42, 62, 82, 27]",3,3,[],[],True,True,True,True,False,False,True
v1__scene_fc_clear_v05__L2__C1_NA__r03_s28103,scene_fc_clear_v05,FC_CLEAR,C1,,28103,62,"[42, 62, 82, 27]",3,3,[],[],True,True,True,True,False,False,True
v1__scene_fc_clear_v05__L2__C1_NA__r04_s28104,scene_fc_clear_v05,FC_CLEAR,C1,,28104,62,"[42, 62, 82, 27]",3,3,[],[],True,True,True,True,False,False,True
v1__scene_fc_clear_v05__L2__C1_NA__r05_s28105,scene_fc_clear_v05,FC_CLEAR,C1,,28105,62,"[42, 62, 82, 27]",3,3,[],[],True,True,True,True,False,False,True
v1__scene_fc_clear_v05__L2__C2_D4__r01_s28101,scene_fc_clear_v05,FC_CLEAR,C2,D4,28101,62,"[42, 62, 82, 27]",3,3,[],[],True,True,True,True,False,False,True
v1__scene_fc_clear_v05__L2__C2_D4__r02_s28102,scene_fc_clear_v05,FC_CLEAR,C2,D4,28102,62,"[42, 62, 82, 27]",3,3,[],[],True,True,True,True,False,False,True
v1__scene_fc_clear_v05__L2__C2_D4__r03_s28103,scene_fc_clear_v05,FC_CLEAR,C2,D4,28103,62,"[42, 62, 82, 27]",3,3,[],[],True,True,True,True,False,False,True
v1__scene_fc_clear_v05__L2__C2_D4__r04_s28104,scene_fc_clear_v05,FC_CLEAR,C2,D4,28104,62,"[42, 62, 82, 27]",3,3,[],[],True,True,True,True,False,False,True
v1__scene_fc_clear_v05__L2__C2_D4__r05_s28105,scene_fc_clear_v05,FC_CLEAR,C2,D4,28105,62,"[42, 62, 82, 27]",3,3,[],[],True,True,True,True,False,False,True
v1__scene_fc_clear_v05__L2__C2_D8__r01_s28101,scene_fc_clear_v05,FC_CLEAR,C2,D8,28101,62,"[42, 62, 82, 27]",3,3,[],[],True,True,True,True,False,False,True
v1__scene_fc_clear_v05__L2__C2_D8__r02_s28102,scene_fc_clear_v05,FC_CLEAR,C2,D8,28102,62,"[42, 62, 82, 27]",3,3,[],[],True,True,True,True,False,False,True
v1__scene_fc_clear_v05__L2__C2_D8__r03_s28103,scene_fc_clear_v05,FC_CLEAR,C2,D8,28103,62,"[42, 62, 82, 27]",3,3,[],[],True,True,True,True,False,False,True
v1__scene_fc_clear_v05__L2__C2_D8__r04_s28104,scene_fc_clear_v05,FC_CLEAR,C2,D8,28104,62,"[42, 62, 82, 27]",3,3,[],[],True,True,True,True,False,False,True
v1__scene_fc_clear_v05__L2__C2_D8__r05_s28105,scene_fc_clear_v05,FC_CLEAR,C2,D8,28105,62,"[42, 62, 82, 27]",3,3,[],[],True,True,True,True,False,False,True
v1__scene_fc_clear_v05__L2__C3_D4__r01_s28101,scene_fc_clear_v05,FC_CLEAR,C3,D4,28101,62,"[42, 62, 82, 27]",3,3,[],[],True,True,True,True,False,False,True
v1__scene_fc_clear_v05__L2__C3_D4__r02_s28102,scene_fc_clear_v05,FC_CLEAR,C3,D4,28102,62,"[42, 62, 82, 27]",3,3,[],[],True,True,True,True,False,False,True
v1__scene_fc_clear_v05__L2__C3_D4__r03_s28103,scene_fc_clear_v05,FC_CLEAR,C3,D4,28103,62,"[42, 62, 82, 27]",3,3,[],[],True,True,True,True,False,False,True
v1__scene_fc_clear_v05__L2__C3_D4__r04_s28104,scene_fc_clear_v05,FC_CLEAR,C3,D4,28104,62,"[42, 62, 82, 27]",3,3,[],[],True,True,True,True,False,False,True
v1__scene_fc_clear_v05__L2__C3_D4__r05_s28105,scene_fc_clear_v05,FC_CLEAR,C3,D4,28105,62,"[42, 62, 82, 27]",3,3,[],[],True,True,True,True,False,False,True
v1__scene_fc_clear_v05__L2__C3_D8__r01_s28101,scene_fc_clear_v05,FC_CLEAR,C3,D8,28101,62,"[42, 62, 82, 27]",3,3,[],[],True,True,True,True,False,False,True
v1__scene_fc_clear_v05__L2__C3_D8__r02_s28102,scene_fc_clear_v05,FC_CLEAR,C3,D8,28102,62,"[42, 62, 82, 27]",3,3,[],[],True,True,True,True,False,False,True
v1__scene_fc_clear_v05__L2__C3_D8__r03_s28103,scene_fc_clear_v05,FC_CLEAR,C3,D8,28103,62,"[42, 62, 82, 27]",3,3,[],[],True,True,True,True,False,False,True
v1__scene_fc_clear_v05__L2__C3_D8__r04_s28104,scene_fc_clear_v05,FC_CLEAR,C3,D8,28104,62,"[42, 62, 82, 27]",3,3,[],[],True,True,True,True,False,False,True
v1__scene_fc_clear_v05__L2__C3_D8__r05_s28105,scene_fc_clear_v05,FC_CLEAR,C3,D8,28105,62,"[42, 62, 82, 27]",3,3,[],[],True,True,True,True,False,False,True
v1__scene_fc_clear_v05__L2__C4_D4__r01_s28101,scene_fc_clear_v05,FC_CLEAR,C4,D4,28101,62,"[42, 62, 82, 27]",3,3,[],[],True,True,True,True,False,False,True
v1__scene_fc_clear_v05__L2__C4_D4__r02_s28102,scene_fc_clear_v05,FC_CLEAR,C4,D4,28102,62,"[42, 62, 82, 27]",3,3,[],[],True,True,True,True,False,False,True
v1__scene_fc_clear_v05__L2__C4_D4__r03_s28103,scene_fc_clear_v05,FC_CLEAR,C4,D4,28103,62,"[42, 62, 82, 27]",3,3,[],[],True,True,True,True,False,False,True
v1__scene_fc_clear_v05__L2__C4_D4__r04_s28104,scene_fc_clear_v05,FC_CLEAR,C4,D4,28104,62,"[42, 62, 82, 27]",3,3,[],[],True,True,True,True,False,False,True
v1__scene_fc_clear_v05__L2__C4_D4__r05_s28105,scene_fc_clear_v05,FC_CLEAR,C4,D4,28105,62,"[42, 62, 82, 27]",3,3,[],[],True,True,True,True,False,False,True
v1__scene_fc_clear_v05__L2__C4_D8__r01_s28101,scene_fc_clear_v05,FC_CLEAR,C4,D8,28101,62,"[42, 62, 82, 27]",3,3,[],[],True,True,True,True,False,False,True
v1__scene_fc_clear_v05__L2__C4_D8__r02_s28102,scene_fc_clear_v05,FC_CLEAR,C4,D8,28102,62,"[42, 62, 82, 27]",3,3,[],[],True,True,True,True,False,False,True
v1__scene_fc_clear_v05__L2__C4_D8__r03_s28103,scene_fc_clear_v05,FC_CLEAR,C4,D8,28103,62,"[42, 62, 82, 27]",3,3,[],[],True,True,True,True,False,False,True
v1__scene_fc_clear_v05__L2__C4_D8__r04_s28104,scene_fc_clear_v05,FC_CLEAR,C4,D8,28104,62,"[42, 62, 82, 27]",3,3,[],[],True,True,True,True,False,False,True
v1__scene_fc_clear_v05__L2__C4_D8__r05_s28105,scene_fc_clear_v05,FC_CLEAR,C4,D8,28105,62,"[42, 62, 82, 27]",3,3,[],[],True,True,True,True,False,False,True
v1__scene_fc_clear_v05__L2__C5_D4__r01_s28101,scene_fc_clear_v05,FC_CLEAR,C5,D4,28101,62,"[42, 62, 82, 27]",3,3,[],[],True,True,True,True,False,False,True
v1__scene_fc_clear_v05__L2__C5_D4__r02_s28102,scene_fc_clear_v05,FC_CLEAR,C5,D4,28102,62,"[42, 62, 82, 27]",3,3,[],[],True,True,True,True,False,False,True
v1__scene_fc_clear_v05__L2__C5_D4__r03_s28103,scene_fc_clear_v05,FC_CLEAR,C5,D4,28103,62,"[42, 62, 82, 27]",3,3,[],[],True,True,True,True,False,False,True
v1__scene_fc_clear_v05__L2__C5_D4__r04_s28104,scene_fc_clear_v05,FC_CLEAR,C5,D4,28104,62,"[42, 62, 82, 27]",3,3,[],[],True,True,True,True,False,False,True
v1__scene_fc_clear_v05__L2__C5_D4__r05_s28105,scene_fc_clear_v05,FC_CLEAR,C5,D4,28105,62,"[42, 62, 82, 27]",3,3,[],[],True,True,True,True,False,False,True
v1__scene_fc_clear_v05__L2__C5_D8__r01_s28101,scene_fc_clear_v05,FC_CLEAR,C5,D8,28101,62,"[42, 62, 82, 27]",3,3,[],[],True,True,True,True,False,False,True
v1__scene_fc_clear_v05__L2__C5_D8__r02_s28102,scene_fc_clear_v05,FC_CLEAR,C5,D8,28102,62,"[42, 62, 82, 27]",3,3,[],[],True,True,True,True,False,False,True
v1__scene_fc_clear_v05__L2__C5_D8__r03_s28103,scene_fc_clear_v05,FC_CLEAR,C5,D8,28103,62,"[42, 62, 82, 27]",3,3,[],[],True,True,True,True,False,False,True
v1__scene_fc_clear_v05__L2__C5_D8__r04_s28104,scene_fc_clear_v05,FC_CLEAR,C5,D8,28104,62,"[42, 62, 82, 27]",3,3,[],[],True,True,True,True,False,False,True
v1__scene_fc_clear_v05__L2__C5_D8__r05_s28105,scene_fc_clear_v05,FC_CLEAR,C5,D8,28105,62,"[42, 62, 82, 27]",3,3,[],[],True,True,True,True,False,False,True
v1__scene_fc_clear_v05__L2__C6_D4__r01_s28101,scene_fc_clear_v05,FC_CLEAR,C6,D4,28101,62,"[42, 62, 82, 27]",3,3,[],[],True,True,True,True,False,False,True
v1__scene_fc_clear_v05__L2__C6_D4__r02_s28102,scene_fc_clear_v05,FC_CLEAR,C6,D4,28102,62,"[42, 62, 82, 27]",3,3,[],[],True,True,True,True,False,False,True
v1__scene_fc_clear_v05__L2__C6_D4__r03_s28103,scene_fc_clear_v05,FC_CLEAR,C6,D4,28103,62,"[42, 62, 82, 27]",3,3,[],[],True,True,True,True,False,False,True
v1__scene_fc_clear_v05__L2__C6_D4__r04_s28104,scene_fc_clear_v05,FC_CLEAR,C6,D4,28104,62,"[42, 62, 82, 27]",3,3,[],[],True,True,True,True,False,False,True
v1__scene_fc_clear_v05__L2__C6_D4__r05_s28105,scene_fc_clear_v05,FC_CLEAR,C6,D4,28105,62,"[42, 62, 82, 27]",3,3,[],[],True,True,True,True,False,False,True
v1__scene_fc_clear_v05__L2__C6_D8__r01_s28101,scene_fc_clear_v05,FC_CLEAR,C6,D8,28101,62,"[42, 62, 82, 27]",3,3,[],[],True,True,True,True,False,False,True
v1__scene_fc_clear_v05__L2__C6_D8__r02_s28102,scene_fc_clear_v05,FC_CLEAR,C6,D8,28102,62,"[42, 62, 82, 27]",3,3,[],[],True,True,True,True,False,False,True
v1__scene_fc_clear_v05__L2__C6_D8__r03_s28103,scene_fc_clear_v05,FC_CLEAR,C6,D8,28103,62,"[42, 62, 82, 27]",3,3,[],[],True,True,True,True,False,False,True
v1__scene_fc_clear_v05__L2__C6_D8__r04_s28104,scene_fc_clear_v05,FC_CLEAR,C6,D8,28104,62,"[42, 62, 82, 27]",3,3,[],[],True,True,True,True,False,False,True
v1__scene_fc_clear_v05__L2__C6_D8__r05_s28105,scene_fc_clear_v05,FC_CLEAR,C6,D8,28105,62,"[42, 62, 82, 27]",3,3,[],[],True,True,True,True,False,False,True
v1__scene_lift_and_relocate_v01__L2__C0_NA__r01_s28101,scene_lift_and_relocate_v01,LIFT_AND_RELOCATE,C0,,28101,59,"[30, 16, 79, 64, 59, 32]",5,4,[64],[],True,True,False,False,True,False,False
v1__scene_lift_and_relocate_v01__L2__C0_NA__r02_s28102,scene_lift_and_relocate_v01,LIFT_AND_RELOCATE,C0,,28102,59,"[30, 16, 79, 64, 59, 32]",5,4,[64],[],True,True,False,False,True,False,False
v1__scene_lift_and_relocate_v01__L2__C0_NA__r03_s28103,scene_lift_and_relocate_v01,LIFT_AND_RELOCATE,C0,,28103,59,"[30, 16, 79, 64, 59, 32]",5,4,[64],[],True,True,False,False,True,False,False
v1__scene_lift_and_relocate_v01__L2__C0_NA__r04_s28104,scene_lift_and_relocate_v01,LIFT_AND_RELOCATE,C0,,28104,59,"[30, 16, 79, 64, 59, 32]",5,4,[64],[],True,True,False,False,True,False,False
v1__scene_lift_and_relocate_v01__L2__C0_NA__r05_s28105,scene_lift_and_relocate_v01,LIFT_AND_RELOCATE,C0,,28105,59,"[30, 16, 79, 64, 59, 32]",5,4,[64],[],True,True,False,False,True,False,False
v1__scene_lift_and_relocate_v01__L2__C1_NA__r01_s28101,scene_lift_and_relocate_v01,LIFT_AND_RELOCATE,C1,,28101,59,"[30, 16, 79, 64, 59, 32]",5,4,[64],[],True,True,False,False,True,False,False
v1__scene_lift_and_relocate_v01__L2__C1_NA__r02_s28102,scene_lift_and_relocate_v01,LIFT_AND_RELOCATE,C1,,28102,59,"[30, 16, 79, 64, 59, 32]",5,4,[64],[],True,True,False,False,True,False,False
v1__scene_lift_and_relocate_v01__L2__C1_NA__r03_s28103,scene_lift_and_relocate_v01,LIFT_AND_RELOCATE,C1,,28103,59,"[30, 16, 79, 64, 59, 32]",5,4,[64],[],True,True,False,False,True,False,False
v1__scene_lift_and_relocate_v01__L2__C1_NA__r04_s28104,scene_lift_and_relocate_v01,LIFT_AND_RELOCATE,C1,,28104,59,"[30, 16, 79, 64, 59, 32]",5,4,[64],[],True,True,False,False,True,False,False
v1__scene_lift_and_relocate_v01__L2__C1_NA__r05_s28105,scene_lift_and_relocate_v01,LIFT_AND_RELOCATE,C1,,28105,59,"[30, 16, 79, 64, 59, 32]",5,4,[64],[],True,True,False,False,True,False,False
v1__scene_lift_and_relocate_v01__L2__C2_D4__r01_s28101,scene_lift_and_relocate_v01,LIFT_AND_RELOCATE,C2,D4,28101,59,"[30, 16, 79, 64, 59, 32]",5,4,[64],[],True,True,False,False,True,False,False
v1__scene_lift_and_relocate_v01__L2__C2_D4__r02_s28102,scene_lift_and_relocate_v01,LIFT_AND_RELOCATE,C2,D4,28102,59,"[30, 16, 79, 64, 59, 32]",5,4,[64],[],True,True,False,False,True,False,False
v1__scene_lift_and_relocate_v01__L2__C2_D4__r03_s28103,scene_lift_and_relocate_v01,LIFT_AND_RELOCATE,C2,D4,28103,59,"[30, 16, 79, 64, 59, 32]",5,4,[64],[],True,True,False,False,True,False,False
v1__scene_lift_and_relocate_v01__L2__C2_D4__r04_s28104,scene_lift_and_relocate_v01,LIFT_AND_RELOCATE,C2,D4,28104,59,"[30, 16, 79, 64, 59, 32]",5,4,[64],[],True,True,False,False,True,False,False
v1__scene_lift_and_relocate_v01__L2__C2_D4__r05_s28105,scene_lift_and_relocate_v01,LIFT_AND_RELOCATE,C2,D4,28105,59,"[30, 16, 79, 64, 59, 32]",5,4,[64],[],True,True,False,False,True,False,False
v1__scene_lift_and_relocate_v01__L2__C2_D8__r01_s28101,scene_lift_and_relocate_v01,LIFT_AND_RELOCATE,C2,D8,28101,59,"[30, 16, 79, 64, 59, 32]",5,4,[64],[],True,True,False,False,True,False,False
v1__scene_lift_and_relocate_v01__L2__C2_D8__r02_s28102,scene_lift_and_relocate_v01,LIFT_AND_RELOCATE,C2,D8,28102,59,"[30, 16, 79, 64, 59, 32]",5,4,[64],[],True,True,False,False,True,False,False
v1__scene_lift_and_relocate_v01__L2__C2_D8__r03_s28103,scene_lift_and_relocate_v01,LIFT_AND_RELOCATE,C2,D8,28103,59,"[30, 16, 79, 64, 59, 32]",5,4,[64],[],True,True,False,False,True,False,False
v1__scene_lift_and_relocate_v01__L2__C2_D8__r04_s28104,scene_lift_and_relocate_v01,LIFT_AND_RELOCATE,C2,D8,28104,59,"[30, 16, 79, 64, 59, 32]",5,4,[64],[],True,True,False,False,True,False,False
v1__scene_lift_and_relocate_v01__L2__C2_D8__r05_s28105,scene_lift_and_relocate_v01,LIFT_AND_RELOCATE,C2,D8,28105,59,"[30, 16, 79, 64, 59, 32]",5,4,[64],[],True,True,False,False,True,False,False
v1__scene_lift_and_relocate_v01__L2__C3_D4__r01_s28101,scene_lift_and_relocate_v01,LIFT_AND_RELOCATE,C3,D4,28101,59,"[30, 16, 79, 64, 59, 32]",5,4,[64],[],True,True,False,False,True,False,False
v1__scene_lift_and_relocate_v01__L2__C3_D4__r02_s28102,scene_lift_and_relocate_v01,LIFT_AND_RELOCATE,C3,D4,28102,59,"[30, 16, 79, 64, 59, 32]",5,4,[64],[],True,True,False,False,True,False,False
v1__scene_lift_and_relocate_v01__L2__C3_D4__r03_s28103,scene_lift_and_relocate_v01,LIFT_AND_RELOCATE,C3,D4,28103,59,"[30, 16, 79, 64, 59, 32]",5,4,[64],[],True,True,False,False,True,False,False
v1__scene_lift_and_relocate_v01__L2__C3_D4__r04_s28104,scene_lift_and_relocate_v01,LIFT_AND_RELOCATE,C3,D4,28104,59,"[30, 16, 79, 64, 59, 32]",5,4,[64],[],True,True,False,False,True,False,False
v1__scene_lift_and_relocate_v01__L2__C3_D4__r05_s28105,scene_lift_and_relocate_v01,LIFT_AND_RELOCATE,C3,D4,28105,59,"[30, 16, 79, 64, 59, 32]",5,4,[64],[],True,True,False,False,True,False,False
v1__scene_lift_and_relocate_v01__L2__C3_D8__r01_s28101,scene_lift_and_relocate_v01,LIFT_AND_RELOCATE,C3,D8,28101,59,"[30, 16, 79, 64, 59, 32]",5,4,[64],[],True,True,False,False,True,False,False
v1__scene_lift_and_relocate_v01__L2__C3_D8__r02_s28102,scene_lift_and_relocate_v01,LIFT_AND_RELOCATE,C3,D8,28102,59,"[30, 16, 79, 64, 59, 32]",5,4,[64],[],True,True,False,False,True,False,False
v1__scene_lift_and_relocate_v01__L2__C3_D8__r03_s28103,scene_lift_and_relocate_v01,LIFT_AND_RELOCATE,C3,D8,28103,59,"[30, 16, 79, 64, 59, 32]",5,4,[64],[],True,True,False,False,True,False,False
v1__scene_lift_and_relocate_v01__L2__C3_D8__r04_s28104,scene_lift_and_relocate_v01,LIFT_AND_RELOCATE,C3,D8,28104,59,"[30, 16, 79, 64, 59, 32]",5,4,[64],[],True,True,False,False,True,False,False
v1__scene_lift_and_relocate_v01__L2__C3_D8__r05_s28105,scene_lift_and_relocate_v01,LIFT_AND_RELOCATE,C3,D8,28105,59,"[30, 16, 79, 64, 59, 32]",5,4,[64],[],True,True,False,False,True,False,False
v1__scene_lift_and_relocate_v01__L2__C4_D4__r01_s28101,scene_lift_and_relocate_v01,LIFT_AND_RELOCATE,C4,D4,28101,59,"[30, 16, 79, 64, 59, 32]",5,4,[64],[],True,True,False,False,True,False,False
v1__scene_lift_and_relocate_v01__L2__C4_D4__r02_s28102,scene_lift_and_relocate_v01,LIFT_AND_RELOCATE,C4,D4,28102,59,"[30, 16, 79, 64, 59, 32]",5,4,[64],[],True,True,False,False,True,False,False
v1__scene_lift_and_relocate_v01__L2__C4_D4__r03_s28103,scene_lift_and_relocate_v01,LIFT_AND_RELOCATE,C4,D4,28103,59,"[30, 16, 79, 64, 59, 32]",5,4,[64],[],True,True,False,False,True,False,False
v1__scene_lift_and_relocate_v01__L2__C4_D4__r04_s28104,scene_lift_and_relocate_v01,LIFT_AND_RELOCATE,C4,D4,28104,59,"[30, 16, 79, 64, 59, 32]",5,4,[64],[],True,True,False,False,True,False,False
v1__scene_lift_and_relocate_v01__L2__C4_D4__r05_s28105,scene_lift_and_relocate_v01,LIFT_AND_RELOCATE,C4,D4,28105,59,"[30, 16, 79, 64, 59, 32]",5,4,[64],[],True,True,False,False,True,False,False
v1__scene_lift_and_relocate_v01__L2__C4_D8__r01_s28101,scene_lift_and_relocate_v01,LIFT_AND_RELOCATE,C4,D8,28101,59,"[30, 16, 79, 64, 59, 32]",5,4,[64],[],True,True,False,False,True,False,False
v1__scene_lift_and_relocate_v01__L2__C4_D8__r02_s28102,scene_lift_and_relocate_v01,LIFT_AND_RELOCATE,C4,D8,28102,59,"[30, 16, 79, 64, 59, 32]",5,4,[64],[],True,True,False,False,True,False,False
v1__scene_lift_and_relocate_v01__L2__C4_D8__r03_s28103,scene_lift_and_relocate_v01,LIFT_AND_RELOCATE,C4,D8,28103,59,"[30, 16, 79, 64, 59, 32]",5,4,[64],[],True,True,False,False,True,False,False
v1__scene_lift_and_relocate_v01__L2__C4_D8__r04_s28104,scene_lift_and_relocate_v01,LIFT_AND_RELOCATE,C4,D8,28104,59,"[30, 16, 79, 64, 59, 32]",5,4,[64],[],True,True,False,False,True,False,False
v1__scene_lift_and_relocate_v01__L2__C4_D8__r05_s28105,scene_lift_and_relocate_v01,LIFT_AND_RELOCATE,C4,D8,28105,59,"[30, 16, 79, 64, 59, 32]",5,4,[64],[],True,True,False,False,True,False,False
v1__scene_lift_and_relocate_v01__L2__C5_D4__r01_s28101,scene_lift_and_relocate_v01,LIFT_AND_RELOCATE,C5,D4,28101,59,"[30, 16, 79, 64, 59, 32]",5,4,[64],[],True,True,False,False,True,False,False
v1__scene_lift_and_relocate_v01__L2__C5_D4__r02_s28102,scene_lift_and_relocate_v01,LIFT_AND_RELOCATE,C5,D4,28102,59,"[30, 16, 79, 64, 59, 32]",5,4,[64],[],True,True,False,False,True,False,False
v1__scene_lift_and_relocate_v01__L2__C5_D4__r03_s28103,scene_lift_and_relocate_v01,LIFT_AND_RELOCATE,C5,D4,28103,59,"[30, 16, 79, 64, 59, 32]",5,4,[64],[],True,True,False,False,True,False,False
v1__scene_lift_and_relocate_v01__L2__C5_D4__r04_s28104,scene_lift_and_relocate_v01,LIFT_AND_RELOCATE,C5,D4,28104,59,"[30, 16, 79, 64, 59, 32]",5,4,[64],[],True,True,False,False,True,False,False
v1__scene_lift_and_relocate_v01__L2__C5_D4__r05_s28105,scene_lift_and_relocate_v01,LIFT_AND_RELOCATE,C5,D4,28105,59,"[30, 16, 79, 64, 59, 32]",5,4,[64],[],True,True,False,False,True,False,False
v1__scene_lift_and_relocate_v01__L2__C5_D8__r01_s28101,scene_lift_and_relocate_v01,LIFT_AND_RELOCATE,C5,D8,28101,59,"[30, 16, 79, 64, 59, 32]",5,4,[64],[],True,True,False,False,True,False,False
v1__scene_lift_and_relocate_v01__L2__C5_D8__r02_s28102,scene_lift_and_relocate_v01,LIFT_AND_RELOCATE,C5,D8,28102,59,"[30, 16, 79, 64, 59, 32]",5,4,[64],[],True,True,False,False,True,False,False
v1__scene_lift_and_relocate_v01__L2__C5_D8__r03_s28103,scene_lift_and_relocate_v01,LIFT_AND_RELOCATE,C5,D8,28103,59,"[30, 16, 79, 64, 59, 32]",5,4,[64],[],True,True,False,False,True,False,False
v1__scene_lift_and_relocate_v01__L2__C5_D8__r04_s28104,scene_lift_and_relocate_v01,LIFT_AND_RELOCATE,C5,D8,28104,59,"[30, 16, 79, 64, 59, 32]",5,4,[64],[],True,True,False,False,True,False,False
v1__scene_lift_and_relocate_v01__L2__C5_D8__r05_s28105,scene_lift_and_relocate_v01,LIFT_AND_RELOCATE,C5,D8,28105,59,"[30, 16, 79, 64, 59, 32]",5,4,[64],[],True,True,False,False,True,False,False
v1__scene_lift_and_relocate_v01__L2__C6_D4__r01_s28101,scene_lift_and_relocate_v01,LIFT_AND_RELOCATE,C6,D4,28101,59,"[30, 16, 79, 64, 59, 32]",5,4,[64],[],True,True,False,False,True,False,False
v1__scene_lift_and_relocate_v01__L2__C6_D4__r02_s28102,scene_lift_and_relocate_v01,LIFT_AND_RELOCATE,C6,D4,28102,59,"[30, 16, 79, 64, 59, 32]",5,4,[64],[],True,True,False,False,True,False,False
v1__scene_lift_and_relocate_v01__L2__C6_D4__r03_s28103,scene_lift_and_relocate_v01,LIFT_AND_RELOCATE,C6,D4,28103,59,"[30, 16, 79, 64, 59, 32]",5,4,[64],[],True,True,False,False,True,False,False
v1__scene_lift_and_relocate_v01__L2__C6_D4__r04_s28104,scene_lift_and_relocate_v01,LIFT_AND_RELOCATE,C6,D4,28104,59,"[30, 16, 79, 64, 59, 32]",5,4,[64],[],True,True,False,False,True,False,False
v1__scene_lift_and_relocate_v01__L2__C6_D4__r05_s28105,scene_lift_and_relocate_v01,LIFT_AND_RELOCATE,C6,D4,28105,59,"[30, 16, 79, 64, 59, 32]",5,4,[64],[],True,True,False,False,True,False,False
v1__scene_lift_and_relocate_v01__L2__C6_D8__r01_s28101,scene_lift_and_relocate_v01,LIFT_AND_RELOCATE,C6,D8,28101,59,"[30, 16, 79, 64, 59, 32]",5,4,[64],[],True,True,False,False,True,False,False
v1__scene_lift_and_relocate_v01__L2__C6_D8__r02_s28102,scene_lift_and_relocate_v01,LIFT_AND_RELOCATE,C6,D8,28102,59,"[30, 16, 79, 64, 59, 32]",5,4,[64],[],True,True,False,False,True,False,False
v1__scene_lift_and_relocate_v01__L2__C6_D8__r03_s28103,scene_lift_and_relocate_v01,LIFT_AND_RELOCATE,C6,D8,28103,59,"[30, 16, 79, 64, 59, 32]",5,4,[64],[],True,True,False,False,True,False,False
v1__scene_lift_and_relocate_v01__L2__C6_D8__r04_s28104,scene_lift_and_relocate_v01,LIFT_AND_RELOCATE,C6,D8,28104,59,"[30, 16, 79, 64, 59, 32]",5,4,[64],[],True,True,False,False,True,False,False
v1__scene_lift_and_relocate_v01__L2__C6_D8__r05_s28105,scene_lift_and_relocate_v01,LIFT_AND_RELOCATE,C6,D8,28105,59,"[30, 16, 79, 64, 59, 32]",5,4,[64],[],True,True,False,False,True,False,False
v1__scene_lift_and_relocate_v02__L2__C0_NA__r01_s28101,scene_lift_and_relocate_v02,LIFT_AND_RELOCATE,C0,,28101,70,"[77, 70, 14, 79, 22, 72]",5,4,[14],[],True,True,False,False,True,False,False
v1__scene_lift_and_relocate_v02__L2__C0_NA__r02_s28102,scene_lift_and_relocate_v02,LIFT_AND_RELOCATE,C0,,28102,70,"[77, 70, 14, 79, 22, 72]",5,4,[14],[],True,True,False,False,True,False,False
v1__scene_lift_and_relocate_v02__L2__C0_NA__r03_s28103,scene_lift_and_relocate_v02,LIFT_AND_RELOCATE,C0,,28103,70,"[77, 70, 14, 79, 22, 72]",5,4,[14],[],True,True,False,False,True,False,False
v1__scene_lift_and_relocate_v02__L2__C0_NA__r04_s28104,scene_lift_and_relocate_v02,LIFT_AND_RELOCATE,C0,,28104,70,"[77, 70, 14, 79, 22, 72]",5,4,[14],[],True,True,False,False,True,False,False
v1__scene_lift_and_relocate_v02__L2__C0_NA__r05_s28105,scene_lift_and_relocate_v02,LIFT_AND_RELOCATE,C0,,28105,70,"[77, 70, 14, 79, 22, 72]",5,4,[14],[],True,True,False,False,True,False,False
v1__scene_lift_and_relocate_v02__L2__C1_NA__r01_s28101,scene_lift_and_relocate_v02,LIFT_AND_RELOCATE,C1,,28101,70,"[77, 70, 14, 79, 22, 72]",5,4,[14],[],True,True,False,False,True,False,False
v1__scene_lift_and_relocate_v02__L2__C1_NA__r02_s28102,scene_lift_and_relocate_v02,LIFT_AND_RELOCATE,C1,,28102,70,"[77, 70, 14, 79, 22, 72]",5,4,[14],[],True,True,False,False,True,False,False
v1__scene_lift_and_relocate_v02__L2__C1_NA__r03_s28103,scene_lift_and_relocate_v02,LIFT_AND_RELOCATE,C1,,28103,70,"[77, 70, 14, 79, 22, 72]",5,4,[14],[],True,True,False,False,True,False,False
v1__scene_lift_and_relocate_v02__L2__C1_NA__r04_s28104,scene_lift_and_relocate_v02,LIFT_AND_RELOCATE,C1,,28104,70,"[77, 70, 14, 79, 22, 72]",5,4,[14],[],True,True,False,False,True,False,False
v1__scene_lift_and_relocate_v02__L2__C1_NA__r05_s28105,scene_lift_and_relocate_v02,LIFT_AND_RELOCATE,C1,,28105,70,"[77, 70, 14, 79, 22, 72]",5,4,[14],[],True,True,False,False,True,False,False
v1__scene_lift_and_relocate_v02__L2__C2_D4__r01_s28101,scene_lift_and_relocate_v02,LIFT_AND_RELOCATE,C2,D4,28101,70,"[77, 70, 14, 79, 22, 72]",5,4,[14],[],True,True,False,False,True,False,False
v1__scene_lift_and_relocate_v02__L2__C2_D4__r02_s28102,scene_lift_and_relocate_v02,LIFT_AND_RELOCATE,C2,D4,28102,70,"[77, 70, 14, 79, 22, 72]",5,4,[14],[],True,True,False,False,True,False,False
v1__scene_lift_and_relocate_v02__L2__C2_D4__r03_s28103,scene_lift_and_relocate_v02,LIFT_AND_RELOCATE,C2,D4,28103,70,"[77, 70, 14, 79, 22, 72]",5,4,[14],[],True,True,False,False,True,False,False
v1__scene_lift_and_relocate_v02__L2__C2_D4__r04_s28104,scene_lift_and_relocate_v02,LIFT_AND_RELOCATE,C2,D4,28104,70,"[77, 70, 14, 79, 22, 72]",5,4,[14],[],True,True,False,False,True,False,False
v1__scene_lift_and_relocate_v02__L2__C2_D4__r05_s28105,scene_lift_and_relocate_v02,LIFT_AND_RELOCATE,C2,D4,28105,70,"[77, 70, 14, 79, 22, 72]",5,4,[14],[],True,True,False,False,True,False,False
v1__scene_lift_and_relocate_v02__L2__C2_D8__r01_s28101,scene_lift_and_relocate_v02,LIFT_AND_RELOCATE,C2,D8,28101,70,"[77, 70, 14, 79, 22, 72]",5,4,[14],[],True,True,False,False,True,False,False
v1__scene_lift_and_relocate_v02__L2__C2_D8__r02_s28102,scene_lift_and_relocate_v02,LIFT_AND_RELOCATE,C2,D8,28102,70,"[77, 70, 14, 79, 22, 72]",5,4,[14],[],True,True,False,False,True,False,False
v1__scene_lift_and_relocate_v02__L2__C2_D8__r03_s28103,scene_lift_and_relocate_v02,LIFT_AND_RELOCATE,C2,D8,28103,70,"[77, 70, 14, 79, 22, 72]",5,4,[14],[],True,True,False,False,True,False,False
v1__scene_lift_and_relocate_v02__L2__C2_D8__r04_s28104,scene_lift_and_relocate_v02,LIFT_AND_RELOCATE,C2,D8,28104,70,"[77, 70, 14, 79, 22, 72]",5,4,[14],[],True,True,False,False,True,False,False
v1__scene_lift_and_relocate_v02__L2__C2_D8__r05_s28105,scene_lift_and_relocate_v02,LIFT_AND_RELOCATE,C2,D8,28105,70,"[77, 70, 14, 79, 22, 72]",5,4,[14],[],True,True,False,False,True,False,False
v1__scene_lift_and_relocate_v02__L2__C3_D4__r01_s28101,scene_lift_and_relocate_v02,LIFT_AND_RELOCATE,C3,D4,28101,70,"[77, 70, 14, 79, 22, 72]",5,4,[14],[],True,True,False,False,True,False,False
v1__scene_lift_and_relocate_v02__L2__C3_D4__r02_s28102,scene_lift_and_relocate_v02,LIFT_AND_RELOCATE,C3,D4,28102,70,"[77, 70, 14, 79, 22, 72]",5,4,[14],[],True,True,False,False,True,False,False
v1__scene_lift_and_relocate_v02__L2__C3_D4__r03_s28103,scene_lift_and_relocate_v02,LIFT_AND_RELOCATE,C3,D4,28103,70,"[77, 70, 14, 79, 22, 72]",5,4,[14],[],True,True,False,False,True,False,False
v1__scene_lift_and_relocate_v02__L2__C3_D4__r04_s28104,scene_lift_and_relocate_v02,LIFT_AND_RELOCATE,C3,D4,28104,70,"[77, 70, 14, 79, 22, 72]",5,4,[14],[],True,True,False,False,True,False,False
v1__scene_lift_and_relocate_v02__L2__C3_D4__r05_s28105,scene_lift_and_relocate_v02,LIFT_AND_RELOCATE,C3,D4,28105,70,"[77, 70, 14, 79, 22, 72]",5,4,[14],[],True,True,False,False,True,False,False
v1__scene_lift_and_relocate_v02__L2__C3_D8__r01_s28101,scene_lift_and_relocate_v02,LIFT_AND_RELOCATE,C3,D8,28101,70,"[77, 70, 14, 79, 22, 72]",5,4,[14],[],True,True,False,False,True,False,False
v1__scene_lift_and_relocate_v02__L2__C3_D8__r02_s28102,scene_lift_and_relocate_v02,LIFT_AND_RELOCATE,C3,D8,28102,70,"[77, 70, 14, 79, 22, 72]",5,4,[14],[],True,True,False,False,True,False,False
v1__scene_lift_and_relocate_v02__L2__C3_D8__r03_s28103,scene_lift_and_relocate_v02,LIFT_AND_RELOCATE,C3,D8,28103,70,"[77, 70, 14, 79, 22, 72]",5,4,[14],[],True,True,False,False,True,False,False
v1__scene_lift_and_relocate_v02__L2__C3_D8__r04_s28104,scene_lift_and_relocate_v02,LIFT_AND_RELOCATE,C3,D8,28104,70,"[77, 70, 14, 79, 22, 72]",5,4,[14],[],True,True,False,False,True,False,False
v1__scene_lift_and_relocate_v02__L2__C3_D8__r05_s28105,scene_lift_and_relocate_v02,LIFT_AND_RELOCATE,C3,D8,28105,70,"[77, 70, 14, 79, 22, 72]",5,4,[14],[],True,True,False,False,True,False,False
v1__scene_lift_and_relocate_v02__L2__C4_D4__r01_s28101,scene_lift_and_relocate_v02,LIFT_AND_RELOCATE,C4,D4,28101,70,"[77, 70, 14, 79, 22, 72]",5,4,[14],[],True,True,False,False,True,False,False
v1__scene_lift_and_relocate_v02__L2__C4_D4__r02_s28102,scene_lift_and_relocate_v02,LIFT_AND_RELOCATE,C4,D4,28102,70,"[77, 70, 14, 79, 22, 72]",5,4,[14],[],True,True,False,False,True,False,False
v1__scene_lift_and_relocate_v02__L2__C4_D4__r03_s28103,scene_lift_and_relocate_v02,LIFT_AND_RELOCATE,C4,D4,28103,70,"[77, 70, 14, 79, 22, 72]",5,4,[14],[],True,True,False,False,True,False,False
v1__scene_lift_and_relocate_v02__L2__C4_D4__r04_s28104,scene_lift_and_relocate_v02,LIFT_AND_RELOCATE,C4,D4,28104,70,"[77, 70, 14, 79, 22, 72]",5,4,[14],[],True,True,False,False,True,False,False
v1__scene_lift_and_relocate_v02__L2__C4_D4__r05_s28105,scene_lift_and_relocate_v02,LIFT_AND_RELOCATE,C4,D4,28105,70,"[77, 70, 14, 79, 22, 72]",5,4,[14],[],True,True,False,False,True,False,False
v1__scene_lift_and_relocate_v02__L2__C4_D8__r01_s28101,scene_lift_and_relocate_v02,LIFT_AND_RELOCATE,C4,D8,28101,70,"[77, 70, 14, 79, 22, 72]",5,4,[14],[],True,True,False,False,True,False,False
v1__scene_lift_and_relocate_v02__L2__C4_D8__r02_s28102,scene_lift_and_relocate_v02,LIFT_AND_RELOCATE,C4,D8,28102,70,"[77, 70, 14, 79, 22, 72]",5,4,[14],[],True,True,False,False,True,False,False
v1__scene_lift_and_relocate_v02__L2__C4_D8__r03_s28103,scene_lift_and_relocate_v02,LIFT_AND_RELOCATE,C4,D8,28103,70,"[77, 70, 14, 79, 22, 72]",5,4,[14],[],True,True,False,False,True,False,False
v1__scene_lift_and_relocate_v02__L2__C4_D8__r04_s28104,scene_lift_and_relocate_v02,LIFT_AND_RELOCATE,C4,D8,28104,70,"[77, 70, 14, 79, 22, 72]",5,4,[14],[],True,True,False,False,True,False,False
v1__scene_lift_and_relocate_v02__L2__C4_D8__r05_s28105,scene_lift_and_relocate_v02,LIFT_AND_RELOCATE,C4,D8,28105,70,"[77, 70, 14, 79, 22, 72]",5,4,[14],[],True,True,False,False,True,False,False
v1__scene_lift_and_relocate_v02__L2__C5_D4__r01_s28101,scene_lift_and_relocate_v02,LIFT_AND_RELOCATE,C5,D4,28101,70,"[77, 70, 14, 79, 22, 72]",5,4,[14],[],True,True,False,False,True,False,False
v1__scene_lift_and_relocate_v02__L2__C5_D4__r02_s28102,scene_lift_and_relocate_v02,LIFT_AND_RELOCATE,C5,D4,28102,70,"[77, 70, 14, 79, 22, 72]",5,4,[14],[],True,True,False,False,True,False,False
v1__scene_lift_and_relocate_v02__L2__C5_D4__r03_s28103,scene_lift_and_relocate_v02,LIFT_AND_RELOCATE,C5,D4,28103,70,"[77, 70, 14, 79, 22, 72]",5,4,[14],[],True,True,False,False,True,False,False
v1__scene_lift_and_relocate_v02__L2__C5_D4__r04_s28104,scene_lift_and_relocate_v02,LIFT_AND_RELOCATE,C5,D4,28104,70,"[77, 70, 14, 79, 22, 72]",5,4,[14],[],True,True,False,False,True,False,False
v1__scene_lift_and_relocate_v02__L2__C5_D4__r05_s28105,scene_lift_and_relocate_v02,LIFT_AND_RELOCATE,C5,D4,28105,70,"[77, 70, 14, 79, 22, 72]",5,4,[14],[],True,True,False,False,True,False,False
v1__scene_lift_and_relocate_v02__L2__C5_D8__r01_s28101,scene_lift_and_relocate_v02,LIFT_AND_RELOCATE,C5,D8,28101,70,"[77, 70, 14, 79, 22, 72]",5,4,[14],[],True,True,False,False,True,False,False
v1__scene_lift_and_relocate_v02__L2__C5_D8__r02_s28102,scene_lift_and_relocate_v02,LIFT_AND_RELOCATE,C5,D8,28102,70,"[77, 70, 14, 79, 22, 72]",5,4,[14],[],True,True,False,False,True,False,False
v1__scene_lift_and_relocate_v02__L2__C5_D8__r03_s28103,scene_lift_and_relocate_v02,LIFT_AND_RELOCATE,C5,D8,28103,70,"[77, 70, 14, 79, 22, 72]",5,4,[14],[],True,True,False,False,True,False,False
v1__scene_lift_and_relocate_v02__L2__C5_D8__r04_s28104,scene_lift_and_relocate_v02,LIFT_AND_RELOCATE,C5,D8,28104,70,"[77, 70, 14, 79, 22, 72]",5,4,[14],[],True,True,False,False,True,False,False
v1__scene_lift_and_relocate_v02__L2__C5_D8__r05_s28105,scene_lift_and_relocate_v02,LIFT_AND_RELOCATE,C5,D8,28105,70,"[77, 70, 14, 79, 22, 72]",5,4,[14],[],True,True,False,False,True,False,False
v1__scene_lift_and_relocate_v02__L2__C6_D4__r01_s28101,scene_lift_and_relocate_v02,LIFT_AND_RELOCATE,C6,D4,28101,70,"[77, 70, 14, 79, 22, 72]",5,4,[14],[],True,True,False,False,True,False,False
v1__scene_lift_and_relocate_v02__L2__C6_D4__r02_s28102,scene_lift_and_relocate_v02,LIFT_AND_RELOCATE,C6,D4,28102,70,"[77, 70, 14, 79, 22, 72]",5,4,[14],[],True,True,False,False,True,False,False
v1__scene_lift_and_relocate_v02__L2__C6_D4__r03_s28103,scene_lift_and_relocate_v02,LIFT_AND_RELOCATE,C6,D4,28103,70,"[77, 70, 14, 79, 22, 72]",5,4,[14],[],True,True,False,False,True,False,False
v1__scene_lift_and_relocate_v02__L2__C6_D4__r04_s28104,scene_lift_and_relocate_v02,LIFT_AND_RELOCATE,C6,D4,28104,70,"[77, 70, 14, 79, 22, 72]",5,4,[14],[],True,True,False,False,True,False,False
v1__scene_lift_and_relocate_v02__L2__C6_D4__r05_s28105,scene_lift_and_relocate_v02,LIFT_AND_RELOCATE,C6,D4,28105,70,"[77, 70, 14, 79, 22, 72]",5,4,[14],[],True,True,False,False,True,False,False
v1__scene_lift_and_relocate_v02__L2__C6_D8__r01_s28101,scene_lift_and_relocate_v02,LIFT_AND_RELOCATE,C6,D8,28101,70,"[77, 70, 14, 79, 22, 72]",5,4,[14],[],True,True,False,False,True,False,False
v1__scene_lift_and_relocate_v02__L2__C6_D8__r02_s28102,scene_lift_and_relocate_v02,LIFT_AND_RELOCATE,C6,D8,28102,70,"[77, 70, 14, 79, 22, 72]",5,4,[14],[],True,True,False,False,True,False,False
v1__scene_lift_and_relocate_v02__L2__C6_D8__r03_s28103,scene_lift_and_relocate_v02,LIFT_AND_RELOCATE,C6,D8,28103,70,"[77, 70, 14, 79, 22, 72]",5,4,[14],[],True,True,False,False,True,False,False
v1__scene_lift_and_relocate_v02__L2__C6_D8__r04_s28104,scene_lift_and_relocate_v02,LIFT_AND_RELOCATE,C6,D8,28104,70,"[77, 70, 14, 79, 22, 72]",5,1,[14],"[14, 22, 72, 77, 79]",True,True,False,False,True,True,True
v1__scene_lift_and_relocate_v02__L2__C6_D8__r05_s28105,scene_lift_and_relocate_v02,LIFT_AND_RELOCATE,C6,D8,28105,70,"[77, 70, 14, 79, 22, 72]",5,4,[14],[],True,True,False,False,True,False,False
v1__scene_lift_and_relocate_v03__L2__C0_NA__r01_s28101,scene_lift_and_relocate_v03,LIFT_AND_RELOCATE,C0,,28101,12,"[80, 16, 35, 12, 92, 50]",5,4,[35],[],True,True,False,False,True,False,False
v1__scene_lift_and_relocate_v03__L2__C0_NA__r02_s28102,scene_lift_and_relocate_v03,LIFT_AND_RELOCATE,C0,,28102,12,"[80, 16, 35, 12, 92, 50]",5,4,[35],[],True,True,False,False,True,False,False
v1__scene_lift_and_relocate_v03__L2__C0_NA__r03_s28103,scene_lift_and_relocate_v03,LIFT_AND_RELOCATE,C0,,28103,12,"[80, 16, 35, 12, 92, 50]",5,4,[35],[],True,True,False,False,True,False,False
v1__scene_lift_and_relocate_v03__L2__C0_NA__r04_s28104,scene_lift_and_relocate_v03,LIFT_AND_RELOCATE,C0,,28104,12,"[80, 16, 35, 12, 92, 50]",5,4,[35],[],True,True,False,False,True,False,False
v1__scene_lift_and_relocate_v03__L2__C0_NA__r05_s28105,scene_lift_and_relocate_v03,LIFT_AND_RELOCATE,C0,,28105,12,"[80, 16, 35, 12, 92, 50]",5,4,[35],[],True,True,False,False,True,False,False
v1__scene_lift_and_relocate_v03__L2__C1_NA__r01_s28101,scene_lift_and_relocate_v03,LIFT_AND_RELOCATE,C1,,28101,12,"[80, 16, 35, 12, 92, 50]",5,4,[35],[],True,True,False,False,True,False,False
v1__scene_lift_and_relocate_v03__L2__C1_NA__r02_s28102,scene_lift_and_relocate_v03,LIFT_AND_RELOCATE,C1,,28102,12,"[80, 16, 35, 12, 92, 50]",5,4,[35],[],True,True,False,False,True,False,False
v1__scene_lift_and_relocate_v03__L2__C1_NA__r03_s28103,scene_lift_and_relocate_v03,LIFT_AND_RELOCATE,C1,,28103,12,"[80, 16, 35, 12, 92, 50]",5,4,[35],[],True,True,False,False,True,False,False
v1__scene_lift_and_relocate_v03__L2__C1_NA__r04_s28104,scene_lift_and_relocate_v03,LIFT_AND_RELOCATE,C1,,28104,12,"[80, 16, 35, 12, 92, 50]",5,4,[35],[],True,True,False,False,True,False,False
v1__scene_lift_and_relocate_v03__L2__C1_NA__r05_s28105,scene_lift_and_relocate_v03,LIFT_AND_RELOCATE,C1,,28105,12,"[80, 16, 35, 12, 92, 50]",5,4,[35],[],True,True,False,False,True,False,False
v1__scene_lift_and_relocate_v03__L2__C2_D4__r01_s28101,scene_lift_and_relocate_v03,LIFT_AND_RELOCATE,C2,D4,28101,12,"[80, 16, 35, 12, 92, 50]",5,4,[35],[],True,True,False,False,True,False,False
v1__scene_lift_and_relocate_v03__L2__C2_D4__r02_s28102,scene_lift_and_relocate_v03,LIFT_AND_RELOCATE,C2,D4,28102,12,"[80, 16, 35, 12, 92, 50]",5,4,[35],[],True,True,False,False,True,False,False
v1__scene_lift_and_relocate_v03__L2__C2_D4__r03_s28103,scene_lift_and_relocate_v03,LIFT_AND_RELOCATE,C2,D4,28103,12,"[80, 16, 35, 12, 92, 50]",5,4,[35],[],True,True,False,False,True,False,False
v1__scene_lift_and_relocate_v03__L2__C2_D4__r04_s28104,scene_lift_and_relocate_v03,LIFT_AND_RELOCATE,C2,D4,28104,12,"[80, 16, 35, 12, 92, 50]",5,4,[35],[],True,True,False,False,True,False,False
v1__scene_lift_and_relocate_v03__L2__C2_D4__r05_s28105,scene_lift_and_relocate_v03,LIFT_AND_RELOCATE,C2,D4,28105,12,"[80, 16, 35, 12, 92, 50]",5,4,[35],[],True,True,False,False,True,False,False
v1__scene_lift_and_relocate_v03__L2__C2_D8__r01_s28101,scene_lift_and_relocate_v03,LIFT_AND_RELOCATE,C2,D8,28101,12,"[80, 16, 35, 12, 92, 50]",5,4,[35],[],True,True,False,False,True,False,False
v1__scene_lift_and_relocate_v03__L2__C2_D8__r02_s28102,scene_lift_and_relocate_v03,LIFT_AND_RELOCATE,C2,D8,28102,12,"[80, 16, 35, 12, 92, 50]",5,4,[35],[],True,True,False,False,True,False,False
v1__scene_lift_and_relocate_v03__L2__C2_D8__r03_s28103,scene_lift_and_relocate_v03,LIFT_AND_RELOCATE,C2,D8,28103,12,"[80, 16, 35, 12, 92, 50]",5,4,[35],[],True,True,False,False,True,False,False
v1__scene_lift_and_relocate_v03__L2__C2_D8__r04_s28104,scene_lift_and_relocate_v03,LIFT_AND_RELOCATE,C2,D8,28104,12,"[80, 16, 35, 12, 92, 50]",5,4,[35],[],True,True,False,False,True,False,False
v1__scene_lift_and_relocate_v03__L2__C2_D8__r05_s28105,scene_lift_and_relocate_v03,LIFT_AND_RELOCATE,C2,D8,28105,12,"[80, 16, 35, 12, 92, 50]",5,4,[35],[],True,True,False,False,True,False,False
v1__scene_lift_and_relocate_v03__L2__C3_D4__r01_s28101,scene_lift_and_relocate_v03,LIFT_AND_RELOCATE,C3,D4,28101,12,"[80, 16, 35, 12, 92, 50]",5,4,[35],[],True,True,False,False,True,False,False
v1__scene_lift_and_relocate_v03__L2__C3_D4__r02_s28102,scene_lift_and_relocate_v03,LIFT_AND_RELOCATE,C3,D4,28102,12,"[80, 16, 35, 12, 92, 50]",5,4,[35],[],True,True,False,False,True,False,False
v1__scene_lift_and_relocate_v03__L2__C3_D4__r03_s28103,scene_lift_and_relocate_v03,LIFT_AND_RELOCATE,C3,D4,28103,12,"[80, 16, 35, 12, 92, 50]",5,4,[35],[],True,True,False,False,True,False,False
v1__scene_lift_and_relocate_v03__L2__C3_D4__r04_s28104,scene_lift_and_relocate_v03,LIFT_AND_RELOCATE,C3,D4,28104,12,"[80, 16, 35, 12, 92, 50]",5,4,[35],[],True,True,False,False,True,False,False
v1__scene_lift_and_relocate_v03__L2__C3_D4__r05_s28105,scene_lift_and_relocate_v03,LIFT_AND_RELOCATE,C3,D4,28105,12,"[80, 16, 35, 12, 92, 50]",5,4,[35],[],True,True,False,False,True,False,False
v1__scene_lift_and_relocate_v03__L2__C3_D8__r01_s28101,scene_lift_and_relocate_v03,LIFT_AND_RELOCATE,C3,D8,28101,12,"[80, 16, 35, 12, 92, 50]",5,4,[35],[],True,True,False,False,True,False,False
v1__scene_lift_and_relocate_v03__L2__C3_D8__r02_s28102,scene_lift_and_relocate_v03,LIFT_AND_RELOCATE,C3,D8,28102,12,"[80, 16, 35, 12, 92, 50]",5,4,[35],[],True,True,False,False,True,False,False
v1__scene_lift_and_relocate_v03__L2__C3_D8__r03_s28103,scene_lift_and_relocate_v03,LIFT_AND_RELOCATE,C3,D8,28103,12,"[80, 16, 35, 12, 92, 50]",5,4,[35],[],True,True,False,False,True,False,False
v1__scene_lift_and_relocate_v03__L2__C3_D8__r04_s28104,scene_lift_and_relocate_v03,LIFT_AND_RELOCATE,C3,D8,28104,12,"[80, 16, 35, 12, 92, 50]",5,4,[35],[],True,True,False,False,True,False,False
v1__scene_lift_and_relocate_v03__L2__C3_D8__r05_s28105,scene_lift_and_relocate_v03,LIFT_AND_RELOCATE,C3,D8,28105,12,"[80, 16, 35, 12, 92, 50]",5,4,[35],[],True,True,False,False,True,False,False
v1__scene_lift_and_relocate_v03__L2__C4_D4__r01_s28101,scene_lift_and_relocate_v03,LIFT_AND_RELOCATE,C4,D4,28101,12,"[80, 16, 35, 12, 92, 50]",5,4,[35],[],True,True,False,False,True,False,False
v1__scene_lift_and_relocate_v03__L2__C4_D4__r02_s28102,scene_lift_and_relocate_v03,LIFT_AND_RELOCATE,C4,D4,28102,12,"[80, 16, 35, 12, 92, 50]",5,4,[35],[],True,True,False,False,True,False,False
v1__scene_lift_and_relocate_v03__L2__C4_D4__r03_s28103,scene_lift_and_relocate_v03,LIFT_AND_RELOCATE,C4,D4,28103,12,"[80, 16, 35, 12, 92, 50]",5,4,[35],[],True,True,False,False,True,False,False
v1__scene_lift_and_relocate_v03__L2__C4_D4__r04_s28104,scene_lift_and_relocate_v03,LIFT_AND_RELOCATE,C4,D4,28104,12,"[80, 16, 35, 12, 92, 50]",5,4,[35],[],True,True,False,False,True,False,False
v1__scene_lift_and_relocate_v03__L2__C4_D4__r05_s28105,scene_lift_and_relocate_v03,LIFT_AND_RELOCATE,C4,D4,28105,12,"[80, 16, 35, 12, 92, 50]",5,4,[35],[],True,True,False,False,True,False,False
v1__scene_lift_and_relocate_v03__L2__C4_D8__r01_s28101,scene_lift_and_relocate_v03,LIFT_AND_RELOCATE,C4,D8,28101,12,"[80, 16, 35, 12, 92, 50]",5,4,[35],[],True,True,False,False,True,False,False
v1__scene_lift_and_relocate_v03__L2__C4_D8__r02_s28102,scene_lift_and_relocate_v03,LIFT_AND_RELOCATE,C4,D8,28102,12,"[80, 16, 35, 12, 92, 50]",5,4,[35],[],True,True,False,False,True,False,False
v1__scene_lift_and_relocate_v03__L2__C4_D8__r03_s28103,scene_lift_and_relocate_v03,LIFT_AND_RELOCATE,C4,D8,28103,12,"[80, 16, 35, 12, 92, 50]",5,4,[35],[],True,True,False,False,True,False,False
v1__scene_lift_and_relocate_v03__L2__C4_D8__r04_s28104,scene_lift_and_relocate_v03,LIFT_AND_RELOCATE,C4,D8,28104,12,"[80, 16, 35, 12, 92, 50]",5,4,[35],[],True,True,False,False,True,False,False
v1__scene_lift_and_relocate_v03__L2__C4_D8__r05_s28105,scene_lift_and_relocate_v03,LIFT_AND_RELOCATE,C4,D8,28105,12,"[80, 16, 35, 12, 92, 50]",5,4,[35],[],True,True,False,False,True,False,False
v1__scene_lift_and_relocate_v03__L2__C5_D4__r01_s28101,scene_lift_and_relocate_v03,LIFT_AND_RELOCATE,C5,D4,28101,12,"[80, 16, 35, 12, 92, 50]",5,4,[35],[],True,True,False,False,True,False,False
v1__scene_lift_and_relocate_v03__L2__C5_D4__r02_s28102,scene_lift_and_relocate_v03,LIFT_AND_RELOCATE,C5,D4,28102,12,"[80, 16, 35, 12, 92, 50]",5,4,[35],[],True,True,False,False,True,False,False
v1__scene_lift_and_relocate_v03__L2__C5_D4__r03_s28103,scene_lift_and_relocate_v03,LIFT_AND_RELOCATE,C5,D4,28103,12,"[80, 16, 35, 12, 92, 50]",5,4,[35],[],True,True,False,False,True,False,False
v1__scene_lift_and_relocate_v03__L2__C5_D4__r04_s28104,scene_lift_and_relocate_v03,LIFT_AND_RELOCATE,C5,D4,28104,12,"[80, 16, 35, 12, 92, 50]",5,4,[35],[],True,True,False,False,True,False,False
v1__scene_lift_and_relocate_v03__L2__C5_D4__r05_s28105,scene_lift_and_relocate_v03,LIFT_AND_RELOCATE,C5,D4,28105,12,"[80, 16, 35, 12, 92, 50]",5,4,[35],[],True,True,False,False,True,False,False
v1__scene_lift_and_relocate_v03__L2__C5_D8__r01_s28101,scene_lift_and_relocate_v03,LIFT_AND_RELOCATE,C5,D8,28101,12,"[80, 16, 35, 12, 92, 50]",5,4,[35],[],True,True,False,False,True,False,False
v1__scene_lift_and_relocate_v03__L2__C5_D8__r02_s28102,scene_lift_and_relocate_v03,LIFT_AND_RELOCATE,C5,D8,28102,12,"[80, 16, 35, 12, 92, 50]",5,4,[35],[],True,True,False,False,True,False,False
v1__scene_lift_and_relocate_v03__L2__C5_D8__r03_s28103,scene_lift_and_relocate_v03,LIFT_AND_RELOCATE,C5,D8,28103,12,"[80, 16, 35, 12, 92, 50]",5,4,[35],[],True,True,False,False,True,False,False
v1__scene_lift_and_relocate_v03__L2__C5_D8__r04_s28104,scene_lift_and_relocate_v03,LIFT_AND_RELOCATE,C5,D8,28104,12,"[80, 16, 35, 12, 92, 50]",5,4,[35],[],True,True,False,False,True,False,False
v1__scene_lift_and_relocate_v03__L2__C5_D8__r05_s28105,scene_lift_and_relocate_v03,LIFT_AND_RELOCATE,C5,D8,28105,12,"[80, 16, 35, 12, 92, 50]",5,4,[35],[],True,True,False,False,True,False,False
v1__scene_lift_and_relocate_v03__L2__C6_D4__r01_s28101,scene_lift_and_relocate_v03,LIFT_AND_RELOCATE,C6,D4,28101,12,"[80, 16, 35, 12, 92, 50]",5,4,[35],[],True,True,False,False,True,False,False
v1__scene_lift_and_relocate_v03__L2__C6_D4__r02_s28102,scene_lift_and_relocate_v03,LIFT_AND_RELOCATE,C6,D4,28102,12,"[80, 16, 35, 12, 92, 50]",5,4,[35],[],True,True,False,False,True,False,False
v1__scene_lift_and_relocate_v03__L2__C6_D4__r03_s28103,scene_lift_and_relocate_v03,LIFT_AND_RELOCATE,C6,D4,28103,12,"[80, 16, 35, 12, 92, 50]",5,4,[35],[],True,True,False,False,True,False,False
v1__scene_lift_and_relocate_v03__L2__C6_D4__r04_s28104,scene_lift_and_relocate_v03,LIFT_AND_RELOCATE,C6,D4,28104,12,"[80, 16, 35, 12, 92, 50]",5,4,[35],[],True,True,False,False,True,False,False
v1__scene_lift_and_relocate_v03__L2__C6_D4__r05_s28105,scene_lift_and_relocate_v03,LIFT_AND_RELOCATE,C6,D4,28105,12,"[80, 16, 35, 12, 92, 50]",5,4,[35],[],True,True,False,False,True,False,False
v1__scene_lift_and_relocate_v03__L2__C6_D8__r01_s28101,scene_lift_and_relocate_v03,LIFT_AND_RELOCATE,C6,D8,28101,12,"[80, 16, 35, 12, 92, 50]",5,4,[35],[],True,True,False,False,True,False,False
v1__scene_lift_and_relocate_v03__L2__C6_D8__r02_s28102,scene_lift_and_relocate_v03,LIFT_AND_RELOCATE,C6,D8,28102,12,"[80, 16, 35, 12, 92, 50]",5,4,[35],[],True,True,False,False,True,False,False
v1__scene_lift_and_relocate_v03__L2__C6_D8__r03_s28103,scene_lift_and_relocate_v03,LIFT_AND_RELOCATE,C6,D8,28103,12,"[80, 16, 35, 12, 92, 50]",5,4,[35],[],True,True,False,False,True,False,False
v1__scene_lift_and_relocate_v03__L2__C6_D8__r04_s28104,scene_lift_and_relocate_v03,LIFT_AND_RELOCATE,C6,D8,28104,12,"[80, 16, 35, 12, 92, 50]",5,4,[35],[],True,True,False,False,True,False,False
v1__scene_lift_and_relocate_v03__L2__C6_D8__r05_s28105,scene_lift_and_relocate_v03,LIFT_AND_RELOCATE,C6,D8,28105,12,"[80, 16, 35, 12, 92, 50]",5,4,[35],[],True,True,False,False,True,False,False
v1__scene_lift_and_relocate_v04__L2__C0_NA__r01_s28101,scene_lift_and_relocate_v04,LIFT_AND_RELOCATE,C0,,28101,68,"[54, 30, 68, 73, 45]",4,3,[73],[],True,True,False,False,True,False,False
v1__scene_lift_and_relocate_v04__L2__C0_NA__r02_s28102,scene_lift_and_relocate_v04,LIFT_AND_RELOCATE,C0,,28102,68,"[54, 30, 68, 73, 45]",4,3,[73],[],True,True,False,False,True,False,False
v1__scene_lift_and_relocate_v04__L2__C0_NA__r03_s28103,scene_lift_and_relocate_v04,LIFT_AND_RELOCATE,C0,,28103,68,"[54, 30, 68, 73, 45]",4,3,[73],[],True,True,False,False,True,False,False
v1__scene_lift_and_relocate_v04__L2__C0_NA__r04_s28104,scene_lift_and_relocate_v04,LIFT_AND_RELOCATE,C0,,28104,68,"[54, 30, 68, 73, 45]",4,3,[73],[],True,True,False,False,True,False,False
v1__scene_lift_and_relocate_v04__L2__C0_NA__r05_s28105,scene_lift_and_relocate_v04,LIFT_AND_RELOCATE,C0,,28105,68,"[54, 30, 68, 73, 45]",4,3,[73],[],True,True,False,False,True,False,False
v1__scene_lift_and_relocate_v04__L2__C1_NA__r01_s28101,scene_lift_and_relocate_v04,LIFT_AND_RELOCATE,C1,,28101,68,"[54, 30, 68, 73, 45]",4,3,[73],[],True,True,False,False,True,False,False
v1__scene_lift_and_relocate_v04__L2__C1_NA__r02_s28102,scene_lift_and_relocate_v04,LIFT_AND_RELOCATE,C1,,28102,68,"[54, 30, 68, 73, 45]",4,3,[73],[],True,True,False,False,True,False,False
v1__scene_lift_and_relocate_v04__L2__C1_NA__r03_s28103,scene_lift_and_relocate_v04,LIFT_AND_RELOCATE,C1,,28103,68,"[54, 30, 68, 73, 45]",4,3,[73],[],True,True,False,False,True,False,False
v1__scene_lift_and_relocate_v04__L2__C1_NA__r04_s28104,scene_lift_and_relocate_v04,LIFT_AND_RELOCATE,C1,,28104,68,"[54, 30, 68, 73, 45]",4,3,[73],[],True,True,False,False,True,False,False
v1__scene_lift_and_relocate_v04__L2__C1_NA__r05_s28105,scene_lift_and_relocate_v04,LIFT_AND_RELOCATE,C1,,28105,68,"[54, 30, 68, 73, 45]",4,3,[73],[],True,True,False,False,True,False,False
v1__scene_lift_and_relocate_v04__L2__C2_D4__r01_s28101,scene_lift_and_relocate_v04,LIFT_AND_RELOCATE,C2,D4,28101,68,"[54, 30, 68, 73, 45]",4,3,[73],[],True,True,False,False,True,False,False
v1__scene_lift_and_relocate_v04__L2__C2_D4__r02_s28102,scene_lift_and_relocate_v04,LIFT_AND_RELOCATE,C2,D4,28102,68,"[54, 30, 68, 73, 45]",4,3,[73],[],True,True,False,False,True,False,False
v1__scene_lift_and_relocate_v04__L2__C2_D4__r03_s28103,scene_lift_and_relocate_v04,LIFT_AND_RELOCATE,C2,D4,28103,68,"[54, 30, 68, 73, 45]",4,3,[73],[],True,True,False,False,True,False,False
v1__scene_lift_and_relocate_v04__L2__C2_D4__r04_s28104,scene_lift_and_relocate_v04,LIFT_AND_RELOCATE,C2,D4,28104,68,"[54, 30, 68, 73, 45]",4,3,[73],[],True,True,False,False,True,False,False
v1__scene_lift_and_relocate_v04__L2__C2_D4__r05_s28105,scene_lift_and_relocate_v04,LIFT_AND_RELOCATE,C2,D4,28105,68,"[54, 30, 68, 73, 45]",4,3,[73],[],True,True,False,False,True,False,False
v1__scene_lift_and_relocate_v04__L2__C2_D8__r01_s28101,scene_lift_and_relocate_v04,LIFT_AND_RELOCATE,C2,D8,28101,68,"[54, 30, 68, 73, 45]",4,3,[73],[],True,True,False,False,True,False,False
v1__scene_lift_and_relocate_v04__L2__C2_D8__r02_s28102,scene_lift_and_relocate_v04,LIFT_AND_RELOCATE,C2,D8,28102,68,"[54, 30, 68, 73, 45]",4,3,[73],[],True,True,False,False,True,False,False
v1__scene_lift_and_relocate_v04__L2__C2_D8__r03_s28103,scene_lift_and_relocate_v04,LIFT_AND_RELOCATE,C2,D8,28103,68,"[54, 30, 68, 73, 45]",4,3,[73],[],True,True,False,False,True,False,False
v1__scene_lift_and_relocate_v04__L2__C2_D8__r04_s28104,scene_lift_and_relocate_v04,LIFT_AND_RELOCATE,C2,D8,28104,68,"[54, 30, 68, 73, 45]",4,3,[73],[],True,True,False,False,True,False,False
v1__scene_lift_and_relocate_v04__L2__C2_D8__r05_s28105,scene_lift_and_relocate_v04,LIFT_AND_RELOCATE,C2,D8,28105,68,"[54, 30, 68, 73, 45]",4,3,[73],[],True,True,False,False,True,False,False
v1__scene_lift_and_relocate_v04__L2__C3_D4__r01_s28101,scene_lift_and_relocate_v04,LIFT_AND_RELOCATE,C3,D4,28101,68,"[54, 30, 68, 73, 45]",4,3,[73],[],True,True,False,False,True,False,False
v1__scene_lift_and_relocate_v04__L2__C3_D4__r02_s28102,scene_lift_and_relocate_v04,LIFT_AND_RELOCATE,C3,D4,28102,68,"[54, 30, 68, 73, 45]",4,3,[73],[],True,True,False,False,True,False,False
v1__scene_lift_and_relocate_v04__L2__C3_D4__r03_s28103,scene_lift_and_relocate_v04,LIFT_AND_RELOCATE,C3,D4,28103,68,"[54, 30, 68, 73, 45]",4,3,[73],[],True,True,False,False,True,False,False
v1__scene_lift_and_relocate_v04__L2__C3_D4__r04_s28104,scene_lift_and_relocate_v04,LIFT_AND_RELOCATE,C3,D4,28104,68,"[54, 30, 68, 73, 45]",4,3,[73],[],True,True,False,False,True,False,False
v1__scene_lift_and_relocate_v04__L2__C3_D4__r05_s28105,scene_lift_and_relocate_v04,LIFT_AND_RELOCATE,C3,D4,28105,68,"[54, 30, 68, 73, 45]",4,3,[73],[],True,True,False,False,True,False,False
v1__scene_lift_and_relocate_v04__L2__C3_D8__r01_s28101,scene_lift_and_relocate_v04,LIFT_AND_RELOCATE,C3,D8,28101,68,"[54, 30, 68, 73, 45]",4,3,[73],[],True,True,False,False,True,False,False
v1__scene_lift_and_relocate_v04__L2__C3_D8__r02_s28102,scene_lift_and_relocate_v04,LIFT_AND_RELOCATE,C3,D8,28102,68,"[54, 30, 68, 73, 45]",4,3,[73],[],True,True,False,False,True,False,False
v1__scene_lift_and_relocate_v04__L2__C3_D8__r03_s28103,scene_lift_and_relocate_v04,LIFT_AND_RELOCATE,C3,D8,28103,68,"[54, 30, 68, 73, 45]",4,3,[73],[],True,True,False,False,True,False,False
v1__scene_lift_and_relocate_v04__L2__C3_D8__r04_s28104,scene_lift_and_relocate_v04,LIFT_AND_RELOCATE,C3,D8,28104,68,"[54, 30, 68, 73, 45]",4,3,[73],[],True,True,False,False,True,False,False
v1__scene_lift_and_relocate_v04__L2__C3_D8__r05_s28105,scene_lift_and_relocate_v04,LIFT_AND_RELOCATE,C3,D8,28105,68,"[54, 30, 68, 73, 45]",4,3,[73],[],True,True,False,False,True,False,False
v1__scene_lift_and_relocate_v04__L2__C4_D4__r01_s28101,scene_lift_and_relocate_v04,LIFT_AND_RELOCATE,C4,D4,28101,68,"[54, 30, 68, 73, 45]",4,3,[73],[],True,True,False,False,True,False,False
v1__scene_lift_and_relocate_v04__L2__C4_D4__r02_s28102,scene_lift_and_relocate_v04,LIFT_AND_RELOCATE,C4,D4,28102,68,"[54, 30, 68, 73, 45]",4,3,[73],[],True,True,False,False,True,False,False
v1__scene_lift_and_relocate_v04__L2__C4_D4__r03_s28103,scene_lift_and_relocate_v04,LIFT_AND_RELOCATE,C4,D4,28103,68,"[54, 30, 68, 73, 45]",4,3,[73],[],True,True,False,False,True,False,False
v1__scene_lift_and_relocate_v04__L2__C4_D4__r04_s28104,scene_lift_and_relocate_v04,LIFT_AND_RELOCATE,C4,D4,28104,68,"[54, 30, 68, 73, 45]",4,3,[73],[],True,True,False,False,True,False,False
v1__scene_lift_and_relocate_v04__L2__C4_D4__r05_s28105,scene_lift_and_relocate_v04,LIFT_AND_RELOCATE,C4,D4,28105,68,"[54, 30, 68, 73, 45]",4,3,[73],[],True,True,False,False,True,False,False
v1__scene_lift_and_relocate_v04__L2__C4_D8__r01_s28101,scene_lift_and_relocate_v04,LIFT_AND_RELOCATE,C4,D8,28101,68,"[54, 30, 68, 73, 45]",4,3,[73],[],True,True,False,False,True,False,False
v1__scene_lift_and_relocate_v04__L2__C4_D8__r02_s28102,scene_lift_and_relocate_v04,LIFT_AND_RELOCATE,C4,D8,28102,68,"[54, 30, 68, 73, 45]",4,3,[73],[],True,True,False,False,True,False,False
v1__scene_lift_and_relocate_v04__L2__C4_D8__r03_s28103,scene_lift_and_relocate_v04,LIFT_AND_RELOCATE,C4,D8,28103,68,"[54, 30, 68, 73, 45]",4,3,[73],[],True,True,False,False,True,False,False
v1__scene_lift_and_relocate_v04__L2__C4_D8__r04_s28104,scene_lift_and_relocate_v04,LIFT_AND_RELOCATE,C4,D8,28104,68,"[54, 30, 68, 73, 45]",4,3,[73],[],True,True,False,False,True,False,False
v1__scene_lift_and_relocate_v04__L2__C4_D8__r05_s28105,scene_lift_and_relocate_v04,LIFT_AND_RELOCATE,C4,D8,28105,68,"[54, 30, 68, 73, 45]",4,3,[73],[],True,True,False,False,True,False,False
v1__scene_lift_and_relocate_v04__L2__C5_D4__r01_s28101,scene_lift_and_relocate_v04,LIFT_AND_RELOCATE,C5,D4,28101,68,"[54, 30, 68, 73, 45]",4,3,[73],[],True,True,False,False,True,False,False
v1__scene_lift_and_relocate_v04__L2__C5_D4__r02_s28102,scene_lift_and_relocate_v04,LIFT_AND_RELOCATE,C5,D4,28102,68,"[54, 30, 68, 73, 45]",4,3,[73],[],True,True,False,False,True,False,False
v1__scene_lift_and_relocate_v04__L2__C5_D4__r03_s28103,scene_lift_and_relocate_v04,LIFT_AND_RELOCATE,C5,D4,28103,68,"[54, 30, 68, 73, 45]",4,3,[73],[],True,True,False,False,True,False,False
v1__scene_lift_and_relocate_v04__L2__C5_D4__r04_s28104,scene_lift_and_relocate_v04,LIFT_AND_RELOCATE,C5,D4,28104,68,"[54, 30, 68, 73, 45]",4,3,[73],[],True,True,False,False,True,False,False
v1__scene_lift_and_relocate_v04__L2__C5_D4__r05_s28105,scene_lift_and_relocate_v04,LIFT_AND_RELOCATE,C5,D4,28105,68,"[54, 30, 68, 73, 45]",4,3,[73],[],True,True,False,False,True,False,False
v1__scene_lift_and_relocate_v04__L2__C5_D8__r01_s28101,scene_lift_and_relocate_v04,LIFT_AND_RELOCATE,C5,D8,28101,68,"[54, 30, 68, 73, 45]",4,3,[73],[],True,True,False,False,True,False,False
v1__scene_lift_and_relocate_v04__L2__C5_D8__r02_s28102,scene_lift_and_relocate_v04,LIFT_AND_RELOCATE,C5,D8,28102,68,"[54, 30, 68, 73, 45]",4,3,[73],[],True,True,False,False,True,False,False
v1__scene_lift_and_relocate_v04__L2__C5_D8__r03_s28103,scene_lift_and_relocate_v04,LIFT_AND_RELOCATE,C5,D8,28103,68,"[54, 30, 68, 73, 45]",4,3,[73],[],True,True,False,False,True,False,False
v1__scene_lift_and_relocate_v04__L2__C5_D8__r04_s28104,scene_lift_and_relocate_v04,LIFT_AND_RELOCATE,C5,D8,28104,68,"[54, 30, 68, 73, 45]",4,3,[73],[],True,True,False,False,True,False,False
v1__scene_lift_and_relocate_v04__L2__C5_D8__r05_s28105,scene_lift_and_relocate_v04,LIFT_AND_RELOCATE,C5,D8,28105,68,"[54, 30, 68, 73, 45]",4,3,[73],[],True,True,False,False,True,False,False
v1__scene_lift_and_relocate_v04__L2__C6_D4__r01_s28101,scene_lift_and_relocate_v04,LIFT_AND_RELOCATE,C6,D4,28101,68,"[54, 30, 68, 73, 45]",4,3,[73],[],True,True,False,False,True,False,False
v1__scene_lift_and_relocate_v04__L2__C6_D4__r02_s28102,scene_lift_and_relocate_v04,LIFT_AND_RELOCATE,C6,D4,28102,68,"[54, 30, 68, 73, 45]",4,3,[73],[],True,True,False,False,True,False,False
v1__scene_lift_and_relocate_v04__L2__C6_D4__r03_s28103,scene_lift_and_relocate_v04,LIFT_AND_RELOCATE,C6,D4,28103,68,"[54, 30, 68, 73, 45]",4,3,[73],[],True,True,False,False,True,False,False
v1__scene_lift_and_relocate_v04__L2__C6_D4__r04_s28104,scene_lift_and_relocate_v04,LIFT_AND_RELOCATE,C6,D4,28104,68,"[54, 30, 68, 73, 45]",4,3,[73],[],True,True,False,False,True,False,False
v1__scene_lift_and_relocate_v04__L2__C6_D4__r05_s28105,scene_lift_and_relocate_v04,LIFT_AND_RELOCATE,C6,D4,28105,68,"[54, 30, 68, 73, 45]",4,3,[73],[],True,True,False,False,True,False,False
v1__scene_lift_and_relocate_v04__L2__C6_D8__r01_s28101,scene_lift_and_relocate_v04,LIFT_AND_RELOCATE,C6,D8,28101,68,"[54, 30, 68, 73, 45]",4,3,[73],[],True,True,False,False,True,False,False
v1__scene_lift_and_relocate_v04__L2__C6_D8__r02_s28102,scene_lift_and_relocate_v04,LIFT_AND_RELOCATE,C6,D8,28102,68,"[54, 30, 68, 73, 45]",4,3,[73],[],True,True,False,False,True,False,False
v1__scene_lift_and_relocate_v04__L2__C6_D8__r03_s28103,scene_lift_and_relocate_v04,LIFT_AND_RELOCATE,C6,D8,28103,68,"[54, 30, 68, 73, 45]",4,3,[73],[],True,True,False,False,True,False,False
v1__scene_lift_and_relocate_v04__L2__C6_D8__r04_s28104,scene_lift_and_relocate_v04,LIFT_AND_RELOCATE,C6,D8,28104,68,"[54, 30, 68, 73, 45]",4,3,[73],[],True,True,False,False,True,False,False
v1__scene_lift_and_relocate_v04__L2__C6_D8__r05_s28105,scene_lift_and_relocate_v04,LIFT_AND_RELOCATE,C6,D8,28105,68,"[54, 30, 68, 73, 45]",4,3,[73],[],True,True,False,False,True,False,False
v1__scene_lift_and_relocate_v05__L2__C0_NA__r01_s28101,scene_lift_and_relocate_v05,LIFT_AND_RELOCATE,C0,,28101,43,"[52, 48, 15, 43, 76, 24]",5,4,[15],[],True,True,False,False,True,False,False
v1__scene_lift_and_relocate_v05__L2__C0_NA__r02_s28102,scene_lift_and_relocate_v05,LIFT_AND_RELOCATE,C0,,28102,43,"[52, 48, 15, 43, 76, 24]",5,4,[15],[],True,True,False,False,True,False,False
v1__scene_lift_and_relocate_v05__L2__C0_NA__r03_s28103,scene_lift_and_relocate_v05,LIFT_AND_RELOCATE,C0,,28103,43,"[52, 48, 15, 43, 76, 24]",5,4,[15],[],True,True,False,False,True,False,False
v1__scene_lift_and_relocate_v05__L2__C0_NA__r04_s28104,scene_lift_and_relocate_v05,LIFT_AND_RELOCATE,C0,,28104,43,"[52, 48, 15, 43, 76, 24]",5,4,[15],[],True,True,False,False,True,False,False
v1__scene_lift_and_relocate_v05__L2__C0_NA__r05_s28105,scene_lift_and_relocate_v05,LIFT_AND_RELOCATE,C0,,28105,43,"[52, 48, 15, 43, 76, 24]",5,4,[15],[],True,True,False,False,True,False,False
v1__scene_lift_and_relocate_v05__L2__C1_NA__r01_s28101,scene_lift_and_relocate_v05,LIFT_AND_RELOCATE,C1,,28101,43,"[52, 48, 15, 43, 76, 24]",5,4,[15],[],True,True,False,False,True,False,False
v1__scene_lift_and_relocate_v05__L2__C1_NA__r02_s28102,scene_lift_and_relocate_v05,LIFT_AND_RELOCATE,C1,,28102,43,"[52, 48, 15, 43, 76, 24]",5,4,[15],[],True,True,False,False,True,False,False
v1__scene_lift_and_relocate_v05__L2__C1_NA__r03_s28103,scene_lift_and_relocate_v05,LIFT_AND_RELOCATE,C1,,28103,43,"[52, 48, 15, 43, 76, 24]",5,4,[15],[],True,True,False,False,True,False,False
v1__scene_lift_and_relocate_v05__L2__C1_NA__r04_s28104,scene_lift_and_relocate_v05,LIFT_AND_RELOCATE,C1,,28104,43,"[52, 48, 15, 43, 76, 24]",5,4,[15],[],True,True,False,False,True,False,False
v1__scene_lift_and_relocate_v05__L2__C1_NA__r05_s28105,scene_lift_and_relocate_v05,LIFT_AND_RELOCATE,C1,,28105,43,"[52, 48, 15, 43, 76, 24]",5,4,[15],[],True,True,False,False,True,False,False
v1__scene_lift_and_relocate_v05__L2__C2_D4__r01_s28101,scene_lift_and_relocate_v05,LIFT_AND_RELOCATE,C2,D4,28101,43,"[52, 48, 15, 43, 76, 24]",5,4,[15],[],True,True,False,False,True,False,False
v1__scene_lift_and_relocate_v05__L2__C2_D4__r02_s28102,scene_lift_and_relocate_v05,LIFT_AND_RELOCATE,C2,D4,28102,43,"[52, 48, 15, 43, 76, 24]",5,4,[15],[],True,True,False,False,True,False,False
v1__scene_lift_and_relocate_v05__L2__C2_D4__r03_s28103,scene_lift_and_relocate_v05,LIFT_AND_RELOCATE,C2,D4,28103,43,"[52, 48, 15, 43, 76, 24]",5,4,[15],[],True,True,False,False,True,False,False
v1__scene_lift_and_relocate_v05__L2__C2_D4__r04_s28104,scene_lift_and_relocate_v05,LIFT_AND_RELOCATE,C2,D4,28104,43,"[52, 48, 15, 43, 76, 24]",5,4,[15],[],True,True,False,False,True,False,False
v1__scene_lift_and_relocate_v05__L2__C2_D4__r05_s28105,scene_lift_and_relocate_v05,LIFT_AND_RELOCATE,C2,D4,28105,43,"[52, 48, 15, 43, 76, 24]",5,4,[15],[],True,True,False,False,True,False,False
v1__scene_lift_and_relocate_v05__L2__C2_D8__r01_s28101,scene_lift_and_relocate_v05,LIFT_AND_RELOCATE,C2,D8,28101,43,"[52, 48, 15, 43, 76, 24]",5,4,[15],[],True,True,False,False,True,False,False
v1__scene_lift_and_relocate_v05__L2__C2_D8__r02_s28102,scene_lift_and_relocate_v05,LIFT_AND_RELOCATE,C2,D8,28102,43,"[52, 48, 15, 43, 76, 24]",5,4,[15],[],True,True,False,False,True,False,False
v1__scene_lift_and_relocate_v05__L2__C2_D8__r03_s28103,scene_lift_and_relocate_v05,LIFT_AND_RELOCATE,C2,D8,28103,43,"[52, 48, 15, 43, 76, 24]",5,4,[15],[],True,True,False,False,True,False,False
v1__scene_lift_and_relocate_v05__L2__C2_D8__r04_s28104,scene_lift_and_relocate_v05,LIFT_AND_RELOCATE,C2,D8,28104,43,"[52, 48, 15, 43, 76, 24]",5,4,[15],[],True,True,False,False,True,False,False
v1__scene_lift_and_relocate_v05__L2__C2_D8__r05_s28105,scene_lift_and_relocate_v05,LIFT_AND_RELOCATE,C2,D8,28105,43,"[52, 48, 15, 43, 76, 24]",5,4,[15],[],True,True,False,False,True,False,False
v1__scene_lift_and_relocate_v05__L2__C3_D4__r01_s28101,scene_lift_and_relocate_v05,LIFT_AND_RELOCATE,C3,D4,28101,43,"[52, 48, 15, 43, 76, 24]",5,4,[15],[],True,True,False,False,True,False,False
v1__scene_lift_and_relocate_v05__L2__C3_D4__r02_s28102,scene_lift_and_relocate_v05,LIFT_AND_RELOCATE,C3,D4,28102,43,"[52, 48, 15, 43, 76, 24]",5,4,[15],[],True,True,False,False,True,False,False
v1__scene_lift_and_relocate_v05__L2__C3_D4__r03_s28103,scene_lift_and_relocate_v05,LIFT_AND_RELOCATE,C3,D4,28103,43,"[52, 48, 15, 43, 76, 24]",5,4,[15],[],True,True,False,False,True,False,False
v1__scene_lift_and_relocate_v05__L2__C3_D4__r04_s28104,scene_lift_and_relocate_v05,LIFT_AND_RELOCATE,C3,D4,28104,43,"[52, 48, 15, 43, 76, 24]",5,4,[15],[],True,True,False,False,True,False,False
v1__scene_lift_and_relocate_v05__L2__C3_D4__r05_s28105,scene_lift_and_relocate_v05,LIFT_AND_RELOCATE,C3,D4,28105,43,"[52, 48, 15, 43, 76, 24]",5,4,[15],[],True,True,False,False,True,False,False
v1__scene_lift_and_relocate_v05__L2__C3_D8__r01_s28101,scene_lift_and_relocate_v05,LIFT_AND_RELOCATE,C3,D8,28101,43,"[52, 48, 15, 43, 76, 24]",5,4,[15],[],True,True,False,False,True,False,False
v1__scene_lift_and_relocate_v05__L2__C3_D8__r02_s28102,scene_lift_and_relocate_v05,LIFT_AND_RELOCATE,C3,D8,28102,43,"[52, 48, 15, 43, 76, 24]",5,4,[15],[],True,True,False,False,True,False,False
v1__scene_lift_and_relocate_v05__L2__C3_D8__r03_s28103,scene_lift_and_relocate_v05,LIFT_AND_RELOCATE,C3,D8,28103,43,"[52, 48, 15, 43, 76, 24]",5,4,[15],[],True,True,False,False,True,False,False
v1__scene_lift_and_relocate_v05__L2__C3_D8__r04_s28104,scene_lift_and_relocate_v05,LIFT_AND_RELOCATE,C3,D8,28104,43,"[52, 48, 15, 43, 76, 24]",5,4,[15],[],True,True,False,False,True,False,False
v1__scene_lift_and_relocate_v05__L2__C3_D8__r05_s28105,scene_lift_and_relocate_v05,LIFT_AND_RELOCATE,C3,D8,28105,43,"[52, 48, 15, 43, 76, 24]",5,4,[15],[],True,True,False,False,True,False,False
v1__scene_lift_and_relocate_v05__L2__C4_D4__r01_s28101,scene_lift_and_relocate_v05,LIFT_AND_RELOCATE,C4,D4,28101,43,"[52, 48, 15, 43, 76, 24]",5,4,[15],[],True,True,False,False,True,False,False
v1__scene_lift_and_relocate_v05__L2__C4_D4__r02_s28102,scene_lift_and_relocate_v05,LIFT_AND_RELOCATE,C4,D4,28102,43,"[52, 48, 15, 43, 76, 24]",5,4,[15],[],True,True,False,False,True,False,False
v1__scene_lift_and_relocate_v05__L2__C4_D4__r03_s28103,scene_lift_and_relocate_v05,LIFT_AND_RELOCATE,C4,D4,28103,43,"[52, 48, 15, 43, 76, 24]",5,4,[15],[],True,True,False,False,True,False,False
v1__scene_lift_and_relocate_v05__L2__C4_D4__r04_s28104,scene_lift_and_relocate_v05,LIFT_AND_RELOCATE,C4,D4,28104,43,"[52, 48, 15, 43, 76, 24]",5,4,[15],[],True,True,False,False,True,False,False
v1__scene_lift_and_relocate_v05__L2__C4_D4__r05_s28105,scene_lift_and_relocate_v05,LIFT_AND_RELOCATE,C4,D4,28105,43,"[52, 48, 15, 43, 76, 24]",5,4,[15],[],True,True,False,False,True,False,False
v1__scene_lift_and_relocate_v05__L2__C4_D8__r01_s28101,scene_lift_and_relocate_v05,LIFT_AND_RELOCATE,C4,D8,28101,43,"[52, 48, 15, 43, 76, 24]",5,4,[15],[],True,True,False,False,True,False,False
v1__scene_lift_and_relocate_v05__L2__C4_D8__r02_s28102,scene_lift_and_relocate_v05,LIFT_AND_RELOCATE,C4,D8,28102,43,"[52, 48, 15, 43, 76, 24]",5,4,[15],[],True,True,False,False,True,False,False
v1__scene_lift_and_relocate_v05__L2__C4_D8__r03_s28103,scene_lift_and_relocate_v05,LIFT_AND_RELOCATE,C4,D8,28103,43,"[52, 48, 15, 43, 76, 24]",5,4,[15],[],True,True,False,False,True,False,False
v1__scene_lift_and_relocate_v05__L2__C4_D8__r04_s28104,scene_lift_and_relocate_v05,LIFT_AND_RELOCATE,C4,D8,28104,43,"[52, 48, 15, 43, 76, 24]",5,4,[15],[],True,True,False,False,True,False,False
v1__scene_lift_and_relocate_v05__L2__C4_D8__r05_s28105,scene_lift_and_relocate_v05,LIFT_AND_RELOCATE,C4,D8,28105,43,"[52, 48, 15, 43, 76, 24]",5,4,[15],[],True,True,False,False,True,False,False
v1__scene_lift_and_relocate_v05__L2__C5_D4__r01_s28101,scene_lift_and_relocate_v05,LIFT_AND_RELOCATE,C5,D4,28101,43,"[52, 48, 15, 43, 76, 24]",5,4,[15],[],True,True,False,False,True,False,False
v1__scene_lift_and_relocate_v05__L2__C5_D4__r02_s28102,scene_lift_and_relocate_v05,LIFT_AND_RELOCATE,C5,D4,28102,43,"[52, 48, 15, 43, 76, 24]",5,4,[15],[],True,True,False,False,True,False,False
v1__scene_lift_and_relocate_v05__L2__C5_D4__r03_s28103,scene_lift_and_relocate_v05,LIFT_AND_RELOCATE,C5,D4,28103,43,"[52, 48, 15, 43, 76, 24]",5,4,[15],[],True,True,False,False,True,False,False
v1__scene_lift_and_relocate_v05__L2__C5_D4__r04_s28104,scene_lift_and_relocate_v05,LIFT_AND_RELOCATE,C5,D4,28104,43,"[52, 48, 15, 43, 76, 24]",5,4,[15],[],True,True,False,False,True,False,False
v1__scene_lift_and_relocate_v05__L2__C5_D4__r05_s28105,scene_lift_and_relocate_v05,LIFT_AND_RELOCATE,C5,D4,28105,43,"[52, 48, 15, 43, 76, 24]",5,4,[15],[],True,True,False,False,True,False,False
v1__scene_lift_and_relocate_v05__L2__C5_D8__r01_s28101,scene_lift_and_relocate_v05,LIFT_AND_RELOCATE,C5,D8,28101,43,"[52, 48, 15, 43, 76, 24]",5,4,[15],[],True,True,False,False,True,False,False
v1__scene_lift_and_relocate_v05__L2__C5_D8__r02_s28102,scene_lift_and_relocate_v05,LIFT_AND_RELOCATE,C5,D8,28102,43,"[52, 48, 15, 43, 76, 24]",5,4,[15],[],True,True,False,False,True,False,False
v1__scene_lift_and_relocate_v05__L2__C5_D8__r03_s28103,scene_lift_and_relocate_v05,LIFT_AND_RELOCATE,C5,D8,28103,43,"[52, 48, 15, 43, 76, 24]",5,4,[15],[],True,True,False,False,True,False,False
v1__scene_lift_and_relocate_v05__L2__C5_D8__r04_s28104,scene_lift_and_relocate_v05,LIFT_AND_RELOCATE,C5,D8,28104,43,"[52, 48, 15, 43, 76, 24]",5,4,[15],[],True,True,False,False,True,False,False
v1__scene_lift_and_relocate_v05__L2__C5_D8__r05_s28105,scene_lift_and_relocate_v05,LIFT_AND_RELOCATE,C5,D8,28105,43,"[52, 48, 15, 43, 76, 24]",5,4,[15],[],True,True,False,False,True,False,False
v1__scene_lift_and_relocate_v05__L2__C6_D4__r01_s28101,scene_lift_and_relocate_v05,LIFT_AND_RELOCATE,C6,D4,28101,43,"[52, 48, 15, 43, 76, 24]",5,4,[15],[],True,True,False,False,True,False,False
v1__scene_lift_and_relocate_v05__L2__C6_D4__r02_s28102,scene_lift_and_relocate_v05,LIFT_AND_RELOCATE,C6,D4,28102,43,"[52, 48, 15, 43, 76, 24]",5,4,[15],[],True,True,False,False,True,False,False
v1__scene_lift_and_relocate_v05__L2__C6_D4__r03_s28103,scene_lift_and_relocate_v05,LIFT_AND_RELOCATE,C6,D4,28103,43,"[52, 48, 15, 43, 76, 24]",5,4,[15],[],True,True,False,False,True,False,False
v1__scene_lift_and_relocate_v05__L2__C6_D4__r04_s28104,scene_lift_and_relocate_v05,LIFT_AND_RELOCATE,C6,D4,28104,43,"[52, 48, 15, 43, 76, 24]",5,4,[15],[],True,True,False,False,True,False,False
v1__scene_lift_and_relocate_v05__L2__C6_D4__r05_s28105,scene_lift_and_relocate_v05,LIFT_AND_RELOCATE,C6,D4,28105,43,"[52, 48, 15, 43, 76, 24]",5,4,[15],[],True,True,False,False,True,False,False
v1__scene_lift_and_relocate_v05__L2__C6_D8__r01_s28101,scene_lift_and_relocate_v05,LIFT_AND_RELOCATE,C6,D8,28101,43,"[52, 48, 15, 43, 76, 24]",5,4,[15],[],True,True,False,False,True,False,False
v1__scene_lift_and_relocate_v05__L2__C6_D8__r02_s28102,scene_lift_and_relocate_v05,LIFT_AND_RELOCATE,C6,D8,28102,43,"[52, 48, 15, 43, 76, 24]",5,4,[15],[],True,True,False,False,True,False,False
v1__scene_lift_and_relocate_v05__L2__C6_D8__r03_s28103,scene_lift_and_relocate_v05,LIFT_AND_RELOCATE,C6,D8,28103,43,"[52, 48, 15, 43, 76, 24]",5,4,[15],[],True,True,False,False,True,False,False
v1__scene_lift_and_relocate_v05__L2__C6_D8__r04_s28104,scene_lift_and_relocate_v05,LIFT_AND_RELOCATE,C6,D8,28104,43,"[52, 48, 15, 43, 76, 24]",5,4,[15],[],True,True,False,False,True,False,False
v1__scene_lift_and_relocate_v05__L2__C6_D8__r05_s28105,scene_lift_and_relocate_v05,LIFT_AND_RELOCATE,C6,D8,28105,43,"[52, 48, 15, 43, 76, 24]",5,4,[15],[],True,True,False,False,True,False,False
v1__scene_rotate_v01__L2__C0_NA__r01_s28101,scene_rotate_v01,ROTATE,C0,,28101,12,"[88, 41, 54, 12, 95]",4,3,[95],[],True,True,False,False,True,False,False
v1__scene_rotate_v01__L2__C0_NA__r02_s28102,scene_rotate_v01,ROTATE,C0,,28102,12,"[88, 41, 54, 12, 95]",4,3,[95],[],True,True,False,False,True,False,False
v1__scene_rotate_v01__L2__C0_NA__r03_s28103,scene_rotate_v01,ROTATE,C0,,28103,12,"[88, 41, 54, 12, 95]",4,3,[95],[],True,True,False,False,True,False,False
v1__scene_rotate_v01__L2__C0_NA__r04_s28104,scene_rotate_v01,ROTATE,C0,,28104,12,"[88, 41, 54, 12, 95]",4,3,[95],[],True,True,False,False,True,False,False
v1__scene_rotate_v01__L2__C0_NA__r05_s28105,scene_rotate_v01,ROTATE,C0,,28105,12,"[88, 41, 54, 12, 95]",4,4,[95],[95],True,True,True,True,True,True,True
v1__scene_rotate_v01__L2__C1_NA__r01_s28101,scene_rotate_v01,ROTATE,C1,,28101,12,"[88, 41, 54, 12, 95]",4,3,[95],[],True,True,False,False,True,False,False
v1__scene_rotate_v01__L2__C1_NA__r02_s28102,scene_rotate_v01,ROTATE,C1,,28102,12,"[88, 41, 54, 12, 95]",4,3,[95],[],True,True,False,False,True,False,False
v1__scene_rotate_v01__L2__C1_NA__r03_s28103,scene_rotate_v01,ROTATE,C1,,28103,12,"[88, 41, 54, 12, 95]",4,3,[95],[],True,True,False,False,True,False,False
v1__scene_rotate_v01__L2__C1_NA__r04_s28104,scene_rotate_v01,ROTATE,C1,,28104,12,"[88, 41, 54, 12, 95]",4,3,[95],[],True,True,False,False,True,False,False
v1__scene_rotate_v01__L2__C1_NA__r05_s28105,scene_rotate_v01,ROTATE,C1,,28105,12,"[88, 41, 54, 12, 95]",4,3,[95],[],True,True,False,False,True,False,False
v1__scene_rotate_v01__L2__C2_D4__r01_s28101,scene_rotate_v01,ROTATE,C2,D4,28101,12,"[88, 41, 54, 12, 95]",4,3,[95],[],True,True,False,False,True,False,False
v1__scene_rotate_v01__L2__C2_D4__r02_s28102,scene_rotate_v01,ROTATE,C2,D4,28102,12,"[88, 41, 54, 12, 95]",4,3,[95],[],True,True,False,False,True,False,False
v1__scene_rotate_v01__L2__C2_D4__r03_s28103,scene_rotate_v01,ROTATE,C2,D4,28103,12,"[88, 41, 54, 12, 95]",4,3,[95],[],True,True,False,False,True,False,False
v1__scene_rotate_v01__L2__C2_D4__r04_s28104,scene_rotate_v01,ROTATE,C2,D4,28104,12,"[88, 41, 54, 12, 95]",4,3,[95],[],True,True,False,False,True,False,False
v1__scene_rotate_v01__L2__C2_D4__r05_s28105,scene_rotate_v01,ROTATE,C2,D4,28105,12,"[88, 41, 54, 12, 95]",4,3,[95],[],True,True,False,False,True,False,False
v1__scene_rotate_v01__L2__C2_D8__r01_s28101,scene_rotate_v01,ROTATE,C2,D8,28101,12,"[88, 41, 54, 12, 95]",4,3,[95],[],True,True,False,False,True,False,False
v1__scene_rotate_v01__L2__C2_D8__r02_s28102,scene_rotate_v01,ROTATE,C2,D8,28102,12,"[88, 41, 54, 12, 95]",4,3,[95],[],True,True,False,False,True,False,False
v1__scene_rotate_v01__L2__C2_D8__r03_s28103,scene_rotate_v01,ROTATE,C2,D8,28103,12,"[88, 41, 54, 12, 95]",4,3,[95],[],True,True,False,False,True,False,False
v1__scene_rotate_v01__L2__C2_D8__r04_s28104,scene_rotate_v01,ROTATE,C2,D8,28104,12,"[88, 41, 54, 12, 95]",4,3,[95],[],True,True,False,False,True,False,False
v1__scene_rotate_v01__L2__C2_D8__r05_s28105,scene_rotate_v01,ROTATE,C2,D8,28105,12,"[88, 41, 54, 12, 95]",4,3,[95],[],True,True,False,False,True,False,False
v1__scene_rotate_v01__L2__C3_D4__r01_s28101,scene_rotate_v01,ROTATE,C3,D4,28101,12,"[88, 41, 54, 12, 95]",4,3,[95],[],True,True,False,False,True,False,False
v1__scene_rotate_v01__L2__C3_D4__r02_s28102,scene_rotate_v01,ROTATE,C3,D4,28102,12,"[88, 41, 54, 12, 95]",4,3,[95],[],True,True,False,False,True,False,False
v1__scene_rotate_v01__L2__C3_D4__r03_s28103,scene_rotate_v01,ROTATE,C3,D4,28103,12,"[88, 41, 54, 12, 95]",4,3,[95],[],True,True,False,False,True,False,False
v1__scene_rotate_v01__L2__C3_D4__r04_s28104,scene_rotate_v01,ROTATE,C3,D4,28104,12,"[88, 41, 54, 12, 95]",4,3,[95],[],True,True,False,False,True,False,False
v1__scene_rotate_v01__L2__C3_D4__r05_s28105,scene_rotate_v01,ROTATE,C3,D4,28105,12,"[88, 41, 54, 12, 95]",4,3,[95],[],True,True,False,False,True,False,False
v1__scene_rotate_v01__L2__C3_D8__r01_s28101,scene_rotate_v01,ROTATE,C3,D8,28101,12,"[88, 41, 54, 12, 95]",4,4,[95],[95],True,True,True,True,True,True,True
v1__scene_rotate_v01__L2__C3_D8__r02_s28102,scene_rotate_v01,ROTATE,C3,D8,28102,12,"[88, 41, 54, 12, 95]",4,4,[95],[95],True,True,True,True,True,True,True
v1__scene_rotate_v01__L2__C3_D8__r03_s28103,scene_rotate_v01,ROTATE,C3,D8,28103,12,"[88, 41, 54, 12, 95]",4,4,[95],[95],True,True,True,True,True,True,True
v1__scene_rotate_v01__L2__C3_D8__r04_s28104,scene_rotate_v01,ROTATE,C3,D8,28104,12,"[88, 41, 54, 12, 95]",4,4,[95],[95],True,True,True,True,True,True,True
v1__scene_rotate_v01__L2__C3_D8__r05_s28105,scene_rotate_v01,ROTATE,C3,D8,28105,12,"[88, 41, 54, 12, 95]",4,4,[95],[95],True,True,True,True,True,True,True
v1__scene_rotate_v01__L2__C4_D4__r01_s28101,scene_rotate_v01,ROTATE,C4,D4,28101,12,"[88, 41, 54, 12, 95]",4,4,[95],[95],True,True,True,True,True,True,True
v1__scene_rotate_v01__L2__C4_D4__r02_s28102,scene_rotate_v01,ROTATE,C4,D4,28102,12,"[88, 41, 54, 12, 95]",4,3,[95],[],True,True,False,False,True,False,False
v1__scene_rotate_v01__L2__C4_D4__r03_s28103,scene_rotate_v01,ROTATE,C4,D4,28103,12,"[88, 41, 54, 12, 95]",4,3,[95],[],True,True,False,False,True,False,False
v1__scene_rotate_v01__L2__C4_D4__r04_s28104,scene_rotate_v01,ROTATE,C4,D4,28104,12,"[88, 41, 54, 12, 95]",4,3,[95],[],True,True,False,False,True,False,False
v1__scene_rotate_v01__L2__C4_D4__r05_s28105,scene_rotate_v01,ROTATE,C4,D4,28105,12,"[88, 41, 54, 12, 95]",4,4,[95],[95],True,True,True,True,True,True,True
v1__scene_rotate_v01__L2__C4_D8__r01_s28101,scene_rotate_v01,ROTATE,C4,D8,28101,12,"[88, 41, 54, 12, 95]",4,4,[95],[95],True,True,True,True,True,True,True
v1__scene_rotate_v01__L2__C4_D8__r02_s28102,scene_rotate_v01,ROTATE,C4,D8,28102,12,"[88, 41, 54, 12, 95]",4,3,[95],[],True,True,False,False,True,False,False
v1__scene_rotate_v01__L2__C4_D8__r03_s28103,scene_rotate_v01,ROTATE,C4,D8,28103,12,"[88, 41, 54, 12, 95]",4,3,[95],[],True,True,False,False,True,False,False
v1__scene_rotate_v01__L2__C4_D8__r04_s28104,scene_rotate_v01,ROTATE,C4,D8,28104,12,"[88, 41, 54, 12, 95]",4,3,[95],[],True,True,False,False,True,False,False
v1__scene_rotate_v01__L2__C4_D8__r05_s28105,scene_rotate_v01,ROTATE,C4,D8,28105,12,"[88, 41, 54, 12, 95]",4,3,[95],[],True,True,False,False,True,False,False
v1__scene_rotate_v01__L2__C5_D4__r01_s28101,scene_rotate_v01,ROTATE,C5,D4,28101,12,"[88, 41, 54, 12, 95]",4,4,[95],[95],True,True,True,True,True,True,True
v1__scene_rotate_v01__L2__C5_D4__r02_s28102,scene_rotate_v01,ROTATE,C5,D4,28102,12,"[88, 41, 54, 12, 95]",4,3,[95],[],True,True,False,False,True,False,False
v1__scene_rotate_v01__L2__C5_D4__r03_s28103,scene_rotate_v01,ROTATE,C5,D4,28103,12,"[88, 41, 54, 12, 95]",4,3,[95],[],True,True,False,False,True,False,False
v1__scene_rotate_v01__L2__C5_D4__r04_s28104,scene_rotate_v01,ROTATE,C5,D4,28104,12,"[88, 41, 54, 12, 95]",4,3,[95],[],True,True,False,False,True,False,False
v1__scene_rotate_v01__L2__C5_D4__r05_s28105,scene_rotate_v01,ROTATE,C5,D4,28105,12,"[88, 41, 54, 12, 95]",4,4,[95],[95],True,True,True,True,True,True,True
v1__scene_rotate_v01__L2__C5_D8__r01_s28101,scene_rotate_v01,ROTATE,C5,D8,28101,12,"[88, 41, 54, 12, 95]",4,4,[95],[95],True,True,True,True,True,True,True
v1__scene_rotate_v01__L2__C5_D8__r02_s28102,scene_rotate_v01,ROTATE,C5,D8,28102,12,"[88, 41, 54, 12, 95]",4,3,[95],[],True,True,False,False,True,False,False
v1__scene_rotate_v01__L2__C5_D8__r03_s28103,scene_rotate_v01,ROTATE,C5,D8,28103,12,"[88, 41, 54, 12, 95]",4,3,[95],[],True,True,False,False,True,False,False
v1__scene_rotate_v01__L2__C5_D8__r04_s28104,scene_rotate_v01,ROTATE,C5,D8,28104,12,"[88, 41, 54, 12, 95]",4,3,[95],[],True,True,False,False,True,False,False
v1__scene_rotate_v01__L2__C5_D8__r05_s28105,scene_rotate_v01,ROTATE,C5,D8,28105,12,"[88, 41, 54, 12, 95]",4,4,[95],[95],True,True,True,True,True,True,True
v1__scene_rotate_v01__L2__C6_D4__r01_s28101,scene_rotate_v01,ROTATE,C6,D4,28101,12,"[88, 41, 54, 12, 95]",4,4,[95],[95],True,True,True,True,True,True,True
v1__scene_rotate_v01__L2__C6_D4__r02_s28102,scene_rotate_v01,ROTATE,C6,D4,28102,12,"[88, 41, 54, 12, 95]",4,4,[95],[95],True,True,True,True,True,True,True
v1__scene_rotate_v01__L2__C6_D4__r03_s28103,scene_rotate_v01,ROTATE,C6,D4,28103,12,"[88, 41, 54, 12, 95]",4,3,[95],[],True,True,False,False,True,False,False
v1__scene_rotate_v01__L2__C6_D4__r04_s28104,scene_rotate_v01,ROTATE,C6,D4,28104,12,"[88, 41, 54, 12, 95]",4,4,[95],[95],True,True,True,True,True,True,True
v1__scene_rotate_v01__L2__C6_D4__r05_s28105,scene_rotate_v01,ROTATE,C6,D4,28105,12,"[88, 41, 54, 12, 95]",4,4,[95],[95],True,True,True,True,True,True,True
v1__scene_rotate_v01__L2__C6_D8__r01_s28101,scene_rotate_v01,ROTATE,C6,D8,28101,12,"[88, 41, 54, 12, 95]",4,4,[95],[95],True,True,True,True,True,True,True
v1__scene_rotate_v01__L2__C6_D8__r02_s28102,scene_rotate_v01,ROTATE,C6,D8,28102,12,"[88, 41, 54, 12, 95]",4,3,[95],[],True,True,False,False,True,False,False
v1__scene_rotate_v01__L2__C6_D8__r03_s28103,scene_rotate_v01,ROTATE,C6,D8,28103,12,"[88, 41, 54, 12, 95]",4,3,[95],[],True,True,False,False,True,False,False
v1__scene_rotate_v01__L2__C6_D8__r04_s28104,scene_rotate_v01,ROTATE,C6,D8,28104,12,"[88, 41, 54, 12, 95]",4,3,[95],[],True,True,False,False,True,False,False
v1__scene_rotate_v01__L2__C6_D8__r05_s28105,scene_rotate_v01,ROTATE,C6,D8,28105,12,"[88, 41, 54, 12, 95]",4,4,[95],[95],True,True,True,True,True,True,True
v1__scene_rotate_v02__L2__C0_NA__r01_s28101,scene_rotate_v02,ROTATE,C0,,28101,38,"[50, 38, 29, 44, 74]",4,4,[50],[50],True,True,True,True,True,True,True
v1__scene_rotate_v02__L2__C0_NA__r02_s28102,scene_rotate_v02,ROTATE,C0,,28102,38,"[50, 38, 29, 44, 74]",4,4,[50],[50],True,True,True,True,True,True,True
v1__scene_rotate_v02__L2__C0_NA__r03_s28103,scene_rotate_v02,ROTATE,C0,,28103,38,"[50, 38, 29, 44, 74]",4,4,[50],[50],True,True,True,True,True,True,True
v1__scene_rotate_v02__L2__C0_NA__r04_s28104,scene_rotate_v02,ROTATE,C0,,28104,38,"[50, 38, 29, 44, 74]",4,4,[50],[50],True,True,True,True,True,True,True
v1__scene_rotate_v02__L2__C0_NA__r05_s28105,scene_rotate_v02,ROTATE,C0,,28105,38,"[50, 38, 29, 44, 74]",4,4,[50],[50],True,True,True,True,True,True,True
v1__scene_rotate_v02__L2__C1_NA__r01_s28101,scene_rotate_v02,ROTATE,C1,,28101,38,"[50, 38, 29, 44, 74]",4,4,[50],[50],True,True,True,True,True,True,True
v1__scene_rotate_v02__L2__C1_NA__r02_s28102,scene_rotate_v02,ROTATE,C1,,28102,38,"[50, 38, 29, 44, 74]",4,4,[50],[50],True,True,True,True,True,True,True
v1__scene_rotate_v02__L2__C1_NA__r03_s28103,scene_rotate_v02,ROTATE,C1,,28103,38,"[50, 38, 29, 44, 74]",4,4,[50],[50],True,True,True,True,True,True,True
v1__scene_rotate_v02__L2__C1_NA__r04_s28104,scene_rotate_v02,ROTATE,C1,,28104,38,"[50, 38, 29, 44, 74]",4,4,[50],[50],True,True,True,True,True,True,True
v1__scene_rotate_v02__L2__C1_NA__r05_s28105,scene_rotate_v02,ROTATE,C1,,28105,38,"[50, 38, 29, 44, 74]",4,4,[50],[50],True,True,True,True,True,True,True
v1__scene_rotate_v02__L2__C2_D4__r01_s28101,scene_rotate_v02,ROTATE,C2,D4,28101,38,"[50, 38, 29, 44, 74]",4,4,[50],[50],True,True,True,True,True,True,True
v1__scene_rotate_v02__L2__C2_D4__r02_s28102,scene_rotate_v02,ROTATE,C2,D4,28102,38,"[50, 38, 29, 44, 74]",4,4,[50],[50],True,True,True,True,True,True,True
v1__scene_rotate_v02__L2__C2_D4__r03_s28103,scene_rotate_v02,ROTATE,C2,D4,28103,38,"[50, 38, 29, 44, 74]",4,4,[50],[50],True,True,True,True,True,True,True
v1__scene_rotate_v02__L2__C2_D4__r04_s28104,scene_rotate_v02,ROTATE,C2,D4,28104,38,"[50, 38, 29, 44, 74]",4,4,[50],[50],True,True,True,True,True,True,True
v1__scene_rotate_v02__L2__C2_D4__r05_s28105,scene_rotate_v02,ROTATE,C2,D4,28105,38,"[50, 38, 29, 44, 74]",4,4,[50],[50],True,True,True,True,True,True,True
v1__scene_rotate_v02__L2__C2_D8__r01_s28101,scene_rotate_v02,ROTATE,C2,D8,28101,38,"[50, 38, 29, 44, 74]",4,4,[50],[50],True,True,True,True,True,True,True
v1__scene_rotate_v02__L2__C2_D8__r02_s28102,scene_rotate_v02,ROTATE,C2,D8,28102,38,"[50, 38, 29, 44, 74]",4,4,[50],[50],True,True,True,True,True,True,True
v1__scene_rotate_v02__L2__C2_D8__r03_s28103,scene_rotate_v02,ROTATE,C2,D8,28103,38,"[50, 38, 29, 44, 74]",4,4,[50],[50],True,True,True,True,True,True,True
v1__scene_rotate_v02__L2__C2_D8__r04_s28104,scene_rotate_v02,ROTATE,C2,D8,28104,38,"[50, 38, 29, 44, 74]",4,4,[50],[50],True,True,True,True,True,True,True
v1__scene_rotate_v02__L2__C2_D8__r05_s28105,scene_rotate_v02,ROTATE,C2,D8,28105,38,"[50, 38, 29, 44, 74]",4,4,[50],[50],True,True,True,True,True,True,True
v1__scene_rotate_v02__L2__C3_D4__r01_s28101,scene_rotate_v02,ROTATE,C3,D4,28101,38,"[50, 38, 29, 44, 74]",4,4,[50],[50],True,True,True,True,True,True,True
v1__scene_rotate_v02__L2__C3_D4__r02_s28102,scene_rotate_v02,ROTATE,C3,D4,28102,38,"[50, 38, 29, 44, 74]",4,4,[50],[50],True,True,True,True,True,True,True
v1__scene_rotate_v02__L2__C3_D4__r03_s28103,scene_rotate_v02,ROTATE,C3,D4,28103,38,"[50, 38, 29, 44, 74]",4,2,[50],"[29, 44, 50]",True,True,False,False,True,True,True
v1__scene_rotate_v02__L2__C3_D4__r04_s28104,scene_rotate_v02,ROTATE,C3,D4,28104,38,"[50, 38, 29, 44, 74]",4,4,[50],[50],True,True,True,True,True,True,True
v1__scene_rotate_v02__L2__C3_D4__r05_s28105,scene_rotate_v02,ROTATE,C3,D4,28105,38,"[50, 38, 29, 44, 74]",4,4,[50],[50],True,True,True,True,True,True,True
v1__scene_rotate_v02__L2__C3_D8__r01_s28101,scene_rotate_v02,ROTATE,C3,D8,28101,38,"[50, 38, 29, 44, 74]",4,4,[50],[50],True,True,True,True,True,True,True
v1__scene_rotate_v02__L2__C3_D8__r02_s28102,scene_rotate_v02,ROTATE,C3,D8,28102,38,"[50, 38, 29, 44, 74]",4,4,[50],[50],True,True,True,True,True,True,True
v1__scene_rotate_v02__L2__C3_D8__r03_s28103,scene_rotate_v02,ROTATE,C3,D8,28103,38,"[50, 38, 29, 44, 74]",4,4,[50],[50],True,True,True,True,True,True,True
v1__scene_rotate_v02__L2__C3_D8__r04_s28104,scene_rotate_v02,ROTATE,C3,D8,28104,38,"[50, 38, 29, 44, 74]",4,4,[50],[50],True,True,True,True,True,True,True
v1__scene_rotate_v02__L2__C3_D8__r05_s28105,scene_rotate_v02,ROTATE,C3,D8,28105,38,"[50, 38, 29, 44, 74]",4,4,[50],[50],True,True,True,True,True,True,True
v1__scene_rotate_v02__L2__C4_D4__r01_s28101,scene_rotate_v02,ROTATE,C4,D4,28101,38,"[50, 38, 29, 44, 74]",4,4,[50],[50],True,True,True,True,True,True,True
v1__scene_rotate_v02__L2__C4_D4__r02_s28102,scene_rotate_v02,ROTATE,C4,D4,28102,38,"[50, 38, 29, 44, 74]",4,4,[50],[50],True,True,True,True,True,True,True
v1__scene_rotate_v02__L2__C4_D4__r03_s28103,scene_rotate_v02,ROTATE,C4,D4,28103,38,"[50, 38, 29, 44, 74]",4,3,[50],"[29, 50]",True,True,False,False,True,True,True
v1__scene_rotate_v02__L2__C4_D4__r04_s28104,scene_rotate_v02,ROTATE,C4,D4,28104,38,"[50, 38, 29, 44, 74]",4,4,[50],[50],True,True,True,True,True,True,True
v1__scene_rotate_v02__L2__C4_D4__r05_s28105,scene_rotate_v02,ROTATE,C4,D4,28105,38,"[50, 38, 29, 44, 74]",4,4,[50],[50],True,True,True,True,True,True,True
v1__scene_rotate_v02__L2__C4_D8__r01_s28101,scene_rotate_v02,ROTATE,C4,D8,28101,38,"[50, 38, 29, 44, 74]",4,4,[50],[50],True,True,True,True,True,True,True
v1__scene_rotate_v02__L2__C4_D8__r02_s28102,scene_rotate_v02,ROTATE,C4,D8,28102,38,"[50, 38, 29, 44, 74]",4,4,[50],[50],True,True,True,True,True,True,True
v1__scene_rotate_v02__L2__C4_D8__r03_s28103,scene_rotate_v02,ROTATE,C4,D8,28103,38,"[50, 38, 29, 44, 74]",4,4,[50],[50],True,True,True,True,True,True,True
v1__scene_rotate_v02__L2__C4_D8__r04_s28104,scene_rotate_v02,ROTATE,C4,D8,28104,38,"[50, 38, 29, 44, 74]",4,4,[50],[50],True,True,True,True,True,True,True
v1__scene_rotate_v02__L2__C4_D8__r05_s28105,scene_rotate_v02,ROTATE,C4,D8,28105,38,"[50, 38, 29, 44, 74]",4,4,[50],[50],True,True,True,True,True,True,True
v1__scene_rotate_v02__L2__C5_D4__r01_s28101,scene_rotate_v02,ROTATE,C5,D4,28101,38,"[50, 38, 29, 44, 74]",4,4,[50],[50],True,True,True,True,True,True,True
v1__scene_rotate_v02__L2__C5_D4__r02_s28102,scene_rotate_v02,ROTATE,C5,D4,28102,38,"[50, 38, 29, 44, 74]",4,4,[50],[50],True,True,True,True,True,True,True
v1__scene_rotate_v02__L2__C5_D4__r03_s28103,scene_rotate_v02,ROTATE,C5,D4,28103,38,"[50, 38, 29, 44, 74]",4,4,[50],[50],True,True,True,True,True,True,True
v1__scene_rotate_v02__L2__C5_D4__r04_s28104,scene_rotate_v02,ROTATE,C5,D4,28104,38,"[50, 38, 29, 44, 74]",4,4,[50],[50],True,True,True,True,True,True,True
v1__scene_rotate_v02__L2__C5_D4__r05_s28105,scene_rotate_v02,ROTATE,C5,D4,28105,38,"[50, 38, 29, 44, 74]",4,4,[50],[50],True,True,True,True,True,True,True
v1__scene_rotate_v02__L2__C5_D8__r01_s28101,scene_rotate_v02,ROTATE,C5,D8,28101,38,"[50, 38, 29, 44, 74]",4,4,[50],[50],True,True,True,True,True,True,True
v1__scene_rotate_v02__L2__C5_D8__r02_s28102,scene_rotate_v02,ROTATE,C5,D8,28102,38,"[50, 38, 29, 44, 74]",4,4,[50],[50],True,True,True,True,True,True,True
v1__scene_rotate_v02__L2__C5_D8__r03_s28103,scene_rotate_v02,ROTATE,C5,D8,28103,38,"[50, 38, 29, 44, 74]",4,4,[50],[50],True,True,True,True,True,True,True
v1__scene_rotate_v02__L2__C5_D8__r04_s28104,scene_rotate_v02,ROTATE,C5,D8,28104,38,"[50, 38, 29, 44, 74]",4,4,[50],[50],True,True,True,True,True,True,True
v1__scene_rotate_v02__L2__C5_D8__r05_s28105,scene_rotate_v02,ROTATE,C5,D8,28105,38,"[50, 38, 29, 44, 74]",4,4,[50],[50],True,True,True,True,True,True,True
v1__scene_rotate_v02__L2__C6_D4__r01_s28101,scene_rotate_v02,ROTATE,C6,D4,28101,38,"[50, 38, 29, 44, 74]",4,4,[50],[50],True,True,True,True,True,True,True
v1__scene_rotate_v02__L2__C6_D4__r02_s28102,scene_rotate_v02,ROTATE,C6,D4,28102,38,"[50, 38, 29, 44, 74]",4,4,[50],[50],True,True,True,True,True,True,True
v1__scene_rotate_v02__L2__C6_D4__r03_s28103,scene_rotate_v02,ROTATE,C6,D4,28103,38,"[50, 38, 29, 44, 74]",4,4,[50],[50],True,True,True,True,True,True,True
v1__scene_rotate_v02__L2__C6_D4__r04_s28104,scene_rotate_v02,ROTATE,C6,D4,28104,38,"[50, 38, 29, 44, 74]",4,4,[50],[50],True,True,True,True,True,True,True
v1__scene_rotate_v02__L2__C6_D4__r05_s28105,scene_rotate_v02,ROTATE,C6,D4,28105,38,"[50, 38, 29, 44, 74]",4,4,[50],[50],True,True,True,True,True,True,True
v1__scene_rotate_v02__L2__C6_D8__r01_s28101,scene_rotate_v02,ROTATE,C6,D8,28101,38,"[50, 38, 29, 44, 74]",4,4,[50],[50],True,True,True,True,True,True,True
v1__scene_rotate_v02__L2__C6_D8__r02_s28102,scene_rotate_v02,ROTATE,C6,D8,28102,38,"[50, 38, 29, 44, 74]",4,4,[50],[50],True,True,True,True,True,True,True
v1__scene_rotate_v02__L2__C6_D8__r03_s28103,scene_rotate_v02,ROTATE,C6,D8,28103,38,"[50, 38, 29, 44, 74]",4,4,[50],[50],True,True,True,True,True,True,True
v1__scene_rotate_v02__L2__C6_D8__r04_s28104,scene_rotate_v02,ROTATE,C6,D8,28104,38,"[50, 38, 29, 44, 74]",4,4,[50],[50],True,True,True,True,True,True,True
v1__scene_rotate_v02__L2__C6_D8__r05_s28105,scene_rotate_v02,ROTATE,C6,D8,28105,38,"[50, 38, 29, 44, 74]",4,4,[50],[50],True,True,True,True,True,True,True
v1__scene_rotate_v03__L2__C0_NA__r01_s28101,scene_rotate_v03,ROTATE,C0,,28101,83,"[41, 11, 23, 83, 19]",4,3,[19],[],True,True,False,False,True,False,False
v1__scene_rotate_v03__L2__C0_NA__r02_s28102,scene_rotate_v03,ROTATE,C0,,28102,83,"[41, 11, 23, 83, 19]",4,3,[19],[],True,True,False,False,True,False,False
v1__scene_rotate_v03__L2__C0_NA__r03_s28103,scene_rotate_v03,ROTATE,C0,,28103,83,"[41, 11, 23, 83, 19]",4,3,[19],[],True,True,False,False,True,False,False
v1__scene_rotate_v03__L2__C0_NA__r04_s28104,scene_rotate_v03,ROTATE,C0,,28104,83,"[41, 11, 23, 83, 19]",4,3,[19],[],True,True,False,False,True,False,False
v1__scene_rotate_v03__L2__C0_NA__r05_s28105,scene_rotate_v03,ROTATE,C0,,28105,83,"[41, 11, 23, 83, 19]",4,3,[19],[],True,True,False,False,True,False,False
v1__scene_rotate_v03__L2__C1_NA__r01_s28101,scene_rotate_v03,ROTATE,C1,,28101,83,"[41, 11, 23, 83, 19]",4,3,[19],[],True,True,False,False,True,False,False
v1__scene_rotate_v03__L2__C1_NA__r02_s28102,scene_rotate_v03,ROTATE,C1,,28102,83,"[41, 11, 23, 83, 19]",4,3,[19],[],True,True,False,False,True,False,False
v1__scene_rotate_v03__L2__C1_NA__r03_s28103,scene_rotate_v03,ROTATE,C1,,28103,83,"[41, 11, 23, 83, 19]",4,3,[19],[],True,True,False,False,True,False,False
v1__scene_rotate_v03__L2__C1_NA__r04_s28104,scene_rotate_v03,ROTATE,C1,,28104,83,"[41, 11, 23, 83, 19]",4,3,[19],[],True,True,False,False,True,False,False
v1__scene_rotate_v03__L2__C1_NA__r05_s28105,scene_rotate_v03,ROTATE,C1,,28105,83,"[41, 11, 23, 83, 19]",4,3,[19],[],True,True,False,False,True,False,False
v1__scene_rotate_v03__L2__C2_D4__r01_s28101,scene_rotate_v03,ROTATE,C2,D4,28101,83,"[41, 11, 23, 83, 19]",4,3,[19],[],True,True,False,False,True,False,False
v1__scene_rotate_v03__L2__C2_D4__r02_s28102,scene_rotate_v03,ROTATE,C2,D4,28102,83,"[41, 11, 23, 83, 19]",4,3,[19],[],True,True,False,False,True,False,False
v1__scene_rotate_v03__L2__C2_D4__r03_s28103,scene_rotate_v03,ROTATE,C2,D4,28103,83,"[41, 11, 23, 83, 19]",4,3,[19],[],True,True,False,False,True,False,False
v1__scene_rotate_v03__L2__C2_D4__r04_s28104,scene_rotate_v03,ROTATE,C2,D4,28104,83,"[41, 11, 23, 83, 19]",4,3,[19],[],True,True,False,False,True,False,False
v1__scene_rotate_v03__L2__C2_D4__r05_s28105,scene_rotate_v03,ROTATE,C2,D4,28105,83,"[41, 11, 23, 83, 19]",4,3,[19],[],True,True,False,False,True,False,False
v1__scene_rotate_v03__L2__C2_D8__r01_s28101,scene_rotate_v03,ROTATE,C2,D8,28101,83,"[41, 11, 23, 83, 19]",4,3,[19],[],True,True,False,False,True,False,False
v1__scene_rotate_v03__L2__C2_D8__r02_s28102,scene_rotate_v03,ROTATE,C2,D8,28102,83,"[41, 11, 23, 83, 19]",4,3,[19],[],True,True,False,False,True,False,False
v1__scene_rotate_v03__L2__C2_D8__r03_s28103,scene_rotate_v03,ROTATE,C2,D8,28103,83,"[41, 11, 23, 83, 19]",4,3,[19],[],True,True,False,False,True,False,False
v1__scene_rotate_v03__L2__C2_D8__r04_s28104,scene_rotate_v03,ROTATE,C2,D8,28104,83,"[41, 11, 23, 83, 19]",4,3,[19],[],True,True,False,False,True,False,False
v1__scene_rotate_v03__L2__C2_D8__r05_s28105,scene_rotate_v03,ROTATE,C2,D8,28105,83,"[41, 11, 23, 83, 19]",4,3,[19],[],True,True,False,False,True,False,False
v1__scene_rotate_v03__L2__C3_D4__r01_s28101,scene_rotate_v03,ROTATE,C3,D4,28101,83,"[41, 11, 23, 83, 19]",4,3,[19],[],True,True,False,False,True,False,False
v1__scene_rotate_v03__L2__C3_D4__r02_s28102,scene_rotate_v03,ROTATE,C3,D4,28102,83,"[41, 11, 23, 83, 19]",4,3,[19],[],True,True,False,False,True,False,False
v1__scene_rotate_v03__L2__C3_D4__r03_s28103,scene_rotate_v03,ROTATE,C3,D4,28103,83,"[41, 11, 23, 83, 19]",4,3,[19],[],True,True,False,False,True,False,False
v1__scene_rotate_v03__L2__C3_D4__r04_s28104,scene_rotate_v03,ROTATE,C3,D4,28104,83,"[41, 11, 23, 83, 19]",4,3,[19],[],True,True,False,False,True,False,False
v1__scene_rotate_v03__L2__C3_D4__r05_s28105,scene_rotate_v03,ROTATE,C3,D4,28105,83,"[41, 11, 23, 83, 19]",4,3,[19],[],True,True,False,False,True,False,False
v1__scene_rotate_v03__L2__C3_D8__r01_s28101,scene_rotate_v03,ROTATE,C3,D8,28101,83,"[41, 11, 23, 83, 19]",4,3,[19],[],True,True,False,False,True,False,False
v1__scene_rotate_v03__L2__C3_D8__r02_s28102,scene_rotate_v03,ROTATE,C3,D8,28102,83,"[41, 11, 23, 83, 19]",4,3,[19],[],True,True,False,False,True,False,False
v1__scene_rotate_v03__L2__C3_D8__r03_s28103,scene_rotate_v03,ROTATE,C3,D8,28103,83,"[41, 11, 23, 83, 19]",4,3,[19],[],True,True,False,False,True,False,False
v1__scene_rotate_v03__L2__C3_D8__r04_s28104,scene_rotate_v03,ROTATE,C3,D8,28104,83,"[41, 11, 23, 83, 19]",4,3,[19],[],True,True,False,False,True,False,False
v1__scene_rotate_v03__L2__C3_D8__r05_s28105,scene_rotate_v03,ROTATE,C3,D8,28105,83,"[41, 11, 23, 83, 19]",4,3,[19],[],True,True,False,False,True,False,False
v1__scene_rotate_v03__L2__C4_D4__r01_s28101,scene_rotate_v03,ROTATE,C4,D4,28101,83,"[41, 11, 23, 83, 19]",4,4,[19],[19],True,True,True,True,True,True,True
v1__scene_rotate_v03__L2__C4_D4__r02_s28102,scene_rotate_v03,ROTATE,C4,D4,28102,83,"[41, 11, 23, 83, 19]",4,3,[19],[],True,True,False,False,True,False,False
v1__scene_rotate_v03__L2__C4_D4__r03_s28103,scene_rotate_v03,ROTATE,C4,D4,28103,83,"[41, 11, 23, 83, 19]",4,3,[19],[],True,True,False,False,True,False,False
v1__scene_rotate_v03__L2__C4_D4__r04_s28104,scene_rotate_v03,ROTATE,C4,D4,28104,83,"[41, 11, 23, 83, 19]",4,3,[19],[],True,True,False,False,True,False,False
v1__scene_rotate_v03__L2__C4_D4__r05_s28105,scene_rotate_v03,ROTATE,C4,D4,28105,83,"[41, 11, 23, 83, 19]",4,4,[19],[19],True,True,True,True,True,True,True
v1__scene_rotate_v03__L2__C4_D8__r01_s28101,scene_rotate_v03,ROTATE,C4,D8,28101,83,"[41, 11, 23, 83, 19]",4,3,[19],[],True,True,False,False,True,False,False
v1__scene_rotate_v03__L2__C4_D8__r02_s28102,scene_rotate_v03,ROTATE,C4,D8,28102,83,"[41, 11, 23, 83, 19]",4,3,[19],[],True,True,False,False,True,False,False
v1__scene_rotate_v03__L2__C4_D8__r03_s28103,scene_rotate_v03,ROTATE,C4,D8,28103,83,"[41, 11, 23, 83, 19]",4,3,[19],[],True,True,False,False,True,False,False
v1__scene_rotate_v03__L2__C4_D8__r04_s28104,scene_rotate_v03,ROTATE,C4,D8,28104,83,"[41, 11, 23, 83, 19]",4,3,[19],[],True,True,False,False,True,False,False
v1__scene_rotate_v03__L2__C4_D8__r05_s28105,scene_rotate_v03,ROTATE,C4,D8,28105,83,"[41, 11, 23, 83, 19]",4,4,[19],[19],True,True,True,True,True,True,True
v1__scene_rotate_v03__L2__C5_D4__r01_s28101,scene_rotate_v03,ROTATE,C5,D4,28101,83,"[41, 11, 23, 83, 19]",4,4,[19],[19],True,True,True,True,True,True,True
v1__scene_rotate_v03__L2__C5_D4__r02_s28102,scene_rotate_v03,ROTATE,C5,D4,28102,83,"[41, 11, 23, 83, 19]",4,3,[19],[],True,True,False,False,True,False,False
v1__scene_rotate_v03__L2__C5_D4__r03_s28103,scene_rotate_v03,ROTATE,C5,D4,28103,83,"[41, 11, 23, 83, 19]",4,3,[19],[],True,True,False,False,True,False,False
v1__scene_rotate_v03__L2__C5_D4__r04_s28104,scene_rotate_v03,ROTATE,C5,D4,28104,83,"[41, 11, 23, 83, 19]",4,3,[19],[],True,True,False,False,True,False,False
v1__scene_rotate_v03__L2__C5_D4__r05_s28105,scene_rotate_v03,ROTATE,C5,D4,28105,83,"[41, 11, 23, 83, 19]",4,3,[19],[],True,True,False,False,True,False,False
v1__scene_rotate_v03__L2__C5_D8__r01_s28101,scene_rotate_v03,ROTATE,C5,D8,28101,83,"[41, 11, 23, 83, 19]",4,4,[19],[19],True,True,True,True,True,True,True
v1__scene_rotate_v03__L2__C5_D8__r02_s28102,scene_rotate_v03,ROTATE,C5,D8,28102,83,"[41, 11, 23, 83, 19]",4,3,[19],[],True,True,False,False,True,False,False
v1__scene_rotate_v03__L2__C5_D8__r03_s28103,scene_rotate_v03,ROTATE,C5,D8,28103,83,"[41, 11, 23, 83, 19]",4,3,[19],[],True,True,False,False,True,False,False
v1__scene_rotate_v03__L2__C5_D8__r04_s28104,scene_rotate_v03,ROTATE,C5,D8,28104,83,"[41, 11, 23, 83, 19]",4,3,[19],[],True,True,False,False,True,False,False
v1__scene_rotate_v03__L2__C5_D8__r05_s28105,scene_rotate_v03,ROTATE,C5,D8,28105,83,"[41, 11, 23, 83, 19]",4,4,[19],[19],True,True,True,True,True,True,True
v1__scene_rotate_v03__L2__C6_D4__r01_s28101,scene_rotate_v03,ROTATE,C6,D4,28101,83,"[41, 11, 23, 83, 19]",4,3,[19],[],True,True,False,False,True,False,False
v1__scene_rotate_v03__L2__C6_D4__r02_s28102,scene_rotate_v03,ROTATE,C6,D4,28102,83,"[41, 11, 23, 83, 19]",4,3,[19],[],True,True,False,False,True,False,False
v1__scene_rotate_v03__L2__C6_D4__r03_s28103,scene_rotate_v03,ROTATE,C6,D4,28103,83,"[41, 11, 23, 83, 19]",4,3,[19],[],True,True,False,False,True,False,False
v1__scene_rotate_v03__L2__C6_D4__r04_s28104,scene_rotate_v03,ROTATE,C6,D4,28104,83,"[41, 11, 23, 83, 19]",4,3,[19],[],True,True,False,False,True,False,False
v1__scene_rotate_v03__L2__C6_D4__r05_s28105,scene_rotate_v03,ROTATE,C6,D4,28105,83,"[41, 11, 23, 83, 19]",4,4,[19],[19],True,True,True,True,True,True,True
v1__scene_rotate_v03__L2__C6_D8__r01_s28101,scene_rotate_v03,ROTATE,C6,D8,28101,83,"[41, 11, 23, 83, 19]",4,4,[19],[19],True,True,True,True,True,True,True
v1__scene_rotate_v03__L2__C6_D8__r02_s28102,scene_rotate_v03,ROTATE,C6,D8,28102,83,"[41, 11, 23, 83, 19]",4,3,[19],[],True,True,False,False,True,False,False
v1__scene_rotate_v03__L2__C6_D8__r03_s28103,scene_rotate_v03,ROTATE,C6,D8,28103,83,"[41, 11, 23, 83, 19]",4,4,[19],[19],True,True,True,True,True,True,True
v1__scene_rotate_v03__L2__C6_D8__r04_s28104,scene_rotate_v03,ROTATE,C6,D8,28104,83,"[41, 11, 23, 83, 19]",4,4,[19],[19],True,True,True,True,True,True,True
v1__scene_rotate_v03__L2__C6_D8__r05_s28105,scene_rotate_v03,ROTATE,C6,D8,28105,83,"[41, 11, 23, 83, 19]",4,4,[19],[19],True,True,True,True,True,True,True
v1__scene_rotate_v04__L2__C0_NA__r01_s28101,scene_rotate_v04,ROTATE,C0,,28101,47,"[95, 47, 29, 25, 53]",4,3,[95],[],True,True,False,False,True,False,False
v1__scene_rotate_v04__L2__C0_NA__r02_s28102,scene_rotate_v04,ROTATE,C0,,28102,47,"[95, 47, 29, 25, 53]",4,3,[95],[],True,True,False,False,True,False,False
v1__scene_rotate_v04__L2__C0_NA__r03_s28103,scene_rotate_v04,ROTATE,C0,,28103,47,"[95, 47, 29, 25, 53]",4,3,[95],[],True,True,False,False,True,False,False
v1__scene_rotate_v04__L2__C0_NA__r04_s28104,scene_rotate_v04,ROTATE,C0,,28104,47,"[95, 47, 29, 25, 53]",4,3,[95],[],True,True,False,False,True,False,False
v1__scene_rotate_v04__L2__C0_NA__r05_s28105,scene_rotate_v04,ROTATE,C0,,28105,47,"[95, 47, 29, 25, 53]",4,3,[95],[],True,True,False,False,True,False,False
v1__scene_rotate_v04__L2__C1_NA__r01_s28101,scene_rotate_v04,ROTATE,C1,,28101,47,"[95, 47, 29, 25, 53]",4,3,[95],[],True,True,False,False,True,False,False
v1__scene_rotate_v04__L2__C1_NA__r02_s28102,scene_rotate_v04,ROTATE,C1,,28102,47,"[95, 47, 29, 25, 53]",4,3,[95],[],True,True,False,False,True,False,False
v1__scene_rotate_v04__L2__C1_NA__r03_s28103,scene_rotate_v04,ROTATE,C1,,28103,47,"[95, 47, 29, 25, 53]",4,3,[95],[],True,True,False,False,True,False,False
v1__scene_rotate_v04__L2__C1_NA__r04_s28104,scene_rotate_v04,ROTATE,C1,,28104,47,"[95, 47, 29, 25, 53]",4,3,[95],[],True,True,False,False,True,False,False
v1__scene_rotate_v04__L2__C1_NA__r05_s28105,scene_rotate_v04,ROTATE,C1,,28105,47,"[95, 47, 29, 25, 53]",4,3,[95],[],True,True,False,False,True,False,False
v1__scene_rotate_v04__L2__C2_D4__r01_s28101,scene_rotate_v04,ROTATE,C2,D4,28101,47,"[95, 47, 29, 25, 53]",4,3,[95],[],True,True,False,False,True,False,False
v1__scene_rotate_v04__L2__C2_D4__r02_s28102,scene_rotate_v04,ROTATE,C2,D4,28102,47,"[95, 47, 29, 25, 53]",4,3,[95],[],True,True,False,False,True,False,False
v1__scene_rotate_v04__L2__C2_D4__r03_s28103,scene_rotate_v04,ROTATE,C2,D4,28103,47,"[95, 47, 29, 25, 53]",4,3,[95],[],True,True,False,False,True,False,False
v1__scene_rotate_v04__L2__C2_D4__r04_s28104,scene_rotate_v04,ROTATE,C2,D4,28104,47,"[95, 47, 29, 25, 53]",4,3,[95],[],True,True,False,False,True,False,False
v1__scene_rotate_v04__L2__C2_D4__r05_s28105,scene_rotate_v04,ROTATE,C2,D4,28105,47,"[95, 47, 29, 25, 53]",4,3,[95],[],True,True,False,False,True,False,False
v1__scene_rotate_v04__L2__C2_D8__r01_s28101,scene_rotate_v04,ROTATE,C2,D8,28101,47,"[95, 47, 29, 25, 53]",4,3,[95],[],True,True,False,False,True,False,False
v1__scene_rotate_v04__L2__C2_D8__r02_s28102,scene_rotate_v04,ROTATE,C2,D8,28102,47,"[95, 47, 29, 25, 53]",4,3,[95],[],True,True,False,False,True,False,False
v1__scene_rotate_v04__L2__C2_D8__r03_s28103,scene_rotate_v04,ROTATE,C2,D8,28103,47,"[95, 47, 29, 25, 53]",4,3,[95],[],True,True,False,False,True,False,False
v1__scene_rotate_v04__L2__C2_D8__r04_s28104,scene_rotate_v04,ROTATE,C2,D8,28104,47,"[95, 47, 29, 25, 53]",4,3,[95],[],True,True,False,False,True,False,False
v1__scene_rotate_v04__L2__C2_D8__r05_s28105,scene_rotate_v04,ROTATE,C2,D8,28105,47,"[95, 47, 29, 25, 53]",4,3,[95],[],True,True,False,False,True,False,False
v1__scene_rotate_v04__L2__C3_D4__r01_s28101,scene_rotate_v04,ROTATE,C3,D4,28101,47,"[95, 47, 29, 25, 53]",4,3,[95],[],True,True,False,False,True,False,False
v1__scene_rotate_v04__L2__C3_D4__r02_s28102,scene_rotate_v04,ROTATE,C3,D4,28102,47,"[95, 47, 29, 25, 53]",4,3,[95],[],True,True,False,False,True,False,False
v1__scene_rotate_v04__L2__C3_D4__r03_s28103,scene_rotate_v04,ROTATE,C3,D4,28103,47,"[95, 47, 29, 25, 53]",4,3,[95],[],True,True,False,False,True,False,False
v1__scene_rotate_v04__L2__C3_D4__r04_s28104,scene_rotate_v04,ROTATE,C3,D4,28104,47,"[95, 47, 29, 25, 53]",4,3,[95],[],True,True,False,False,True,False,False
v1__scene_rotate_v04__L2__C3_D4__r05_s28105,scene_rotate_v04,ROTATE,C3,D4,28105,47,"[95, 47, 29, 25, 53]",4,3,[95],[],True,True,False,False,True,False,False
v1__scene_rotate_v04__L2__C3_D8__r01_s28101,scene_rotate_v04,ROTATE,C3,D8,28101,47,"[95, 47, 29, 25, 53]",4,3,[95],[],True,True,False,False,True,False,False
v1__scene_rotate_v04__L2__C3_D8__r02_s28102,scene_rotate_v04,ROTATE,C3,D8,28102,47,"[95, 47, 29, 25, 53]",4,3,[95],[],True,True,False,False,True,False,False
v1__scene_rotate_v04__L2__C3_D8__r03_s28103,scene_rotate_v04,ROTATE,C3,D8,28103,47,"[95, 47, 29, 25, 53]",4,3,[95],[],True,True,False,False,True,False,False
v1__scene_rotate_v04__L2__C3_D8__r04_s28104,scene_rotate_v04,ROTATE,C3,D8,28104,47,"[95, 47, 29, 25, 53]",4,3,[95],[],True,True,False,False,True,False,False
v1__scene_rotate_v04__L2__C3_D8__r05_s28105,scene_rotate_v04,ROTATE,C3,D8,28105,47,"[95, 47, 29, 25, 53]",4,3,[95],[],True,True,False,False,True,False,False
v1__scene_rotate_v04__L2__C4_D4__r01_s28101,scene_rotate_v04,ROTATE,C4,D4,28101,47,"[95, 47, 29, 25, 53]",4,3,[95],[],True,True,False,False,True,False,False
v1__scene_rotate_v04__L2__C4_D4__r02_s28102,scene_rotate_v04,ROTATE,C4,D4,28102,47,"[95, 47, 29, 25, 53]",4,3,[95],[],True,True,False,False,True,False,False
v1__scene_rotate_v04__L2__C4_D4__r03_s28103,scene_rotate_v04,ROTATE,C4,D4,28103,47,"[95, 47, 29, 25, 53]",4,3,[95],[],True,True,False,False,True,False,False
v1__scene_rotate_v04__L2__C4_D4__r04_s28104,scene_rotate_v04,ROTATE,C4,D4,28104,47,"[95, 47, 29, 25, 53]",4,3,[95],[],True,True,False,False,True,False,False
v1__scene_rotate_v04__L2__C4_D4__r05_s28105,scene_rotate_v04,ROTATE,C4,D4,28105,47,"[95, 47, 29, 25, 53]",4,3,[95],[],True,True,False,False,True,False,False
v1__scene_rotate_v04__L2__C4_D8__r01_s28101,scene_rotate_v04,ROTATE,C4,D8,28101,47,"[95, 47, 29, 25, 53]",4,3,[95],[],True,True,False,False,True,False,False
v1__scene_rotate_v04__L2__C4_D8__r02_s28102,scene_rotate_v04,ROTATE,C4,D8,28102,47,"[95, 47, 29, 25, 53]",4,3,[95],[],True,True,False,False,True,False,False
v1__scene_rotate_v04__L2__C4_D8__r03_s28103,scene_rotate_v04,ROTATE,C4,D8,28103,47,"[95, 47, 29, 25, 53]",4,3,[95],[],True,True,False,False,True,False,False
v1__scene_rotate_v04__L2__C4_D8__r04_s28104,scene_rotate_v04,ROTATE,C4,D8,28104,47,"[95, 47, 29, 25, 53]",4,3,[95],[],True,True,False,False,True,False,False
v1__scene_rotate_v04__L2__C4_D8__r05_s28105,scene_rotate_v04,ROTATE,C4,D8,28105,47,"[95, 47, 29, 25, 53]",4,3,[95],[],True,True,False,False,True,False,False
v1__scene_rotate_v04__L2__C5_D4__r01_s28101,scene_rotate_v04,ROTATE,C5,D4,28101,47,"[95, 47, 29, 25, 53]",4,3,[95],[],True,True,False,False,True,False,False
v1__scene_rotate_v04__L2__C5_D4__r02_s28102,scene_rotate_v04,ROTATE,C5,D4,28102,47,"[95, 47, 29, 25, 53]",4,3,[95],[],True,True,False,False,True,False,False
v1__scene_rotate_v04__L2__C5_D4__r03_s28103,scene_rotate_v04,ROTATE,C5,D4,28103,47,"[95, 47, 29, 25, 53]",4,3,[95],[],True,True,False,False,True,False,False
v1__scene_rotate_v04__L2__C5_D4__r04_s28104,scene_rotate_v04,ROTATE,C5,D4,28104,47,"[95, 47, 29, 25, 53]",4,3,[95],[],True,True,False,False,True,False,False
v1__scene_rotate_v04__L2__C5_D4__r05_s28105,scene_rotate_v04,ROTATE,C5,D4,28105,47,"[95, 47, 29, 25, 53]",4,3,[95],[],True,True,False,False,True,False,False
v1__scene_rotate_v04__L2__C5_D8__r01_s28101,scene_rotate_v04,ROTATE,C5,D8,28101,47,"[95, 47, 29, 25, 53]",4,3,[95],[],True,True,False,False,True,False,False
v1__scene_rotate_v04__L2__C5_D8__r02_s28102,scene_rotate_v04,ROTATE,C5,D8,28102,47,"[95, 47, 29, 25, 53]",4,3,[95],[],True,True,False,False,True,False,False
v1__scene_rotate_v04__L2__C5_D8__r03_s28103,scene_rotate_v04,ROTATE,C5,D8,28103,47,"[95, 47, 29, 25, 53]",4,3,[95],[],True,True,False,False,True,False,False
v1__scene_rotate_v04__L2__C5_D8__r04_s28104,scene_rotate_v04,ROTATE,C5,D8,28104,47,"[95, 47, 29, 25, 53]",4,3,[95],[],True,True,False,False,True,False,False
v1__scene_rotate_v04__L2__C5_D8__r05_s28105,scene_rotate_v04,ROTATE,C5,D8,28105,47,"[95, 47, 29, 25, 53]",4,3,[95],[],True,True,False,False,True,False,False
v1__scene_rotate_v04__L2__C6_D4__r01_s28101,scene_rotate_v04,ROTATE,C6,D4,28101,47,"[95, 47, 29, 25, 53]",4,3,[95],[],True,True,False,False,True,False,False
v1__scene_rotate_v04__L2__C6_D4__r02_s28102,scene_rotate_v04,ROTATE,C6,D4,28102,47,"[95, 47, 29, 25, 53]",4,3,[95],[],True,True,False,False,True,False,False
v1__scene_rotate_v04__L2__C6_D4__r03_s28103,scene_rotate_v04,ROTATE,C6,D4,28103,47,"[95, 47, 29, 25, 53]",4,3,[95],[],True,True,False,False,True,False,False
v1__scene_rotate_v04__L2__C6_D4__r04_s28104,scene_rotate_v04,ROTATE,C6,D4,28104,47,"[95, 47, 29, 25, 53]",4,3,[95],[],True,True,False,False,True,False,False
v1__scene_rotate_v04__L2__C6_D4__r05_s28105,scene_rotate_v04,ROTATE,C6,D4,28105,47,"[95, 47, 29, 25, 53]",4,3,[95],[],True,True,False,False,True,False,False
v1__scene_rotate_v04__L2__C6_D8__r01_s28101,scene_rotate_v04,ROTATE,C6,D8,28101,47,"[95, 47, 29, 25, 53]",4,3,[95],[],True,True,False,False,True,False,False
v1__scene_rotate_v04__L2__C6_D8__r02_s28102,scene_rotate_v04,ROTATE,C6,D8,28102,47,"[95, 47, 29, 25, 53]",4,3,[95],[],True,True,False,False,True,False,False
v1__scene_rotate_v04__L2__C6_D8__r03_s28103,scene_rotate_v04,ROTATE,C6,D8,28103,47,"[95, 47, 29, 25, 53]",4,3,[95],[],True,True,False,False,True,False,False
v1__scene_rotate_v04__L2__C6_D8__r04_s28104,scene_rotate_v04,ROTATE,C6,D8,28104,47,"[95, 47, 29, 25, 53]",4,3,[95],[],True,True,False,False,True,False,False
v1__scene_rotate_v04__L2__C6_D8__r05_s28105,scene_rotate_v04,ROTATE,C6,D8,28105,47,"[95, 47, 29, 25, 53]",4,3,[95],[],True,True,False,False,True,False,False
v1__scene_rotate_v05__L2__C0_NA__r01_s28101,scene_rotate_v05,ROTATE,C0,,28101,44,"[97, 11, 44, 82, 72, 99]",5,4,[82],[],True,True,False,False,True,False,False
v1__scene_rotate_v05__L2__C0_NA__r02_s28102,scene_rotate_v05,ROTATE,C0,,28102,44,"[97, 11, 44, 82, 72, 99]",5,4,[82],[],True,True,False,False,True,False,False
v1__scene_rotate_v05__L2__C0_NA__r03_s28103,scene_rotate_v05,ROTATE,C0,,28103,44,"[97, 11, 44, 82, 72, 99]",5,4,[82],[],True,True,False,False,True,False,False
v1__scene_rotate_v05__L2__C0_NA__r04_s28104,scene_rotate_v05,ROTATE,C0,,28104,44,"[97, 11, 44, 82, 72, 99]",5,4,[82],[],True,True,False,False,True,False,False
v1__scene_rotate_v05__L2__C0_NA__r05_s28105,scene_rotate_v05,ROTATE,C0,,28105,44,"[97, 11, 44, 82, 72, 99]",5,4,[82],[],True,True,False,False,True,False,False
v1__scene_rotate_v05__L2__C1_NA__r01_s28101,scene_rotate_v05,ROTATE,C1,,28101,44,"[97, 11, 44, 82, 72, 99]",5,4,[82],[],True,True,False,False,True,False,False
v1__scene_rotate_v05__L2__C1_NA__r02_s28102,scene_rotate_v05,ROTATE,C1,,28102,44,"[97, 11, 44, 82, 72, 99]",5,4,[82],[],True,True,False,False,True,False,False
v1__scene_rotate_v05__L2__C1_NA__r03_s28103,scene_rotate_v05,ROTATE,C1,,28103,44,"[97, 11, 44, 82, 72, 99]",5,4,[82],[],True,True,False,False,True,False,False
v1__scene_rotate_v05__L2__C1_NA__r04_s28104,scene_rotate_v05,ROTATE,C1,,28104,44,"[97, 11, 44, 82, 72, 99]",5,4,[82],[],True,True,False,False,True,False,False
v1__scene_rotate_v05__L2__C1_NA__r05_s28105,scene_rotate_v05,ROTATE,C1,,28105,44,"[97, 11, 44, 82, 72, 99]",5,4,[82],[],True,True,False,False,True,False,False
v1__scene_rotate_v05__L2__C2_D4__r01_s28101,scene_rotate_v05,ROTATE,C2,D4,28101,44,"[97, 11, 44, 82, 72, 99]",5,4,[82],[],True,True,False,False,True,False,False
v1__scene_rotate_v05__L2__C2_D4__r02_s28102,scene_rotate_v05,ROTATE,C2,D4,28102,44,"[97, 11, 44, 82, 72, 99]",5,4,[82],[],True,True,False,False,True,False,False
v1__scene_rotate_v05__L2__C2_D4__r03_s28103,scene_rotate_v05,ROTATE,C2,D4,28103,44,"[97, 11, 44, 82, 72, 99]",5,4,[82],[],True,True,False,False,True,False,False
v1__scene_rotate_v05__L2__C2_D4__r04_s28104,scene_rotate_v05,ROTATE,C2,D4,28104,44,"[97, 11, 44, 82, 72, 99]",5,4,[82],[],True,True,False,False,True,False,False
v1__scene_rotate_v05__L2__C2_D4__r05_s28105,scene_rotate_v05,ROTATE,C2,D4,28105,44,"[97, 11, 44, 82, 72, 99]",5,4,[82],[],True,True,False,False,True,False,False
v1__scene_rotate_v05__L2__C2_D8__r01_s28101,scene_rotate_v05,ROTATE,C2,D8,28101,44,"[97, 11, 44, 82, 72, 99]",5,4,[82],[],True,True,False,False,True,False,False
v1__scene_rotate_v05__L2__C2_D8__r02_s28102,scene_rotate_v05,ROTATE,C2,D8,28102,44,"[97, 11, 44, 82, 72, 99]",5,4,[82],[],True,True,False,False,True,False,False
v1__scene_rotate_v05__L2__C2_D8__r03_s28103,scene_rotate_v05,ROTATE,C2,D8,28103,44,"[97, 11, 44, 82, 72, 99]",5,4,[82],[],True,True,False,False,True,False,False
v1__scene_rotate_v05__L2__C2_D8__r04_s28104,scene_rotate_v05,ROTATE,C2,D8,28104,44,"[97, 11, 44, 82, 72, 99]",5,4,[82],[],True,True,False,False,True,False,False
v1__scene_rotate_v05__L2__C2_D8__r05_s28105,scene_rotate_v05,ROTATE,C2,D8,28105,44,"[97, 11, 44, 82, 72, 99]",5,4,[82],[],True,True,False,False,True,False,False
v1__scene_rotate_v05__L2__C3_D4__r01_s28101,scene_rotate_v05,ROTATE,C3,D4,28101,44,"[97, 11, 44, 82, 72, 99]",5,4,[82],[],True,True,False,False,True,False,False
v1__scene_rotate_v05__L2__C3_D4__r02_s28102,scene_rotate_v05,ROTATE,C3,D4,28102,44,"[97, 11, 44, 82, 72, 99]",5,4,[82],[],True,True,False,False,True,False,False
v1__scene_rotate_v05__L2__C3_D4__r03_s28103,scene_rotate_v05,ROTATE,C3,D4,28103,44,"[97, 11, 44, 82, 72, 99]",5,4,[82],[],True,True,False,False,True,False,False
v1__scene_rotate_v05__L2__C3_D4__r04_s28104,scene_rotate_v05,ROTATE,C3,D4,28104,44,"[97, 11, 44, 82, 72, 99]",5,4,[82],[],True,True,False,False,True,False,False
v1__scene_rotate_v05__L2__C3_D4__r05_s28105,scene_rotate_v05,ROTATE,C3,D4,28105,44,"[97, 11, 44, 82, 72, 99]",5,4,[82],[],True,True,False,False,True,False,False
v1__scene_rotate_v05__L2__C3_D8__r01_s28101,scene_rotate_v05,ROTATE,C3,D8,28101,44,"[97, 11, 44, 82, 72, 99]",5,4,[82],[],True,True,False,False,True,False,False
v1__scene_rotate_v05__L2__C3_D8__r02_s28102,scene_rotate_v05,ROTATE,C3,D8,28102,44,"[97, 11, 44, 82, 72, 99]",5,4,[82],[],True,True,False,False,True,False,False
v1__scene_rotate_v05__L2__C3_D8__r03_s28103,scene_rotate_v05,ROTATE,C3,D8,28103,44,"[97, 11, 44, 82, 72, 99]",5,4,[82],[],True,True,False,False,True,False,False
v1__scene_rotate_v05__L2__C3_D8__r04_s28104,scene_rotate_v05,ROTATE,C3,D8,28104,44,"[97, 11, 44, 82, 72, 99]",5,4,[82],[],True,True,False,False,True,False,False
v1__scene_rotate_v05__L2__C3_D8__r05_s28105,scene_rotate_v05,ROTATE,C3,D8,28105,44,"[97, 11, 44, 82, 72, 99]",5,4,[82],[],True,True,False,False,True,False,False
v1__scene_rotate_v05__L2__C4_D4__r01_s28101,scene_rotate_v05,ROTATE,C4,D4,28101,44,"[97, 11, 44, 82, 72, 99]",5,4,[82],[],True,True,False,False,True,False,False
v1__scene_rotate_v05__L2__C4_D4__r02_s28102,scene_rotate_v05,ROTATE,C4,D4,28102,44,"[97, 11, 44, 82, 72, 99]",5,4,[82],[],True,True,False,False,True,False,False
v1__scene_rotate_v05__L2__C4_D4__r03_s28103,scene_rotate_v05,ROTATE,C4,D4,28103,44,"[97, 11, 44, 82, 72, 99]",5,4,[82],[],True,True,False,False,True,False,False
v1__scene_rotate_v05__L2__C4_D4__r04_s28104,scene_rotate_v05,ROTATE,C4,D4,28104,44,"[97, 11, 44, 82, 72, 99]",5,4,[82],[],True,True,False,False,True,False,False
v1__scene_rotate_v05__L2__C4_D4__r05_s28105,scene_rotate_v05,ROTATE,C4,D4,28105,44,"[97, 11, 44, 82, 72, 99]",5,4,[82],[],True,True,False,False,True,False,False
v1__scene_rotate_v05__L2__C4_D8__r01_s28101,scene_rotate_v05,ROTATE,C4,D8,28101,44,"[97, 11, 44, 82, 72, 99]",5,4,[82],[],True,True,False,False,True,False,False
v1__scene_rotate_v05__L2__C4_D8__r02_s28102,scene_rotate_v05,ROTATE,C4,D8,28102,44,"[97, 11, 44, 82, 72, 99]",5,4,[82],[],True,True,False,False,True,False,False
v1__scene_rotate_v05__L2__C4_D8__r03_s28103,scene_rotate_v05,ROTATE,C4,D8,28103,44,"[97, 11, 44, 82, 72, 99]",5,4,[82],[],True,True,False,False,True,False,False
v1__scene_rotate_v05__L2__C4_D8__r04_s28104,scene_rotate_v05,ROTATE,C4,D8,28104,44,"[97, 11, 44, 82, 72, 99]",5,4,[82],[],True,True,False,False,True,False,False
v1__scene_rotate_v05__L2__C4_D8__r05_s28105,scene_rotate_v05,ROTATE,C4,D8,28105,44,"[97, 11, 44, 82, 72, 99]",5,4,[82],[],True,True,False,False,True,False,False
v1__scene_rotate_v05__L2__C5_D4__r01_s28101,scene_rotate_v05,ROTATE,C5,D4,28101,44,"[97, 11, 44, 82, 72, 99]",5,4,[82],[],True,True,False,False,True,False,False
v1__scene_rotate_v05__L2__C5_D4__r02_s28102,scene_rotate_v05,ROTATE,C5,D4,28102,44,"[97, 11, 44, 82, 72, 99]",5,4,[82],[],True,True,False,False,True,False,False
v1__scene_rotate_v05__L2__C5_D4__r03_s28103,scene_rotate_v05,ROTATE,C5,D4,28103,44,"[97, 11, 44, 82, 72, 99]",5,4,[82],[],True,True,False,False,True,False,False
v1__scene_rotate_v05__L2__C5_D4__r04_s28104,scene_rotate_v05,ROTATE,C5,D4,28104,44,"[97, 11, 44, 82, 72, 99]",5,4,[82],[],True,True,False,False,True,False,False
v1__scene_rotate_v05__L2__C5_D4__r05_s28105,scene_rotate_v05,ROTATE,C5,D4,28105,44,"[97, 11, 44, 82, 72, 99]",5,4,[82],[],True,True,False,False,True,False,False
v1__scene_rotate_v05__L2__C5_D8__r01_s28101,scene_rotate_v05,ROTATE,C5,D8,28101,44,"[97, 11, 44, 82, 72, 99]",5,4,[82],[],True,True,False,False,True,False,False
v1__scene_rotate_v05__L2__C5_D8__r02_s28102,scene_rotate_v05,ROTATE,C5,D8,28102,44,"[97, 11, 44, 82, 72, 99]",5,4,[82],[],True,True,False,False,True,False,False
v1__scene_rotate_v05__L2__C5_D8__r03_s28103,scene_rotate_v05,ROTATE,C5,D8,28103,44,"[97, 11, 44, 82, 72, 99]",5,4,[82],[],True,True,False,False,True,False,False
v1__scene_rotate_v05__L2__C5_D8__r04_s28104,scene_rotate_v05,ROTATE,C5,D8,28104,44,"[97, 11, 44, 82, 72, 99]",5,4,[82],[],True,True,False,False,True,False,False
v1__scene_rotate_v05__L2__C5_D8__r05_s28105,scene_rotate_v05,ROTATE,C5,D8,28105,44,"[97, 11, 44, 82, 72, 99]",5,4,[82],[],True,True,False,False,True,False,False
v1__scene_rotate_v05__L2__C6_D4__r01_s28101,scene_rotate_v05,ROTATE,C6,D4,28101,44,"[97, 11, 44, 82, 72, 99]",5,4,[82],[],True,True,False,False,True,False,False
v1__scene_rotate_v05__L2__C6_D4__r02_s28102,scene_rotate_v05,ROTATE,C6,D4,28102,44,"[97, 11, 44, 82, 72, 99]",5,4,[82],[],True,True,False,False,True,False,False
v1__scene_rotate_v05__L2__C6_D4__r03_s28103,scene_rotate_v05,ROTATE,C6,D4,28103,44,"[97, 11, 44, 82, 72, 99]",5,4,[82],[],True,True,False,False,True,False,False
v1__scene_rotate_v05__L2__C6_D4__r04_s28104,scene_rotate_v05,ROTATE,C6,D4,28104,44,"[97, 11, 44, 82, 72, 99]",5,4,[82],[],True,True,False,False,True,False,False
v1__scene_rotate_v05__L2__C6_D4__r05_s28105,scene_rotate_v05,ROTATE,C6,D4,28105,44,"[97, 11, 44, 82, 72, 99]",5,4,[82],[],True,True,False,False,True,False,False
v1__scene_rotate_v05__L2__C6_D8__r01_s28101,scene_rotate_v05,ROTATE,C6,D8,28101,44,"[97, 11, 44, 82, 72, 99]",5,4,[82],[],True,True,False,False,True,False,False
v1__scene_rotate_v05__L2__C6_D8__r02_s28102,scene_rotate_v05,ROTATE,C6,D8,28102,44,"[97, 11, 44, 82, 72, 99]",5,4,[82],[],True,True,False,False,True,False,False
v1__scene_rotate_v05__L2__C6_D8__r03_s28103,scene_rotate_v05,ROTATE,C6,D8,28103,44,"[97, 11, 44, 82, 72, 99]",5,4,[82],[],True,True,False,False,True,False,False
v1__scene_rotate_v05__L2__C6_D8__r04_s28104,scene_rotate_v05,ROTATE,C6,D8,28104,44,"[97, 11, 44, 82, 72, 99]",5,4,[82],[],True,True,False,False,True,False,False
v1__scene_rotate_v05__L2__C6_D8__r05_s28105,scene_rotate_v05,ROTATE,C6,D8,28105,44,"[97, 11, 44, 82, 72, 99]",5,4,[82],[],True,True,False,False,True,False,False
v1__scene_translate_v01__L2__C0_NA__r01_s28101,scene_translate_v01,TRANSLATE,C0,,28101,67,"[35, 67]",1,0,[35],[],True,True,False,False,True,False,False
v1__scene_translate_v01__L2__C0_NA__r02_s28102,scene_translate_v01,TRANSLATE,C0,,28102,67,"[35, 67]",1,0,[35],[],True,True,False,False,True,False,False
v1__scene_translate_v01__L2__C0_NA__r03_s28103,scene_translate_v01,TRANSLATE,C0,,28103,67,"[35, 67]",1,0,[35],[],True,True,False,False,True,False,False
v1__scene_translate_v01__L2__C0_NA__r04_s28104,scene_translate_v01,TRANSLATE,C0,,28104,67,"[35, 67]",1,0,[35],[],True,True,False,False,True,False,False
v1__scene_translate_v01__L2__C0_NA__r05_s28105,scene_translate_v01,TRANSLATE,C0,,28105,67,"[35, 67]",1,0,[35],[],True,True,False,False,True,False,False
v1__scene_translate_v01__L2__C1_NA__r01_s28101,scene_translate_v01,TRANSLATE,C1,,28101,67,"[35, 67]",1,0,[35],[],True,True,False,False,True,False,False
v1__scene_translate_v01__L2__C1_NA__r02_s28102,scene_translate_v01,TRANSLATE,C1,,28102,67,"[35, 67]",1,0,[35],[],True,True,False,False,True,False,False
v1__scene_translate_v01__L2__C1_NA__r03_s28103,scene_translate_v01,TRANSLATE,C1,,28103,67,"[35, 67]",1,0,[35],[],True,True,False,False,True,False,False
v1__scene_translate_v01__L2__C1_NA__r04_s28104,scene_translate_v01,TRANSLATE,C1,,28104,67,"[35, 67]",1,0,[35],[],True,True,False,False,True,False,False
v1__scene_translate_v01__L2__C1_NA__r05_s28105,scene_translate_v01,TRANSLATE,C1,,28105,67,"[35, 67]",1,0,[35],[],True,True,False,False,True,False,False
v1__scene_translate_v01__L2__C2_D4__r01_s28101,scene_translate_v01,TRANSLATE,C2,D4,28101,67,"[35, 67]",1,0,[35],[],True,True,False,False,True,False,False
v1__scene_translate_v01__L2__C2_D4__r02_s28102,scene_translate_v01,TRANSLATE,C2,D4,28102,67,"[35, 67]",1,0,[35],[],True,True,False,False,True,False,False
v1__scene_translate_v01__L2__C2_D4__r03_s28103,scene_translate_v01,TRANSLATE,C2,D4,28103,67,"[35, 67]",1,0,[35],[],True,True,False,False,True,False,False
v1__scene_translate_v01__L2__C2_D4__r04_s28104,scene_translate_v01,TRANSLATE,C2,D4,28104,67,"[35, 67]",1,0,[35],[],True,True,False,False,True,False,False
v1__scene_translate_v01__L2__C2_D4__r05_s28105,scene_translate_v01,TRANSLATE,C2,D4,28105,67,"[35, 67]",1,0,[35],[],True,True,False,False,True,False,False
v1__scene_translate_v01__L2__C2_D8__r01_s28101,scene_translate_v01,TRANSLATE,C2,D8,28101,67,"[35, 67]",1,0,[35],[],True,True,False,False,True,False,False
v1__scene_translate_v01__L2__C2_D8__r02_s28102,scene_translate_v01,TRANSLATE,C2,D8,28102,67,"[35, 67]",1,0,[35],[],True,True,False,False,True,False,False
v1__scene_translate_v01__L2__C2_D8__r03_s28103,scene_translate_v01,TRANSLATE,C2,D8,28103,67,"[35, 67]",1,0,[35],[],True,True,False,False,True,False,False
v1__scene_translate_v01__L2__C2_D8__r04_s28104,scene_translate_v01,TRANSLATE,C2,D8,28104,67,"[35, 67]",1,0,[35],[],True,True,False,False,True,False,False
v1__scene_translate_v01__L2__C2_D8__r05_s28105,scene_translate_v01,TRANSLATE,C2,D8,28105,67,"[35, 67]",1,0,[35],[],True,True,False,False,True,False,False
v1__scene_translate_v01__L2__C3_D4__r01_s28101,scene_translate_v01,TRANSLATE,C3,D4,28101,67,"[35, 67]",1,0,[35],[],True,True,False,False,True,False,False
v1__scene_translate_v01__L2__C3_D4__r02_s28102,scene_translate_v01,TRANSLATE,C3,D4,28102,67,"[35, 67]",1,0,[35],[],True,True,False,False,True,False,False
v1__scene_translate_v01__L2__C3_D4__r03_s28103,scene_translate_v01,TRANSLATE,C3,D4,28103,67,"[35, 67]",1,0,[35],[],True,True,False,False,True,False,False
v1__scene_translate_v01__L2__C3_D4__r04_s28104,scene_translate_v01,TRANSLATE,C3,D4,28104,67,"[35, 67]",1,0,[35],[],True,True,False,False,True,False,False
v1__scene_translate_v01__L2__C3_D4__r05_s28105,scene_translate_v01,TRANSLATE,C3,D4,28105,67,"[35, 67]",1,0,[35],[],True,True,False,False,True,False,False
v1__scene_translate_v01__L2__C3_D8__r01_s28101,scene_translate_v01,TRANSLATE,C3,D8,28101,67,"[35, 67]",1,0,[35],[],True,True,False,False,True,False,False
v1__scene_translate_v01__L2__C3_D8__r02_s28102,scene_translate_v01,TRANSLATE,C3,D8,28102,67,"[35, 67]",1,0,[35],[],True,True,False,False,True,False,False
v1__scene_translate_v01__L2__C3_D8__r03_s28103,scene_translate_v01,TRANSLATE,C3,D8,28103,67,"[35, 67]",1,0,[35],[],True,True,False,False,True,False,False
v1__scene_translate_v01__L2__C3_D8__r04_s28104,scene_translate_v01,TRANSLATE,C3,D8,28104,67,"[35, 67]",1,0,[35],[],True,True,False,False,True,False,False
v1__scene_translate_v01__L2__C3_D8__r05_s28105,scene_translate_v01,TRANSLATE,C3,D8,28105,67,"[35, 67]",1,0,[35],[],True,True,False,False,True,False,False
v1__scene_translate_v01__L2__C4_D4__r01_s28101,scene_translate_v01,TRANSLATE,C4,D4,28101,67,"[35, 67]",1,0,[35],[],True,True,False,False,True,False,False
v1__scene_translate_v01__L2__C4_D4__r02_s28102,scene_translate_v01,TRANSLATE,C4,D4,28102,67,"[35, 67]",1,0,[35],[],True,True,False,False,True,False,False
v1__scene_translate_v01__L2__C4_D4__r03_s28103,scene_translate_v01,TRANSLATE,C4,D4,28103,67,"[35, 67]",1,0,[35],[],True,True,False,False,True,False,False
v1__scene_translate_v01__L2__C4_D4__r04_s28104,scene_translate_v01,TRANSLATE,C4,D4,28104,67,"[35, 67]",1,0,[35],[],True,True,False,False,True,False,False
v1__scene_translate_v01__L2__C4_D4__r05_s28105,scene_translate_v01,TRANSLATE,C4,D4,28105,67,"[35, 67]",1,0,[35],[],True,True,False,False,True,False,False
v1__scene_translate_v01__L2__C4_D8__r01_s28101,scene_translate_v01,TRANSLATE,C4,D8,28101,67,"[35, 67]",1,0,[35],[],True,True,False,False,True,False,False
v1__scene_translate_v01__L2__C4_D8__r02_s28102,scene_translate_v01,TRANSLATE,C4,D8,28102,67,"[35, 67]",1,0,[35],[],True,True,False,False,True,False,False
v1__scene_translate_v01__L2__C4_D8__r03_s28103,scene_translate_v01,TRANSLATE,C4,D8,28103,67,"[35, 67]",1,0,[35],[],True,True,False,False,True,False,False
v1__scene_translate_v01__L2__C4_D8__r04_s28104,scene_translate_v01,TRANSLATE,C4,D8,28104,67,"[35, 67]",1,0,[35],[],True,True,False,False,True,False,False
v1__scene_translate_v01__L2__C4_D8__r05_s28105,scene_translate_v01,TRANSLATE,C4,D8,28105,67,"[35, 67]",1,0,[35],[],True,True,False,False,True,False,False
v1__scene_translate_v01__L2__C5_D4__r01_s28101,scene_translate_v01,TRANSLATE,C5,D4,28101,67,"[35, 67]",1,0,[35],[],True,True,False,False,True,False,False
v1__scene_translate_v01__L2__C5_D4__r02_s28102,scene_translate_v01,TRANSLATE,C5,D4,28102,67,"[35, 67]",1,0,[35],[],True,True,False,False,True,False,False
v1__scene_translate_v01__L2__C5_D4__r03_s28103,scene_translate_v01,TRANSLATE,C5,D4,28103,67,"[35, 67]",1,0,[35],[],True,True,False,False,True,False,False
v1__scene_translate_v01__L2__C5_D4__r04_s28104,scene_translate_v01,TRANSLATE,C5,D4,28104,67,"[35, 67]",1,0,[35],[],True,True,False,False,True,False,False
v1__scene_translate_v01__L2__C5_D4__r05_s28105,scene_translate_v01,TRANSLATE,C5,D4,28105,67,"[35, 67]",1,0,[35],[],True,True,False,False,True,False,False
v1__scene_translate_v01__L2__C5_D8__r01_s28101,scene_translate_v01,TRANSLATE,C5,D8,28101,67,"[35, 67]",1,0,[35],[],True,True,False,False,True,False,False
v1__scene_translate_v01__L2__C5_D8__r02_s28102,scene_translate_v01,TRANSLATE,C5,D8,28102,67,"[35, 67]",1,0,[35],[],True,True,False,False,True,False,False
v1__scene_translate_v01__L2__C5_D8__r03_s28103,scene_translate_v01,TRANSLATE,C5,D8,28103,67,"[35, 67]",1,0,[35],[],True,True,False,False,True,False,False
v1__scene_translate_v01__L2__C5_D8__r04_s28104,scene_translate_v01,TRANSLATE,C5,D8,28104,67,"[35, 67]",1,0,[35],[],True,True,False,False,True,False,False
v1__scene_translate_v01__L2__C5_D8__r05_s28105,scene_translate_v01,TRANSLATE,C5,D8,28105,67,"[35, 67]",1,0,[35],[],True,True,False,False,True,False,False
v1__scene_translate_v01__L2__C6_D4__r01_s28101,scene_translate_v01,TRANSLATE,C6,D4,28101,67,"[35, 67]",1,0,[35],[],True,True,False,False,True,False,False
v1__scene_translate_v01__L2__C6_D4__r02_s28102,scene_translate_v01,TRANSLATE,C6,D4,28102,67,"[35, 67]",1,0,[35],[],True,True,False,False,True,False,False
v1__scene_translate_v01__L2__C6_D4__r03_s28103,scene_translate_v01,TRANSLATE,C6,D4,28103,67,"[35, 67]",1,0,[35],[],True,True,False,False,True,False,False
v1__scene_translate_v01__L2__C6_D4__r04_s28104,scene_translate_v01,TRANSLATE,C6,D4,28104,67,"[35, 67]",1,0,[35],[],True,True,False,False,True,False,False
v1__scene_translate_v01__L2__C6_D4__r05_s28105,scene_translate_v01,TRANSLATE,C6,D4,28105,67,"[35, 67]",1,0,[35],[],True,True,False,False,True,False,False
v1__scene_translate_v01__L2__C6_D8__r01_s28101,scene_translate_v01,TRANSLATE,C6,D8,28101,67,"[35, 67]",1,0,[35],[],True,True,False,False,True,False,False
v1__scene_translate_v01__L2__C6_D8__r02_s28102,scene_translate_v01,TRANSLATE,C6,D8,28102,67,"[35, 67]",1,0,[35],[],True,True,False,False,True,False,False
v1__scene_translate_v01__L2__C6_D8__r03_s28103,scene_translate_v01,TRANSLATE,C6,D8,28103,67,"[35, 67]",1,0,[35],[],True,True,False,False,True,False,False
v1__scene_translate_v01__L2__C6_D8__r04_s28104,scene_translate_v01,TRANSLATE,C6,D8,28104,67,"[35, 67]",1,0,[35],[],True,True,False,False,True,False,False
v1__scene_translate_v01__L2__C6_D8__r05_s28105,scene_translate_v01,TRANSLATE,C6,D8,28105,67,"[35, 67]",1,0,[35],[],True,True,False,False,True,False,False
v1__scene_translate_v02__L2__C0_NA__r01_s28101,scene_translate_v02,TRANSLATE,C0,,28101,45,"[86, 45, 95, 81]",3,2,[95],[],True,True,False,False,True,False,False
v1__scene_translate_v02__L2__C0_NA__r02_s28102,scene_translate_v02,TRANSLATE,C0,,28102,45,"[86, 45, 95, 81]",3,2,[95],[],True,True,False,False,True,False,False
v1__scene_translate_v02__L2__C0_NA__r03_s28103,scene_translate_v02,TRANSLATE,C0,,28103,45,"[86, 45, 95, 81]",3,2,[95],[],True,True,False,False,True,False,False
v1__scene_translate_v02__L2__C0_NA__r04_s28104,scene_translate_v02,TRANSLATE,C0,,28104,45,"[86, 45, 95, 81]",3,2,[95],[],True,True,False,False,True,False,False
v1__scene_translate_v02__L2__C0_NA__r05_s28105,scene_translate_v02,TRANSLATE,C0,,28105,45,"[86, 45, 95, 81]",3,2,[95],[],True,True,False,False,True,False,False
v1__scene_translate_v02__L2__C1_NA__r01_s28101,scene_translate_v02,TRANSLATE,C1,,28101,45,"[86, 45, 95, 81]",3,2,[95],[],True,True,False,False,True,False,False
v1__scene_translate_v02__L2__C1_NA__r02_s28102,scene_translate_v02,TRANSLATE,C1,,28102,45,"[86, 45, 95, 81]",3,2,[95],[],True,True,False,False,True,False,False
v1__scene_translate_v02__L2__C1_NA__r03_s28103,scene_translate_v02,TRANSLATE,C1,,28103,45,"[86, 45, 95, 81]",3,2,[95],[],True,True,False,False,True,False,False
v1__scene_translate_v02__L2__C1_NA__r04_s28104,scene_translate_v02,TRANSLATE,C1,,28104,45,"[86, 45, 95, 81]",3,2,[95],[],True,True,False,False,True,False,False
v1__scene_translate_v02__L2__C1_NA__r05_s28105,scene_translate_v02,TRANSLATE,C1,,28105,45,"[86, 45, 95, 81]",3,2,[95],[],True,True,False,False,True,False,False
v1__scene_translate_v02__L2__C2_D4__r01_s28101,scene_translate_v02,TRANSLATE,C2,D4,28101,45,"[86, 45, 95, 81]",3,2,[95],[],True,True,False,False,True,False,False
v1__scene_translate_v02__L2__C2_D4__r02_s28102,scene_translate_v02,TRANSLATE,C2,D4,28102,45,"[86, 45, 95, 81]",3,2,[95],[],True,True,False,False,True,False,False
v1__scene_translate_v02__L2__C2_D4__r03_s28103,scene_translate_v02,TRANSLATE,C2,D4,28103,45,"[86, 45, 95, 81]",3,2,[95],[],True,True,False,False,True,False,False
v1__scene_translate_v02__L2__C2_D4__r04_s28104,scene_translate_v02,TRANSLATE,C2,D4,28104,45,"[86, 45, 95, 81]",3,2,[95],[],True,True,False,False,True,False,False
v1__scene_translate_v02__L2__C2_D4__r05_s28105,scene_translate_v02,TRANSLATE,C2,D4,28105,45,"[86, 45, 95, 81]",3,2,[95],[],True,True,False,False,True,False,False
v1__scene_translate_v02__L2__C2_D8__r01_s28101,scene_translate_v02,TRANSLATE,C2,D8,28101,45,"[86, 45, 95, 81]",3,2,[95],[],True,True,False,False,True,False,False
v1__scene_translate_v02__L2__C2_D8__r02_s28102,scene_translate_v02,TRANSLATE,C2,D8,28102,45,"[86, 45, 95, 81]",3,2,[95],[],True,True,False,False,True,False,False
v1__scene_translate_v02__L2__C2_D8__r03_s28103,scene_translate_v02,TRANSLATE,C2,D8,28103,45,"[86, 45, 95, 81]",3,2,[95],[],True,True,False,False,True,False,False
v1__scene_translate_v02__L2__C2_D8__r04_s28104,scene_translate_v02,TRANSLATE,C2,D8,28104,45,"[86, 45, 95, 81]",3,2,[95],[],True,True,False,False,True,False,False
v1__scene_translate_v02__L2__C2_D8__r05_s28105,scene_translate_v02,TRANSLATE,C2,D8,28105,45,"[86, 45, 95, 81]",3,2,[95],[],True,True,False,False,True,False,False
v1__scene_translate_v02__L2__C3_D4__r01_s28101,scene_translate_v02,TRANSLATE,C3,D4,28101,45,"[86, 45, 95, 81]",3,2,[95],[],True,True,False,False,True,False,False
v1__scene_translate_v02__L2__C3_D4__r02_s28102,scene_translate_v02,TRANSLATE,C3,D4,28102,45,"[86, 45, 95, 81]",3,2,[95],[],True,True,False,False,True,False,False
v1__scene_translate_v02__L2__C3_D4__r03_s28103,scene_translate_v02,TRANSLATE,C3,D4,28103,45,"[86, 45, 95, 81]",3,2,[95],[],True,True,False,False,True,False,False
v1__scene_translate_v02__L2__C3_D4__r04_s28104,scene_translate_v02,TRANSLATE,C3,D4,28104,45,"[86, 45, 95, 81]",3,2,[95],[],True,True,False,False,True,False,False
v1__scene_translate_v02__L2__C3_D4__r05_s28105,scene_translate_v02,TRANSLATE,C3,D4,28105,45,"[86, 45, 95, 81]",3,2,[95],[],True,True,False,False,True,False,False
v1__scene_translate_v02__L2__C3_D8__r01_s28101,scene_translate_v02,TRANSLATE,C3,D8,28101,45,"[86, 45, 95, 81]",3,2,[95],[],True,True,False,False,True,False,False
v1__scene_translate_v02__L2__C3_D8__r02_s28102,scene_translate_v02,TRANSLATE,C3,D8,28102,45,"[86, 45, 95, 81]",3,2,[95],[],True,True,False,False,True,False,False
v1__scene_translate_v02__L2__C3_D8__r03_s28103,scene_translate_v02,TRANSLATE,C3,D8,28103,45,"[86, 45, 95, 81]",3,2,[95],[],True,True,False,False,True,False,False
v1__scene_translate_v02__L2__C3_D8__r04_s28104,scene_translate_v02,TRANSLATE,C3,D8,28104,45,"[86, 45, 95, 81]",3,2,[95],[],True,True,False,False,True,False,False
v1__scene_translate_v02__L2__C3_D8__r05_s28105,scene_translate_v02,TRANSLATE,C3,D8,28105,45,"[86, 45, 95, 81]",3,2,[95],[],True,True,False,False,True,False,False
v1__scene_translate_v02__L2__C4_D4__r01_s28101,scene_translate_v02,TRANSLATE,C4,D4,28101,45,"[86, 45, 95, 81]",3,2,[95],[],True,True,False,False,True,False,False
v1__scene_translate_v02__L2__C4_D4__r02_s28102,scene_translate_v02,TRANSLATE,C4,D4,28102,45,"[86, 45, 95, 81]",3,2,[95],[],True,True,False,False,True,False,False
v1__scene_translate_v02__L2__C4_D4__r03_s28103,scene_translate_v02,TRANSLATE,C4,D4,28103,45,"[86, 45, 95, 81]",3,2,[95],[],True,True,False,False,True,False,False
v1__scene_translate_v02__L2__C4_D4__r04_s28104,scene_translate_v02,TRANSLATE,C4,D4,28104,45,"[86, 45, 95, 81]",3,2,[95],[],True,True,False,False,True,False,False
v1__scene_translate_v02__L2__C4_D4__r05_s28105,scene_translate_v02,TRANSLATE,C4,D4,28105,45,"[86, 45, 95, 81]",3,2,[95],[],True,True,False,False,True,False,False
v1__scene_translate_v02__L2__C4_D8__r01_s28101,scene_translate_v02,TRANSLATE,C4,D8,28101,45,"[86, 45, 95, 81]",3,2,[95],[],True,True,False,False,True,False,False
v1__scene_translate_v02__L2__C4_D8__r02_s28102,scene_translate_v02,TRANSLATE,C4,D8,28102,45,"[86, 45, 95, 81]",3,2,[95],[],True,True,False,False,True,False,False
v1__scene_translate_v02__L2__C4_D8__r03_s28103,scene_translate_v02,TRANSLATE,C4,D8,28103,45,"[86, 45, 95, 81]",3,2,[95],[],True,True,False,False,True,False,False
v1__scene_translate_v02__L2__C4_D8__r04_s28104,scene_translate_v02,TRANSLATE,C4,D8,28104,45,"[86, 45, 95, 81]",3,2,[95],[],True,True,False,False,True,False,False
v1__scene_translate_v02__L2__C4_D8__r05_s28105,scene_translate_v02,TRANSLATE,C4,D8,28105,45,"[86, 45, 95, 81]",3,2,[95],[],True,True,False,False,True,False,False
v1__scene_translate_v02__L2__C5_D4__r01_s28101,scene_translate_v02,TRANSLATE,C5,D4,28101,45,"[86, 45, 95, 81]",3,3,[95],[95],True,True,True,True,True,True,True
v1__scene_translate_v02__L2__C5_D4__r02_s28102,scene_translate_v02,TRANSLATE,C5,D4,28102,45,"[86, 45, 95, 81]",3,3,[95],[95],True,True,True,True,True,True,True
v1__scene_translate_v02__L2__C5_D4__r03_s28103,scene_translate_v02,TRANSLATE,C5,D4,28103,45,"[86, 45, 95, 81]",3,2,[95],[],True,True,False,False,True,False,False
v1__scene_translate_v02__L2__C5_D4__r04_s28104,scene_translate_v02,TRANSLATE,C5,D4,28104,45,"[86, 45, 95, 81]",3,3,[95],[95],True,True,True,True,True,True,True
v1__scene_translate_v02__L2__C5_D4__r05_s28105,scene_translate_v02,TRANSLATE,C5,D4,28105,45,"[86, 45, 95, 81]",3,3,[95],[95],True,True,True,True,True,True,True
v1__scene_translate_v02__L2__C5_D8__r01_s28101,scene_translate_v02,TRANSLATE,C5,D8,28101,45,"[86, 45, 95, 81]",3,2,[95],[],True,True,False,False,True,False,False
v1__scene_translate_v02__L2__C5_D8__r02_s28102,scene_translate_v02,TRANSLATE,C5,D8,28102,45,"[86, 45, 95, 81]",3,2,[95],[],True,True,False,False,True,False,False
v1__scene_translate_v02__L2__C5_D8__r03_s28103,scene_translate_v02,TRANSLATE,C5,D8,28103,45,"[86, 45, 95, 81]",3,2,[95],[],True,True,False,False,True,False,False
v1__scene_translate_v02__L2__C5_D8__r04_s28104,scene_translate_v02,TRANSLATE,C5,D8,28104,45,"[86, 45, 95, 81]",3,2,[95],[],True,True,False,False,True,False,False
v1__scene_translate_v02__L2__C5_D8__r05_s28105,scene_translate_v02,TRANSLATE,C5,D8,28105,45,"[86, 45, 95, 81]",3,2,[95],[],True,True,False,False,True,False,False
v1__scene_translate_v02__L2__C6_D4__r01_s28101,scene_translate_v02,TRANSLATE,C6,D4,28101,45,"[86, 45, 95, 81]",3,2,[95],[],True,True,False,False,True,False,False
v1__scene_translate_v02__L2__C6_D4__r02_s28102,scene_translate_v02,TRANSLATE,C6,D4,28102,45,"[86, 45, 95, 81]",3,2,[95],[],True,True,False,False,True,False,False
v1__scene_translate_v02__L2__C6_D4__r03_s28103,scene_translate_v02,TRANSLATE,C6,D4,28103,45,"[86, 45, 95, 81]",3,2,[95],[],True,True,False,False,True,False,False
v1__scene_translate_v02__L2__C6_D4__r04_s28104,scene_translate_v02,TRANSLATE,C6,D4,28104,45,"[86, 45, 95, 81]",3,2,[95],[],True,True,False,False,True,False,False
v1__scene_translate_v02__L2__C6_D4__r05_s28105,scene_translate_v02,TRANSLATE,C6,D4,28105,45,"[86, 45, 95, 81]",3,2,[95],[],True,True,False,False,True,False,False
v1__scene_translate_v02__L2__C6_D8__r01_s28101,scene_translate_v02,TRANSLATE,C6,D8,28101,45,"[86, 45, 95, 81]",3,2,[95],[],True,True,False,False,True,False,False
v1__scene_translate_v02__L2__C6_D8__r02_s28102,scene_translate_v02,TRANSLATE,C6,D8,28102,45,"[86, 45, 95, 81]",3,2,[95],[],True,True,False,False,True,False,False
v1__scene_translate_v02__L2__C6_D8__r03_s28103,scene_translate_v02,TRANSLATE,C6,D8,28103,45,"[86, 45, 95, 81]",3,2,[95],[],True,True,False,False,True,False,False
v1__scene_translate_v02__L2__C6_D8__r04_s28104,scene_translate_v02,TRANSLATE,C6,D8,28104,45,"[86, 45, 95, 81]",3,2,[95],[],True,True,False,False,True,False,False
v1__scene_translate_v02__L2__C6_D8__r05_s28105,scene_translate_v02,TRANSLATE,C6,D8,28105,45,"[86, 45, 95, 81]",3,2,[95],[],True,True,False,False,True,False,False
v1__scene_translate_v03__L2__C0_NA__r01_s28101,scene_translate_v03,TRANSLATE,C0,,28101,18,"[45, 18, 39, 41]",3,3,[45],[45],True,True,True,True,True,True,True
v1__scene_translate_v03__L2__C0_NA__r02_s28102,scene_translate_v03,TRANSLATE,C0,,28102,18,"[45, 18, 39, 41]",3,2,[45],[],True,True,False,False,True,False,False
v1__scene_translate_v03__L2__C0_NA__r03_s28103,scene_translate_v03,TRANSLATE,C0,,28103,18,"[45, 18, 39, 41]",3,3,[45],[45],True,True,True,True,True,True,True
v1__scene_translate_v03__L2__C0_NA__r04_s28104,scene_translate_v03,TRANSLATE,C0,,28104,18,"[45, 18, 39, 41]",3,2,[45],[],True,True,False,False,True,False,False
v1__scene_translate_v03__L2__C0_NA__r05_s28105,scene_translate_v03,TRANSLATE,C0,,28105,18,"[45, 18, 39, 41]",3,2,[45],[],True,True,False,False,True,False,False
v1__scene_translate_v03__L2__C1_NA__r01_s28101,scene_translate_v03,TRANSLATE,C1,,28101,18,"[45, 18, 39, 41]",3,2,[45],[],True,True,False,False,True,False,False
v1__scene_translate_v03__L2__C1_NA__r02_s28102,scene_translate_v03,TRANSLATE,C1,,28102,18,"[45, 18, 39, 41]",3,2,[45],[],True,True,False,False,True,False,False
v1__scene_translate_v03__L2__C1_NA__r03_s28103,scene_translate_v03,TRANSLATE,C1,,28103,18,"[45, 18, 39, 41]",3,2,[45],[],True,True,False,False,True,False,False
v1__scene_translate_v03__L2__C1_NA__r04_s28104,scene_translate_v03,TRANSLATE,C1,,28104,18,"[45, 18, 39, 41]",3,2,[45],[],True,True,False,False,True,False,False
v1__scene_translate_v03__L2__C1_NA__r05_s28105,scene_translate_v03,TRANSLATE,C1,,28105,18,"[45, 18, 39, 41]",3,2,[45],[],True,True,False,False,True,False,False
v1__scene_translate_v03__L2__C2_D4__r01_s28101,scene_translate_v03,TRANSLATE,C2,D4,28101,18,"[45, 18, 39, 41]",3,2,[45],[],True,True,False,False,True,False,False
v1__scene_translate_v03__L2__C2_D4__r02_s28102,scene_translate_v03,TRANSLATE,C2,D4,28102,18,"[45, 18, 39, 41]",3,2,[45],[],True,True,False,False,True,False,False
v1__scene_translate_v03__L2__C2_D4__r03_s28103,scene_translate_v03,TRANSLATE,C2,D4,28103,18,"[45, 18, 39, 41]",3,2,[45],[],True,True,False,False,True,False,False
v1__scene_translate_v03__L2__C2_D4__r04_s28104,scene_translate_v03,TRANSLATE,C2,D4,28104,18,"[45, 18, 39, 41]",3,2,[45],[],True,True,False,False,True,False,False
v1__scene_translate_v03__L2__C2_D4__r05_s28105,scene_translate_v03,TRANSLATE,C2,D4,28105,18,"[45, 18, 39, 41]",3,2,[45],[],True,True,False,False,True,False,False
v1__scene_translate_v03__L2__C2_D8__r01_s28101,scene_translate_v03,TRANSLATE,C2,D8,28101,18,"[45, 18, 39, 41]",3,2,[45],[],True,True,False,False,True,False,False
v1__scene_translate_v03__L2__C2_D8__r02_s28102,scene_translate_v03,TRANSLATE,C2,D8,28102,18,"[45, 18, 39, 41]",3,2,[45],[],True,True,False,False,True,False,False
v1__scene_translate_v03__L2__C2_D8__r03_s28103,scene_translate_v03,TRANSLATE,C2,D8,28103,18,"[45, 18, 39, 41]",3,2,[45],[],True,True,False,False,True,False,False
v1__scene_translate_v03__L2__C2_D8__r04_s28104,scene_translate_v03,TRANSLATE,C2,D8,28104,18,"[45, 18, 39, 41]",3,2,[45],[],True,True,False,False,True,False,False
v1__scene_translate_v03__L2__C2_D8__r05_s28105,scene_translate_v03,TRANSLATE,C2,D8,28105,18,"[45, 18, 39, 41]",3,2,[45],[],True,True,False,False,True,False,False
v1__scene_translate_v03__L2__C3_D4__r01_s28101,scene_translate_v03,TRANSLATE,C3,D4,28101,18,"[45, 18, 39, 41]",3,3,[45],[45],True,True,True,True,True,True,True
v1__scene_translate_v03__L2__C3_D4__r02_s28102,scene_translate_v03,TRANSLATE,C3,D4,28102,18,"[45, 18, 39, 41]",3,3,[45],[45],True,True,True,True,True,True,True
v1__scene_translate_v03__L2__C3_D4__r03_s28103,scene_translate_v03,TRANSLATE,C3,D4,28103,18,"[45, 18, 39, 41]",3,3,[45],[45],True,True,True,True,True,True,True
v1__scene_translate_v03__L2__C3_D4__r04_s28104,scene_translate_v03,TRANSLATE,C3,D4,28104,18,"[45, 18, 39, 41]",3,2,[45],[],True,True,False,False,True,False,False
v1__scene_translate_v03__L2__C3_D4__r05_s28105,scene_translate_v03,TRANSLATE,C3,D4,28105,18,"[45, 18, 39, 41]",3,2,[45],[],True,True,False,False,True,False,False
v1__scene_translate_v03__L2__C3_D8__r01_s28101,scene_translate_v03,TRANSLATE,C3,D8,28101,18,"[45, 18, 39, 41]",3,3,[45],[45],True,True,True,True,True,True,True
v1__scene_translate_v03__L2__C3_D8__r02_s28102,scene_translate_v03,TRANSLATE,C3,D8,28102,18,"[45, 18, 39, 41]",3,2,[45],[],True,True,False,False,True,False,False
v1__scene_translate_v03__L2__C3_D8__r03_s28103,scene_translate_v03,TRANSLATE,C3,D8,28103,18,"[45, 18, 39, 41]",3,3,[45],[45],True,True,True,True,True,True,True
v1__scene_translate_v03__L2__C3_D8__r04_s28104,scene_translate_v03,TRANSLATE,C3,D8,28104,18,"[45, 18, 39, 41]",3,2,[45],[],True,True,False,False,True,False,False
v1__scene_translate_v03__L2__C3_D8__r05_s28105,scene_translate_v03,TRANSLATE,C3,D8,28105,18,"[45, 18, 39, 41]",3,3,[45],[45],True,True,True,True,True,True,True
v1__scene_translate_v03__L2__C4_D4__r01_s28101,scene_translate_v03,TRANSLATE,C4,D4,28101,18,"[45, 18, 39, 41]",3,2,[45],[],True,True,False,False,True,False,False
v1__scene_translate_v03__L2__C4_D4__r02_s28102,scene_translate_v03,TRANSLATE,C4,D4,28102,18,"[45, 18, 39, 41]",3,2,[45],[],True,True,False,False,True,False,False
v1__scene_translate_v03__L2__C4_D4__r03_s28103,scene_translate_v03,TRANSLATE,C4,D4,28103,18,"[45, 18, 39, 41]",3,2,[45],[],True,True,False,False,True,False,False
v1__scene_translate_v03__L2__C4_D4__r04_s28104,scene_translate_v03,TRANSLATE,C4,D4,28104,18,"[45, 18, 39, 41]",3,2,[45],[],True,True,False,False,True,False,False
v1__scene_translate_v03__L2__C4_D4__r05_s28105,scene_translate_v03,TRANSLATE,C4,D4,28105,18,"[45, 18, 39, 41]",3,2,[45],[],True,True,False,False,True,False,False
v1__scene_translate_v03__L2__C4_D8__r01_s28101,scene_translate_v03,TRANSLATE,C4,D8,28101,18,"[45, 18, 39, 41]",3,3,[45],[45],True,True,True,True,True,True,True
v1__scene_translate_v03__L2__C4_D8__r02_s28102,scene_translate_v03,TRANSLATE,C4,D8,28102,18,"[45, 18, 39, 41]",3,3,[45],[45],True,True,True,True,True,True,True
v1__scene_translate_v03__L2__C4_D8__r03_s28103,scene_translate_v03,TRANSLATE,C4,D8,28103,18,"[45, 18, 39, 41]",3,3,[45],[45],True,True,True,True,True,True,True
v1__scene_translate_v03__L2__C4_D8__r04_s28104,scene_translate_v03,TRANSLATE,C4,D8,28104,18,"[45, 18, 39, 41]",3,2,[45],[],True,True,False,False,True,False,False
v1__scene_translate_v03__L2__C4_D8__r05_s28105,scene_translate_v03,TRANSLATE,C4,D8,28105,18,"[45, 18, 39, 41]",3,2,[45],[],True,True,False,False,True,False,False
v1__scene_translate_v03__L2__C5_D4__r01_s28101,scene_translate_v03,TRANSLATE,C5,D4,28101,18,"[45, 18, 39, 41]",3,3,[45],[45],True,True,True,True,True,True,True
v1__scene_translate_v03__L2__C5_D4__r02_s28102,scene_translate_v03,TRANSLATE,C5,D4,28102,18,"[45, 18, 39, 41]",3,3,[45],[45],True,True,True,True,True,True,True
v1__scene_translate_v03__L2__C5_D4__r03_s28103,scene_translate_v03,TRANSLATE,C5,D4,28103,18,"[45, 18, 39, 41]",3,3,[45],[45],True,True,True,True,True,True,True
v1__scene_translate_v03__L2__C5_D4__r04_s28104,scene_translate_v03,TRANSLATE,C5,D4,28104,18,"[45, 18, 39, 41]",3,2,[45],[],True,True,False,False,True,False,False
v1__scene_translate_v03__L2__C5_D4__r05_s28105,scene_translate_v03,TRANSLATE,C5,D4,28105,18,"[45, 18, 39, 41]",3,3,[45],[45],True,True,True,True,True,True,True
v1__scene_translate_v03__L2__C5_D8__r01_s28101,scene_translate_v03,TRANSLATE,C5,D8,28101,18,"[45, 18, 39, 41]",3,3,[45],[45],True,True,True,True,True,True,True
v1__scene_translate_v03__L2__C5_D8__r02_s28102,scene_translate_v03,TRANSLATE,C5,D8,28102,18,"[45, 18, 39, 41]",3,2,[45],[],True,True,False,False,True,False,False
v1__scene_translate_v03__L2__C5_D8__r03_s28103,scene_translate_v03,TRANSLATE,C5,D8,28103,18,"[45, 18, 39, 41]",3,3,[45],[45],True,True,True,True,True,True,True
v1__scene_translate_v03__L2__C5_D8__r04_s28104,scene_translate_v03,TRANSLATE,C5,D8,28104,18,"[45, 18, 39, 41]",3,2,[45],[],True,True,False,False,True,False,False
v1__scene_translate_v03__L2__C5_D8__r05_s28105,scene_translate_v03,TRANSLATE,C5,D8,28105,18,"[45, 18, 39, 41]",3,2,[45],[],True,True,False,False,True,False,False
v1__scene_translate_v03__L2__C6_D4__r01_s28101,scene_translate_v03,TRANSLATE,C6,D4,28101,18,"[45, 18, 39, 41]",3,3,[45],[45],True,True,True,True,True,True,True
v1__scene_translate_v03__L2__C6_D4__r02_s28102,scene_translate_v03,TRANSLATE,C6,D4,28102,18,"[45, 18, 39, 41]",3,3,[45],[45],True,True,True,True,True,True,True
v1__scene_translate_v03__L2__C6_D4__r03_s28103,scene_translate_v03,TRANSLATE,C6,D4,28103,18,"[45, 18, 39, 41]",3,3,[45],[45],True,True,True,True,True,True,True
v1__scene_translate_v03__L2__C6_D4__r04_s28104,scene_translate_v03,TRANSLATE,C6,D4,28104,18,"[45, 18, 39, 41]",3,2,[45],[],True,True,False,False,True,False,False
v1__scene_translate_v03__L2__C6_D4__r05_s28105,scene_translate_v03,TRANSLATE,C6,D4,28105,18,"[45, 18, 39, 41]",3,3,[45],[45],True,True,True,True,True,True,True
v1__scene_translate_v03__L2__C6_D8__r01_s28101,scene_translate_v03,TRANSLATE,C6,D8,28101,18,"[45, 18, 39, 41]",3,3,[45],[45],True,True,True,True,True,True,True
v1__scene_translate_v03__L2__C6_D8__r02_s28102,scene_translate_v03,TRANSLATE,C6,D8,28102,18,"[45, 18, 39, 41]",3,3,[45],[45],True,True,True,True,True,True,True
v1__scene_translate_v03__L2__C6_D8__r03_s28103,scene_translate_v03,TRANSLATE,C6,D8,28103,18,"[45, 18, 39, 41]",3,3,[45],[45],True,True,True,True,True,True,True
v1__scene_translate_v03__L2__C6_D8__r04_s28104,scene_translate_v03,TRANSLATE,C6,D8,28104,18,"[45, 18, 39, 41]",3,2,[45],[],True,True,False,False,True,False,False
v1__scene_translate_v03__L2__C6_D8__r05_s28105,scene_translate_v03,TRANSLATE,C6,D8,28105,18,"[45, 18, 39, 41]",3,3,[45],[45],True,True,True,True,True,True,True
v1__scene_translate_v04__L2__C0_NA__r01_s28101,scene_translate_v04,TRANSLATE,C0,,28101,13,"[77, 41, 13, 84]",3,2,[84],[],True,True,False,False,True,False,False
v1__scene_translate_v04__L2__C0_NA__r02_s28102,scene_translate_v04,TRANSLATE,C0,,28102,13,"[77, 41, 13, 84]",3,2,[84],[],True,True,False,False,True,False,False
v1__scene_translate_v04__L2__C0_NA__r03_s28103,scene_translate_v04,TRANSLATE,C0,,28103,13,"[77, 41, 13, 84]",3,2,[84],[],True,True,False,False,True,False,False
v1__scene_translate_v04__L2__C0_NA__r04_s28104,scene_translate_v04,TRANSLATE,C0,,28104,13,"[77, 41, 13, 84]",3,2,[84],[],True,True,False,False,True,False,False
v1__scene_translate_v04__L2__C0_NA__r05_s28105,scene_translate_v04,TRANSLATE,C0,,28105,13,"[77, 41, 13, 84]",3,2,[84],[],True,True,False,False,True,False,False
v1__scene_translate_v04__L2__C1_NA__r01_s28101,scene_translate_v04,TRANSLATE,C1,,28101,13,"[77, 41, 13, 84]",3,2,[84],[],True,True,False,False,True,False,False
v1__scene_translate_v04__L2__C1_NA__r02_s28102,scene_translate_v04,TRANSLATE,C1,,28102,13,"[77, 41, 13, 84]",3,2,[84],[],True,True,False,False,True,False,False
v1__scene_translate_v04__L2__C1_NA__r03_s28103,scene_translate_v04,TRANSLATE,C1,,28103,13,"[77, 41, 13, 84]",3,2,[84],[],True,True,False,False,True,False,False
v1__scene_translate_v04__L2__C1_NA__r04_s28104,scene_translate_v04,TRANSLATE,C1,,28104,13,"[77, 41, 13, 84]",3,2,[84],[],True,True,False,False,True,False,False
v1__scene_translate_v04__L2__C1_NA__r05_s28105,scene_translate_v04,TRANSLATE,C1,,28105,13,"[77, 41, 13, 84]",3,2,[84],[],True,True,False,False,True,False,False
v1__scene_translate_v04__L2__C2_D4__r01_s28101,scene_translate_v04,TRANSLATE,C2,D4,28101,13,"[77, 41, 13, 84]",3,2,[84],[],True,True,False,False,True,False,False
v1__scene_translate_v04__L2__C2_D4__r02_s28102,scene_translate_v04,TRANSLATE,C2,D4,28102,13,"[77, 41, 13, 84]",3,2,[84],[],True,True,False,False,True,False,False
v1__scene_translate_v04__L2__C2_D4__r03_s28103,scene_translate_v04,TRANSLATE,C2,D4,28103,13,"[77, 41, 13, 84]",3,2,[84],[],True,True,False,False,True,False,False
v1__scene_translate_v04__L2__C2_D4__r04_s28104,scene_translate_v04,TRANSLATE,C2,D4,28104,13,"[77, 41, 13, 84]",3,3,[84],[84],True,True,True,True,True,True,True
v1__scene_translate_v04__L2__C2_D4__r05_s28105,scene_translate_v04,TRANSLATE,C2,D4,28105,13,"[77, 41, 13, 84]",3,3,[84],[84],True,True,True,True,True,True,True
v1__scene_translate_v04__L2__C2_D8__r01_s28101,scene_translate_v04,TRANSLATE,C2,D8,28101,13,"[77, 41, 13, 84]",3,3,[84],[84],True,True,True,True,True,True,True
v1__scene_translate_v04__L2__C2_D8__r02_s28102,scene_translate_v04,TRANSLATE,C2,D8,28102,13,"[77, 41, 13, 84]",3,2,[84],[],True,True,False,False,True,False,False
v1__scene_translate_v04__L2__C2_D8__r03_s28103,scene_translate_v04,TRANSLATE,C2,D8,28103,13,"[77, 41, 13, 84]",3,2,[84],[],True,True,False,False,True,False,False
v1__scene_translate_v04__L2__C2_D8__r04_s28104,scene_translate_v04,TRANSLATE,C2,D8,28104,13,"[77, 41, 13, 84]",3,3,[84],[84],True,True,True,True,True,True,True
v1__scene_translate_v04__L2__C2_D8__r05_s28105,scene_translate_v04,TRANSLATE,C2,D8,28105,13,"[77, 41, 13, 84]",3,3,[84],[84],True,True,True,True,True,True,True
v1__scene_translate_v04__L2__C3_D4__r01_s28101,scene_translate_v04,TRANSLATE,C3,D4,28101,13,"[77, 41, 13, 84]",3,2,[84],[],True,True,False,False,True,False,False
v1__scene_translate_v04__L2__C3_D4__r02_s28102,scene_translate_v04,TRANSLATE,C3,D4,28102,13,"[77, 41, 13, 84]",3,2,[84],[],True,True,False,False,True,False,False
v1__scene_translate_v04__L2__C3_D4__r03_s28103,scene_translate_v04,TRANSLATE,C3,D4,28103,13,"[77, 41, 13, 84]",3,2,[84],[],True,True,False,False,True,False,False
v1__scene_translate_v04__L2__C3_D4__r04_s28104,scene_translate_v04,TRANSLATE,C3,D4,28104,13,"[77, 41, 13, 84]",3,2,[84],[],True,True,False,False,True,False,False
v1__scene_translate_v04__L2__C3_D4__r05_s28105,scene_translate_v04,TRANSLATE,C3,D4,28105,13,"[77, 41, 13, 84]",3,2,[84],[],True,True,False,False,True,False,False
v1__scene_translate_v04__L2__C3_D8__r01_s28101,scene_translate_v04,TRANSLATE,C3,D8,28101,13,"[77, 41, 13, 84]",3,2,[84],[],True,True,False,False,True,False,False
v1__scene_translate_v04__L2__C3_D8__r02_s28102,scene_translate_v04,TRANSLATE,C3,D8,28102,13,"[77, 41, 13, 84]",3,2,[84],[],True,True,False,False,True,False,False
v1__scene_translate_v04__L2__C3_D8__r03_s28103,scene_translate_v04,TRANSLATE,C3,D8,28103,13,"[77, 41, 13, 84]",3,2,[84],[],True,True,False,False,True,False,False
v1__scene_translate_v04__L2__C3_D8__r04_s28104,scene_translate_v04,TRANSLATE,C3,D8,28104,13,"[77, 41, 13, 84]",3,2,[84],[],True,True,False,False,True,False,False
v1__scene_translate_v04__L2__C3_D8__r05_s28105,scene_translate_v04,TRANSLATE,C3,D8,28105,13,"[77, 41, 13, 84]",3,2,[84],[],True,True,False,False,True,False,False
v1__scene_translate_v04__L2__C4_D4__r01_s28101,scene_translate_v04,TRANSLATE,C4,D4,28101,13,"[77, 41, 13, 84]",3,2,[84],[],True,True,False,False,True,False,False
v1__scene_translate_v04__L2__C4_D4__r02_s28102,scene_translate_v04,TRANSLATE,C4,D4,28102,13,"[77, 41, 13, 84]",3,2,[84],[],True,True,False,False,True,False,False
v1__scene_translate_v04__L2__C4_D4__r03_s28103,scene_translate_v04,TRANSLATE,C4,D4,28103,13,"[77, 41, 13, 84]",3,2,[84],[],True,True,False,False,True,False,False
v1__scene_translate_v04__L2__C4_D4__r04_s28104,scene_translate_v04,TRANSLATE,C4,D4,28104,13,"[77, 41, 13, 84]",3,2,[84],[],True,True,False,False,True,False,False
v1__scene_translate_v04__L2__C4_D4__r05_s28105,scene_translate_v04,TRANSLATE,C4,D4,28105,13,"[77, 41, 13, 84]",3,2,[84],[],True,True,False,False,True,False,False
v1__scene_translate_v04__L2__C4_D8__r01_s28101,scene_translate_v04,TRANSLATE,C4,D8,28101,13,"[77, 41, 13, 84]",3,2,[84],[],True,True,False,False,True,False,False
v1__scene_translate_v04__L2__C4_D8__r02_s28102,scene_translate_v04,TRANSLATE,C4,D8,28102,13,"[77, 41, 13, 84]",3,2,[84],[],True,True,False,False,True,False,False
v1__scene_translate_v04__L2__C4_D8__r03_s28103,scene_translate_v04,TRANSLATE,C4,D8,28103,13,"[77, 41, 13, 84]",3,2,[84],[],True,True,False,False,True,False,False
v1__scene_translate_v04__L2__C4_D8__r04_s28104,scene_translate_v04,TRANSLATE,C4,D8,28104,13,"[77, 41, 13, 84]",3,2,[84],[],True,True,False,False,True,False,False
v1__scene_translate_v04__L2__C4_D8__r05_s28105,scene_translate_v04,TRANSLATE,C4,D8,28105,13,"[77, 41, 13, 84]",3,2,[84],[],True,True,False,False,True,False,False
v1__scene_translate_v04__L2__C5_D4__r01_s28101,scene_translate_v04,TRANSLATE,C5,D4,28101,13,"[77, 41, 13, 84]",3,2,[84],[],True,True,False,False,True,False,False
v1__scene_translate_v04__L2__C5_D4__r02_s28102,scene_translate_v04,TRANSLATE,C5,D4,28102,13,"[77, 41, 13, 84]",3,2,[84],[],True,True,False,False,True,False,False
v1__scene_translate_v04__L2__C5_D4__r03_s28103,scene_translate_v04,TRANSLATE,C5,D4,28103,13,"[77, 41, 13, 84]",3,2,[84],[],True,True,False,False,True,False,False
v1__scene_translate_v04__L2__C5_D4__r04_s28104,scene_translate_v04,TRANSLATE,C5,D4,28104,13,"[77, 41, 13, 84]",3,2,[84],[],True,True,False,False,True,False,False
v1__scene_translate_v04__L2__C5_D4__r05_s28105,scene_translate_v04,TRANSLATE,C5,D4,28105,13,"[77, 41, 13, 84]",3,2,[84],[],True,True,False,False,True,False,False
v1__scene_translate_v04__L2__C5_D8__r01_s28101,scene_translate_v04,TRANSLATE,C5,D8,28101,13,"[77, 41, 13, 84]",3,2,[84],[],True,True,False,False,True,False,False
v1__scene_translate_v04__L2__C5_D8__r02_s28102,scene_translate_v04,TRANSLATE,C5,D8,28102,13,"[77, 41, 13, 84]",3,2,[84],[],True,True,False,False,True,False,False
v1__scene_translate_v04__L2__C5_D8__r03_s28103,scene_translate_v04,TRANSLATE,C5,D8,28103,13,"[77, 41, 13, 84]",3,2,[84],[],True,True,False,False,True,False,False
v1__scene_translate_v04__L2__C5_D8__r04_s28104,scene_translate_v04,TRANSLATE,C5,D8,28104,13,"[77, 41, 13, 84]",3,2,[84],[],True,True,False,False,True,False,False
v1__scene_translate_v04__L2__C5_D8__r05_s28105,scene_translate_v04,TRANSLATE,C5,D8,28105,13,"[77, 41, 13, 84]",3,2,[84],[],True,True,False,False,True,False,False
v1__scene_translate_v04__L2__C6_D4__r01_s28101,scene_translate_v04,TRANSLATE,C6,D4,28101,13,"[77, 41, 13, 84]",3,2,[84],[],True,True,False,False,True,False,False
v1__scene_translate_v04__L2__C6_D4__r02_s28102,scene_translate_v04,TRANSLATE,C6,D4,28102,13,"[77, 41, 13, 84]",3,2,[84],[],True,True,False,False,True,False,False
v1__scene_translate_v04__L2__C6_D4__r03_s28103,scene_translate_v04,TRANSLATE,C6,D4,28103,13,"[77, 41, 13, 84]",3,2,[84],[],True,True,False,False,True,False,False
v1__scene_translate_v04__L2__C6_D4__r04_s28104,scene_translate_v04,TRANSLATE,C6,D4,28104,13,"[77, 41, 13, 84]",3,2,[84],[],True,True,False,False,True,False,False
v1__scene_translate_v04__L2__C6_D4__r05_s28105,scene_translate_v04,TRANSLATE,C6,D4,28105,13,"[77, 41, 13, 84]",3,2,[84],[],True,True,False,False,True,False,False
v1__scene_translate_v04__L2__C6_D8__r01_s28101,scene_translate_v04,TRANSLATE,C6,D8,28101,13,"[77, 41, 13, 84]",3,2,[84],[],True,True,False,False,True,False,False
v1__scene_translate_v04__L2__C6_D8__r02_s28102,scene_translate_v04,TRANSLATE,C6,D8,28102,13,"[77, 41, 13, 84]",3,2,[84],[],True,True,False,False,True,False,False
v1__scene_translate_v04__L2__C6_D8__r03_s28103,scene_translate_v04,TRANSLATE,C6,D8,28103,13,"[77, 41, 13, 84]",3,2,[84],[],True,True,False,False,True,False,False
v1__scene_translate_v04__L2__C6_D8__r04_s28104,scene_translate_v04,TRANSLATE,C6,D8,28104,13,"[77, 41, 13, 84]",3,2,[84],[],True,True,False,False,True,False,False
v1__scene_translate_v04__L2__C6_D8__r05_s28105,scene_translate_v04,TRANSLATE,C6,D8,28105,13,"[77, 41, 13, 84]",3,2,[84],[],True,True,False,False,True,False,False
v1__scene_translate_v05__L2__C0_NA__r01_s28101,scene_translate_v05,TRANSLATE,C0,,28101,54,"[54, 79, 82, 66, 49]",4,4,[79],[79],True,True,True,True,True,True,True
v1__scene_translate_v05__L2__C0_NA__r02_s28102,scene_translate_v05,TRANSLATE,C0,,28102,54,"[54, 79, 82, 66, 49]",4,4,[79],[79],True,True,True,True,True,True,True
v1__scene_translate_v05__L2__C0_NA__r03_s28103,scene_translate_v05,TRANSLATE,C0,,28103,54,"[54, 79, 82, 66, 49]",4,4,[79],[79],True,True,True,True,True,True,True
v1__scene_translate_v05__L2__C0_NA__r04_s28104,scene_translate_v05,TRANSLATE,C0,,28104,54,"[54, 79, 82, 66, 49]",4,4,[79],[79],True,True,True,True,True,True,True
v1__scene_translate_v05__L2__C0_NA__r05_s28105,scene_translate_v05,TRANSLATE,C0,,28105,54,"[54, 79, 82, 66, 49]",4,4,[79],[79],True,True,True,True,True,True,True
v1__scene_translate_v05__L2__C1_NA__r01_s28101,scene_translate_v05,TRANSLATE,C1,,28101,54,"[54, 79, 82, 66, 49]",4,3,[79],[],True,True,False,False,True,False,False
v1__scene_translate_v05__L2__C1_NA__r02_s28102,scene_translate_v05,TRANSLATE,C1,,28102,54,"[54, 79, 82, 66, 49]",4,3,[79],[],True,True,False,False,True,False,False
v1__scene_translate_v05__L2__C1_NA__r03_s28103,scene_translate_v05,TRANSLATE,C1,,28103,54,"[54, 79, 82, 66, 49]",4,3,[79],[],True,True,False,False,True,False,False
v1__scene_translate_v05__L2__C1_NA__r04_s28104,scene_translate_v05,TRANSLATE,C1,,28104,54,"[54, 79, 82, 66, 49]",4,3,[79],[],True,True,False,False,True,False,False
v1__scene_translate_v05__L2__C1_NA__r05_s28105,scene_translate_v05,TRANSLATE,C1,,28105,54,"[54, 79, 82, 66, 49]",4,3,[79],[],True,True,False,False,True,False,False
v1__scene_translate_v05__L2__C2_D4__r01_s28101,scene_translate_v05,TRANSLATE,C2,D4,28101,54,"[54, 79, 82, 66, 49]",4,3,[79],[],True,True,False,False,True,False,False
v1__scene_translate_v05__L2__C2_D4__r02_s28102,scene_translate_v05,TRANSLATE,C2,D4,28102,54,"[54, 79, 82, 66, 49]",4,3,[79],[],True,True,False,False,True,False,False
v1__scene_translate_v05__L2__C2_D4__r03_s28103,scene_translate_v05,TRANSLATE,C2,D4,28103,54,"[54, 79, 82, 66, 49]",4,3,[79],[],True,True,False,False,True,False,False
v1__scene_translate_v05__L2__C2_D4__r04_s28104,scene_translate_v05,TRANSLATE,C2,D4,28104,54,"[54, 79, 82, 66, 49]",4,3,[79],[],True,True,False,False,True,False,False
v1__scene_translate_v05__L2__C2_D4__r05_s28105,scene_translate_v05,TRANSLATE,C2,D4,28105,54,"[54, 79, 82, 66, 49]",4,3,[79],[],True,True,False,False,True,False,False
v1__scene_translate_v05__L2__C2_D8__r01_s28101,scene_translate_v05,TRANSLATE,C2,D8,28101,54,"[54, 79, 82, 66, 49]",4,3,[79],[],True,True,False,False,True,False,False
v1__scene_translate_v05__L2__C2_D8__r02_s28102,scene_translate_v05,TRANSLATE,C2,D8,28102,54,"[54, 79, 82, 66, 49]",4,3,[79],[],True,True,False,False,True,False,False
v1__scene_translate_v05__L2__C2_D8__r03_s28103,scene_translate_v05,TRANSLATE,C2,D8,28103,54,"[54, 79, 82, 66, 49]",4,3,[79],[],True,True,False,False,True,False,False
v1__scene_translate_v05__L2__C2_D8__r04_s28104,scene_translate_v05,TRANSLATE,C2,D8,28104,54,"[54, 79, 82, 66, 49]",4,3,[79],[],True,True,False,False,True,False,False
v1__scene_translate_v05__L2__C2_D8__r05_s28105,scene_translate_v05,TRANSLATE,C2,D8,28105,54,"[54, 79, 82, 66, 49]",4,4,[79],[79],True,True,True,True,True,True,True
v1__scene_translate_v05__L2__C3_D4__r01_s28101,scene_translate_v05,TRANSLATE,C3,D4,28101,54,"[54, 79, 82, 66, 49]",4,3,[79],[],True,True,False,False,True,False,False
v1__scene_translate_v05__L2__C3_D4__r02_s28102,scene_translate_v05,TRANSLATE,C3,D4,28102,54,"[54, 79, 82, 66, 49]",4,3,[79],[],True,True,False,False,True,False,False
v1__scene_translate_v05__L2__C3_D4__r03_s28103,scene_translate_v05,TRANSLATE,C3,D4,28103,54,"[54, 79, 82, 66, 49]",4,3,[79],[],True,True,False,False,True,False,False
v1__scene_translate_v05__L2__C3_D4__r04_s28104,scene_translate_v05,TRANSLATE,C3,D4,28104,54,"[54, 79, 82, 66, 49]",4,3,[79],[],True,True,False,False,True,False,False
v1__scene_translate_v05__L2__C3_D4__r05_s28105,scene_translate_v05,TRANSLATE,C3,D4,28105,54,"[54, 79, 82, 66, 49]",4,3,[79],[],True,True,False,False,True,False,False
v1__scene_translate_v05__L2__C3_D8__r01_s28101,scene_translate_v05,TRANSLATE,C3,D8,28101,54,"[54, 79, 82, 66, 49]",4,3,[79],[],True,True,False,False,True,False,False
v1__scene_translate_v05__L2__C3_D8__r02_s28102,scene_translate_v05,TRANSLATE,C3,D8,28102,54,"[54, 79, 82, 66, 49]",4,3,[79],[],True,True,False,False,True,False,False
v1__scene_translate_v05__L2__C3_D8__r03_s28103,scene_translate_v05,TRANSLATE,C3,D8,28103,54,"[54, 79, 82, 66, 49]",4,3,[79],[],True,True,False,False,True,False,False
v1__scene_translate_v05__L2__C3_D8__r04_s28104,scene_translate_v05,TRANSLATE,C3,D8,28104,54,"[54, 79, 82, 66, 49]",4,3,[79],[],True,True,False,False,True,False,False
v1__scene_translate_v05__L2__C3_D8__r05_s28105,scene_translate_v05,TRANSLATE,C3,D8,28105,54,"[54, 79, 82, 66, 49]",4,4,[79],[79],True,True,True,True,True,True,True
v1__scene_translate_v05__L2__C4_D4__r01_s28101,scene_translate_v05,TRANSLATE,C4,D4,28101,54,"[54, 79, 82, 66, 49]",4,4,[79],[79],True,True,True,True,True,True,True
v1__scene_translate_v05__L2__C4_D4__r02_s28102,scene_translate_v05,TRANSLATE,C4,D4,28102,54,"[54, 79, 82, 66, 49]",4,3,[79],[],True,True,False,False,True,False,False
v1__scene_translate_v05__L2__C4_D4__r03_s28103,scene_translate_v05,TRANSLATE,C4,D4,28103,54,"[54, 79, 82, 66, 49]",4,3,[79],[],True,True,False,False,True,False,False
v1__scene_translate_v05__L2__C4_D4__r04_s28104,scene_translate_v05,TRANSLATE,C4,D4,28104,54,"[54, 79, 82, 66, 49]",4,3,[79],[],True,True,False,False,True,False,False
v1__scene_translate_v05__L2__C4_D4__r05_s28105,scene_translate_v05,TRANSLATE,C4,D4,28105,54,"[54, 79, 82, 66, 49]",4,3,[79],[],True,True,False,False,True,False,False
v1__scene_translate_v05__L2__C4_D8__r01_s28101,scene_translate_v05,TRANSLATE,C4,D8,28101,54,"[54, 79, 82, 66, 49]",4,3,[79],[],True,True,False,False,True,False,False
v1__scene_translate_v05__L2__C4_D8__r02_s28102,scene_translate_v05,TRANSLATE,C4,D8,28102,54,"[54, 79, 82, 66, 49]",4,4,[79],[79],True,True,True,True,True,True,True
v1__scene_translate_v05__L2__C4_D8__r03_s28103,scene_translate_v05,TRANSLATE,C4,D8,28103,54,"[54, 79, 82, 66, 49]",4,3,[79],[],True,True,False,False,True,False,False
v1__scene_translate_v05__L2__C4_D8__r04_s28104,scene_translate_v05,TRANSLATE,C4,D8,28104,54,"[54, 79, 82, 66, 49]",4,3,[79],[],True,True,False,False,True,False,False
v1__scene_translate_v05__L2__C4_D8__r05_s28105,scene_translate_v05,TRANSLATE,C4,D8,28105,54,"[54, 79, 82, 66, 49]",4,3,[79],[],True,True,False,False,True,False,False
v1__scene_translate_v05__L2__C5_D4__r01_s28101,scene_translate_v05,TRANSLATE,C5,D4,28101,54,"[54, 79, 82, 66, 49]",4,3,[79],[],True,True,False,False,True,False,False
v1__scene_translate_v05__L2__C5_D4__r02_s28102,scene_translate_v05,TRANSLATE,C5,D4,28102,54,"[54, 79, 82, 66, 49]",4,4,[79],[79],True,True,True,True,True,True,True
v1__scene_translate_v05__L2__C5_D4__r03_s28103,scene_translate_v05,TRANSLATE,C5,D4,28103,54,"[54, 79, 82, 66, 49]",4,4,[79],[79],True,True,True,True,True,True,True
v1__scene_translate_v05__L2__C5_D4__r04_s28104,scene_translate_v05,TRANSLATE,C5,D4,28104,54,"[54, 79, 82, 66, 49]",4,3,[79],[],True,True,False,False,True,False,False
v1__scene_translate_v05__L2__C5_D4__r05_s28105,scene_translate_v05,TRANSLATE,C5,D4,28105,54,"[54, 79, 82, 66, 49]",4,4,[79],[79],True,True,True,True,True,True,True
v1__scene_translate_v05__L2__C5_D8__r01_s28101,scene_translate_v05,TRANSLATE,C5,D8,28101,54,"[54, 79, 82, 66, 49]",4,4,[79],[79],True,True,True,True,True,True,True
v1__scene_translate_v05__L2__C5_D8__r02_s28102,scene_translate_v05,TRANSLATE,C5,D8,28102,54,"[54, 79, 82, 66, 49]",4,4,[79],[79],True,True,True,True,True,True,True
v1__scene_translate_v05__L2__C5_D8__r03_s28103,scene_translate_v05,TRANSLATE,C5,D8,28103,54,"[54, 79, 82, 66, 49]",4,3,[79],[],True,True,False,False,True,False,False
v1__scene_translate_v05__L2__C5_D8__r04_s28104,scene_translate_v05,TRANSLATE,C5,D8,28104,54,"[54, 79, 82, 66, 49]",4,4,[79],[79],True,True,True,True,True,True,True
v1__scene_translate_v05__L2__C5_D8__r05_s28105,scene_translate_v05,TRANSLATE,C5,D8,28105,54,"[54, 79, 82, 66, 49]",4,4,[79],[79],True,True,True,True,True,True,True
v1__scene_translate_v05__L2__C6_D4__r01_s28101,scene_translate_v05,TRANSLATE,C6,D4,28101,54,"[54, 79, 82, 66, 49]",4,3,[79],[],True,True,False,False,True,False,False
v1__scene_translate_v05__L2__C6_D4__r02_s28102,scene_translate_v05,TRANSLATE,C6,D4,28102,54,"[54, 79, 82, 66, 49]",4,4,[79],[79],True,True,True,True,True,True,True
v1__scene_translate_v05__L2__C6_D4__r03_s28103,scene_translate_v05,TRANSLATE,C6,D4,28103,54,"[54, 79, 82, 66, 49]",4,3,[79],[],True,True,False,False,True,False,False
v1__scene_translate_v05__L2__C6_D4__r04_s28104,scene_translate_v05,TRANSLATE,C6,D4,28104,54,"[54, 79, 82, 66, 49]",4,3,[79],[],True,True,False,False,True,False,False
v1__scene_translate_v05__L2__C6_D4__r05_s28105,scene_translate_v05,TRANSLATE,C6,D4,28105,54,"[54, 79, 82, 66, 49]",4,4,[79],[79],True,True,True,True,True,True,True
v1__scene_translate_v05__L2__C6_D8__r01_s28101,scene_translate_v05,TRANSLATE,C6,D8,28101,54,"[54, 79, 82, 66, 49]",4,3,[79],[],True,True,False,False,True,False,False
v1__scene_translate_v05__L2__C6_D8__r02_s28102,scene_translate_v05,TRANSLATE,C6,D8,28102,54,"[54, 79, 82, 66, 49]",4,4,[79],[79],True,True,True,True,True,True,True
v1__scene_translate_v05__L2__C6_D8__r03_s28103,scene_translate_v05,TRANSLATE,C6,D8,28103,54,"[54, 79, 82, 66, 49]",4,3,[79],[],True,True,False,False,True,False,False
v1__scene_translate_v05__L2__C6_D8__r04_s28104,scene_translate_v05,TRANSLATE,C6,D8,28104,54,"[54, 79, 82, 66, 49]",4,3,[79],[],True,True,False,False,True,False,False
v1__scene_translate_v05__L2__C6_D8__r05_s28105,scene_translate_v05,TRANSLATE,C6,D8,28105,54,"[54, 79, 82, 66, 49]",4,4,[79],[79],True,True,True,True,True,True,True
