run_id,scene_id,scene_family,geometry_condition,direction_resolution,seed,target_id,l3_reason,l3_blocker_id,l3_joint_correct,l3_blocker_correct,advisory_action,predicted_action,advisory_match,post_validation_pass,raw_response
v26__scene_fc_blocked_v01__L4__C0_D4__r01_s28101,scene_fc_blocked_v01,FC_BLOCKED,C0,D4,28101,64,CLEARANCE_OVERLAP,40,True,True,TRANSLATE,TRANSLATE,True,True,"{""action"": ""TRANSLATE""}"
v26__scene_fc_blocked_v01__L4__C0_D4__r02_s28102,scene_fc_blocked_v01,FC_BLOCKED,C0,D4,28102,64,CLEARANCE_OVERLAP,40,True,True,TRANSLATE,TRANSLATE,True,True,"{""action"": ""TRANSLATE""}"
v26__scene_fc_blocked_v01__L4__C0_D4__r03_s28103,scene_fc_blocked_v01,FC_BLOCKED,C0,D4,28103,64,CLEARANCE_OVERLAP,40,True,True,TRANSLATE,TRANSLATE,True,True,"{""action"": ""TRANSLATE""}"
v26__scene_fc_blocked_v01__L4__C0_D4__r04_s28104,scene_fc_blocked_v01,FC_BLOCKED,C0,D4,28104,64,CLEARANCE_OVERLAP,40,True,True,TRANSLATE,TRANSLATE,True,True,"{""action"": ""TRANSLATE""}"
v26__scene_fc_blocked_v01__L4__C0_D4__r05_s28105,scene_fc_blocked_v01,FC_BLOCKED,C0,D4,28105,64,CLEARANCE_OVERLAP,40,True,True,TRANSLATE,TRANSLATE,True,True,"{""action"": ""TRANSLATE""}"
v26__scene_fc_blocked_v02__L4__C0_D4__r01_s28101,scene_fc_blocked_v02,FC_BLOCKED,C0,D4,28101,53,CLEARANCE_OVERLAP,49,True,True,TRANSLATE,LIFT_AND_RELOCATE,False,True,"{""action"": ""LIFT_AND_RELOCATE""}"
v26__scene_fc_blocked_v02__L4__C0_D4__r02_s28102,scene_fc_blocked_v02,FC_BLOCKED,C0,D4,28102,53,CLEARANCE_OVERLAP,49,True,True,TRANSLATE,LIFT_AND_RELOCATE,False,True,"{""action"": ""LIFT_AND_RELOCATE""}"
v26__scene_fc_blocked_v02__L4__C0_D4__r03_s28103,scene_fc_blocked_v02,FC_BLOCKED,C0,D4,28103,53,CLEARANCE_OVERLAP,49,True,True,TRANSLATE,LIFT_AND_RELOCATE,False,True,"{""action"": ""LIFT_AND_RELOCATE""}"
v26__scene_fc_blocked_v02__L4__C0_D4__r04_s28104,scene_fc_blocked_v02,FC_BLOCKED,C0,D4,28104,53,CLEARANCE_OVERLAP,49,True,True,TRANSLATE,LIFT_AND_RELOCATE,False,True,"{""action"": ""LIFT_AND_RELOCATE""}"
v26__scene_fc_blocked_v02__L4__C0_D4__r05_s28105,scene_fc_blocked_v02,FC_BLOCKED,C0,D4,28105,53,CLEARANCE_OVERLAP,49,True,True,TRANSLATE,LIFT_AND_RELOCATE,False,True,"{""action"": ""LIFT_AND_RELOCATE""}"
v26__scene_fc_blocked_v03__L4__C0_D4__r01_s28101,scene_fc_blocked_v03,FC_BLOCKED,C0,D4,28101,12,CLEARANCE_OVERLAP,33,True,True,TRANSLATE,TRANSLATE,True,True,"{""action"": ""TRANSLATE""}"
v26__scene_fc_blocked_v03__L4__C0_D4__r02_s28102,scene_fc_blocked_v03,FC_BLOCKED,C0,D4,28102,12,CLEARANCE_OVERLAP,33,True,True,TRANSLATE,TRANSLATE,True,True,"{""action"": ""TRANSLATE""}"
v26__scene_fc_blocked_v03__L4__C0_D4__r03_s28103,scene_fc_blocked_v03,FC_BLOCKED,C0,D4,28103,12,CLEARANCE_OVERLAP,33,True,True,TRANSLATE,TRANSLATE,True,True,"{""action"": ""TRANSLATE""}"
v26__scene_fc_blocked_v03__L4__C0_D4__r04_s28104,scene_fc_blocked_v03,FC_BLOCKED,C0,D4,28104,12,CLEARANCE_OVERLAP,33,True,True,TRANSLATE,TRANSLATE,True,True,"{""action"": ""TRANSLATE""}"
v26__scene_fc_blocked_v03__L4__C0_D4__r05_s28105,scene_fc_blocked_v03,FC_BLOCKED,C0,D4,28105,12,CLEARANCE_OVERLAP,33,True,True,TRANSLATE,TRANSLATE,True,True,"{""action"": ""TRANSLATE""}"
v26__scene_fc_blocked_v04__L4__C0_D4__r01_s28101,scene_fc_blocked_v04,FC_BLOCKED,C0,D4,28101,89,CLEARANCE_OVERLAP,19,True,True,TRANSLATE,TRANSLATE,True,True,"{""action"": ""TRANSLATE""}"
v26__scene_fc_blocked_v04__L4__C0_D4__r02_s28102,scene_fc_blocked_v04,FC_BLOCKED,C0,D4,28102,89,CLEARANCE_OVERLAP,19,True,True,TRANSLATE,TRANSLATE,True,True,"{""action"": ""TRANSLATE""}"
v26__scene_fc_blocked_v04__L4__C0_D4__r03_s28103,scene_fc_blocked_v04,FC_BLOCKED,C0,D4,28103,89,CLEARANCE_OVERLAP,19,True,True,TRANSLATE,TRANSLATE,True,True,"{""action"": ""TRANSLATE""}"
v26__scene_fc_blocked_v04__L4__C0_D4__r04_s28104,scene_fc_blocked_v04,FC_BLOCKED,C0,D4,28104,89,CLEARANCE_OVERLAP,19,True,True,TRANSLATE,TRANSLATE,True,True,"{""action"": ""TRANSLATE""}"
v26__scene_fc_blocked_v04__L4__C0_D4__r05_s28105,scene_fc_blocked_v04,FC_BLOCKED,C0,D4,28105,89,CLEARANCE_OVERLAP,19,True,True,TRANSLATE,TRANSLATE,True,True,"{""action"": ""TRANSLATE""}"
v26__scene_fc_blocked_v05__L4__C0_D4__r01_s28101,scene_fc_blocked_v05,FC_BLOCKED,C0,D4,28101,59,CLEARANCE_OVERLAP,26,False,True,TRANSLATE,TRANSLATE,True,True,"{""action"": ""TRANSLATE""}"
v26__scene_fc_blocked_v05__L4__C0_D4__r02_s28102,scene_fc_blocked_v05,FC_BLOCKED,C0,D4,28102,59,CLEARANCE_OVERLAP,26,False,True,TRANSLATE,TRANSLATE,True,True,"{""action"": ""TRANSLATE""}"
v26__scene_fc_blocked_v05__L4__C0_D4__r03_s28103,scene_fc_blocked_v05,FC_BLOCKED,C0,D4,28103,59,CLEARANCE_OVERLAP,26,False,True,TRANSLATE,TRANSLATE,True,True,"{""action"": ""TRANSLATE""}"
v26__scene_fc_blocked_v05__L4__C0_D4__r04_s28104,scene_fc_blocked_v05,FC_BLOCKED,C0,D4,28104,59,CLEARANCE_OVERLAP,26,False,True,TRANSLATE,TRANSLATE,True,True,"{""action"": ""TRANSLATE""}"
v26__scene_fc_blocked_v05__L4__C0_D4__r05_s28105,scene_fc_blocked_v05,FC_BLOCKED,C0,D4,28105,59,CLEARANCE_OVERLAP,26,False,True,TRANSLATE,TRANSLATE,True,True,"{""action"": ""TRANSLATE""}"
v26__scene_fc_clear_v01__L4__C0_D4__r01_s28101,scene_fc_clear_v01,FC_CLEAR,C0,D4,28101,53,NONE,,True,True,RETRIEVE,RETRIEVE,True,True,"{""action"": ""RETRIEVE""}"
v26__scene_fc_clear_v01__L4__C0_D4__r02_s28102,scene_fc_clear_v01,FC_CLEAR,C0,D4,28102,53,NONE,,True,True,RETRIEVE,RETRIEVE,True,True,"{""action"": ""RETRIEVE""}"
v26__scene_fc_clear_v01__L4__C0_D4__r03_s28103,scene_fc_clear_v01,FC_CLEAR,C0,D4,28103,53,NONE,,True,True,RETRIEVE,RETRIEVE,True,True,"{""action"": ""RETRIEVE""}"
v26__scene_fc_clear_v01__L4__C0_D4__r04_s28104,scene_fc_clear_v01,FC_CLEAR,C0,D4,28104,53,NONE,,True,True,RETRIEVE,RETRIEVE,True,True,"{""action"": ""RETRIEVE""}"
v26__scene_fc_clear_v01__L4__C0_D4__r05_s28105,scene_fc_clear_v01,FC_CLEAR,C0,D4,28105,53,NONE,,True,True,RETRIEVE,RETRIEVE,True,True,"{""action"": ""RETRIEVE""}"
v26__scene_fc_clear_v02__L4__C0_D4__r01_s28101,scene_fc_clear_v02,FC_CLEAR,C0,D4,28101,29,CLEARANCE_OVERLAP,10,False,False,RETRIEVE,LIFT_AND_RELOCATE,False,True,"{""action"": ""LIFT_AND_RELOCATE""}"
v26__scene_fc_clear_v02__L4__C0_D4__r02_s28102,scene_fc_clear_v02,FC_CLEAR,C0,D4,28102,29,CLEARANCE_OVERLAP,10,False,False,RETRIEVE,LIFT_AND_RELOCATE,False,True,"{""action"": ""LIFT_AND_RELOCATE""}"
v26__scene_fc_clear_v02__L4__C0_D4__r03_s28103,scene_fc_clear_v02,FC_CLEAR,C0,D4,28103,29,CLEARANCE_OVERLAP,10,False,False,RETRIEVE,LIFT_AND_RELOCATE,False,True,"{""action"": ""LIFT_AND_RELOCATE""}"
v26__scene_fc_clear_v02__L4__C0_D4__r04_s28104,scene_fc_clear_v02,FC_CLEAR,C0,D4,28104,29,CLEARANCE_OVERLAP,10,False,False,RETRIEVE,LIFT_AND_RELOCATE,False,True,"{""action"": ""LIFT_AND_RELOCATE""}"
v26__scene_fc_clear_v02__L4__C0_D4__r05_s28105,scene_fc_clear_v02,FC_CLEAR,C0,D4,28105,29,CLEARANCE_OVERLAP,10,False,False,RETRIEVE,LIFT_AND_RELOCATE,False,True,"{""action"": ""LIFT_AND_RELOCATE""}"
v26__scene_fc_clear_v03__L4__C0_D4__r01_s28101,scene_fc_clear_v03,FC_CLEAR,C0,D4,28101,95,NONE,,True,True,RETRIEVE,RETRIEVE,True,True,"{""action"": ""RETRIEVE""}"
v26__scene_fc_clear_v03__L4__C0_D4__r02_s28102,scene_fc_clear_v03,FC_CLEAR,C0,D4,28102,95,NONE,,True,True,RETRIEVE,RETRIEVE,True,True,"{""action"": ""RETRIEVE""}"
v26__scene_fc_clear_v03__L4__C0_D4__r03_s28103,scene_fc_clear_v03,FC_CLEAR,C0,D4,28103,95,NONE,,True,True,RETRIEVE,RETRIEVE,True,True,"{""action"": ""RETRIEVE""}"
v26__scene_fc_clear_v03__L4__C0_D4__r04_s28104,scene_fc_clear_v03,FC_CLEAR,C0,D4,28104,95,NONE,,True,True,RETRIEVE,RETRIEVE,True,True,"{""action"": ""RETRIEVE""}"
v26__scene_fc_clear_v03__L4__C0_D4__r05_s28105,scene_fc_clear_v03,FC_CLEAR,C0,D4,28105,95,NONE,,True,True,RETRIEVE,RETRIEVE,True,True,"{""action"": ""RETRIEVE""}"
v26__scene_fc_clear_v04__L4__C0_D4__r01_s28101,scene_fc_clear_v04,FC_CLEAR,C0,D4,28101,61,CLEARANCE_OVERLAP,38,False,False,RETRIEVE,LIFT_AND_RELOCATE,False,True,"{""action"": ""LIFT_AND_RELOCATE""}"
v26__scene_fc_clear_v04__L4__C0_D4__r02_s28102,scene_fc_clear_v04,FC_CLEAR,C0,D4,28102,61,CLEARANCE_OVERLAP,38,False,False,RETRIEVE,LIFT_AND_RELOCATE,False,True,"{""action"": ""LIFT_AND_RELOCATE""}"
v26__scene_fc_clear_v04__L4__C0_D4__r03_s28103,scene_fc_clear_v04,FC_CLEAR,C0,D4,28103,61,CLEARANCE_OVERLAP,38,False,False,RETRIEVE,LIFT_AND_RELOCATE,False,True,"{""action"": ""LIFT_AND_RELOCATE""}"
v26__scene_fc_clear_v04__L4__C0_D4__r04_s28104,scene_fc_clear_v04,FC_CLEAR,C0,D4,28104,61,CLEARANCE_OVERLAP,38,False,False,RETRIEVE,LIFT_AND_RELOCATE,False,True,"{""action"": ""LIFT_AND_RELOCATE""}"
v26__scene_fc_clear_v04__L4__C0_D4__r05_s28105,scene_fc_clear_v04,FC_CLEAR,C0,D4,28105,61,CLEARANCE_OVERLAP,38,False,False,RETRIEVE,LIFT_AND_RELOCATE,False,True,"{""action"": ""LIFT_AND_RELOCATE""}"
v26__scene_fc_clear_v05__L4__C0_D4__r01_s28101,scene_fc_clear_v05,FC_CLEAR,C0,D4,28101,62,NONE,,False,False,RETRIEVE,RETRIEVE,True,True,"{""action"": ""RETRIEVE""}"
v26__scene_fc_clear_v05__L4__C0_D4__r02_s28102,scene_fc_clear_v05,FC_CLEAR,C0,D4,28102,62,NONE,,False,False,RETRIEVE,RETRIEVE,True,True,"{""action"": ""RETRIEVE""}"
v26__scene_fc_clear_v05__L4__C0_D4__r03_s28103,scene_fc_clear_v05,FC_CLEAR,C0,D4,28103,62,NONE,,False,False,RETRIEVE,RETRIEVE,True,True,"{""action"": ""RETRIEVE""}"
v26__scene_fc_clear_v05__L4__C0_D4__r04_s28104,scene_fc_clear_v05,FC_CLEAR,C0,D4,28104,62,CLEARANCE_OVERLAP,82,True,True,RETRIEVE,TRANSLATE,False,True,"{""action"": ""TRANSLATE""}"
v26__scene_fc_clear_v05__L4__C0_D4__r05_s28105,scene_fc_clear_v05,FC_CLEAR,C0,D4,28105,62,NONE,,False,False,RETRIEVE,RETRIEVE,True,True,"{""action"": ""RETRIEVE""}"
v26__scene_lift_and_relocate_v01__L4__C0_D4__r01_s28101,scene_lift_and_relocate_v01,LIFT_AND_RELOCATE,C0,D4,28101,59,CLEARANCE_OVERLAP,64,False,True,LIFT_AND_RELOCATE,LIFT_AND_RELOCATE,True,True,"{""action"": ""LIFT_AND_RELOCATE""}"
v26__scene_lift_and_relocate_v01__L4__C0_D4__r02_s28102,scene_lift_and_relocate_v01,LIFT_AND_RELOCATE,C0,D4,28102,59,CLEARANCE_OVERLAP,64,False,True,LIFT_AND_RELOCATE,LIFT_AND_RELOCATE,True,True,"{""action"": ""LIFT_AND_RELOCATE""}"
v26__scene_lift_and_relocate_v01__L4__C0_D4__r03_s28103,scene_lift_and_relocate_v01,LIFT_AND_RELOCATE,C0,D4,28103,59,CLEARANCE_OVERLAP,64,False,True,LIFT_AND_RELOCATE,LIFT_AND_RELOCATE,True,True,"{""action"": ""LIFT_AND_RELOCATE""}"
v26__scene_lift_and_relocate_v01__L4__C0_D4__r04_s28104,scene_lift_and_relocate_v01,LIFT_AND_RELOCATE,C0,D4,28104,59,CLEARANCE_OVERLAP,64,False,True,LIFT_AND_RELOCATE,LIFT_AND_RELOCATE,True,True,"{""action"": ""LIFT_AND_RELOCATE""}"
v26__scene_lift_and_relocate_v01__L4__C0_D4__r05_s28105,scene_lift_and_relocate_v01,LIFT_AND_RELOCATE,C0,D4,28105,59,CLEARANCE_OVERLAP,64,False,True,LIFT_AND_RELOCATE,LIFT_AND_RELOCATE,True,True,"{""action"": ""LIFT_AND_RELOCATE""}"
v26__scene_lift_and_relocate_v02__L4__C0_D4__r01_s28101,scene_lift_and_relocate_v02,LIFT_AND_RELOCATE,C0,D4,28101,70,CLEARANCE_OVERLAP,77,False,False,LIFT_AND_RELOCATE,TRANSLATE,False,True,"{""action"": ""TRANSLATE""}"
v26__scene_lift_and_relocate_v02__L4__C0_D4__r02_s28102,scene_lift_and_relocate_v02,LIFT_AND_RELOCATE,C0,D4,28102,70,CLEARANCE_OVERLAP,77,False,False,LIFT_AND_RELOCATE,TRANSLATE,False,True,"{""action"": ""TRANSLATE""}"
v26__scene_lift_and_relocate_v02__L4__C0_D4__r03_s28103,scene_lift_and_relocate_v02,LIFT_AND_RELOCATE,C0,D4,28103,70,CLEARANCE_OVERLAP,77,False,False,LIFT_AND_RELOCATE,TRANSLATE,False,True,"{""action"": ""TRANSLATE""}"
v26__scene_lift_and_relocate_v02__L4__C0_D4__r04_s28104,scene_lift_and_relocate_v02,LIFT_AND_RELOCATE,C0,D4,28104,70,CLEARANCE_OVERLAP,77,False,False,LIFT_AND_RELOCATE,TRANSLATE,False,True,"{""action"": ""TRANSLATE""}"
v26__scene_lift_and_relocate_v02__L4__C0_D4__r05_s28105,scene_lift_and_relocate_v02,LIFT_AND_RELOCATE,C0,D4,28105,70,CLEARANCE_OVERLAP,77,False,False,LIFT_AND_RELOCATE,TRANSLATE,False,True,"{""action"": ""TRANSLATE""}"
v26__scene_lift_and_relocate_v03__L4__C0_D4__r01_s28101,scene_lift_and_relocate_v03,LIFT_AND_RELOCATE,C0,D4,28101,12,CLEARANCE_OVERLAP,35,False,True,LIFT_AND_RELOCATE,LIFT_AND_RELOCATE,True,True,"{""action"": ""LIFT_AND_RELOCATE""}"
v26__scene_lift_and_relocate_v03__L4__C0_D4__r02_s28102,scene_lift_and_relocate_v03,LIFT_AND_RELOCATE,C0,D4,28102,12,CLEARANCE_OVERLAP,35,False,True,LIFT_AND_RELOCATE,LIFT_AND_RELOCATE,True,True,"{""action"": ""LIFT_AND_RELOCATE""}"
v26__scene_lift_and_relocate_v03__L4__C0_D4__r03_s28103,scene_lift_and_relocate_v03,LIFT_AND_RELOCATE,C0,D4,28103,12,CLEARANCE_OVERLAP,35,False,True,LIFT_AND_RELOCATE,LIFT_AND_RELOCATE,True,True,"{""action"": ""LIFT_AND_RELOCATE""}"
v26__scene_lift_and_relocate_v03__L4__C0_D4__r04_s28104,scene_lift_and_relocate_v03,LIFT_AND_RELOCATE,C0,D4,28104,12,CLEARANCE_OVERLAP,35,False,True,LIFT_AND_RELOCATE,LIFT_AND_RELOCATE,True,True,"{""action"": ""LIFT_AND_RELOCATE""}"
v26__scene_lift_and_relocate_v03__L4__C0_D4__r05_s28105,scene_lift_and_relocate_v03,LIFT_AND_RELOCATE,C0,D4,28105,12,CLEARANCE_OVERLAP,35,False,True,LIFT_AND_RELOCATE,LIFT_AND_RELOCATE,True,True,"{""action"": ""LIFT_AND_RELOCATE""}"
v26__scene_lift_and_relocate_v04__L4__C0_D4__r01_s28101,scene_lift_and_relocate_v04,LIFT_AND_RELOCATE,C0,D4,28101,68,CLEARANCE_OVERLAP,73,False,True,LIFT_AND_RELOCATE,LIFT_AND_RELOCATE,True,True,"{""action"": ""LIFT_AND_RELOCATE""}"
v26__scene_lift_and_relocate_v04__L4__C0_D4__r02_s28102,scene_lift_and_relocate_v04,LIFT_AND_RELOCATE,C0,D4,28102,68,CLEARANCE_OVERLAP,73,False,True,LIFT_AND_RELOCATE,LIFT_AND_RELOCATE,True,True,"{""action"": ""LIFT_AND_RELOCATE""}"
v26__scene_lift_and_relocate_v04__L4__C0_D4__r03_s28103,scene_lift_and_relocate_v04,LIFT_AND_RELOCATE,C0,D4,28103,68,CLEARANCE_OVERLAP,30,False,False,LIFT_AND_RELOCATE,TRANSLATE,False,True,"{""action"": ""TRANSLATE""}"
v26__scene_lift_and_relocate_v04__L4__C0_D4__r04_s28104,scene_lift_and_relocate_v04,LIFT_AND_RELOCATE,C0,D4,28104,68,CLEARANCE_OVERLAP,73,False,True,LIFT_AND_RELOCATE,LIFT_AND_RELOCATE,True,True,"{""action"": ""LIFT_AND_RELOCATE""}"
v26__scene_lift_and_relocate_v04__L4__C0_D4__r05_s28105,scene_lift_and_relocate_v04,LIFT_AND_RELOCATE,C0,D4,28105,68,CLEARANCE_OVERLAP,73,False,True,LIFT_AND_RELOCATE,LIFT_AND_RELOCATE,True,True,"{""action"": ""LIFT_AND_RELOCATE""}"
v26__scene_lift_and_relocate_v05__L4__C0_D4__r01_s28101,scene_lift_and_relocate_v05,LIFT_AND_RELOCATE,C0,D4,28101,43,CLEARANCE_OVERLAP,15,False,True,LIFT_AND_RELOCATE,LIFT_AND_RELOCATE,True,True,"{""action"": ""LIFT_AND_RELOCATE""}"
v26__scene_lift_and_relocate_v05__L4__C0_D4__r02_s28102,scene_lift_and_relocate_v05,LIFT_AND_RELOCATE,C0,D4,28102,43,OCCLUSION,15,False,True,LIFT_AND_RELOCATE,LIFT_AND_RELOCATE,True,True,"{""action"": ""LIFT_AND_RELOCATE""}"
v26__scene_lift_and_relocate_v05__L4__C0_D4__r03_s28103,scene_lift_and_relocate_v05,LIFT_AND_RELOCATE,C0,D4,28103,43,OCCLUSION,15,False,True,LIFT_AND_RELOCATE,LIFT_AND_RELOCATE,True,True,"{""action"": ""LIFT_AND_RELOCATE""}"
v26__scene_lift_and_relocate_v05__L4__C0_D4__r04_s28104,scene_lift_and_relocate_v05,LIFT_AND_RELOCATE,C0,D4,28104,43,CLEARANCE_OVERLAP,15,False,True,LIFT_AND_RELOCATE,LIFT_AND_RELOCATE,True,True,"{""action"": ""LIFT_AND_RELOCATE""}"
v26__scene_lift_and_relocate_v05__L4__C0_D4__r05_s28105,scene_lift_and_relocate_v05,LIFT_AND_RELOCATE,C0,D4,28105,43,CLEARANCE_OVERLAP,15,False,True,LIFT_AND_RELOCATE,LIFT_AND_RELOCATE,True,True,"{""action"": ""LIFT_AND_RELOCATE""}"
v26__scene_rotate_v01__L4__C0_D4__r01_s28101,scene_rotate_v01,ROTATE,C0,D4,28101,12,CLEARANCE_OVERLAP,54,False,False,ROTATE,LIFT_AND_RELOCATE,False,True,"{""action"": ""LIFT_AND_RELOCATE""}"
v26__scene_rotate_v01__L4__C0_D4__r02_s28102,scene_rotate_v01,ROTATE,C0,D4,28102,12,CLEARANCE_OVERLAP,54,False,False,ROTATE,LIFT_AND_RELOCATE,False,True,"{""action"": ""LIFT_AND_RELOCATE""}"
v26__scene_rotate_v01__L4__C0_D4__r03_s28103,scene_rotate_v01,ROTATE,C0,D4,28103,12,OCCLUSION,54,False,False,ROTATE,LIFT_AND_RELOCATE,False,True,"{""action"": ""LIFT_AND_RELOCATE""}"
v26__scene_rotate_v01__L4__C0_D4__r04_s28104,scene_rotate_v01,ROTATE,C0,D4,28104,12,OCCLUSION,54,False,False,ROTATE,LIFT_AND_RELOCATE,False,True,"{""action"": ""LIFT_AND_RELOCATE""}"
v26__scene_rotate_v01__L4__C0_D4__r05_s28105,scene_rotate_v01,ROTATE,C0,D4,28105,12,CLEARANCE_OVERLAP,54,False,False,ROTATE,LIFT_AND_RELOCATE,False,True,"{""action"": ""LIFT_AND_RELOCATE""}"
v26__scene_rotate_v02__L4__C0_D4__r01_s28101,scene_rotate_v02,ROTATE,C0,D4,28101,38,OCCLUSION,50,True,True,ROTATE,LIFT_AND_RELOCATE,False,True,"{""action"": ""LIFT_AND_RELOCATE""}"
v26__scene_rotate_v02__L4__C0_D4__r02_s28102,scene_rotate_v02,ROTATE,C0,D4,28102,38,OCCLUSION,50,True,True,ROTATE,LIFT_AND_RELOCATE,False,True,"{""action"": ""LIFT_AND_RELOCATE""}"
v26__scene_rotate_v02__L4__C0_D4__r03_s28103,scene_rotate_v02,ROTATE,C0,D4,28103,38,OCCLUSION,50,True,True,ROTATE,LIFT_AND_RELOCATE,False,True,"{""action"": ""LIFT_AND_RELOCATE""}"
v26__scene_rotate_v02__L4__C0_D4__r04_s28104,scene_rotate_v02,ROTATE,C0,D4,28104,38,OCCLUSION,50,True,True,ROTATE,LIFT_AND_RELOCATE,False,True,"{""action"": ""LIFT_AND_RELOCATE""}"
v26__scene_rotate_v02__L4__C0_D4__r05_s28105,scene_rotate_v02,ROTATE,C0,D4,28105,38,OCCLUSION,50,True,True,ROTATE,LIFT_AND_RELOCATE,False,True,"{""action"": ""LIFT_AND_RELOCATE""}"
v26__scene_rotate_v03__L4__C0_D4__r01_s28101,scene_rotate_v03,ROTATE,C0,D4,28101,83,CLEARANCE_OVERLAP,11,False,False,ROTATE,TRANSLATE,False,True,"{""action"": ""TRANSLATE""}"
v26__scene_rotate_v03__L4__C0_D4__r02_s28102,scene_rotate_v03,ROTATE,C0,D4,28102,83,CLEARANCE_OVERLAP,23,False,False,ROTATE,LIFT_AND_RELOCATE,False,True,"{""action"": ""LIFT_AND_RELOCATE""}"
v26__scene_rotate_v03__L4__C0_D4__r03_s28103,scene_rotate_v03,ROTATE,C0,D4,28103,83,CLEARANCE_OVERLAP,23,False,False,ROTATE,TRANSLATE,False,True,"{""action"": ""TRANSLATE""}"
v26__scene_rotate_v03__L4__C0_D4__r04_s28104,scene_rotate_v03,ROTATE,C0,D4,28104,83,CLEARANCE_OVERLAP,23,False,False,ROTATE,TRANSLATE,False,True,"{""action"": ""TRANSLATE""}"
v26__scene_rotate_v03__L4__C0_D4__r05_s28105,scene_rotate_v03,ROTATE,C0,D4,28105,83,CLEARANCE_OVERLAP,23,False,False,ROTATE,TRANSLATE,False,True,"{""action"": ""TRANSLATE""}"
v26__scene_rotate_v04__L4__C0_D4__r01_s28101,scene_rotate_v04,ROTATE,C0,D4,28101,47,OCCLUSION,95,True,True,ROTATE,LIFT_AND_RELOCATE,False,True,"{""action"": ""LIFT_AND_RELOCATE""}"
v26__scene_rotate_v04__L4__C0_D4__r02_s28102,scene_rotate_v04,ROTATE,C0,D4,28102,47,OCCLUSION,95,True,True,ROTATE,LIFT_AND_RELOCATE,False,True,"{""action"": ""LIFT_AND_RELOCATE""}"
v26__scene_rotate_v04__L4__C0_D4__r03_s28103,scene_rotate_v04,ROTATE,C0,D4,28103,47,OCCLUSION,95,True,True,ROTATE,LIFT_AND_RELOCATE,False,True,"{""action"": ""LIFT_AND_RELOCATE""}"
v26__scene_rotate_v04__L4__C0_D4__r04_s28104,scene_rotate_v04,ROTATE,C0,D4,28104,47,OCCLUSION,95,True,True,ROTATE,LIFT_AND_RELOCATE,False,True,"{""action"": ""LIFT_AND_RELOCATE""}"
v26__scene_rotate_v04__L4__C0_D4__r05_s28105,scene_rotate_v04,ROTATE,C0,D4,28105,47,OCCLUSION,95,True,True,ROTATE,LIFT_AND_RELOCATE,False,True,"{""action"": ""LIFT_AND_RELOCATE""}"
v26__scene_rotate_v05__L4__C0_D4__r01_s28101,scene_rotate_v05,ROTATE,C0,D4,28101,44,CLEARANCE_OVERLAP,82,False,True,ROTATE,LIFT_AND_RELOCATE,False,True,"{""action"": ""LIFT_AND_RELOCATE""}"
v26__scene_rotate_v05__L4__C0_D4__r02_s28102,scene_rotate_v05,ROTATE,C0,D4,28102,44,CLEARANCE_OVERLAP,82,False,True,ROTATE,LIFT_AND_RELOCATE,False,True,"{""action"": ""LIFT_AND_RELOCATE""}"
v26__scene_rotate_v05__L4__C0_D4__r03_s28103,scene_rotate_v05,ROTATE,C0,D4,28103,44,CLEARANCE_OVERLAP,82,False,True,ROTATE,LIFT_AND_RELOCATE,False,True,"{""action"": ""LIFT_AND_RELOCATE""}"
v26__scene_rotate_v05__L4__C0_D4__r04_s28104,scene_rotate_v05,ROTATE,C0,D4,28104,44,OCCLUSION,82,True,True,ROTATE,LIFT_AND_RELOCATE,False,True,"{""action"": ""LIFT_AND_RELOCATE""}"
v26__scene_rotate_v05__L4__C0_D4__r05_s28105,scene_rotate_v05,ROTATE,C0,D4,28105,44,CLEARANCE_OVERLAP,82,False,True,ROTATE,LIFT_AND_RELOCATE,False,True,"{""action"": ""LIFT_AND_RELOCATE""}"
v26__scene_translate_v01__L4__C0_D4__r01_s28101,scene_translate_v01,TRANSLATE,C0,D4,28101,67,CLEARANCE_OVERLAP,35,False,True,TRANSLATE,LIFT_AND_RELOCATE,False,True,"{""action"": ""LIFT_AND_RELOCATE""}"
v26__scene_translate_v01__L4__C0_D4__r02_s28102,scene_translate_v01,TRANSLATE,C0,D4,28102,67,CLEARANCE_OVERLAP,35,False,True,TRANSLATE,LIFT_AND_RELOCATE,False,True,"{""action"": ""LIFT_AND_RELOCATE""}"
v26__scene_translate_v01__L4__C0_D4__r03_s28103,scene_translate_v01,TRANSLATE,C0,D4,28103,67,CLEARANCE_OVERLAP,35,False,True,TRANSLATE,TRANSLATE,True,True,"{""action"": ""TRANSLATE""}"
v26__scene_translate_v01__L4__C0_D4__r04_s28104,scene_translate_v01,TRANSLATE,C0,D4,28104,67,CLEARANCE_OVERLAP,35,False,True,TRANSLATE,TRANSLATE,True,True,"{""action"": ""TRANSLATE""}"
v26__scene_translate_v01__L4__C0_D4__r05_s28105,scene_translate_v01,TRANSLATE,C0,D4,28105,67,CLEARANCE_OVERLAP,35,False,True,TRANSLATE,LIFT_AND_RELOCATE,False,True,"{""action"": ""LIFT_AND_RELOCATE""}"
v26__scene_translate_v02__L4__C0_D4__r01_s28101,scene_translate_v02,TRANSLATE,C0,D4,28101,45,CLEARANCE_OVERLAP,95,False,True,TRANSLATE,LIFT_AND_RELOCATE,False,True,"{""action"": ""LIFT_AND_RELOCATE""}"
v26__scene_translate_v02__L4__C0_D4__r02_s28102,scene_translate_v02,TRANSLATE,C0,D4,28102,45,CLEARANCE_OVERLAP,95,False,True,TRANSLATE,LIFT_AND_RELOCATE,False,True,"{""action"": ""LIFT_AND_RELOCATE""}"
v26__scene_translate_v02__L4__C0_D4__r03_s28103,scene_translate_v02,TRANSLATE,C0,D4,28103,45,CLEARANCE_OVERLAP,95,False,True,TRANSLATE,LIFT_AND_RELOCATE,False,True,"{""action"": ""LIFT_AND_RELOCATE""}"
v26__scene_translate_v02__L4__C0_D4__r04_s28104,scene_translate_v02,TRANSLATE,C0,D4,28104,45,CLEARANCE_OVERLAP,95,False,True,TRANSLATE,LIFT_AND_RELOCATE,False,True,"{""action"": ""LIFT_AND_RELOCATE""}"
v26__scene_translate_v02__L4__C0_D4__r05_s28105,scene_translate_v02,TRANSLATE,C0,D4,28105,45,CLEARANCE_OVERLAP,95,False,True,TRANSLATE,LIFT_AND_RELOCATE,False,True,"{""action"": ""LIFT_AND_RELOCATE""}"
v26__scene_translate_v03__L4__C0_D4__r01_s28101,scene_translate_v03,TRANSLATE,C0,D4,28101,18,OCCLUSION,45,True,True,TRANSLATE,LIFT_AND_RELOCATE,False,True,"{""action"": ""LIFT_AND_RELOCATE""}"
v26__scene_translate_v03__L4__C0_D4__r02_s28102,scene_translate_v03,TRANSLATE,C0,D4,28102,18,OCCLUSION,45,True,True,TRANSLATE,LIFT_AND_RELOCATE,False,True,"{""action"": ""LIFT_AND_RELOCATE""}"
v26__scene_translate_v03__L4__C0_D4__r03_s28103,scene_translate_v03,TRANSLATE,C0,D4,28103,18,OCCLUSION,45,True,True,TRANSLATE,LIFT_AND_RELOCATE,False,True,"{""action"": ""LIFT_AND_RELOCATE""}"
v26__scene_translate_v03__L4__C0_D4__r04_s28104,scene_translate_v03,TRANSLATE,C0,D4,28104,18,OCCLUSION,45,True,True,TRANSLATE,LIFT_AND_RELOCATE,False,True,"{""action"": ""LIFT_AND_RELOCATE""}"
v26__scene_translate_v03__L4__C0_D4__r05_s28105,scene_translate_v03,TRANSLATE,C0,D4,28105,18,OCCLUSION,45,True,True,TRANSLATE,LIFT_AND_RELOCATE,False,True,"{""action"": ""LIFT_AND_RELOCATE""}"
v26__scene_translate_v04__L4__C0_D4__r01_s28101,scene_translate_v04,TRANSLATE,C0,D4,28101,13,CLEARANCE_OVERLAP,84,False,True,TRANSLATE,LIFT_AND_RELOCATE,False,True,"{""action"": ""LIFT_AND_RELOCATE""}"
v26__scene_translate_v04__L4__C0_D4__r02_s28102,scene_translate_v04,TRANSLATE,C0,D4,28102,13,CLEARANCE_OVERLAP,84,False,True,TRANSLATE,LIFT_AND_RELOCATE,False,True,"{""action"": ""LIFT_AND_RELOCATE""}"
v26__scene_translate_v04__L4__C0_D4__r03_s28103,scene_translate_v04,TRANSLATE,C0,D4,28103,13,CLEARANCE_OVERLAP,84,False,True,TRANSLATE,LIFT_AND_RELOCATE,False,True,"{""action"": ""LIFT_AND_RELOCATE""}"
v26__scene_translate_v04__L4__C0_D4__r04_s28104,scene_translate_v04,TRANSLATE,C0,D4,28104,13,OCCLUSION,84,True,True,TRANSLATE,LIFT_AND_RELOCATE,False,True,"{""action"": ""LIFT_AND_RELOCATE""}"
v26__scene_translate_v04__L4__C0_D4__r05_s28105,scene_translate_v04,TRANSLATE,C0,D4,28105,13,CLEARANCE_OVERLAP,84,False,True,TRANSLATE,LIFT_AND_RELOCATE,False,True,"{""action"": ""LIFT_AND_RELOCATE""}"
v26__scene_translate_v05__L4__C0_D4__r01_s28101,scene_translate_v05,TRANSLATE,C0,D4,28101,54,OCCLUSION,79,False,True,TRANSLATE,LIFT_AND_RELOCATE,False,True,"{""action"": ""LIFT_AND_RELOCATE""}"
v26__scene_translate_v05__L4__C0_D4__r02_s28102,scene_translate_v05,TRANSLATE,C0,D4,28102,54,OCCLUSION,79,False,True,TRANSLATE,LIFT_AND_RELOCATE,False,True,"{""action"": ""LIFT_AND_RELOCATE""}"
v26__scene_translate_v05__L4__C0_D4__r03_s28103,scene_translate_v05,TRANSLATE,C0,D4,28103,54,OCCLUSION,79,False,True,TRANSLATE,LIFT_AND_RELOCATE,False,True,"{""action"": ""LIFT_AND_RELOCATE""}"
v26__scene_translate_v05__L4__C0_D4__r04_s28104,scene_translate_v05,TRANSLATE,C0,D4,28104,54,OCCLUSION,79,False,True,TRANSLATE,LIFT_AND_RELOCATE,False,True,"{""action"": ""LIFT_AND_RELOCATE""}"
v26__scene_translate_v05__L4__C0_D4__r05_s28105,scene_translate_v05,TRANSLATE,C0,D4,28105,54,OCCLUSION,79,False,True,TRANSLATE,LIFT_AND_RELOCATE,False,True,"{""action"": ""LIFT_AND_RELOCATE""}"
v26__scene_fc_blocked_v01__L4__C0_D8__r01_s28101,scene_fc_blocked_v01,FC_BLOCKED,C0,D8,28101,64,CLEARANCE_OVERLAP,40,True,True,TRANSLATE,TRANSLATE,True,True,"{""action"": ""TRANSLATE""}"
v26__scene_fc_blocked_v01__L4__C0_D8__r02_s28102,scene_fc_blocked_v01,FC_BLOCKED,C0,D8,28102,64,CLEARANCE_OVERLAP,40,True,True,TRANSLATE,TRANSLATE,True,True,"{""action"": ""TRANSLATE""}"
v26__scene_fc_blocked_v01__L4__C0_D8__r03_s28103,scene_fc_blocked_v01,FC_BLOCKED,C0,D8,28103,64,CLEARANCE_OVERLAP,40,True,True,TRANSLATE,TRANSLATE,True,True,"{""action"": ""TRANSLATE""}"
v26__scene_fc_blocked_v01__L4__C0_D8__r04_s28104,scene_fc_blocked_v01,FC_BLOCKED,C0,D8,28104,64,CLEARANCE_OVERLAP,40,True,True,TRANSLATE,TRANSLATE,True,True,"{""action"": ""TRANSLATE""}"
v26__scene_fc_blocked_v01__L4__C0_D8__r05_s28105,scene_fc_blocked_v01,FC_BLOCKED,C0,D8,28105,64,CLEARANCE_OVERLAP,40,True,True,TRANSLATE,TRANSLATE,True,True,"{""action"": ""TRANSLATE""}"
v26__scene_fc_blocked_v02__L4__C0_D8__r01_s28101,scene_fc_blocked_v02,FC_BLOCKED,C0,D8,28101,53,CLEARANCE_OVERLAP,49,True,True,TRANSLATE,LIFT_AND_RELOCATE,False,True,"{""action"": ""LIFT_AND_RELOCATE""}"
v26__scene_fc_blocked_v02__L4__C0_D8__r02_s28102,scene_fc_blocked_v02,FC_BLOCKED,C0,D8,28102,53,CLEARANCE_OVERLAP,49,True,True,TRANSLATE,LIFT_AND_RELOCATE,False,True,"{""action"": ""LIFT_AND_RELOCATE""}"
v26__scene_fc_blocked_v02__L4__C0_D8__r03_s28103,scene_fc_blocked_v02,FC_BLOCKED,C0,D8,28103,53,CLEARANCE_OVERLAP,49,True,True,TRANSLATE,LIFT_AND_RELOCATE,False,True,"{""action"": ""LIFT_AND_RELOCATE""}"
v26__scene_fc_blocked_v02__L4__C0_D8__r04_s28104,scene_fc_blocked_v02,FC_BLOCKED,C0,D8,28104,53,CLEARANCE_OVERLAP,49,True,True,TRANSLATE,LIFT_AND_RELOCATE,False,True,"{""action"": ""LIFT_AND_RELOCATE""}"
v26__scene_fc_blocked_v02__L4__C0_D8__r05_s28105,scene_fc_blocked_v02,FC_BLOCKED,C0,D8,28105,53,CLEARANCE_OVERLAP,49,True,True,TRANSLATE,LIFT_AND_RELOCATE,False,True,"{""action"": ""LIFT_AND_RELOCATE""}"
v26__scene_fc_blocked_v03__L4__C0_D8__r01_s28101,scene_fc_blocked_v03,FC_BLOCKED,C0,D8,28101,12,CLEARANCE_OVERLAP,33,True,True,TRANSLATE,TRANSLATE,True,True,"{""action"": ""TRANSLATE""}"
v26__scene_fc_blocked_v03__L4__C0_D8__r02_s28102,scene_fc_blocked_v03,FC_BLOCKED,C0,D8,28102,12,CLEARANCE_OVERLAP,33,True,True,TRANSLATE,TRANSLATE,True,True,"{""action"": ""TRANSLATE""}"
v26__scene_fc_blocked_v03__L4__C0_D8__r03_s28103,scene_fc_blocked_v03,FC_BLOCKED,C0,D8,28103,12,CLEARANCE_OVERLAP,33,True,True,TRANSLATE,TRANSLATE,True,True,"{""action"": ""TRANSLATE""}"
v26__scene_fc_blocked_v03__L4__C0_D8__r04_s28104,scene_fc_blocked_v03,FC_BLOCKED,C0,D8,28104,12,CLEARANCE_OVERLAP,33,True,True,TRANSLATE,TRANSLATE,True,True,"{""action"": ""TRANSLATE""}"
v26__scene_fc_blocked_v03__L4__C0_D8__r05_s28105,scene_fc_blocked_v03,FC_BLOCKED,C0,D8,28105,12,CLEARANCE_OVERLAP,33,True,True,TRANSLATE,TRANSLATE,True,True,"{""action"": ""TRANSLATE""}"
v26__scene_fc_blocked_v04__L4__C0_D8__r01_s28101,scene_fc_blocked_v04,FC_BLOCKED,C0,D8,28101,89,CLEARANCE_OVERLAP,19,True,True,TRANSLATE,TRANSLATE,True,True,"{""action"": ""TRANSLATE""}"
v26__scene_fc_blocked_v04__L4__C0_D8__r02_s28102,scene_fc_blocked_v04,FC_BLOCKED,C0,D8,28102,89,CLEARANCE_OVERLAP,19,True,True,TRANSLATE,TRANSLATE,True,True,"{""action"": ""TRANSLATE""}"
v26__scene_fc_blocked_v04__L4__C0_D8__r03_s28103,scene_fc_blocked_v04,FC_BLOCKED,C0,D8,28103,89,CLEARANCE_OVERLAP,19,True,True,TRANSLATE,TRANSLATE,True,True,"{""action"": ""TRANSLATE""}"
v26__scene_fc_blocked_v04__L4__C0_D8__r04_s28104,scene_fc_blocked_v04,FC_BLOCKED,C0,D8,28104,89,CLEARANCE_OVERLAP,19,True,True,TRANSLATE,TRANSLATE,True,True,"{""action"": ""TRANSLATE""}"
v26__scene_fc_blocked_v04__L4__C0_D8__r05_s28105,scene_fc_blocked_v04,FC_BLOCKED,C0,D8,28105,89,CLEARANCE_OVERLAP,19,True,True,TRANSLATE,TRANSLATE,True,True,"{""action"": ""TRANSLATE""}"
v26__scene_fc_blocked_v05__L4__C0_D8__r01_s28101,scene_fc_blocked_v05,FC_BLOCKED,C0,D8,28101,59,CLEARANCE_OVERLAP,26,False,True,TRANSLATE,TRANSLATE,True,True,"{""action"": ""TRANSLATE""}"
v26__scene_fc_blocked_v05__L4__C0_D8__r02_s28102,scene_fc_blocked_v05,FC_BLOCKED,C0,D8,28102,59,CLEARANCE_OVERLAP,26,False,True,TRANSLATE,TRANSLATE,True,True,"{""action"": ""TRANSLATE""}"
v26__scene_fc_blocked_v05__L4__C0_D8__r03_s28103,scene_fc_blocked_v05,FC_BLOCKED,C0,D8,28103,59,CLEARANCE_OVERLAP,26,False,True,TRANSLATE,TRANSLATE,True,True,"{""action"": ""TRANSLATE""}"
v26__scene_fc_blocked_v05__L4__C0_D8__r04_s28104,scene_fc_blocked_v05,FC_BLOCKED,C0,D8,28104,59,CLEARANCE_OVERLAP,26,False,True,TRANSLATE,TRANSLATE,True,True,"{""action"": ""TRANSLATE""}"
v26__scene_fc_blocked_v05__L4__C0_D8__r05_s28105,scene_fc_blocked_v05,FC_BLOCKED,C0,D8,28105,59,CLEARANCE_OVERLAP,26,False,True,TRANSLATE,TRANSLATE,True,True,"{""action"": ""TRANSLATE""}"
v26__scene_fc_clear_v01__L4__C0_D8__r01_s28101,scene_fc_clear_v01,FC_CLEAR,C0,D8,28101,53,NONE,,True,True,RETRIEVE,RETRIEVE,True,True,"{""action"": ""RETRIEVE""}"
v26__scene_fc_clear_v01__L4__C0_D8__r02_s28102,scene_fc_clear_v01,FC_CLEAR,C0,D8,28102,53,NONE,,True,True,RETRIEVE,RETRIEVE,True,True,"{""action"": ""RETRIEVE""}"
v26__scene_fc_clear_v01__L4__C0_D8__r03_s28103,scene_fc_clear_v01,FC_CLEAR,C0,D8,28103,53,NONE,,True,True,RETRIEVE,RETRIEVE,True,True,"{""action"": ""RETRIEVE""}"
v26__scene_fc_clear_v01__L4__C0_D8__r04_s28104,scene_fc_clear_v01,FC_CLEAR,C0,D8,28104,53,NONE,,True,True,RETRIEVE,RETRIEVE,True,True,"{""action"": ""RETRIEVE""}"
v26__scene_fc_clear_v01__L4__C0_D8__r05_s28105,scene_fc_clear_v01,FC_CLEAR,C0,D8,28105,53,NONE,,True,True,RETRIEVE,RETRIEVE,True,True,"{""action"": ""RETRIEVE""}"
v26__scene_fc_clear_v02__L4__C0_D8__r01_s28101,scene_fc_clear_v02,FC_CLEAR,C0,D8,28101,29,CLEARANCE_OVERLAP,10,False,False,RETRIEVE,LIFT_AND_RELOCATE,False,True,"{""action"": ""LIFT_AND_RELOCATE""}"
v26__scene_fc_clear_v02__L4__C0_D8__r02_s28102,scene_fc_clear_v02,FC_CLEAR,C0,D8,28102,29,CLEARANCE_OVERLAP,10,False,False,RETRIEVE,LIFT_AND_RELOCATE,False,True,"{""action"": ""LIFT_AND_RELOCATE""}"
v26__scene_fc_clear_v02__L4__C0_D8__r03_s28103,scene_fc_clear_v02,FC_CLEAR,C0,D8,28103,29,CLEARANCE_OVERLAP,10,False,False,RETRIEVE,LIFT_AND_RELOCATE,False,True,"{""action"": ""LIFT_AND_RELOCATE""}"
v26__scene_fc_clear_v02__L4__C0_D8__r04_s28104,scene_fc_clear_v02,FC_CLEAR,C0,D8,28104,29,CLEARANCE_OVERLAP,10,False,False,RETRIEVE,LIFT_AND_RELOCATE,False,True,"{""action"": ""LIFT_AND_RELOCATE""}"
v26__scene_fc_clear_v02__L4__C0_D8__r05_s28105,scene_fc_clear_v02,FC_CLEAR,C0,D8,28105,29,CLEARANCE_OVERLAP,10,False,False,RETRIEVE,LIFT_AND_RELOCATE,False,True,"{""action"": ""LIFT_AND_RELOCATE""}"
v26__scene_fc_clear_v03__L4__C0_D8__r01_s28101,scene_fc_clear_v03,FC_CLEAR,C0,D8,28101,95,NONE,,True,True,RETRIEVE,RETRIEVE,True,True,"{""action"": ""RETRIEVE""}"
v26__scene_fc_clear_v03__L4__C0_D8__r02_s28102,scene_fc_clear_v03,FC_CLEAR,C0,D8,28102,95,NONE,,True,True,RETRIEVE,RETRIEVE,True,True,"{""action"": ""RETRIEVE""}"
v26__scene_fc_clear_v03__L4__C0_D8__r03_s28103,scene_fc_clear_v03,FC_CLEAR,C0,D8,28103,95,NONE,,True,True,RETRIEVE,RETRIEVE,True,True,"{""action"": ""RETRIEVE""}"
v26__scene_fc_clear_v03__L4__C0_D8__r04_s28104,scene_fc_clear_v03,FC_CLEAR,C0,D8,28104,95,NONE,,True,True,RETRIEVE,RETRIEVE,True,True,"{""action"": ""RETRIEVE""}"
v26__scene_fc_clear_v03__L4__C0_D8__r05_s28105,scene_fc_clear_v03,FC_CLEAR,C0,D8,28105,95,NONE,,True,True,RETRIEVE,RETRIEVE,True,True,"{""action"": ""RETRIEVE""}"
v26__scene_fc_clear_v04__L4__C0_D8__r01_s28101,scene_fc_clear_v04,FC_CLEAR,C0,D8,28101,61,CLEARANCE_OVERLAP,38,False,False,RETRIEVE,LIFT_AND_RELOCATE,False,True,"{""action"": ""LIFT_AND_RELOCATE""}"
v26__scene_fc_clear_v04__L4__C0_D8__r02_s28102,scene_fc_clear_v04,FC_CLEAR,C0,D8,28102,61,CLEARANCE_OVERLAP,38,False,False,RETRIEVE,LIFT_AND_RELOCATE,False,True,"{""action"": ""LIFT_AND_RELOCATE""}"
v26__scene_fc_clear_v04__L4__C0_D8__r03_s28103,scene_fc_clear_v04,FC_CLEAR,C0,D8,28103,61,CLEARANCE_OVERLAP,38,False,False,RETRIEVE,LIFT_AND_RELOCATE,False,True,"{""action"": ""LIFT_AND_RELOCATE""}"
v26__scene_fc_clear_v04__L4__C0_D8__r04_s28104,scene_fc_clear_v04,FC_CLEAR,C0,D8,28104,61,CLEARANCE_OVERLAP,38,False,False,RETRIEVE,LIFT_AND_RELOCATE,False,True,"{""action"": ""LIFT_AND_RELOCATE""}"
v26__scene_fc_clear_v04__L4__C0_D8__r05_s28105,scene_fc_clear_v04,FC_CLEAR,C0,D8,28105,61,CLEARANCE_OVERLAP,38,False,False,RETRIEVE,LIFT_AND_RELOCATE,False,True,"{""action"": ""LIFT_AND_RELOCATE""}"
v26__scene_fc_clear_v05__L4__C0_D8__r01_s28101,scene_fc_clear_v05,FC_CLEAR,C0,D8,28101,62,NONE,,False,False,RETRIEVE,RETRIEVE,True,True,"{""action"": ""RETRIEVE""}"
v26__scene_fc_clear_v05__L4__C0_D8__r02_s28102,scene_fc_clear_v05,FC_CLEAR,C0,D8,28102,62,NONE,,False,False,RETRIEVE,RETRIEVE,True,True,"{""action"": ""RETRIEVE""}"
v26__scene_fc_clear_v05__L4__C0_D8__r03_s28103,scene_fc_clear_v05,FC_CLEAR,C0,D8,28103,62,NONE,,False,False,RETRIEVE,RETRIEVE,True,True,"{""action"": ""RETRIEVE""}"
v26__scene_fc_clear_v05__L4__C0_D8__r04_s28104,scene_fc_clear_v05,FC_CLEAR,C0,D8,28104,62,CLEARANCE_OVERLAP,82,True,True,RETRIEVE,TRANSLATE,False,True,"{""action"": ""TRANSLATE""}"
v26__scene_fc_clear_v05__L4__C0_D8__r05_s28105,scene_fc_clear_v05,FC_CLEAR,C0,D8,28105,62,NONE,,False,False,RETRIEVE,RETRIEVE,True,True,"{""action"": ""RETRIEVE""}"
v26__scene_lift_and_relocate_v01__L4__C0_D8__r01_s28101,scene_lift_and_relocate_v01,LIFT_AND_RELOCATE,C0,D8,28101,59,CLEARANCE_OVERLAP,64,False,True,LIFT_AND_RELOCATE,LIFT_AND_RELOCATE,True,True,"{""action"": ""LIFT_AND_RELOCATE""}"
v26__scene_lift_and_relocate_v01__L4__C0_D8__r02_s28102,scene_lift_and_relocate_v01,LIFT_AND_RELOCATE,C0,D8,28102,59,CLEARANCE_OVERLAP,64,False,True,LIFT_AND_RELOCATE,LIFT_AND_RELOCATE,True,True,"{""action"": ""LIFT_AND_RELOCATE""}"
v26__scene_lift_and_relocate_v01__L4__C0_D8__r03_s28103,scene_lift_and_relocate_v01,LIFT_AND_RELOCATE,C0,D8,28103,59,CLEARANCE_OVERLAP,64,False,True,LIFT_AND_RELOCATE,LIFT_AND_RELOCATE,True,True,"{""action"": ""LIFT_AND_RELOCATE""}"
v26__scene_lift_and_relocate_v01__L4__C0_D8__r04_s28104,scene_lift_and_relocate_v01,LIFT_AND_RELOCATE,C0,D8,28104,59,CLEARANCE_OVERLAP,64,False,True,LIFT_AND_RELOCATE,LIFT_AND_RELOCATE,True,True,"{""action"": ""LIFT_AND_RELOCATE""}"
v26__scene_lift_and_relocate_v01__L4__C0_D8__r05_s28105,scene_lift_and_relocate_v01,LIFT_AND_RELOCATE,C0,D8,28105,59,CLEARANCE_OVERLAP,64,False,True,LIFT_AND_RELOCATE,LIFT_AND_RELOCATE,True,True,"{""action"": ""LIFT_AND_RELOCATE""}"
v26__scene_lift_and_relocate_v02__L4__C0_D8__r01_s28101,scene_lift_and_relocate_v02,LIFT_AND_RELOCATE,C0,D8,28101,70,CLEARANCE_OVERLAP,77,False,False,LIFT_AND_RELOCATE,TRANSLATE,False,True,"{""action"": ""TRANSLATE""}"
v26__scene_lift_and_relocate_v02__L4__C0_D8__r02_s28102,scene_lift_and_relocate_v02,LIFT_AND_RELOCATE,C0,D8,28102,70,CLEARANCE_OVERLAP,77,False,False,LIFT_AND_RELOCATE,TRANSLATE,False,True,"{""action"": ""TRANSLATE""}"
v26__scene_lift_and_relocate_v02__L4__C0_D8__r03_s28103,scene_lift_and_relocate_v02,LIFT_AND_RELOCATE,C0,D8,28103,70,CLEARANCE_OVERLAP,77,False,False,LIFT_AND_RELOCATE,TRANSLATE,False,True,"{""action"": ""TRANSLATE""}"
v26__scene_lift_and_relocate_v02__L4__C0_D8__r04_s28104,scene_lift_and_relocate_v02,LIFT_AND_RELOCATE,C0,D8,28104,70,CLEARANCE_OVERLAP,77,False,False,LIFT_AND_RELOCATE,TRANSLATE,False,True,"{""action"": ""TRANSLATE""}"
v26__scene_lift_and_relocate_v02__L4__C0_D8__r05_s28105,scene_lift_and_relocate_v02,LIFT_AND_RELOCATE,C0,D8,28105,70,CLEARANCE_OVERLAP,77,False,False,LIFT_AND_RELOCATE,TRANSLATE,False,True,"{""action"": ""TRANSLATE""}"
v26__scene_lift_and_relocate_v03__L4__C0_D8__r01_s28101,scene_lift_and_relocate_v03,LIFT_AND_RELOCATE,C0,D8,28101,12,CLEARANCE_OVERLAP,35,False,True,LIFT_AND_RELOCATE,LIFT_AND_RELOCATE,True,True,"{""action"": ""LIFT_AND_RELOCATE""}"
v26__scene_lift_and_relocate_v03__L4__C0_D8__r02_s28102,scene_lift_and_relocate_v03,LIFT_AND_RELOCATE,C0,D8,28102,12,CLEARANCE_OVERLAP,35,False,True,LIFT_AND_RELOCATE,LIFT_AND_RELOCATE,True,True,"{""action"": ""LIFT_AND_RELOCATE""}"
v26__scene_lift_and_relocate_v03__L4__C0_D8__r03_s28103,scene_lift_and_relocate_v03,LIFT_AND_RELOCATE,C0,D8,28103,12,CLEARANCE_OVERLAP,35,False,True,LIFT_AND_RELOCATE,LIFT_AND_RELOCATE,True,True,"{""action"": ""LIFT_AND_RELOCATE""}"
v26__scene_lift_and_relocate_v03__L4__C0_D8__r04_s28104,scene_lift_and_relocate_v03,LIFT_AND_RELOCATE,C0,D8,28104,12,CLEARANCE_OVERLAP,35,False,True,LIFT_AND_RELOCATE,LIFT_AND_RELOCATE,True,True,"{""action"": ""LIFT_AND_RELOCATE""}"
v26__scene_lift_and_relocate_v03__L4__C0_D8__r05_s28105,scene_lift_and_relocate_v03,LIFT_AND_RELOCATE,C0,D8,28105,12,CLEARANCE_OVERLAP,35,False,True,LIFT_AND_RELOCATE,LIFT_AND_RELOCATE,True,True,"{""action"": ""LIFT_AND_RELOCATE""}"
v26__scene_lift_and_relocate_v04__L4__C0_D8__r01_s28101,scene_lift_and_relocate_v04,LIFT_AND_RELOCATE,C0,D8,28101,68,CLEARANCE_OVERLAP,73,False,True,LIFT_AND_RELOCATE,LIFT_AND_RELOCATE,True,True,"{""action"": ""LIFT_AND_RELOCATE""}"
v26__scene_lift_and_relocate_v04__L4__C0_D8__r02_s28102,scene_lift_and_relocate_v04,LIFT_AND_RELOCATE,C0,D8,28102,68,CLEARANCE_OVERLAP,73,False,True,LIFT_AND_RELOCATE,LIFT_AND_RELOCATE,True,True,"{""action"": ""LIFT_AND_RELOCATE""}"
v26__scene_lift_and_relocate_v04__L4__C0_D8__r03_s28103,scene_lift_and_relocate_v04,LIFT_AND_RELOCATE,C0,D8,28103,68,CLEARANCE_OVERLAP,30,False,False,LIFT_AND_RELOCATE,TRANSLATE,False,True,"{""action"": ""TRANSLATE""}"
v26__scene_lift_and_relocate_v04__L4__C0_D8__r04_s28104,scene_lift_and_relocate_v04,LIFT_AND_RELOCATE,C0,D8,28104,68,CLEARANCE_OVERLAP,73,False,True,LIFT_AND_RELOCATE,LIFT_AND_RELOCATE,True,True,"{""action"": ""LIFT_AND_RELOCATE""}"
v26__scene_lift_and_relocate_v04__L4__C0_D8__r05_s28105,scene_lift_and_relocate_v04,LIFT_AND_RELOCATE,C0,D8,28105,68,CLEARANCE_OVERLAP,73,False,True,LIFT_AND_RELOCATE,LIFT_AND_RELOCATE,True,True,"{""action"": ""LIFT_AND_RELOCATE""}"
v26__scene_lift_and_relocate_v05__L4__C0_D8__r01_s28101,scene_lift_and_relocate_v05,LIFT_AND_RELOCATE,C0,D8,28101,43,CLEARANCE_OVERLAP,15,False,True,LIFT_AND_RELOCATE,LIFT_AND_RELOCATE,True,True,"{""action"": ""LIFT_AND_RELOCATE""}"
v26__scene_lift_and_relocate_v05__L4__C0_D8__r02_s28102,scene_lift_and_relocate_v05,LIFT_AND_RELOCATE,C0,D8,28102,43,OCCLUSION,15,False,True,LIFT_AND_RELOCATE,LIFT_AND_RELOCATE,True,True,"{""action"": ""LIFT_AND_RELOCATE""}"
v26__scene_lift_and_relocate_v05__L4__C0_D8__r03_s28103,scene_lift_and_relocate_v05,LIFT_AND_RELOCATE,C0,D8,28103,43,OCCLUSION,15,False,True,LIFT_AND_RELOCATE,LIFT_AND_RELOCATE,True,True,"{""action"": ""LIFT_AND_RELOCATE""}"
v26__scene_lift_and_relocate_v05__L4__C0_D8__r04_s28104,scene_lift_and_relocate_v05,LIFT_AND_RELOCATE,C0,D8,28104,43,CLEARANCE_OVERLAP,15,False,True,LIFT_AND_RELOCATE,LIFT_AND_RELOCATE,True,True,"{""action"": ""LIFT_AND_RELOCATE""}"
v26__scene_lift_and_relocate_v05__L4__C0_D8__r05_s28105,scene_lift_and_relocate_v05,LIFT_AND_RELOCATE,C0,D8,28105,43,CLEARANCE_OVERLAP,15,False,True,LIFT_AND_RELOCATE,LIFT_AND_RELOCATE,True,True,"{""action"": ""LIFT_AND_RELOCATE""}"
v26__scene_rotate_v01__L4__C0_D8__r01_s28101,scene_rotate_v01,ROTATE,C0,D8,28101,12,CLEARANCE_OVERLAP,54,False,False,ROTATE,LIFT_AND_RELOCATE,False,True,"{""action"": ""LIFT_AND_RELOCATE""}"
v26__scene_rotate_v01__L4__C0_D8__r02_s28102,scene_rotate_v01,ROTATE,C0,D8,28102,12,CLEARANCE_OVERLAP,54,False,False,ROTATE,LIFT_AND_RELOCATE,False,True,"{""action"": ""LIFT_AND_RELOCATE""}"
v26__scene_rotate_v01__L4__C0_D8__r03_s28103,scene_rotate_v01,ROTATE,C0,D8,28103,12,OCCLUSION,54,False,False,ROTATE,LIFT_AND_RELOCATE,False,True,"{""action"": ""LIFT_AND_RELOCATE""}"
v26__scene_rotate_v01__L4__C0_D8__r04_s28104,scene_rotate_v01,ROTATE,C0,D8,28104,12,OCCLUSION,54,False,False,ROTATE,LIFT_AND_RELOCATE,False,True,"{""action"": ""LIFT_AND_RELOCATE""}"
v26__scene_rotate_v01__L4__C0_D8__r05_s28105,scene_rotate_v01,ROTATE,C0,D8,28105,12,CLEARANCE_OVERLAP,54,False,False,ROTATE,LIFT_AND_RELOCATE,False,True,"{""action"": ""LIFT_AND_RELOCATE""}"
v26__scene_rotate_v02__L4__C0_D8__r01_s28101,scene_rotate_v02,ROTATE,C0,D8,28101,38,OCCLUSION,50,True,True,ROTATE,LIFT_AND_RELOCATE,False,True,"{""action"": ""LIFT_AND_RELOCATE""}"
v26__scene_rotate_v02__L4__C0_D8__r02_s28102,scene_rotate_v02,ROTATE,C0,D8,28102,38,OCCLUSION,50,True,True,ROTATE,LIFT_AND_RELOCATE,False,True,"{""action"": ""LIFT_AND_RELOCATE""}"
v26__scene_rotate_v02__L4__C0_D8__r03_s28103,scene_rotate_v02,ROTATE,C0,D8,28103,38,OCCLUSION,50,True,True,ROTATE,LIFT_AND_RELOCATE,False,True,"{""action"": ""LIFT_AND_RELOCATE""}"
v26__scene_rotate_v02__L4__C0_D8__r04_s28104,scene_rotate_v02,ROTATE,C0,D8,28104,38,OCCLUSION,50,True,True,ROTATE,LIFT_AND_RELOCATE,False,True,"{""action"": ""LIFT_AND_RELOCATE""}"
v26__scene_rotate_v02__L4__C0_D8__r05_s28105,scene_rotate_v02,ROTATE,C0,D8,28105,38,OCCLUSION,50,True,True,ROTATE,LIFT_AND_RELOCATE,False,True,"{""action"": ""LIFT_AND_RELOCATE""}"
v26__scene_rotate_v03__L4__C0_D8__r01_s28101,scene_rotate_v03,ROTATE,C0,D8,28101,83,CLEARANCE_OVERLAP,11,False,False,ROTATE,TRANSLATE,False,True,"{""action"": ""TRANSLATE""}"
v26__scene_rotate_v03__L4__C0_D8__r02_s28102,scene_rotate_v03,ROTATE,C0,D8,28102,83,CLEARANCE_OVERLAP,23,False,False,ROTATE,LIFT_AND_RELOCATE,False,True,"{""action"": ""LIFT_AND_RELOCATE""}"
v26__scene_rotate_v03__L4__C0_D8__r03_s28103,scene_rotate_v03,ROTATE,C0,D8,28103,83,CLEARANCE_OVERLAP,23,False,False,ROTATE,TRANSLATE,False,True,"{""action"": ""TRANSLATE""}"
v26__scene_rotate_v03__L4__C0_D8__r04_s28104,scene_rotate_v03,ROTATE,C0,D8,28104,83,CLEARANCE_OVERLAP,23,False,False,ROTATE,TRANSLATE,False,True,"{""action"": ""TRANSLATE""}"
v26__scene_rotate_v03__L4__C0_D8__r05_s28105,scene_rotate_v03,ROTATE,C0,D8,28105,83,CLEARANCE_OVERLAP,23,False,False,ROTATE,LIFT_AND_RELOCATE,False,True,"{""action"": ""LIFT_AND_RELOCATE""}"
v26__scene_rotate_v04__L4__C0_D8__r01_s28101,scene_rotate_v04,ROTATE,C0,D8,28101,47,OCCLUSION,95,True,True,ROTATE,LIFT_AND_RELOCATE,False,True,"{""action"": ""LIFT_AND_RELOCATE""}"
v26__scene_rotate_v04__L4__C0_D8__r02_s28102,scene_rotate_v04,ROTATE,C0,D8,28102,47,OCCLUSION,95,True,True,ROTATE,LIFT_AND_RELOCATE,False,True,"{""action"": ""LIFT_AND_RELOCATE""}"
v26__scene_rotate_v04__L4__C0_D8__r03_s28103,scene_rotate_v04,ROTATE,C0,D8,28103,47,OCCLUSION,95,True,True,ROTATE,LIFT_AND_RELOCATE,False,True,"{""action"": ""LIFT_AND_RELOCATE""}"
v26__scene_rotate_v04__L4__C0_D8__r04_s28104,scene_rotate_v04,ROTATE,C0,D8,28104,47,OCCLUSION,95,True,True,ROTATE,LIFT_AND_RELOCATE,False,True,"{""action"": ""LIFT_AND_RELOCATE""}"
v26__scene_rotate_v04__L4__C0_D8__r05_s28105,scene_rotate_v04,ROTATE,C0,D8,28105,47,OCCLUSION,95,True,True,ROTATE,LIFT_AND_RELOCATE,False,True,"{""action"": ""LIFT_AND_RELOCATE""}"
v26__scene_rotate_v05__L4__C0_D8__r01_s28101,scene_rotate_v05,ROTATE,C0,D8,28101,44,CLEARANCE_OVERLAP,82,False,True,ROTATE,LIFT_AND_RELOCATE,False,True,"{""action"": ""LIFT_AND_RELOCATE""}"
v26__scene_rotate_v05__L4__C0_D8__r02_s28102,scene_rotate_v05,ROTATE,C0,D8,28102,44,CLEARANCE_OVERLAP,82,False,True,ROTATE,LIFT_AND_RELOCATE,False,True,"{""action"": ""LIFT_AND_RELOCATE""}"
v26__scene_rotate_v05__L4__C0_D8__r03_s28103,scene_rotate_v05,ROTATE,C0,D8,28103,44,CLEARANCE_OVERLAP,82,False,True,ROTATE,LIFT_AND_RELOCATE,False,True,"{""action"": ""LIFT_AND_RELOCATE""}"
v26__scene_rotate_v05__L4__C0_D8__r04_s28104,scene_rotate_v05,ROTATE,C0,D8,28104,44,OCCLUSION,82,True,True,ROTATE,LIFT_AND_RELOCATE,False,True,"{""action"": ""LIFT_AND_RELOCATE""}"
v26__scene_rotate_v05__L4__C0_D8__r05_s28105,scene_rotate_v05,ROTATE,C0,D8,28105,44,CLEARANCE_OVERLAP,82,False,True,ROTATE,LIFT_AND_RELOCATE,False,True,"{""action"": ""LIFT_AND_RELOCATE""}"
v26__scene_translate_v01__L4__C0_D8__r01_s28101,scene_translate_v01,TRANSLATE,C0,D8,28101,67,CLEARANCE_OVERLAP,35,False,True,TRANSLATE,TRANSLATE,True,True,"{""action"": ""TRANSLATE""}"
v26__scene_translate_v01__L4__C0_D8__r02_s28102,scene_translate_v01,TRANSLATE,C0,D8,28102,67,CLEARANCE_OVERLAP,35,False,True,TRANSLATE,LIFT_AND_RELOCATE,False,True,"{""action"": ""LIFT_AND_RELOCATE""}"
v26__scene_translate_v01__L4__C0_D8__r03_s28103,scene_translate_v01,TRANSLATE,C0,D8,28103,67,CLEARANCE_OVERLAP,35,False,True,TRANSLATE,TRANSLATE,True,True,"{""action"": ""TRANSLATE""}"
v26__scene_translate_v01__L4__C0_D8__r04_s28104,scene_translate_v01,TRANSLATE,C0,D8,28104,67,CLEARANCE_OVERLAP,35,False,True,TRANSLATE,TRANSLATE,True,True,"{""action"": ""TRANSLATE""}"
v26__scene_translate_v01__L4__C0_D8__r05_s28105,scene_translate_v01,TRANSLATE,C0,D8,28105,67,CLEARANCE_OVERLAP,35,False,True,TRANSLATE,LIFT_AND_RELOCATE,False,True,"{""action"": ""LIFT_AND_RELOCATE""}"
v26__scene_translate_v02__L4__C0_D8__r01_s28101,scene_translate_v02,TRANSLATE,C0,D8,28101,45,CLEARANCE_OVERLAP,95,False,True,TRANSLATE,LIFT_AND_RELOCATE,False,True,"{""action"": ""LIFT_AND_RELOCATE""}"
v26__scene_translate_v02__L4__C0_D8__r02_s28102,scene_translate_v02,TRANSLATE,C0,D8,28102,45,CLEARANCE_OVERLAP,95,False,True,TRANSLATE,LIFT_AND_RELOCATE,False,True,"{""action"": ""LIFT_AND_RELOCATE""}"
v26__scene_translate_v02__L4__C0_D8__r03_s28103,scene_translate_v02,TRANSLATE,C0,D8,28103,45,CLEARANCE_OVERLAP,95,False,True,TRANSLATE,LIFT_AND_RELOCATE,False,True,"{""action"": ""LIFT_AND_RELOCATE""}"
v26__scene_translate_v02__L4__C0_D8__r04_s28104,scene_translate_v02,TRANSLATE,C0,D8,28104,45,CLEARANCE_OVERLAP,95,False,True,TRANSLATE,LIFT_AND_RELOCATE,False,True,"{""action"": ""LIFT_AND_RELOCATE""}"
v26__scene_translate_v02__L4__C0_D8__r05_s28105,scene_translate_v02,TRANSLATE,C0,D8,28105,45,CLEARANCE_OVERLAP,95,False,True,TRANSLATE,LIFT_AND_RELOCATE,False,True,"{""action"": ""LIFT_AND_RELOCATE""}"
v26__scene_translate_v03__L4__C0_D8__r01_s28101,scene_translate_v03,TRANSLATE,C0,D8,28101,18,OCCLUSION,45,True,True,TRANSLATE,LIFT_AND_RELOCATE,False,True,"{""action"": ""LIFT_AND_RELOCATE""}"
v26__scene_translate_v03__L4__C0_D8__r02_s28102,scene_translate_v03,TRANSLATE,C0,D8,28102,18,OCCLUSION,45,True,True,TRANSLATE,LIFT_AND_RELOCATE,False,True,"{""action"": ""LIFT_AND_RELOCATE""}"
v26__scene_translate_v03__L4__C0_D8__r03_s28103,scene_translate_v03,TRANSLATE,C0,D8,28103,18,OCCLUSION,45,True,True,TRANSLATE,LIFT_AND_RELOCATE,False,True,"{""action"": ""LIFT_AND_RELOCATE""}"
v26__scene_translate_v03__L4__C0_D8__r04_s28104,scene_translate_v03,TRANSLATE,C0,D8,28104,18,OCCLUSION,45,True,True,TRANSLATE,LIFT_AND_RELOCATE,False,True,"{""action"": ""LIFT_AND_RELOCATE""}"
v26__scene_translate_v03__L4__C0_D8__r05_s28105,scene_translate_v03,TRANSLATE,C0,D8,28105,18,OCCLUSION,45,True,True,TRANSLATE,LIFT_AND_RELOCATE,False,True,"{""action"": ""LIFT_AND_RELOCATE""}"
v26__scene_translate_v04__L4__C0_D8__r01_s28101,scene_translate_v04,TRANSLATE,C0,D8,28101,13,CLEARANCE_OVERLAP,84,False,True,TRANSLATE,LIFT_AND_RELOCATE,False,True,"{""action"": ""LIFT_AND_RELOCATE""}"
v26__scene_translate_v04__L4__C0_D8__r02_s28102,scene_translate_v04,TRANSLATE,C0,D8,28102,13,CLEARANCE_OVERLAP,84,False,True,TRANSLATE,LIFT_AND_RELOCATE,False,True,"{""action"": ""LIFT_AND_RELOCATE""}"
v26__scene_translate_v04__L4__C0_D8__r03_s28103,scene_translate_v04,TRANSLATE,C0,D8,28103,13,CLEARANCE_OVERLAP,84,False,True,TRANSLATE,LIFT_AND_RELOCATE,False,True,"{""action"": ""LIFT_AND_RELOCATE""}"
v26__scene_translate_v04__L4__C0_D8__r04_s28104,scene_translate_v04,TRANSLATE,C0,D8,28104,13,OCCLUSION,84,True,True,TRANSLATE,LIFT_AND_RELOCATE,False,True,"{""action"": ""LIFT_AND_RELOCATE""}"
v26__scene_translate_v04__L4__C0_D8__r05_s28105,scene_translate_v04,TRANSLATE,C0,D8,28105,13,CLEARANCE_OVERLAP,84,False,True,TRANSLATE,LIFT_AND_RELOCATE,False,True,"{""action"": ""LIFT_AND_RELOCATE""}"
v26__scene_translate_v05__L4__C0_D8__r01_s28101,scene_translate_v05,TRANSLATE,C0,D8,28101,54,OCCLUSION,79,False,True,TRANSLATE,LIFT_AND_RELOCATE,False,True,"{""action"": ""LIFT_AND_RELOCATE""}"
v26__scene_translate_v05__L4__C0_D8__r02_s28102,scene_translate_v05,TRANSLATE,C0,D8,28102,54,OCCLUSION,79,False,True,TRANSLATE,LIFT_AND_RELOCATE,False,True,"{""action"": ""LIFT_AND_RELOCATE""}"
v26__scene_translate_v05__L4__C0_D8__r03_s28103,scene_translate_v05,TRANSLATE,C0,D8,28103,54,OCCLUSION,79,False,True,TRANSLATE,LIFT_AND_RELOCATE,False,True,"{""action"": ""LIFT_AND_RELOCATE""}"
v26__scene_translate_v05__L4__C0_D8__r04_s28104,scene_translate_v05,TRANSLATE,C0,D8,28104,54,OCCLUSION,79,False,True,TRANSLATE,LIFT_AND_RELOCATE,False,True,"{""action"": ""LIFT_AND_RELOCATE""}"
v26__scene_translate_v05__L4__C0_D8__r05_s28105,scene_translate_v05,TRANSLATE,C0,D8,28105,54,OCCLUSION,79,False,True,TRANSLATE,LIFT_AND_RELOCATE,False,True,"{""action"": ""LIFT_AND_RELOCATE""}"
v26__scene_fc_blocked_v01__L4__C1_D4__r01_s28101,scene_fc_blocked_v01,FC_BLOCKED,C1,D4,28101,64,CLEARANCE_OVERLAP,40,True,True,TRANSLATE,TRANSLATE,True,True,"{""action"": ""TRANSLATE""}"
v26__scene_fc_blocked_v01__L4__C1_D4__r02_s28102,scene_fc_blocked_v01,FC_BLOCKED,C1,D4,28102,64,CLEARANCE_OVERLAP,40,True,True,TRANSLATE,TRANSLATE,True,True,"{""action"": ""TRANSLATE""}"
v26__scene_fc_blocked_v01__L4__C1_D4__r03_s28103,scene_fc_blocked_v01,FC_BLOCKED,C1,D4,28103,64,CLEARANCE_OVERLAP,40,True,True,TRANSLATE,TRANSLATE,True,True,"{""action"": ""TRANSLATE""}"
v26__scene_fc_blocked_v01__L4__C1_D4__r04_s28104,scene_fc_blocked_v01,FC_BLOCKED,C1,D4,28104,64,CLEARANCE_OVERLAP,40,True,True,TRANSLATE,TRANSLATE,True,True,"{""action"": ""TRANSLATE""}"
v26__scene_fc_blocked_v01__L4__C1_D4__r05_s28105,scene_fc_blocked_v01,FC_BLOCKED,C1,D4,28105,64,CLEARANCE_OVERLAP,40,True,True,TRANSLATE,TRANSLATE,True,True,"{""action"": ""TRANSLATE""}"
v26__scene_fc_blocked_v02__L4__C1_D4__r01_s28101,scene_fc_blocked_v02,FC_BLOCKED,C1,D4,28101,53,CLEARANCE_OVERLAP,49,True,True,TRANSLATE,TRANSLATE,True,True,"{""action"": ""TRANSLATE""}"
v26__scene_fc_blocked_v02__L4__C1_D4__r02_s28102,scene_fc_blocked_v02,FC_BLOCKED,C1,D4,28102,53,CLEARANCE_OVERLAP,49,True,True,TRANSLATE,TRANSLATE,True,True,"{""action"": ""TRANSLATE""}"
v26__scene_fc_blocked_v02__L4__C1_D4__r03_s28103,scene_fc_blocked_v02,FC_BLOCKED,C1,D4,28103,53,CLEARANCE_OVERLAP,49,True,True,TRANSLATE,TRANSLATE,True,True,"{""action"": ""TRANSLATE""}"
v26__scene_fc_blocked_v02__L4__C1_D4__r04_s28104,scene_fc_blocked_v02,FC_BLOCKED,C1,D4,28104,53,CLEARANCE_OVERLAP,49,True,True,TRANSLATE,TRANSLATE,True,True,"{""action"": ""TRANSLATE""}"
v26__scene_fc_blocked_v02__L4__C1_D4__r05_s28105,scene_fc_blocked_v02,FC_BLOCKED,C1,D4,28105,53,CLEARANCE_OVERLAP,49,True,True,TRANSLATE,TRANSLATE,True,True,"{""action"": ""TRANSLATE""}"
v26__scene_fc_blocked_v03__L4__C1_D4__r01_s28101,scene_fc_blocked_v03,FC_BLOCKED,C1,D4,28101,12,CLEARANCE_OVERLAP,33,True,True,TRANSLATE,TRANSLATE,True,True,"{""action"": ""TRANSLATE""}"
v26__scene_fc_blocked_v03__L4__C1_D4__r02_s28102,scene_fc_blocked_v03,FC_BLOCKED,C1,D4,28102,12,CLEARANCE_OVERLAP,33,True,True,TRANSLATE,TRANSLATE,True,True,"{""action"": ""TRANSLATE""}"
v26__scene_fc_blocked_v03__L4__C1_D4__r03_s28103,scene_fc_blocked_v03,FC_BLOCKED,C1,D4,28103,12,CLEARANCE_OVERLAP,33,True,True,TRANSLATE,TRANSLATE,True,True,"{""action"": ""TRANSLATE""}"
v26__scene_fc_blocked_v03__L4__C1_D4__r04_s28104,scene_fc_blocked_v03,FC_BLOCKED,C1,D4,28104,12,CLEARANCE_OVERLAP,33,True,True,TRANSLATE,TRANSLATE,True,True,"{""action"": ""TRANSLATE""}"
v26__scene_fc_blocked_v03__L4__C1_D4__r05_s28105,scene_fc_blocked_v03,FC_BLOCKED,C1,D4,28105,12,CLEARANCE_OVERLAP,33,True,True,TRANSLATE,TRANSLATE,True,True,"{""action"": ""TRANSLATE""}"
v26__scene_fc_blocked_v04__L4__C1_D4__r01_s28101,scene_fc_blocked_v04,FC_BLOCKED,C1,D4,28101,89,CLEARANCE_OVERLAP,19,True,True,TRANSLATE,TRANSLATE,True,True,"{""action"": ""TRANSLATE""}"
v26__scene_fc_blocked_v04__L4__C1_D4__r02_s28102,scene_fc_blocked_v04,FC_BLOCKED,C1,D4,28102,89,CLEARANCE_OVERLAP,19,True,True,TRANSLATE,TRANSLATE,True,True,"{""action"": ""TRANSLATE""}"
v26__scene_fc_blocked_v04__L4__C1_D4__r03_s28103,scene_fc_blocked_v04,FC_BLOCKED,C1,D4,28103,89,CLEARANCE_OVERLAP,19,True,True,TRANSLATE,TRANSLATE,True,True,"{""action"": ""TRANSLATE""}"
v26__scene_fc_blocked_v04__L4__C1_D4__r04_s28104,scene_fc_blocked_v04,FC_BLOCKED,C1,D4,28104,89,CLEARANCE_OVERLAP,19,True,True,TRANSLATE,TRANSLATE,True,True,"{""action"": ""TRANSLATE""}"
v26__scene_fc_blocked_v04__L4__C1_D4__r05_s28105,scene_fc_blocked_v04,FC_BLOCKED,C1,D4,28105,89,CLEARANCE_OVERLAP,19,True,True,TRANSLATE,TRANSLATE,True,True,"{""action"": ""TRANSLATE""}"
v26__scene_fc_blocked_v05__L4__C1_D4__r01_s28101,scene_fc_blocked_v05,FC_BLOCKED,C1,D4,28101,59,CLEARANCE_OVERLAP,26,False,True,TRANSLATE,TRANSLATE,True,True,"{""action"": ""TRANSLATE""}"
v26__scene_fc_blocked_v05__L4__C1_D4__r02_s28102,scene_fc_blocked_v05,FC_BLOCKED,C1,D4,28102,59,CLEARANCE_OVERLAP,26,False,True,TRANSLATE,TRANSLATE,True,True,"{""action"": ""TRANSLATE""}"
v26__scene_fc_blocked_v05__L4__C1_D4__r03_s28103,scene_fc_blocked_v05,FC_BLOCKED,C1,D4,28103,59,CLEARANCE_OVERLAP,26,False,True,TRANSLATE,TRANSLATE,True,True,"{""action"": ""TRANSLATE""}"
v26__scene_fc_blocked_v05__L4__C1_D4__r04_s28104,scene_fc_blocked_v05,FC_BLOCKED,C1,D4,28104,59,CLEARANCE_OVERLAP,26,False,True,TRANSLATE,TRANSLATE,True,True,"{""action"": ""TRANSLATE""}"
v26__scene_fc_blocked_v05__L4__C1_D4__r05_s28105,scene_fc_blocked_v05,FC_BLOCKED,C1,D4,28105,59,CLEARANCE_OVERLAP,26,False,True,TRANSLATE,TRANSLATE,True,True,"{""action"": ""TRANSLATE""}"
v26__scene_fc_clear_v01__L4__C1_D4__r01_s28101,scene_fc_clear_v01,FC_CLEAR,C1,D4,28101,53,CLEARANCE_OVERLAP,98,False,False,RETRIEVE,LIFT_AND_RELOCATE,False,True,"{""action"": ""LIFT_AND_RELOCATE""}"
v26__scene_fc_clear_v01__L4__C1_D4__r02_s28102,scene_fc_clear_v01,FC_CLEAR,C1,D4,28102,53,CLEARANCE_OVERLAP,98,False,False,RETRIEVE,LIFT_AND_RELOCATE,False,True,"{""action"": ""LIFT_AND_RELOCATE""}"
v26__scene_fc_clear_v01__L4__C1_D4__r03_s28103,scene_fc_clear_v01,FC_CLEAR,C1,D4,28103,53,CLEARANCE_OVERLAP,98,False,False,RETRIEVE,LIFT_AND_RELOCATE,False,True,"{""action"": ""LIFT_AND_RELOCATE""}"
v26__scene_fc_clear_v01__L4__C1_D4__r04_s28104,scene_fc_clear_v01,FC_CLEAR,C1,D4,28104,53,CLEARANCE_OVERLAP,98,False,False,RETRIEVE,LIFT_AND_RELOCATE,False,True,"{""action"": ""LIFT_AND_RELOCATE""}"
v26__scene_fc_clear_v01__L4__C1_D4__r05_s28105,scene_fc_clear_v01,FC_CLEAR,C1,D4,28105,53,CLEARANCE_OVERLAP,98,False,False,RETRIEVE,LIFT_AND_RELOCATE,False,True,"{""action"": ""LIFT_AND_RELOCATE""}"
v26__scene_fc_clear_v02__L4__C1_D4__r01_s28101,scene_fc_clear_v02,FC_CLEAR,C1,D4,28101,29,CLEARANCE_OVERLAP,10,False,False,RETRIEVE,TRANSLATE,False,True,"{""action"": ""TRANSLATE""}"
v26__scene_fc_clear_v02__L4__C1_D4__r02_s28102,scene_fc_clear_v02,FC_CLEAR,C1,D4,28102,29,CLEARANCE_OVERLAP,10,False,False,RETRIEVE,LIFT_AND_RELOCATE,False,True,"{""action"": ""LIFT_AND_RELOCATE""}"
v26__scene_fc_clear_v02__L4__C1_D4__r03_s28103,scene_fc_clear_v02,FC_CLEAR,C1,D4,28103,29,CLEARANCE_OVERLAP,10,False,False,RETRIEVE,TRANSLATE,False,True,"{""action"": ""TRANSLATE""}"
v26__scene_fc_clear_v02__L4__C1_D4__r04_s28104,scene_fc_clear_v02,FC_CLEAR,C1,D4,28104,29,CLEARANCE_OVERLAP,10,False,False,RETRIEVE,TRANSLATE,False,True,"{""action"": ""TRANSLATE""}"
v26__scene_fc_clear_v02__L4__C1_D4__r05_s28105,scene_fc_clear_v02,FC_CLEAR,C1,D4,28105,29,CLEARANCE_OVERLAP,10,False,False,RETRIEVE,TRANSLATE,False,True,"{""action"": ""TRANSLATE""}"
v26__scene_fc_clear_v03__L4__C1_D4__r01_s28101,scene_fc_clear_v03,FC_CLEAR,C1,D4,28101,95,CLEARANCE_OVERLAP,20,False,False,RETRIEVE,TRANSLATE,False,True,"{""action"": ""TRANSLATE""}"
v26__scene_fc_clear_v03__L4__C1_D4__r02_s28102,scene_fc_clear_v03,FC_CLEAR,C1,D4,28102,95,CLEARANCE_OVERLAP,20,False,False,RETRIEVE,TRANSLATE,False,True,"{""action"": ""TRANSLATE""}"
v26__scene_fc_clear_v03__L4__C1_D4__r03_s28103,scene_fc_clear_v03,FC_CLEAR,C1,D4,28103,95,CLEARANCE_OVERLAP,20,False,False,RETRIEVE,TRANSLATE,False,True,"{""action"": ""TRANSLATE""}"
v26__scene_fc_clear_v03__L4__C1_D4__r04_s28104,scene_fc_clear_v03,FC_CLEAR,C1,D4,28104,95,NONE,,True,True,RETRIEVE,RETRIEVE,True,True,"{""action"": ""RETRIEVE""}"
v26__scene_fc_clear_v03__L4__C1_D4__r05_s28105,scene_fc_clear_v03,FC_CLEAR,C1,D4,28105,95,CLEARANCE_OVERLAP,20,False,False,RETRIEVE,TRANSLATE,False,True,"{""action"": ""TRANSLATE""}"
v26__scene_fc_clear_v04__L4__C1_D4__r01_s28101,scene_fc_clear_v04,FC_CLEAR,C1,D4,28101,61,CLEARANCE_OVERLAP,38,False,False,RETRIEVE,TRANSLATE,False,True,"{""action"": ""TRANSLATE""}"
v26__scene_fc_clear_v04__L4__C1_D4__r02_s28102,scene_fc_clear_v04,FC_CLEAR,C1,D4,28102,61,CLEARANCE_OVERLAP,38,False,False,RETRIEVE,TRANSLATE,False,True,"{""action"": ""TRANSLATE""}"
v26__scene_fc_clear_v04__L4__C1_D4__r03_s28103,scene_fc_clear_v04,FC_CLEAR,C1,D4,28103,61,CLEARANCE_OVERLAP,38,False,False,RETRIEVE,TRANSLATE,False,True,"{""action"": ""TRANSLATE""}"
v26__scene_fc_clear_v04__L4__C1_D4__r04_s28104,scene_fc_clear_v04,FC_CLEAR,C1,D4,28104,61,CLEARANCE_OVERLAP,38,False,False,RETRIEVE,TRANSLATE,False,True,"{""action"": ""TRANSLATE""}"
v26__scene_fc_clear_v04__L4__C1_D4__r05_s28105,scene_fc_clear_v04,FC_CLEAR,C1,D4,28105,61,CLEARANCE_OVERLAP,38,False,False,RETRIEVE,TRANSLATE,False,True,"{""action"": ""TRANSLATE""}"
v26__scene_fc_clear_v05__L4__C1_D4__r01_s28101,scene_fc_clear_v05,FC_CLEAR,C1,D4,28101,62,CLEARANCE_OVERLAP,82,True,True,RETRIEVE,TRANSLATE,False,True,"{""action"": ""TRANSLATE""}"
v26__scene_fc_clear_v05__L4__C1_D4__r02_s28102,scene_fc_clear_v05,FC_CLEAR,C1,D4,28102,62,CLEARANCE_OVERLAP,82,True,True,RETRIEVE,TRANSLATE,False,True,"{""action"": ""TRANSLATE""}"
v26__scene_fc_clear_v05__L4__C1_D4__r03_s28103,scene_fc_clear_v05,FC_CLEAR,C1,D4,28103,62,CLEARANCE_OVERLAP,82,True,True,RETRIEVE,TRANSLATE,False,True,"{""action"": ""TRANSLATE""}"
v26__scene_fc_clear_v05__L4__C1_D4__r04_s28104,scene_fc_clear_v05,FC_CLEAR,C1,D4,28104,62,CLEARANCE_OVERLAP,82,True,True,RETRIEVE,TRANSLATE,False,True,"{""action"": ""TRANSLATE""}"
v26__scene_fc_clear_v05__L4__C1_D4__r05_s28105,scene_fc_clear_v05,FC_CLEAR,C1,D4,28105,62,CLEARANCE_OVERLAP,82,True,True,RETRIEVE,TRANSLATE,False,True,"{""action"": ""TRANSLATE""}"
v26__scene_lift_and_relocate_v01__L4__C1_D4__r01_s28101,scene_lift_and_relocate_v01,LIFT_AND_RELOCATE,C1,D4,28101,59,CLEARANCE_OVERLAP,64,False,True,LIFT_AND_RELOCATE,LIFT_AND_RELOCATE,True,True,"{""action"": ""LIFT_AND_RELOCATE""}"
v26__scene_lift_and_relocate_v01__L4__C1_D4__r02_s28102,scene_lift_and_relocate_v01,LIFT_AND_RELOCATE,C1,D4,28102,59,CLEARANCE_OVERLAP,64,False,True,LIFT_AND_RELOCATE,LIFT_AND_RELOCATE,True,True,"{""action"": ""LIFT_AND_RELOCATE""}"
v26__scene_lift_and_relocate_v01__L4__C1_D4__r03_s28103,scene_lift_and_relocate_v01,LIFT_AND_RELOCATE,C1,D4,28103,59,CLEARANCE_OVERLAP,64,False,True,LIFT_AND_RELOCATE,LIFT_AND_RELOCATE,True,True,"{""action"": ""LIFT_AND_RELOCATE""}"
v26__scene_lift_and_relocate_v01__L4__C1_D4__r04_s28104,scene_lift_and_relocate_v01,LIFT_AND_RELOCATE,C1,D4,28104,59,CLEARANCE_OVERLAP,64,False,True,LIFT_AND_RELOCATE,LIFT_AND_RELOCATE,True,True,"{""action"": ""LIFT_AND_RELOCATE""}"
v26__scene_lift_and_relocate_v01__L4__C1_D4__r05_s28105,scene_lift_and_relocate_v01,LIFT_AND_RELOCATE,C1,D4,28105,59,CLEARANCE_OVERLAP,64,False,True,LIFT_AND_RELOCATE,LIFT_AND_RELOCATE,True,True,"{""action"": ""LIFT_AND_RELOCATE""}"
v26__scene_lift_and_relocate_v02__L4__C1_D4__r01_s28101,scene_lift_and_relocate_v02,LIFT_AND_RELOCATE,C1,D4,28101,70,CLEARANCE_OVERLAP,14,False,True,LIFT_AND_RELOCATE,LIFT_AND_RELOCATE,True,True,"{""action"": ""LIFT_AND_RELOCATE""}"
v26__scene_lift_and_relocate_v02__L4__C1_D4__r02_s28102,scene_lift_and_relocate_v02,LIFT_AND_RELOCATE,C1,D4,28102,70,CLEARANCE_OVERLAP,14,False,True,LIFT_AND_RELOCATE,LIFT_AND_RELOCATE,True,True,"{""action"": ""LIFT_AND_RELOCATE""}"
v26__scene_lift_and_relocate_v02__L4__C1_D4__r03_s28103,scene_lift_and_relocate_v02,LIFT_AND_RELOCATE,C1,D4,28103,70,CLEARANCE_OVERLAP,14,False,True,LIFT_AND_RELOCATE,LIFT_AND_RELOCATE,True,True,"{""action"": ""LIFT_AND_RELOCATE""}"
v26__scene_lift_and_relocate_v02__L4__C1_D4__r04_s28104,scene_lift_and_relocate_v02,LIFT_AND_RELOCATE,C1,D4,28104,70,CLEARANCE_OVERLAP,14,False,True,LIFT_AND_RELOCATE,LIFT_AND_RELOCATE,True,True,"{""action"": ""LIFT_AND_RELOCATE""}"
v26__scene_lift_and_relocate_v02__L4__C1_D4__r05_s28105,scene_lift_and_relocate_v02,LIFT_AND_RELOCATE,C1,D4,28105,70,CLEARANCE_OVERLAP,14,False,True,LIFT_AND_RELOCATE,LIFT_AND_RELOCATE,True,True,"{""action"": ""LIFT_AND_RELOCATE""}"
v26__scene_lift_and_relocate_v03__L4__C1_D4__r01_s28101,scene_lift_and_relocate_v03,LIFT_AND_RELOCATE,C1,D4,28101,12,CLEARANCE_OVERLAP,35,False,True,LIFT_AND_RELOCATE,TRANSLATE,False,True,"{""action"": ""TRANSLATE""}"
v26__scene_lift_and_relocate_v03__L4__C1_D4__r02_s28102,scene_lift_and_relocate_v03,LIFT_AND_RELOCATE,C1,D4,28102,12,CLEARANCE_OVERLAP,35,False,True,LIFT_AND_RELOCATE,TRANSLATE,False,True,"{""action"": ""TRANSLATE""}"
v26__scene_lift_and_relocate_v03__L4__C1_D4__r03_s28103,scene_lift_and_relocate_v03,LIFT_AND_RELOCATE,C1,D4,28103,12,CLEARANCE_OVERLAP,35,False,True,LIFT_AND_RELOCATE,TRANSLATE,False,True,"{""action"": ""TRANSLATE""}"
v26__scene_lift_and_relocate_v03__L4__C1_D4__r04_s28104,scene_lift_and_relocate_v03,LIFT_AND_RELOCATE,C1,D4,28104,12,CLEARANCE_OVERLAP,35,False,True,LIFT_AND_RELOCATE,TRANSLATE,False,True,"{""action"": ""TRANSLATE""}"
v26__scene_lift_and_relocate_v03__L4__C1_D4__r05_s28105,scene_lift_and_relocate_v03,LIFT_AND_RELOCATE,C1,D4,28105,12,CLEARANCE_OVERLAP,35,False,True,LIFT_AND_RELOCATE,TRANSLATE,False,True,"{""action"": ""TRANSLATE""}"
v26__scene_lift_and_relocate_v04__L4__C1_D4__r01_s28101,scene_lift_and_relocate_v04,LIFT_AND_RELOCATE,C1,D4,28101,68,CLEARANCE_OVERLAP,30,False,False,LIFT_AND_RELOCATE,TRANSLATE,False,True,"{""action"": ""TRANSLATE""}"
v26__scene_lift_and_relocate_v04__L4__C1_D4__r02_s28102,scene_lift_and_relocate_v04,LIFT_AND_RELOCATE,C1,D4,28102,68,CLEARANCE_OVERLAP,30,False,False,LIFT_AND_RELOCATE,TRANSLATE,False,True,"{""action"": ""TRANSLATE""}"
v26__scene_lift_and_relocate_v04__L4__C1_D4__r03_s28103,scene_lift_and_relocate_v04,LIFT_AND_RELOCATE,C1,D4,28103,68,CLEARANCE_OVERLAP,30,False,False,LIFT_AND_RELOCATE,TRANSLATE,False,True,"{""action"": ""TRANSLATE""}"
v26__scene_lift_and_relocate_v04__L4__C1_D4__r04_s28104,scene_lift_and_relocate_v04,LIFT_AND_RELOCATE,C1,D4,28104,68,CLEARANCE_OVERLAP,30,False,False,LIFT_AND_RELOCATE,TRANSLATE,False,True,"{""action"": ""TRANSLATE""}"
v26__scene_lift_and_relocate_v04__L4__C1_D4__r05_s28105,scene_lift_and_relocate_v04,LIFT_AND_RELOCATE,C1,D4,28105,68,CLEARANCE_OVERLAP,30,False,False,LIFT_AND_RELOCATE,TRANSLATE,False,True,"{""action"": ""TRANSLATE""}"
v26__scene_lift_and_relocate_v05__L4__C1_D4__r01_s28101,scene_lift_and_relocate_v05,LIFT_AND_RELOCATE,C1,D4,28101,43,CLEARANCE_OVERLAP,15,False,True,LIFT_AND_RELOCATE,TRANSLATE,False,True,"{""action"": ""TRANSLATE""}"
v26__scene_lift_and_relocate_v05__L4__C1_D4__r02_s28102,scene_lift_and_relocate_v05,LIFT_AND_RELOCATE,C1,D4,28102,43,CLEARANCE_OVERLAP,15,False,True,LIFT_AND_RELOCATE,LIFT_AND_RELOCATE,True,True,"{""action"": ""LIFT_AND_RELOCATE""}"
v26__scene_lift_and_relocate_v05__L4__C1_D4__r03_s28103,scene_lift_and_relocate_v05,LIFT_AND_RELOCATE,C1,D4,28103,43,CLEARANCE_OVERLAP,15,False,True,LIFT_AND_RELOCATE,TRANSLATE,False,True,"{""action"": ""TRANSLATE""}"
v26__scene_lift_and_relocate_v05__L4__C1_D4__r04_s28104,scene_lift_and_relocate_v05,LIFT_AND_RELOCATE,C1,D4,28104,43,CLEARANCE_OVERLAP,15,False,True,LIFT_AND_RELOCATE,TRANSLATE,False,True,"{""action"": ""TRANSLATE""}"
v26__scene_lift_and_relocate_v05__L4__C1_D4__r05_s28105,scene_lift_and_relocate_v05,LIFT_AND_RELOCATE,C1,D4,28105,43,CLEARANCE_OVERLAP,15,False,True,LIFT_AND_RELOCATE,TRANSLATE,False,True,"{""action"": ""TRANSLATE""}"
v26__scene_rotate_v01__L4__C1_D4__r01_s28101,scene_rotate_v01,ROTATE,C1,D4,28101,12,CLEARANCE_OVERLAP,41,False,False,ROTATE,TRANSLATE,False,True,"{""action"": ""TRANSLATE""}"
v26__scene_rotate_v01__L4__C1_D4__r02_s28102,scene_rotate_v01,ROTATE,C1,D4,28102,12,CLEARANCE_OVERLAP,41,False,False,ROTATE,TRANSLATE,False,True,"{""action"": ""TRANSLATE""}"
v26__scene_rotate_v01__L4__C1_D4__r03_s28103,scene_rotate_v01,ROTATE,C1,D4,28103,12,CLEARANCE_OVERLAP,41,False,False,ROTATE,TRANSLATE,False,True,"{""action"": ""TRANSLATE""}"
v26__scene_rotate_v01__L4__C1_D4__r04_s28104,scene_rotate_v01,ROTATE,C1,D4,28104,12,CLEARANCE_OVERLAP,41,False,False,ROTATE,TRANSLATE,False,True,"{""action"": ""TRANSLATE""}"
v26__scene_rotate_v01__L4__C1_D4__r05_s28105,scene_rotate_v01,ROTATE,C1,D4,28105,12,CLEARANCE_OVERLAP,41,False,False,ROTATE,TRANSLATE,False,True,"{""action"": ""TRANSLATE""}"
v26__scene_rotate_v02__L4__C1_D4__r01_s28101,scene_rotate_v02,ROTATE,C1,D4,28101,38,CLEARANCE_OVERLAP,29,False,False,ROTATE,TRANSLATE,False,True,"{""action"": ""TRANSLATE""}"
v26__scene_rotate_v02__L4__C1_D4__r02_s28102,scene_rotate_v02,ROTATE,C1,D4,28102,38,CLEARANCE_OVERLAP,50,False,True,ROTATE,LIFT_AND_RELOCATE,False,True,"{""action"": ""LIFT_AND_RELOCATE""}"
v26__scene_rotate_v02__L4__C1_D4__r03_s28103,scene_rotate_v02,ROTATE,C1,D4,28103,38,CLEARANCE_OVERLAP,50,False,True,ROTATE,LIFT_AND_RELOCATE,False,True,"{""action"": ""LIFT_AND_RELOCATE""}"
v26__scene_rotate_v02__L4__C1_D4__r04_s28104,scene_rotate_v02,ROTATE,C1,D4,28104,38,CLEARANCE_OVERLAP,50,False,True,ROTATE,LIFT_AND_RELOCATE,False,True,"{""action"": ""LIFT_AND_RELOCATE""}"
v26__scene_rotate_v02__L4__C1_D4__r05_s28105,scene_rotate_v02,ROTATE,C1,D4,28105,38,CLEARANCE_OVERLAP,50,False,True,ROTATE,LIFT_AND_RELOCATE,False,True,"{""action"": ""LIFT_AND_RELOCATE""}"
v26__scene_rotate_v03__L4__C1_D4__r01_s28101,scene_rotate_v03,ROTATE,C1,D4,28101,83,CLEARANCE_OVERLAP,11,False,False,ROTATE,TRANSLATE,False,True,"{""action"": ""TRANSLATE""}"
v26__scene_rotate_v03__L4__C1_D4__r02_s28102,scene_rotate_v03,ROTATE,C1,D4,28102,83,CLEARANCE_OVERLAP,11,False,False,ROTATE,TRANSLATE,False,True,"{""action"": ""TRANSLATE""}"
v26__scene_rotate_v03__L4__C1_D4__r03_s28103,scene_rotate_v03,ROTATE,C1,D4,28103,83,CLEARANCE_OVERLAP,11,False,False,ROTATE,TRANSLATE,False,True,"{""action"": ""TRANSLATE""}"
v26__scene_rotate_v03__L4__C1_D4__r04_s28104,scene_rotate_v03,ROTATE,C1,D4,28104,83,CLEARANCE_OVERLAP,11,False,False,ROTATE,TRANSLATE,False,True,"{""action"": ""TRANSLATE""}"
v26__scene_rotate_v03__L4__C1_D4__r05_s28105,scene_rotate_v03,ROTATE,C1,D4,28105,83,CLEARANCE_OVERLAP,11,False,False,ROTATE,TRANSLATE,False,True,"{""action"": ""TRANSLATE""}"
v26__scene_rotate_v04__L4__C1_D4__r01_s28101,scene_rotate_v04,ROTATE,C1,D4,28101,47,CLEARANCE_OVERLAP,25,False,False,ROTATE,TRANSLATE,False,True,"{""action"": ""TRANSLATE""}"
v26__scene_rotate_v04__L4__C1_D4__r02_s28102,scene_rotate_v04,ROTATE,C1,D4,28102,47,CLEARANCE_OVERLAP,25,False,False,ROTATE,TRANSLATE,False,True,"{""action"": ""TRANSLATE""}"
v26__scene_rotate_v04__L4__C1_D4__r03_s28103,scene_rotate_v04,ROTATE,C1,D4,28103,47,CLEARANCE_OVERLAP,25,False,False,ROTATE,TRANSLATE,False,True,"{""action"": ""TRANSLATE""}"
v26__scene_rotate_v04__L4__C1_D4__r04_s28104,scene_rotate_v04,ROTATE,C1,D4,28104,47,CLEARANCE_OVERLAP,25,False,False,ROTATE,TRANSLATE,False,True,"{""action"": ""TRANSLATE""}"
v26__scene_rotate_v04__L4__C1_D4__r05_s28105,scene_rotate_v04,ROTATE,C1,D4,28105,47,CLEARANCE_OVERLAP,25,False,False,ROTATE,TRANSLATE,False,True,"{""action"": ""TRANSLATE""}"
v26__scene_rotate_v05__L4__C1_D4__r01_s28101,scene_rotate_v05,ROTATE,C1,D4,28101,44,CLEARANCE_OVERLAP,82,False,True,ROTATE,LIFT_AND_RELOCATE,False,True,"{""action"": ""LIFT_AND_RELOCATE""}"
v26__scene_rotate_v05__L4__C1_D4__r02_s28102,scene_rotate_v05,ROTATE,C1,D4,28102,44,CLEARANCE_OVERLAP,82,False,True,ROTATE,LIFT_AND_RELOCATE,False,True,"{""action"": ""LIFT_AND_RELOCATE""}"
v26__scene_rotate_v05__L4__C1_D4__r03_s28103,scene_rotate_v05,ROTATE,C1,D4,28103,44,CLEARANCE_OVERLAP,82,False,True,ROTATE,TRANSLATE,False,True,"{""action"": ""TRANSLATE""}"
v26__scene_rotate_v05__L4__C1_D4__r04_s28104,scene_rotate_v05,ROTATE,C1,D4,28104,44,CLEARANCE_OVERLAP,82,False,True,ROTATE,TRANSLATE,False,True,"{""action"": ""TRANSLATE""}"
v26__scene_rotate_v05__L4__C1_D4__r05_s28105,scene_rotate_v05,ROTATE,C1,D4,28105,44,CLEARANCE_OVERLAP,82,False,True,ROTATE,LIFT_AND_RELOCATE,False,True,"{""action"": ""LIFT_AND_RELOCATE""}"
v26__scene_translate_v01__L4__C1_D4__r01_s28101,scene_translate_v01,TRANSLATE,C1,D4,28101,67,CLEARANCE_OVERLAP,35,False,True,TRANSLATE,TRANSLATE,True,True,"{""action"": ""TRANSLATE""}"
v26__scene_translate_v01__L4__C1_D4__r02_s28102,scene_translate_v01,TRANSLATE,C1,D4,28102,67,CLEARANCE_OVERLAP,35,False,True,TRANSLATE,TRANSLATE,True,True,"{""action"": ""TRANSLATE""}"
v26__scene_translate_v01__L4__C1_D4__r03_s28103,scene_translate_v01,TRANSLATE,C1,D4,28103,67,CLEARANCE_OVERLAP,35,False,True,TRANSLATE,TRANSLATE,True,True,"{""action"": ""TRANSLATE""}"
v26__scene_translate_v01__L4__C1_D4__r04_s28104,scene_translate_v01,TRANSLATE,C1,D4,28104,67,CLEARANCE_OVERLAP,35,False,True,TRANSLATE,TRANSLATE,True,True,"{""action"": ""TRANSLATE""}"
v26__scene_translate_v01__L4__C1_D4__r05_s28105,scene_translate_v01,TRANSLATE,C1,D4,28105,67,CLEARANCE_OVERLAP,35,False,True,TRANSLATE,TRANSLATE,True,True,"{""action"": ""TRANSLATE""}"
v26__scene_translate_v02__L4__C1_D4__r01_s28101,scene_translate_v02,TRANSLATE,C1,D4,28101,45,BOTH,95,True,True,TRANSLATE,LIFT_AND_RELOCATE,False,True,"{""action"": ""LIFT_AND_RELOCATE""}"
v26__scene_translate_v02__L4__C1_D4__r02_s28102,scene_translate_v02,TRANSLATE,C1,D4,28102,45,CLEARANCE_OVERLAP,95,False,True,TRANSLATE,LIFT_AND_RELOCATE,False,True,"{""action"": ""LIFT_AND_RELOCATE""}"
v26__scene_translate_v02__L4__C1_D4__r03_s28103,scene_translate_v02,TRANSLATE,C1,D4,28103,45,BOTH,95,True,True,TRANSLATE,LIFT_AND_RELOCATE,False,True,"{""action"": ""LIFT_AND_RELOCATE""}"
v26__scene_translate_v02__L4__C1_D4__r04_s28104,scene_translate_v02,TRANSLATE,C1,D4,28104,45,BOTH,95,True,True,TRANSLATE,LIFT_AND_RELOCATE,False,True,"{""action"": ""LIFT_AND_RELOCATE""}"
v26__scene_translate_v02__L4__C1_D4__r05_s28105,scene_translate_v02,TRANSLATE,C1,D4,28105,45,BOTH,95,True,True,TRANSLATE,LIFT_AND_RELOCATE,False,True,"{""action"": ""LIFT_AND_RELOCATE""}"
v26__scene_translate_v03__L4__C1_D4__r01_s28101,scene_translate_v03,TRANSLATE,C1,D4,28101,18,CLEARANCE_OVERLAP,45,False,True,TRANSLATE,TRANSLATE,True,True,"{""action"": ""TRANSLATE""}"
v26__scene_translate_v03__L4__C1_D4__r02_s28102,scene_translate_v03,TRANSLATE,C1,D4,28102,18,CLEARANCE_OVERLAP,45,False,True,TRANSLATE,TRANSLATE,True,True,"{""action"": ""TRANSLATE""}"
v26__scene_translate_v03__L4__C1_D4__r03_s28103,scene_translate_v03,TRANSLATE,C1,D4,28103,18,CLEARANCE_OVERLAP,45,False,True,TRANSLATE,TRANSLATE,True,True,"{""action"": ""TRANSLATE""}"
v26__scene_translate_v03__L4__C1_D4__r04_s28104,scene_translate_v03,TRANSLATE,C1,D4,28104,18,CLEARANCE_OVERLAP,45,False,True,TRANSLATE,TRANSLATE,True,True,"{""action"": ""TRANSLATE""}"
v26__scene_translate_v03__L4__C1_D4__r05_s28105,scene_translate_v03,TRANSLATE,C1,D4,28105,18,CLEARANCE_OVERLAP,45,False,True,TRANSLATE,TRANSLATE,True,True,"{""action"": ""TRANSLATE""}"
v26__scene_translate_v04__L4__C1_D4__r01_s28101,scene_translate_v04,TRANSLATE,C1,D4,28101,13,CLEARANCE_OVERLAP,84,False,True,TRANSLATE,LIFT_AND_RELOCATE,False,True,"{""action"": ""LIFT_AND_RELOCATE""}"
v26__scene_translate_v04__L4__C1_D4__r02_s28102,scene_translate_v04,TRANSLATE,C1,D4,28102,13,CLEARANCE_OVERLAP,84,False,True,TRANSLATE,LIFT_AND_RELOCATE,False,True,"{""action"": ""LIFT_AND_RELOCATE""}"
v26__scene_translate_v04__L4__C1_D4__r03_s28103,scene_translate_v04,TRANSLATE,C1,D4,28103,13,CLEARANCE_OVERLAP,84,False,True,TRANSLATE,LIFT_AND_RELOCATE,False,True,"{""action"": ""LIFT_AND_RELOCATE""}"
v26__scene_translate_v04__L4__C1_D4__r04_s28104,scene_translate_v04,TRANSLATE,C1,D4,28104,13,CLEARANCE_OVERLAP,84,False,True,TRANSLATE,LIFT_AND_RELOCATE,False,True,"{""action"": ""LIFT_AND_RELOCATE""}"
v26__scene_translate_v04__L4__C1_D4__r05_s28105,scene_translate_v04,TRANSLATE,C1,D4,28105,13,CLEARANCE_OVERLAP,84,False,True,TRANSLATE,LIFT_AND_RELOCATE,False,True,"{""action"": ""LIFT_AND_RELOCATE""}"
v26__scene_translate_v05__L4__C1_D4__r01_s28101,scene_translate_v05,TRANSLATE,C1,D4,28101,54,CLEARANCE_OVERLAP,79,False,True,TRANSLATE,TRANSLATE,True,True,"{""action"": ""TRANSLATE""}"
v26__scene_translate_v05__L4__C1_D4__r02_s28102,scene_translate_v05,TRANSLATE,C1,D4,28102,54,CLEARANCE_OVERLAP,79,False,True,TRANSLATE,TRANSLATE,True,True,"{""action"": ""TRANSLATE""}"
v26__scene_translate_v05__L4__C1_D4__r03_s28103,scene_translate_v05,TRANSLATE,C1,D4,28103,54,CLEARANCE_OVERLAP,79,False,True,TRANSLATE,TRANSLATE,True,True,"{""action"": ""TRANSLATE""}"
v26__scene_translate_v05__L4__C1_D4__r04_s28104,scene_translate_v05,TRANSLATE,C1,D4,28104,54,CLEARANCE_OVERLAP,79,False,True,TRANSLATE,TRANSLATE,True,True,"{""action"": ""TRANSLATE""}"
v26__scene_translate_v05__L4__C1_D4__r05_s28105,scene_translate_v05,TRANSLATE,C1,D4,28105,54,CLEARANCE_OVERLAP,79,False,True,TRANSLATE,TRANSLATE,True,True,"{""action"": ""TRANSLATE""}"
v26__scene_fc_blocked_v01__L4__C1_D8__r01_s28101,scene_fc_blocked_v01,FC_BLOCKED,C1,D8,28101,64,CLEARANCE_OVERLAP,40,True,True,TRANSLATE,TRANSLATE,True,True,"{""action"": ""TRANSLATE""}"
v26__scene_fc_blocked_v01__L4__C1_D8__r02_s28102,scene_fc_blocked_v01,FC_BLOCKED,C1,D8,28102,64,CLEARANCE_OVERLAP,40,True,True,TRANSLATE,TRANSLATE,True,True,"{""action"": ""TRANSLATE""}"
v26__scene_fc_blocked_v01__L4__C1_D8__r03_s28103,scene_fc_blocked_v01,FC_BLOCKED,C1,D8,28103,64,CLEARANCE_OVERLAP,40,True,True,TRANSLATE,TRANSLATE,True,True,"{""action"": ""TRANSLATE""}"
v26__scene_fc_blocked_v01__L4__C1_D8__r04_s28104,scene_fc_blocked_v01,FC_BLOCKED,C1,D8,28104,64,CLEARANCE_OVERLAP,40,True,True,TRANSLATE,TRANSLATE,True,True,"{""action"": ""TRANSLATE""}"
v26__scene_fc_blocked_v01__L4__C1_D8__r05_s28105,scene_fc_blocked_v01,FC_BLOCKED,C1,D8,28105,64,CLEARANCE_OVERLAP,40,True,True,TRANSLATE,TRANSLATE,True,True,"{""action"": ""TRANSLATE""}"
v26__scene_fc_blocked_v02__L4__C1_D8__r01_s28101,scene_fc_blocked_v02,FC_BLOCKED,C1,D8,28101,53,CLEARANCE_OVERLAP,49,True,True,TRANSLATE,TRANSLATE,True,True,"{""action"": ""TRANSLATE""}"
v26__scene_fc_blocked_v02__L4__C1_D8__r02_s28102,scene_fc_blocked_v02,FC_BLOCKED,C1,D8,28102,53,CLEARANCE_OVERLAP,49,True,True,TRANSLATE,TRANSLATE,True,True,"{""action"": ""TRANSLATE""}"
v26__scene_fc_blocked_v02__L4__C1_D8__r03_s28103,scene_fc_blocked_v02,FC_BLOCKED,C1,D8,28103,53,CLEARANCE_OVERLAP,49,True,True,TRANSLATE,TRANSLATE,True,True,"{""action"": ""TRANSLATE""}"
v26__scene_fc_blocked_v02__L4__C1_D8__r04_s28104,scene_fc_blocked_v02,FC_BLOCKED,C1,D8,28104,53,CLEARANCE_OVERLAP,49,True,True,TRANSLATE,TRANSLATE,True,True,"{""action"": ""TRANSLATE""}"
v26__scene_fc_blocked_v02__L4__C1_D8__r05_s28105,scene_fc_blocked_v02,FC_BLOCKED,C1,D8,28105,53,CLEARANCE_OVERLAP,49,True,True,TRANSLATE,TRANSLATE,True,True,"{""action"": ""TRANSLATE""}"
v26__scene_fc_blocked_v03__L4__C1_D8__r01_s28101,scene_fc_blocked_v03,FC_BLOCKED,C1,D8,28101,12,CLEARANCE_OVERLAP,33,True,True,TRANSLATE,TRANSLATE,True,True,"{""action"": ""TRANSLATE""}"
v26__scene_fc_blocked_v03__L4__C1_D8__r02_s28102,scene_fc_blocked_v03,FC_BLOCKED,C1,D8,28102,12,CLEARANCE_OVERLAP,33,True,True,TRANSLATE,TRANSLATE,True,True,"{""action"": ""TRANSLATE""}"
v26__scene_fc_blocked_v03__L4__C1_D8__r03_s28103,scene_fc_blocked_v03,FC_BLOCKED,C1,D8,28103,12,CLEARANCE_OVERLAP,33,True,True,TRANSLATE,TRANSLATE,True,True,"{""action"": ""TRANSLATE""}"
v26__scene_fc_blocked_v03__L4__C1_D8__r04_s28104,scene_fc_blocked_v03,FC_BLOCKED,C1,D8,28104,12,CLEARANCE_OVERLAP,33,True,True,TRANSLATE,TRANSLATE,True,True,"{""action"": ""TRANSLATE""}"
v26__scene_fc_blocked_v03__L4__C1_D8__r05_s28105,scene_fc_blocked_v03,FC_BLOCKED,C1,D8,28105,12,CLEARANCE_OVERLAP,33,True,True,TRANSLATE,TRANSLATE,True,True,"{""action"": ""TRANSLATE""}"
v26__scene_fc_blocked_v04__L4__C1_D8__r01_s28101,scene_fc_blocked_v04,FC_BLOCKED,C1,D8,28101,89,CLEARANCE_OVERLAP,19,True,True,TRANSLATE,TRANSLATE,True,True,"{""action"": ""TRANSLATE""}"
v26__scene_fc_blocked_v04__L4__C1_D8__r02_s28102,scene_fc_blocked_v04,FC_BLOCKED,C1,D8,28102,89,CLEARANCE_OVERLAP,19,True,True,TRANSLATE,TRANSLATE,True,True,"{""action"": ""TRANSLATE""}"
v26__scene_fc_blocked_v04__L4__C1_D8__r03_s28103,scene_fc_blocked_v04,FC_BLOCKED,C1,D8,28103,89,CLEARANCE_OVERLAP,19,True,True,TRANSLATE,TRANSLATE,True,True,"{""action"": ""TRANSLATE""}"
v26__scene_fc_blocked_v04__L4__C1_D8__r04_s28104,scene_fc_blocked_v04,FC_BLOCKED,C1,D8,28104,89,CLEARANCE_OVERLAP,19,True,True,TRANSLATE,TRANSLATE,True,True,"{""action"": ""TRANSLATE""}"
v26__scene_fc_blocked_v04__L4__C1_D8__r05_s28105,scene_fc_blocked_v04,FC_BLOCKED,C1,D8,28105,89,CLEARANCE_OVERLAP,19,True,True,TRANSLATE,TRANSLATE,True,True,"{""action"": ""TRANSLATE""}"
v26__scene_fc_blocked_v05__L4__C1_D8__r01_s28101,scene_fc_blocked_v05,FC_BLOCKED,C1,D8,28101,59,CLEARANCE_OVERLAP,26,False,True,TRANSLATE,TRANSLATE,True,True,"{""action"": ""TRANSLATE""}"
v26__scene_fc_blocked_v05__L4__C1_D8__r02_s28102,scene_fc_blocked_v05,FC_BLOCKED,C1,D8,28102,59,CLEARANCE_OVERLAP,26,False,True,TRANSLATE,TRANSLATE,True,True,"{""action"": ""TRANSLATE""}"
v26__scene_fc_blocked_v05__L4__C1_D8__r03_s28103,scene_fc_blocked_v05,FC_BLOCKED,C1,D8,28103,59,CLEARANCE_OVERLAP,26,False,True,TRANSLATE,TRANSLATE,True,True,"{""action"": ""TRANSLATE""}"
v26__scene_fc_blocked_v05__L4__C1_D8__r04_s28104,scene_fc_blocked_v05,FC_BLOCKED,C1,D8,28104,59,CLEARANCE_OVERLAP,26,False,True,TRANSLATE,TRANSLATE,True,True,"{""action"": ""TRANSLATE""}"
v26__scene_fc_blocked_v05__L4__C1_D8__r05_s28105,scene_fc_blocked_v05,FC_BLOCKED,C1,D8,28105,59,CLEARANCE_OVERLAP,26,False,True,TRANSLATE,TRANSLATE,True,True,"{""action"": ""TRANSLATE""}"
v26__scene_fc_clear_v01__L4__C1_D8__r01_s28101,scene_fc_clear_v01,FC_CLEAR,C1,D8,28101,53,CLEARANCE_OVERLAP,98,False,False,RETRIEVE,LIFT_AND_RELOCATE,False,True,"{""action"": ""LIFT_AND_RELOCATE""}"
v26__scene_fc_clear_v01__L4__C1_D8__r02_s28102,scene_fc_clear_v01,FC_CLEAR,C1,D8,28102,53,CLEARANCE_OVERLAP,98,False,False,RETRIEVE,LIFT_AND_RELOCATE,False,True,"{""action"": ""LIFT_AND_RELOCATE""}"
v26__scene_fc_clear_v01__L4__C1_D8__r03_s28103,scene_fc_clear_v01,FC_CLEAR,C1,D8,28103,53,CLEARANCE_OVERLAP,98,False,False,RETRIEVE,LIFT_AND_RELOCATE,False,True,"{""action"": ""LIFT_AND_RELOCATE""}"
v26__scene_fc_clear_v01__L4__C1_D8__r04_s28104,scene_fc_clear_v01,FC_CLEAR,C1,D8,28104,53,CLEARANCE_OVERLAP,98,False,False,RETRIEVE,LIFT_AND_RELOCATE,False,True,"{""action"": ""LIFT_AND_RELOCATE""}"
v26__scene_fc_clear_v01__L4__C1_D8__r05_s28105,scene_fc_clear_v01,FC_CLEAR,C1,D8,28105,53,CLEARANCE_OVERLAP,98,False,False,RETRIEVE,LIFT_AND_RELOCATE,False,True,"{""action"": ""LIFT_AND_RELOCATE""}"
v26__scene_fc_clear_v02__L4__C1_D8__r01_s28101,scene_fc_clear_v02,FC_CLEAR,C1,D8,28101,29,CLEARANCE_OVERLAP,10,False,False,RETRIEVE,TRANSLATE,False,True,"{""action"": ""TRANSLATE""}"
v26__scene_fc_clear_v02__L4__C1_D8__r02_s28102,scene_fc_clear_v02,FC_CLEAR,C1,D8,28102,29,CLEARANCE_OVERLAP,10,False,False,RETRIEVE,LIFT_AND_RELOCATE,False,True,"{""action"": ""LIFT_AND_RELOCATE""}"
v26__scene_fc_clear_v02__L4__C1_D8__r03_s28103,scene_fc_clear_v02,FC_CLEAR,C1,D8,28103,29,CLEARANCE_OVERLAP,10,False,False,RETRIEVE,TRANSLATE,False,True,"{""action"": ""TRANSLATE""}"
v26__scene_fc_clear_v02__L4__C1_D8__r04_s28104,scene_fc_clear_v02,FC_CLEAR,C1,D8,28104,29,CLEARANCE_OVERLAP,10,False,False,RETRIEVE,TRANSLATE,False,True,"{""action"": ""TRANSLATE""}"
v26__scene_fc_clear_v02__L4__C1_D8__r05_s28105,scene_fc_clear_v02,FC_CLEAR,C1,D8,28105,29,CLEARANCE_OVERLAP,10,False,False,RETRIEVE,TRANSLATE,False,True,"{""action"": ""TRANSLATE""}"
v26__scene_fc_clear_v03__L4__C1_D8__r01_s28101,scene_fc_clear_v03,FC_CLEAR,C1,D8,28101,95,CLEARANCE_OVERLAP,20,False,False,RETRIEVE,TRANSLATE,False,True,"{""action"": ""TRANSLATE""}"
v26__scene_fc_clear_v03__L4__C1_D8__r02_s28102,scene_fc_clear_v03,FC_CLEAR,C1,D8,28102,95,CLEARANCE_OVERLAP,20,False,False,RETRIEVE,TRANSLATE,False,True,"{""action"": ""TRANSLATE""}"
v26__scene_fc_clear_v03__L4__C1_D8__r03_s28103,scene_fc_clear_v03,FC_CLEAR,C1,D8,28103,95,CLEARANCE_OVERLAP,20,False,False,RETRIEVE,TRANSLATE,False,True,"{""action"": ""TRANSLATE""}"
v26__scene_fc_clear_v03__L4__C1_D8__r04_s28104,scene_fc_clear_v03,FC_CLEAR,C1,D8,28104,95,NONE,,True,True,RETRIEVE,RETRIEVE,True,True,"{""action"": ""RETRIEVE""}"
v26__scene_fc_clear_v03__L4__C1_D8__r05_s28105,scene_fc_clear_v03,FC_CLEAR,C1,D8,28105,95,CLEARANCE_OVERLAP,20,False,False,RETRIEVE,TRANSLATE,False,True,"{""action"": ""TRANSLATE""}"
v26__scene_fc_clear_v04__L4__C1_D8__r01_s28101,scene_fc_clear_v04,FC_CLEAR,C1,D8,28101,61,CLEARANCE_OVERLAP,38,False,False,RETRIEVE,TRANSLATE,False,True,"{""action"": ""TRANSLATE""}"
v26__scene_fc_clear_v04__L4__C1_D8__r02_s28102,scene_fc_clear_v04,FC_CLEAR,C1,D8,28102,61,CLEARANCE_OVERLAP,38,False,False,RETRIEVE,TRANSLATE,False,True,"{""action"": ""TRANSLATE""}"
v26__scene_fc_clear_v04__L4__C1_D8__r03_s28103,scene_fc_clear_v04,FC_CLEAR,C1,D8,28103,61,CLEARANCE_OVERLAP,38,False,False,RETRIEVE,TRANSLATE,False,True,"{""action"": ""TRANSLATE""}"
v26__scene_fc_clear_v04__L4__C1_D8__r04_s28104,scene_fc_clear_v04,FC_CLEAR,C1,D8,28104,61,CLEARANCE_OVERLAP,38,False,False,RETRIEVE,TRANSLATE,False,True,"{""action"": ""TRANSLATE""}"
v26__scene_fc_clear_v04__L4__C1_D8__r05_s28105,scene_fc_clear_v04,FC_CLEAR,C1,D8,28105,61,CLEARANCE_OVERLAP,38,False,False,RETRIEVE,TRANSLATE,False,True,"{""action"": ""TRANSLATE""}"
v26__scene_fc_clear_v05__L4__C1_D8__r01_s28101,scene_fc_clear_v05,FC_CLEAR,C1,D8,28101,62,CLEARANCE_OVERLAP,82,True,True,RETRIEVE,TRANSLATE,False,True,"{""action"": ""TRANSLATE""}"
v26__scene_fc_clear_v05__L4__C1_D8__r02_s28102,scene_fc_clear_v05,FC_CLEAR,C1,D8,28102,62,CLEARANCE_OVERLAP,82,True,True,RETRIEVE,TRANSLATE,False,True,"{""action"": ""TRANSLATE""}"
v26__scene_fc_clear_v05__L4__C1_D8__r03_s28103,scene_fc_clear_v05,FC_CLEAR,C1,D8,28103,62,CLEARANCE_OVERLAP,82,True,True,RETRIEVE,TRANSLATE,False,True,"{""action"": ""TRANSLATE""}"
v26__scene_fc_clear_v05__L4__C1_D8__r04_s28104,scene_fc_clear_v05,FC_CLEAR,C1,D8,28104,62,CLEARANCE_OVERLAP,82,True,True,RETRIEVE,TRANSLATE,False,True,"{""action"": ""TRANSLATE""}"
v26__scene_fc_clear_v05__L4__C1_D8__r05_s28105,scene_fc_clear_v05,FC_CLEAR,C1,D8,28105,62,CLEARANCE_OVERLAP,82,True,True,RETRIEVE,TRANSLATE,False,True,"{""action"": ""TRANSLATE""}"
v26__scene_lift_and_relocate_v01__L4__C1_D8__r01_s28101,scene_lift_and_relocate_v01,LIFT_AND_RELOCATE,C1,D8,28101,59,CLEARANCE_OVERLAP,64,False,True,LIFT_AND_RELOCATE,LIFT_AND_RELOCATE,True,True,"{""action"": ""LIFT_AND_RELOCATE""}"
v26__scene_lift_and_relocate_v01__L4__C1_D8__r02_s28102,scene_lift_and_relocate_v01,LIFT_AND_RELOCATE,C1,D8,28102,59,CLEARANCE_OVERLAP,64,False,True,LIFT_AND_RELOCATE,LIFT_AND_RELOCATE,True,True,"{""action"": ""LIFT_AND_RELOCATE""}"
v26__scene_lift_and_relocate_v01__L4__C1_D8__r03_s28103,scene_lift_and_relocate_v01,LIFT_AND_RELOCATE,C1,D8,28103,59,CLEARANCE_OVERLAP,64,False,True,LIFT_AND_RELOCATE,LIFT_AND_RELOCATE,True,True,"{""action"": ""LIFT_AND_RELOCATE""}"
v26__scene_lift_and_relocate_v01__L4__C1_D8__r04_s28104,scene_lift_and_relocate_v01,LIFT_AND_RELOCATE,C1,D8,28104,59,CLEARANCE_OVERLAP,64,False,True,LIFT_AND_RELOCATE,LIFT_AND_RELOCATE,True,True,"{""action"": ""LIFT_AND_RELOCATE""}"
v26__scene_lift_and_relocate_v01__L4__C1_D8__r05_s28105,scene_lift_and_relocate_v01,LIFT_AND_RELOCATE,C1,D8,28105,59,CLEARANCE_OVERLAP,64,False,True,LIFT_AND_RELOCATE,LIFT_AND_RELOCATE,True,True,"{""action"": ""LIFT_AND_RELOCATE""}"
v26__scene_lift_and_relocate_v02__L4__C1_D8__r01_s28101,scene_lift_and_relocate_v02,LIFT_AND_RELOCATE,C1,D8,28101,70,CLEARANCE_OVERLAP,14,False,True,LIFT_AND_RELOCATE,LIFT_AND_RELOCATE,True,True,"{""action"": ""LIFT_AND_RELOCATE""}"
v26__scene_lift_and_relocate_v02__L4__C1_D8__r02_s28102,scene_lift_and_relocate_v02,LIFT_AND_RELOCATE,C1,D8,28102,70,CLEARANCE_OVERLAP,14,False,True,LIFT_AND_RELOCATE,LIFT_AND_RELOCATE,True,True,"{""action"": ""LIFT_AND_RELOCATE""}"
v26__scene_lift_and_relocate_v02__L4__C1_D8__r03_s28103,scene_lift_and_relocate_v02,LIFT_AND_RELOCATE,C1,D8,28103,70,CLEARANCE_OVERLAP,14,False,True,LIFT_AND_RELOCATE,LIFT_AND_RELOCATE,True,True,"{""action"": ""LIFT_AND_RELOCATE""}"
v26__scene_lift_and_relocate_v02__L4__C1_D8__r04_s28104,scene_lift_and_relocate_v02,LIFT_AND_RELOCATE,C1,D8,28104,70,CLEARANCE_OVERLAP,14,False,True,LIFT_AND_RELOCATE,LIFT_AND_RELOCATE,True,True,"{""action"": ""LIFT_AND_RELOCATE""}"
v26__scene_lift_and_relocate_v02__L4__C1_D8__r05_s28105,scene_lift_and_relocate_v02,LIFT_AND_RELOCATE,C1,D8,28105,70,CLEARANCE_OVERLAP,14,False,True,LIFT_AND_RELOCATE,LIFT_AND_RELOCATE,True,True,"{""action"": ""LIFT_AND_RELOCATE""}"
v26__scene_lift_and_relocate_v03__L4__C1_D8__r01_s28101,scene_lift_and_relocate_v03,LIFT_AND_RELOCATE,C1,D8,28101,12,CLEARANCE_OVERLAP,35,False,True,LIFT_AND_RELOCATE,TRANSLATE,False,True,"{""action"": ""TRANSLATE""}"
v26__scene_lift_and_relocate_v03__L4__C1_D8__r02_s28102,scene_lift_and_relocate_v03,LIFT_AND_RELOCATE,C1,D8,28102,12,CLEARANCE_OVERLAP,35,False,True,LIFT_AND_RELOCATE,TRANSLATE,False,True,"{""action"": ""TRANSLATE""}"
v26__scene_lift_and_relocate_v03__L4__C1_D8__r03_s28103,scene_lift_and_relocate_v03,LIFT_AND_RELOCATE,C1,D8,28103,12,CLEARANCE_OVERLAP,35,False,True,LIFT_AND_RELOCATE,TRANSLATE,False,True,"{""action"": ""TRANSLATE""}"
v26__scene_lift_and_relocate_v03__L4__C1_D8__r04_s28104,scene_lift_and_relocate_v03,LIFT_AND_RELOCATE,C1,D8,28104,12,CLEARANCE_OVERLAP,35,False,True,LIFT_AND_RELOCATE,TRANSLATE,False,True,"{""action"": ""TRANSLATE""}"
v26__scene_lift_and_relocate_v03__L4__C1_D8__r05_s28105,scene_lift_and_relocate_v03,LIFT_AND_RELOCATE,C1,D8,28105,12,CLEARANCE_OVERLAP,35,False,True,LIFT_AND_RELOCATE,TRANSLATE,False,True,"{""action"": ""TRANSLATE""}"
v26__scene_lift_and_relocate_v04__L4__C1_D8__r01_s28101,scene_lift_and_relocate_v04,LIFT_AND_RELOCATE,C1,D8,28101,68,CLEARANCE_OVERLAP,30,False,False,LIFT_AND_RELOCATE,TRANSLATE,False,True,"{""action"": ""TRANSLATE""}"
v26__scene_lift_and_relocate_v04__L4__C1_D8__r02_s28102,scene_lift_and_relocate_v04,LIFT_AND_RELOCATE,C1,D8,28102,68,CLEARANCE_OVERLAP,30,False,False,LIFT_AND_RELOCATE,TRANSLATE,False,True,"{""action"": ""TRANSLATE""}"
v26__scene_lift_and_relocate_v04__L4__C1_D8__r03_s28103,scene_lift_and_relocate_v04,LIFT_AND_RELOCATE,C1,D8,28103,68,CLEARANCE_OVERLAP,30,False,False,LIFT_AND_RELOCATE,TRANSLATE,False,True,"{""action"": ""TRANSLATE""}"
v26__scene_lift_and_relocate_v04__L4__C1_D8__r04_s28104,scene_lift_and_relocate_v04,LIFT_AND_RELOCATE,C1,D8,28104,68,CLEARANCE_OVERLAP,30,False,False,LIFT_AND_RELOCATE,TRANSLATE,False,True,"{""action"": ""TRANSLATE""}"
v26__scene_lift_and_relocate_v04__L4__C1_D8__r05_s28105,scene_lift_and_relocate_v04,LIFT_AND_RELOCATE,C1,D8,28105,68,CLEARANCE_OVERLAP,30,False,False,LIFT_AND_RELOCATE,TRANSLATE,False,True,"{""action"": ""TRANSLATE""}"
v26__scene_lift_and_relocate_v05__L4__C1_D8__r01_s28101,scene_lift_and_relocate_v05,LIFT_AND_RELOCATE,C1,D8,28101,43,CLEARANCE_OVERLAP,15,False,True,LIFT_AND_RELOCATE,LIFT_AND_RELOCATE,True,True,"{""action"": ""LIFT_AND_RELOCATE""}"
v26__scene_lift_and_relocate_v05__L4__C1_D8__r02_s28102,scene_lift_and_relocate_v05,LIFT_AND_RELOCATE,C1,D8,28102,43,CLEARANCE_OVERLAP,15,False,True,LIFT_AND_RELOCATE,LIFT_AND_RELOCATE,True,True,"{""action"": ""LIFT_AND_RELOCATE""}"
v26__scene_lift_and_relocate_v05__L4__C1_D8__r03_s28103,scene_lift_and_relocate_v05,LIFT_AND_RELOCATE,C1,D8,28103,43,CLEARANCE_OVERLAP,15,False,True,LIFT_AND_RELOCATE,TRANSLATE,False,True,"{""action"": ""TRANSLATE""}"
v26__scene_lift_and_relocate_v05__L4__C1_D8__r04_s28104,scene_lift_and_relocate_v05,LIFT_AND_RELOCATE,C1,D8,28104,43,CLEARANCE_OVERLAP,15,False,True,LIFT_AND_RELOCATE,TRANSLATE,False,True,"{""action"": ""TRANSLATE""}"
v26__scene_lift_and_relocate_v05__L4__C1_D8__r05_s28105,scene_lift_and_relocate_v05,LIFT_AND_RELOCATE,C1,D8,28105,43,CLEARANCE_OVERLAP,15,False,True,LIFT_AND_RELOCATE,TRANSLATE,False,True,"{""action"": ""TRANSLATE""}"
v26__scene_rotate_v01__L4__C1_D8__r01_s28101,scene_rotate_v01,ROTATE,C1,D8,28101,12,CLEARANCE_OVERLAP,41,False,False,ROTATE,TRANSLATE,False,True,"{""action"": ""TRANSLATE""}"
v26__scene_rotate_v01__L4__C1_D8__r02_s28102,scene_rotate_v01,ROTATE,C1,D8,28102,12,CLEARANCE_OVERLAP,41,False,False,ROTATE,TRANSLATE,False,True,"{""action"": ""TRANSLATE""}"
v26__scene_rotate_v01__L4__C1_D8__r03_s28103,scene_rotate_v01,ROTATE,C1,D8,28103,12,CLEARANCE_OVERLAP,41,False,False,ROTATE,TRANSLATE,False,True,"{""action"": ""TRANSLATE""}"
v26__scene_rotate_v01__L4__C1_D8__r04_s28104,scene_rotate_v01,ROTATE,C1,D8,28104,12,CLEARANCE_OVERLAP,41,False,False,ROTATE,TRANSLATE,False,True,"{""action"": ""TRANSLATE""}"
v26__scene_rotate_v01__L4__C1_D8__r05_s28105,scene_rotate_v01,ROTATE,C1,D8,28105,12,CLEARANCE_OVERLAP,41,False,False,ROTATE,TRANSLATE,False,True,"{""action"": ""TRANSLATE""}"
v26__scene_rotate_v02__L4__C1_D8__r01_s28101,scene_rotate_v02,ROTATE,C1,D8,28101,38,CLEARANCE_OVERLAP,29,False,False,ROTATE,TRANSLATE,False,True,"{""action"": ""TRANSLATE""}"
v26__scene_rotate_v02__L4__C1_D8__r02_s28102,scene_rotate_v02,ROTATE,C1,D8,28102,38,CLEARANCE_OVERLAP,50,False,True,ROTATE,LIFT_AND_RELOCATE,False,True,"{""action"": ""LIFT_AND_RELOCATE""}"
v26__scene_rotate_v02__L4__C1_D8__r03_s28103,scene_rotate_v02,ROTATE,C1,D8,28103,38,CLEARANCE_OVERLAP,50,False,True,ROTATE,LIFT_AND_RELOCATE,False,True,"{""action"": ""LIFT_AND_RELOCATE""}"
v26__scene_rotate_v02__L4__C1_D8__r04_s28104,scene_rotate_v02,ROTATE,C1,D8,28104,38,CLEARANCE_OVERLAP,50,False,True,ROTATE,LIFT_AND_RELOCATE,False,True,"{""action"": ""LIFT_AND_RELOCATE""}"
v26__scene_rotate_v02__L4__C1_D8__r05_s28105,scene_rotate_v02,ROTATE,C1,D8,28105,38,CLEARANCE_OVERLAP,50,False,True,ROTATE,LIFT_AND_RELOCATE,False,True,"{""action"": ""LIFT_AND_RELOCATE""}"
v26__scene_rotate_v03__L4__C1_D8__r01_s28101,scene_rotate_v03,ROTATE,C1,D8,28101,83,CLEARANCE_OVERLAP,11,False,False,ROTATE,TRANSLATE,False,True,"{""action"": ""TRANSLATE""}"
v26__scene_rotate_v03__L4__C1_D8__r02_s28102,scene_rotate_v03,ROTATE,C1,D8,28102,83,CLEARANCE_OVERLAP,11,False,False,ROTATE,TRANSLATE,False,True,"{""action"": ""TRANSLATE""}"
v26__scene_rotate_v03__L4__C1_D8__r03_s28103,scene_rotate_v03,ROTATE,C1,D8,28103,83,CLEARANCE_OVERLAP,11,False,False,ROTATE,TRANSLATE,False,True,"{""action"": ""TRANSLATE""}"
v26__scene_rotate_v03__L4__C1_D8__r04_s28104,scene_rotate_v03,ROTATE,C1,D8,28104,83,CLEARANCE_OVERLAP,11,False,False,ROTATE,TRANSLATE,False,True,"{""action"": ""TRANSLATE""}"
v26__scene_rotate_v03__L4__C1_D8__r05_s28105,scene_rotate_v03,ROTATE,C1,D8,28105,83,CLEARANCE_OVERLAP,11,False,False,ROTATE,TRANSLATE,False,True,"{""action"": ""TRANSLATE""}"
v26__scene_rotate_v04__L4__C1_D8__r01_s28101,scene_rotate_v04,ROTATE,C1,D8,28101,47,CLEARANCE_OVERLAP,25,False,False,ROTATE,TRANSLATE,False,True,"{""action"": ""TRANSLATE""}"
v26__scene_rotate_v04__L4__C1_D8__r02_s28102,scene_rotate_v04,ROTATE,C1,D8,28102,47,CLEARANCE_OVERLAP,25,False,False,ROTATE,TRANSLATE,False,True,"{""action"": ""TRANSLATE""}"
v26__scene_rotate_v04__L4__C1_D8__r03_s28103,scene_rotate_v04,ROTATE,C1,D8,28103,47,CLEARANCE_OVERLAP,25,False,False,ROTATE,TRANSLATE,False,True,"{""action"": ""TRANSLATE""}"
v26__scene_rotate_v04__L4__C1_D8__r04_s28104,scene_rotate_v04,ROTATE,C1,D8,28104,47,CLEARANCE_OVERLAP,25,False,False,ROTATE,TRANSLATE,False,True,"{""action"": ""TRANSLATE""}"
v26__scene_rotate_v04__L4__C1_D8__r05_s28105,scene_rotate_v04,ROTATE,C1,D8,28105,47,CLEARANCE_OVERLAP,25,False,False,ROTATE,TRANSLATE,False,True,"{""action"": ""TRANSLATE""}"
v26__scene_rotate_v05__L4__C1_D8__r01_s28101,scene_rotate_v05,ROTATE,C1,D8,28101,44,CLEARANCE_OVERLAP,82,False,True,ROTATE,LIFT_AND_RELOCATE,False,True,"{""action"": ""LIFT_AND_RELOCATE""}"
v26__scene_rotate_v05__L4__C1_D8__r02_s28102,scene_rotate_v05,ROTATE,C1,D8,28102,44,CLEARANCE_OVERLAP,82,False,True,ROTATE,LIFT_AND_RELOCATE,False,True,"{""action"": ""LIFT_AND_RELOCATE""}"
v26__scene_rotate_v05__L4__C1_D8__r03_s28103,scene_rotate_v05,ROTATE,C1,D8,28103,44,CLEARANCE_OVERLAP,82,False,True,ROTATE,TRANSLATE,False,True,"{""action"": ""TRANSLATE""}"
v26__scene_rotate_v05__L4__C1_D8__r04_s28104,scene_rotate_v05,ROTATE,C1,D8,28104,44,CLEARANCE_OVERLAP,82,False,True,ROTATE,TRANSLATE,False,True,"{""action"": ""TRANSLATE""}"
v26__scene_rotate_v05__L4__C1_D8__r05_s28105,scene_rotate_v05,ROTATE,C1,D8,28105,44,CLEARANCE_OVERLAP,82,False,True,ROTATE,LIFT_AND_RELOCATE,False,True,"{""action"": ""LIFT_AND_RELOCATE""}"
v26__scene_translate_v01__L4__C1_D8__r01_s28101,scene_translate_v01,TRANSLATE,C1,D8,28101,67,CLEARANCE_OVERLAP,35,False,True,TRANSLATE,TRANSLATE,True,True,"{""action"": ""TRANSLATE""}"
v26__scene_translate_v01__L4__C1_D8__r02_s28102,scene_translate_v01,TRANSLATE,C1,D8,28102,67,CLEARANCE_OVERLAP,35,False,True,TRANSLATE,TRANSLATE,True,True,"{""action"": ""TRANSLATE""}"
v26__scene_translate_v01__L4__C1_D8__r03_s28103,scene_translate_v01,TRANSLATE,C1,D8,28103,67,CLEARANCE_OVERLAP,35,False,True,TRANSLATE,TRANSLATE,True,True,"{""action"": ""TRANSLATE""}"
v26__scene_translate_v01__L4__C1_D8__r04_s28104,scene_translate_v01,TRANSLATE,C1,D8,28104,67,CLEARANCE_OVERLAP,35,False,True,TRANSLATE,TRANSLATE,True,True,"{""action"": ""TRANSLATE""}"
v26__scene_translate_v01__L4__C1_D8__r05_s28105,scene_translate_v01,TRANSLATE,C1,D8,28105,67,CLEARANCE_OVERLAP,35,False,True,TRANSLATE,TRANSLATE,True,True,"{""action"": ""TRANSLATE""}"
v26__scene_translate_v02__L4__C1_D8__r01_s28101,scene_translate_v02,TRANSLATE,C1,D8,28101,45,BOTH,95,True,True,TRANSLATE,LIFT_AND_RELOCATE,False,True,"{""action"": ""LIFT_AND_RELOCATE""}"
v26__scene_translate_v02__L4__C1_D8__r02_s28102,scene_translate_v02,TRANSLATE,C1,D8,28102,45,CLEARANCE_OVERLAP,95,False,True,TRANSLATE,LIFT_AND_RELOCATE,False,True,"{""action"": ""LIFT_AND_RELOCATE""}"
v26__scene_translate_v02__L4__C1_D8__r03_s28103,scene_translate_v02,TRANSLATE,C1,D8,28103,45,BOTH,95,True,True,TRANSLATE,LIFT_AND_RELOCATE,False,True,"{""action"": ""LIFT_AND_RELOCATE""}"
v26__scene_translate_v02__L4__C1_D8__r04_s28104,scene_translate_v02,TRANSLATE,C1,D8,28104,45,BOTH,95,True,True,TRANSLATE,LIFT_AND_RELOCATE,False,True,"{""action"": ""LIFT_AND_RELOCATE""}"
v26__scene_translate_v02__L4__C1_D8__r05_s28105,scene_translate_v02,TRANSLATE,C1,D8,28105,45,BOTH,95,True,True,TRANSLATE,LIFT_AND_RELOCATE,False,True,"{""action"": ""LIFT_AND_RELOCATE""}"
v26__scene_translate_v03__L4__C1_D8__r01_s28101,scene_translate_v03,TRANSLATE,C1,D8,28101,18,CLEARANCE_OVERLAP,45,False,True,TRANSLATE,TRANSLATE,True,True,"{""action"": ""TRANSLATE""}"
v26__scene_translate_v03__L4__C1_D8__r02_s28102,scene_translate_v03,TRANSLATE,C1,D8,28102,18,CLEARANCE_OVERLAP,45,False,True,TRANSLATE,TRANSLATE,True,True,"{""action"": ""TRANSLATE""}"
v26__scene_translate_v03__L4__C1_D8__r03_s28103,scene_translate_v03,TRANSLATE,C1,D8,28103,18,CLEARANCE_OVERLAP,45,False,True,TRANSLATE,TRANSLATE,True,True,"{""action"": ""TRANSLATE""}"
v26__scene_translate_v03__L4__C1_D8__r04_s28104,scene_translate_v03,TRANSLATE,C1,D8,28104,18,CLEARANCE_OVERLAP,45,False,True,TRANSLATE,TRANSLATE,True,True,"{""action"": ""TRANSLATE""}"
v26__scene_translate_v03__L4__C1_D8__r05_s28105,scene_translate_v03,TRANSLATE,C1,D8,28105,18,CLEARANCE_OVERLAP,45,False,True,TRANSLATE,TRANSLATE,True,True,"{""action"": ""TRANSLATE""}"
v26__scene_translate_v04__L4__C1_D8__r01_s28101,scene_translate_v04,TRANSLATE,C1,D8,28101,13,CLEARANCE_OVERLAP,84,False,True,TRANSLATE,LIFT_AND_RELOCATE,False,True,"{""action"": ""LIFT_AND_RELOCATE""}"
v26__scene_translate_v04__L4__C1_D8__r02_s28102,scene_translate_v04,TRANSLATE,C1,D8,28102,13,CLEARANCE_OVERLAP,84,False,True,TRANSLATE,LIFT_AND_RELOCATE,False,True,"{""action"": ""LIFT_AND_RELOCATE""}"
v26__scene_translate_v04__L4__C1_D8__r03_s28103,scene_translate_v04,TRANSLATE,C1,D8,28103,13,CLEARANCE_OVERLAP,84,False,True,TRANSLATE,LIFT_AND_RELOCATE,False,True,"{""action"": ""LIFT_AND_RELOCATE""}"
v26__scene_translate_v04__L4__C1_D8__r04_s28104,scene_translate_v04,TRANSLATE,C1,D8,28104,13,CLEARANCE_OVERLAP,84,False,True,TRANSLATE,LIFT_AND_RELOCATE,False,True,"{""action"": ""LIFT_AND_RELOCATE""}"
v26__scene_translate_v04__L4__C1_D8__r05_s28105,scene_translate_v04,TRANSLATE,C1,D8,28105,13,CLEARANCE_OVERLAP,84,False,True,TRANSLATE,LIFT_AND_RELOCATE,False,True,"{""action"": ""LIFT_AND_RELOCATE""}"
v26__scene_translate_v05__L4__C1_D8__r01_s28101,scene_translate_v05,TRANSLATE,C1,D8,28101,54,CLEARANCE_OVERLAP,79,False,True,TRANSLATE,TRANSLATE,True,True,"{""action"": ""TRANSLATE""}"
v26__scene_translate_v05__L4__C1_D8__r02_s28102,scene_translate_v05,TRANSLATE,C1,D8,28102,54,CLEARANCE_OVERLAP,79,False,True,TRANSLATE,TRANSLATE,True,True,"{""action"": ""TRANSLATE""}"
v26__scene_translate_v05__L4__C1_D8__r03_s28103,scene_translate_v05,TRANSLATE,C1,D8,28103,54,CLEARANCE_OVERLAP,79,False,True,TRANSLATE,TRANSLATE,True,True,"{""action"": ""TRANSLATE""}"
v26__scene_translate_v05__L4__C1_D8__r04_s28104,scene_translate_v05,TRANSLATE,C1,D8,28104,54,CLEARANCE_OVERLAP,79,False,True,TRANSLATE,TRANSLATE,True,True,"{""action"": ""TRANSLATE""}"
v26__scene_translate_v05__L4__C1_D8__r05_s28105,scene_translate_v05,TRANSLATE,C1,D8,28105,54,CLEARANCE_OVERLAP,79,False,True,TRANSLATE,TRANSLATE,True,True,"{""action"": ""TRANSLATE""}"
v26__scene_fc_blocked_v01__L4__C2_D4__r01_s28101,scene_fc_blocked_v01,FC_BLOCKED,C2,D4,28101,64,CLEARANCE_OVERLAP,40,True,True,TRANSLATE,TRANSLATE,True,True,"{""action"": ""TRANSLATE""}"
v26__scene_fc_blocked_v01__L4__C2_D4__r02_s28102,scene_fc_blocked_v01,FC_BLOCKED,C2,D4,28102,64,CLEARANCE_OVERLAP,40,True,True,TRANSLATE,TRANSLATE,True,True,"{""action"": ""TRANSLATE""}"
v26__scene_fc_blocked_v01__L4__C2_D4__r03_s28103,scene_fc_blocked_v01,FC_BLOCKED,C2,D4,28103,64,CLEARANCE_OVERLAP,40,True,True,TRANSLATE,TRANSLATE,True,True,"{""action"": ""TRANSLATE""}"
v26__scene_fc_blocked_v01__L4__C2_D4__r04_s28104,scene_fc_blocked_v01,FC_BLOCKED,C2,D4,28104,64,CLEARANCE_OVERLAP,40,True,True,TRANSLATE,TRANSLATE,True,True,"{""action"": ""TRANSLATE""}"
v26__scene_fc_blocked_v01__L4__C2_D4__r05_s28105,scene_fc_blocked_v01,FC_BLOCKED,C2,D4,28105,64,CLEARANCE_OVERLAP,40,True,True,TRANSLATE,TRANSLATE,True,True,"{""action"": ""TRANSLATE""}"
v26__scene_fc_blocked_v02__L4__C2_D4__r01_s28101,scene_fc_blocked_v02,FC_BLOCKED,C2,D4,28101,53,CLEARANCE_OVERLAP,49,True,True,TRANSLATE,TRANSLATE,True,True,"{""action"": ""TRANSLATE""}"
v26__scene_fc_blocked_v02__L4__C2_D4__r02_s28102,scene_fc_blocked_v02,FC_BLOCKED,C2,D4,28102,53,BOTH,49,False,True,TRANSLATE,TRANSLATE,True,True,"{""action"": ""TRANSLATE""}"
v26__scene_fc_blocked_v02__L4__C2_D4__r03_s28103,scene_fc_blocked_v02,FC_BLOCKED,C2,D4,28103,53,CLEARANCE_OVERLAP,49,True,True,TRANSLATE,TRANSLATE,True,True,"{""action"": ""TRANSLATE""}"
v26__scene_fc_blocked_v02__L4__C2_D4__r04_s28104,scene_fc_blocked_v02,FC_BLOCKED,C2,D4,28104,53,CLEARANCE_OVERLAP,49,True,True,TRANSLATE,TRANSLATE,True,True,"{""action"": ""TRANSLATE""}"
v26__scene_fc_blocked_v02__L4__C2_D4__r05_s28105,scene_fc_blocked_v02,FC_BLOCKED,C2,D4,28105,53,CLEARANCE_OVERLAP,49,True,True,TRANSLATE,TRANSLATE,True,True,"{""action"": ""TRANSLATE""}"
v26__scene_fc_blocked_v03__L4__C2_D4__r01_s28101,scene_fc_blocked_v03,FC_BLOCKED,C2,D4,28101,12,CLEARANCE_OVERLAP,33,True,True,TRANSLATE,TRANSLATE,True,True,"{""action"": ""TRANSLATE""}"
v26__scene_fc_blocked_v03__L4__C2_D4__r02_s28102,scene_fc_blocked_v03,FC_BLOCKED,C2,D4,28102,12,CLEARANCE_OVERLAP,33,True,True,TRANSLATE,TRANSLATE,True,True,"{""action"": ""TRANSLATE""}"
v26__scene_fc_blocked_v03__L4__C2_D4__r03_s28103,scene_fc_blocked_v03,FC_BLOCKED,C2,D4,28103,12,CLEARANCE_OVERLAP,33,True,True,TRANSLATE,TRANSLATE,True,True,"{""action"": ""TRANSLATE""}"
v26__scene_fc_blocked_v03__L4__C2_D4__r04_s28104,scene_fc_blocked_v03,FC_BLOCKED,C2,D4,28104,12,CLEARANCE_OVERLAP,33,True,True,TRANSLATE,TRANSLATE,True,True,"{""action"": ""TRANSLATE""}"
v26__scene_fc_blocked_v03__L4__C2_D4__r05_s28105,scene_fc_blocked_v03,FC_BLOCKED,C2,D4,28105,12,CLEARANCE_OVERLAP,33,True,True,TRANSLATE,TRANSLATE,True,True,"{""action"": ""TRANSLATE""}"
v26__scene_fc_blocked_v04__L4__C2_D4__r01_s28101,scene_fc_blocked_v04,FC_BLOCKED,C2,D4,28101,89,CLEARANCE_OVERLAP,19,True,True,TRANSLATE,TRANSLATE,True,True,"{""action"": ""TRANSLATE""}"
v26__scene_fc_blocked_v04__L4__C2_D4__r02_s28102,scene_fc_blocked_v04,FC_BLOCKED,C2,D4,28102,89,CLEARANCE_OVERLAP,19,True,True,TRANSLATE,TRANSLATE,True,True,"{""action"": ""TRANSLATE""}"
v26__scene_fc_blocked_v04__L4__C2_D4__r03_s28103,scene_fc_blocked_v04,FC_BLOCKED,C2,D4,28103,89,CLEARANCE_OVERLAP,19,True,True,TRANSLATE,TRANSLATE,True,True,"{""action"": ""TRANSLATE""}"
v26__scene_fc_blocked_v04__L4__C2_D4__r04_s28104,scene_fc_blocked_v04,FC_BLOCKED,C2,D4,28104,89,CLEARANCE_OVERLAP,19,True,True,TRANSLATE,TRANSLATE,True,True,"{""action"": ""TRANSLATE""}"
v26__scene_fc_blocked_v04__L4__C2_D4__r05_s28105,scene_fc_blocked_v04,FC_BLOCKED,C2,D4,28105,89,CLEARANCE_OVERLAP,19,True,True,TRANSLATE,TRANSLATE,True,True,"{""action"": ""TRANSLATE""}"
v26__scene_fc_blocked_v05__L4__C2_D4__r01_s28101,scene_fc_blocked_v05,FC_BLOCKED,C2,D4,28101,59,CLEARANCE_OVERLAP,26,False,True,TRANSLATE,TRANSLATE,True,True,"{""action"": ""TRANSLATE""}"
v26__scene_fc_blocked_v05__L4__C2_D4__r02_s28102,scene_fc_blocked_v05,FC_BLOCKED,C2,D4,28102,59,CLEARANCE_OVERLAP,26,False,True,TRANSLATE,TRANSLATE,True,True,"{""action"": ""TRANSLATE""}"
v26__scene_fc_blocked_v05__L4__C2_D4__r03_s28103,scene_fc_blocked_v05,FC_BLOCKED,C2,D4,28103,59,CLEARANCE_OVERLAP,26,False,True,TRANSLATE,TRANSLATE,True,True,"{""action"": ""TRANSLATE""}"
v26__scene_fc_blocked_v05__L4__C2_D4__r04_s28104,scene_fc_blocked_v05,FC_BLOCKED,C2,D4,28104,59,CLEARANCE_OVERLAP,26,False,True,TRANSLATE,TRANSLATE,True,True,"{""action"": ""TRANSLATE""}"
v26__scene_fc_blocked_v05__L4__C2_D4__r05_s28105,scene_fc_blocked_v05,FC_BLOCKED,C2,D4,28105,59,CLEARANCE_OVERLAP,26,False,True,TRANSLATE,TRANSLATE,True,True,"{""action"": ""TRANSLATE""}"
v26__scene_fc_clear_v01__L4__C2_D4__r01_s28101,scene_fc_clear_v01,FC_CLEAR,C2,D4,28101,53,NONE,,True,True,RETRIEVE,RETRIEVE,True,True,"{""action"": ""RETRIEVE""}"
v26__scene_fc_clear_v01__L4__C2_D4__r02_s28102,scene_fc_clear_v01,FC_CLEAR,C2,D4,28102,53,NONE,,True,True,RETRIEVE,RETRIEVE,True,True,"{""action"": ""RETRIEVE""}"
v26__scene_fc_clear_v01__L4__C2_D4__r03_s28103,scene_fc_clear_v01,FC_CLEAR,C2,D4,28103,53,NONE,,True,True,RETRIEVE,RETRIEVE,True,True,"{""action"": ""RETRIEVE""}"
v26__scene_fc_clear_v01__L4__C2_D4__r04_s28104,scene_fc_clear_v01,FC_CLEAR,C2,D4,28104,53,NONE,,True,True,RETRIEVE,RETRIEVE,True,True,"{""action"": ""RETRIEVE""}"
v26__scene_fc_clear_v01__L4__C2_D4__r05_s28105,scene_fc_clear_v01,FC_CLEAR,C2,D4,28105,53,NONE,,True,True,RETRIEVE,RETRIEVE,True,True,"{""action"": ""RETRIEVE""}"
v26__scene_fc_clear_v02__L4__C2_D4__r01_s28101,scene_fc_clear_v02,FC_CLEAR,C2,D4,28101,29,NONE,,True,True,RETRIEVE,RETRIEVE,True,True,"{""action"": ""RETRIEVE""}"
v26__scene_fc_clear_v02__L4__C2_D4__r02_s28102,scene_fc_clear_v02,FC_CLEAR,C2,D4,28102,29,BOTH,10,False,False,RETRIEVE,LIFT_AND_RELOCATE,False,True,"{""action"": ""LIFT_AND_RELOCATE""}"
v26__scene_fc_clear_v02__L4__C2_D4__r03_s28103,scene_fc_clear_v02,FC_CLEAR,C2,D4,28103,29,NONE,,True,True,RETRIEVE,RETRIEVE,True,True,"{""action"": ""RETRIEVE""}"
v26__scene_fc_clear_v02__L4__C2_D4__r04_s28104,scene_fc_clear_v02,FC_CLEAR,C2,D4,28104,29,NONE,,True,True,RETRIEVE,RETRIEVE,True,True,"{""action"": ""RETRIEVE""}"
v26__scene_fc_clear_v02__L4__C2_D4__r05_s28105,scene_fc_clear_v02,FC_CLEAR,C2,D4,28105,29,NONE,,True,True,RETRIEVE,RETRIEVE,True,True,"{""action"": ""RETRIEVE""}"
v26__scene_fc_clear_v03__L4__C2_D4__r01_s28101,scene_fc_clear_v03,FC_CLEAR,C2,D4,28101,95,NONE,,True,True,RETRIEVE,RETRIEVE,True,True,"{""action"": ""RETRIEVE""}"
v26__scene_fc_clear_v03__L4__C2_D4__r02_s28102,scene_fc_clear_v03,FC_CLEAR,C2,D4,28102,95,NONE,,True,True,RETRIEVE,RETRIEVE,True,True,"{""action"": ""RETRIEVE""}"
v26__scene_fc_clear_v03__L4__C2_D4__r03_s28103,scene_fc_clear_v03,FC_CLEAR,C2,D4,28103,95,NONE,,True,True,RETRIEVE,RETRIEVE,True,True,"{""action"": ""RETRIEVE""}"
v26__scene_fc_clear_v03__L4__C2_D4__r04_s28104,scene_fc_clear_v03,FC_CLEAR,C2,D4,28104,95,NONE,,True,True,RETRIEVE,RETRIEVE,True,True,"{""action"": ""RETRIEVE""}"
v26__scene_fc_clear_v03__L4__C2_D4__r05_s28105,scene_fc_clear_v03,FC_CLEAR,C2,D4,28105,95,NONE,,True,True,RETRIEVE,RETRIEVE,True,True,"{""action"": ""RETRIEVE""}"
v26__scene_fc_clear_v04__L4__C2_D4__r01_s28101,scene_fc_clear_v04,FC_CLEAR,C2,D4,28101,61,NONE,,True,True,RETRIEVE,RETRIEVE,True,True,"{""action"": ""RETRIEVE""}"
v26__scene_fc_clear_v04__L4__C2_D4__r02_s28102,scene_fc_clear_v04,FC_CLEAR,C2,D4,28102,61,BOTH,38,False,False,RETRIEVE,LIFT_AND_RELOCATE,False,True,"{""action"": ""LIFT_AND_RELOCATE""}"
v26__scene_fc_clear_v04__L4__C2_D4__r03_s28103,scene_fc_clear_v04,FC_CLEAR,C2,D4,28103,61,NONE,,True,True,RETRIEVE,RETRIEVE,True,True,"{""action"": ""RETRIEVE""}"
v26__scene_fc_clear_v04__L4__C2_D4__r04_s28104,scene_fc_clear_v04,FC_CLEAR,C2,D4,28104,61,NONE,,True,True,RETRIEVE,RETRIEVE,True,True,"{""action"": ""RETRIEVE""}"
v26__scene_fc_clear_v04__L4__C2_D4__r05_s28105,scene_fc_clear_v04,FC_CLEAR,C2,D4,28105,61,NONE,,True,True,RETRIEVE,RETRIEVE,True,True,"{""action"": ""RETRIEVE""}"
v26__scene_fc_clear_v05__L4__C2_D4__r01_s28101,scene_fc_clear_v05,FC_CLEAR,C2,D4,28101,62,CLEARANCE_OVERLAP,82,True,True,RETRIEVE,TRANSLATE,False,True,"{""action"": ""TRANSLATE""}"
v26__scene_fc_clear_v05__L4__C2_D4__r02_s28102,scene_fc_clear_v05,FC_CLEAR,C2,D4,28102,62,CLEARANCE_OVERLAP,82,True,True,RETRIEVE,TRANSLATE,False,True,"{""action"": ""TRANSLATE""}"
v26__scene_fc_clear_v05__L4__C2_D4__r03_s28103,scene_fc_clear_v05,FC_CLEAR,C2,D4,28103,62,CLEARANCE_OVERLAP,82,True,True,RETRIEVE,TRANSLATE,False,True,"{""action"": ""TRANSLATE""}"
v26__scene_fc_clear_v05__L4__C2_D4__r04_s28104,scene_fc_clear_v05,FC_CLEAR,C2,D4,28104,62,CLEARANCE_OVERLAP,82,True,True,RETRIEVE,TRANSLATE,False,True,"{""action"": ""TRANSLATE""}"
v26__scene_fc_clear_v05__L4__C2_D4__r05_s28105,scene_fc_clear_v05,FC_CLEAR,C2,D4,28105,62,CLEARANCE_OVERLAP,82,True,True,RETRIEVE,TRANSLATE,False,True,"{""action"": ""TRANSLATE""}"
v26__scene_lift_and_relocate_v01__L4__C2_D4__r01_s28101,scene_lift_and_relocate_v01,LIFT_AND_RELOCATE,C2,D4,28101,59,CLEARANCE_OVERLAP,64,False,True,LIFT_AND_RELOCATE,LIFT_AND_RELOCATE,True,True,"{""action"": ""LIFT_AND_RELOCATE""}"
v26__scene_lift_and_relocate_v01__L4__C2_D4__r02_s28102,scene_lift_and_relocate_v01,LIFT_AND_RELOCATE,C2,D4,28102,59,BOTH,64,True,True,LIFT_AND_RELOCATE,LIFT_AND_RELOCATE,True,True,"{""action"": ""LIFT_AND_RELOCATE""}"
v26__scene_lift_and_relocate_v01__L4__C2_D4__r03_s28103,scene_lift_and_relocate_v01,LIFT_AND_RELOCATE,C2,D4,28103,59,CLEARANCE_OVERLAP,64,False,True,LIFT_AND_RELOCATE,LIFT_AND_RELOCATE,True,True,"{""action"": ""LIFT_AND_RELOCATE""}"
v26__scene_lift_and_relocate_v01__L4__C2_D4__r04_s28104,scene_lift_and_relocate_v01,LIFT_AND_RELOCATE,C2,D4,28104,59,BOTH,64,True,True,LIFT_AND_RELOCATE,LIFT_AND_RELOCATE,True,True,"{""action"": ""LIFT_AND_RELOCATE""}"
v26__scene_lift_and_relocate_v01__L4__C2_D4__r05_s28105,scene_lift_and_relocate_v01,LIFT_AND_RELOCATE,C2,D4,28105,59,CLEARANCE_OVERLAP,64,False,True,LIFT_AND_RELOCATE,LIFT_AND_RELOCATE,True,True,"{""action"": ""LIFT_AND_RELOCATE""}"
v26__scene_lift_and_relocate_v02__L4__C2_D4__r01_s28101,scene_lift_and_relocate_v02,LIFT_AND_RELOCATE,C2,D4,28101,70,CLEARANCE_OVERLAP,14,False,True,LIFT_AND_RELOCATE,LIFT_AND_RELOCATE,True,True,"{""action"": ""LIFT_AND_RELOCATE""}"
v26__scene_lift_and_relocate_v02__L4__C2_D4__r02_s28102,scene_lift_and_relocate_v02,LIFT_AND_RELOCATE,C2,D4,28102,70,CLEARANCE_OVERLAP,14,False,True,LIFT_AND_RELOCATE,LIFT_AND_RELOCATE,True,True,"{""action"": ""LIFT_AND_RELOCATE""}"
v26__scene_lift_and_relocate_v02__L4__C2_D4__r03_s28103,scene_lift_and_relocate_v02,LIFT_AND_RELOCATE,C2,D4,28103,70,CLEARANCE_OVERLAP,14,False,True,LIFT_AND_RELOCATE,LIFT_AND_RELOCATE,True,True,"{""action"": ""LIFT_AND_RELOCATE""}"
v26__scene_lift_and_relocate_v02__L4__C2_D4__r04_s28104,scene_lift_and_relocate_v02,LIFT_AND_RELOCATE,C2,D4,28104,70,CLEARANCE_OVERLAP,14,False,True,LIFT_AND_RELOCATE,LIFT_AND_RELOCATE,True,True,"{""action"": ""LIFT_AND_RELOCATE""}"
v26__scene_lift_and_relocate_v02__L4__C2_D4__r05_s28105,scene_lift_and_relocate_v02,LIFT_AND_RELOCATE,C2,D4,28105,70,CLEARANCE_OVERLAP,14,False,True,LIFT_AND_RELOCATE,LIFT_AND_RELOCATE,True,True,"{""action"": ""LIFT_AND_RELOCATE""}"
v26__scene_lift_and_relocate_v03__L4__C2_D4__r01_s28101,scene_lift_and_relocate_v03,LIFT_AND_RELOCATE,C2,D4,28101,12,CLEARANCE_OVERLAP,35,False,True,LIFT_AND_RELOCATE,LIFT_AND_RELOCATE,True,True,"{""action"": ""LIFT_AND_RELOCATE""}"
v26__scene_lift_and_relocate_v03__L4__C2_D4__r02_s28102,scene_lift_and_relocate_v03,LIFT_AND_RELOCATE,C2,D4,28102,12,BOTH,35,True,True,LIFT_AND_RELOCATE,LIFT_AND_RELOCATE,True,True,"{""action"": ""LIFT_AND_RELOCATE""}"
v26__scene_lift_and_relocate_v03__L4__C2_D4__r03_s28103,scene_lift_and_relocate_v03,LIFT_AND_RELOCATE,C2,D4,28103,12,CLEARANCE_OVERLAP,35,False,True,LIFT_AND_RELOCATE,LIFT_AND_RELOCATE,True,True,"{""action"": ""LIFT_AND_RELOCATE""}"
v26__scene_lift_and_relocate_v03__L4__C2_D4__r04_s28104,scene_lift_and_relocate_v03,LIFT_AND_RELOCATE,C2,D4,28104,12,BOTH,35,True,True,LIFT_AND_RELOCATE,LIFT_AND_RELOCATE,True,True,"{""action"": ""LIFT_AND_RELOCATE""}"
v26__scene_lift_and_relocate_v03__L4__C2_D4__r05_s28105,scene_lift_and_relocate_v03,LIFT_AND_RELOCATE,C2,D4,28105,12,BOTH,35,True,True,LIFT_AND_RELOCATE,LIFT_AND_RELOCATE,True,True,"{""action"": ""LIFT_AND_RELOCATE""}"
v26__scene_lift_and_relocate_v04__L4__C2_D4__r01_s28101,scene_lift_and_relocate_v04,LIFT_AND_RELOCATE,C2,D4,28101,68,BOTH,73,True,True,LIFT_AND_RELOCATE,TRANSLATE,False,True,"{""action"": ""TRANSLATE""}"
v26__scene_lift_and_relocate_v04__L4__C2_D4__r02_s28102,scene_lift_and_relocate_v04,LIFT_AND_RELOCATE,C2,D4,28102,68,BOTH,73,True,True,LIFT_AND_RELOCATE,TRANSLATE,False,True,"{""action"": ""TRANSLATE""}"
v26__scene_lift_and_relocate_v04__L4__C2_D4__r03_s28103,scene_lift_and_relocate_v04,LIFT_AND_RELOCATE,C2,D4,28103,68,BOTH,73,True,True,LIFT_AND_RELOCATE,TRANSLATE,False,True,"{""action"": ""TRANSLATE""}"
v26__scene_lift_and_relocate_v04__L4__C2_D4__r04_s28104,scene_lift_and_relocate_v04,LIFT_AND_RELOCATE,C2,D4,28104,68,BOTH,73,True,True,LIFT_AND_RELOCATE,TRANSLATE,False,True,"{""action"": ""TRANSLATE""}"
v26__scene_lift_and_relocate_v04__L4__C2_D4__r05_s28105,scene_lift_and_relocate_v04,LIFT_AND_RELOCATE,C2,D4,28105,68,BOTH,73,True,True,LIFT_AND_RELOCATE,TRANSLATE,False,True,"{""action"": ""TRANSLATE""}"
v26__scene_lift_and_relocate_v05__L4__C2_D4__r01_s28101,scene_lift_and_relocate_v05,LIFT_AND_RELOCATE,C2,D4,28101,43,CLEARANCE_OVERLAP,15,False,True,LIFT_AND_RELOCATE,LIFT_AND_RELOCATE,True,True,"{""action"": ""LIFT_AND_RELOCATE""}"
v26__scene_lift_and_relocate_v05__L4__C2_D4__r02_s28102,scene_lift_and_relocate_v05,LIFT_AND_RELOCATE,C2,D4,28102,43,BOTH,15,True,True,LIFT_AND_RELOCATE,LIFT_AND_RELOCATE,True,True,"{""action"": ""LIFT_AND_RELOCATE""}"
v26__scene_lift_and_relocate_v05__L4__C2_D4__r03_s28103,scene_lift_and_relocate_v05,LIFT_AND_RELOCATE,C2,D4,28103,43,CLEARANCE_OVERLAP,15,False,True,LIFT_AND_RELOCATE,LIFT_AND_RELOCATE,True,True,"{""action"": ""LIFT_AND_RELOCATE""}"
v26__scene_lift_and_relocate_v05__L4__C2_D4__r04_s28104,scene_lift_and_relocate_v05,LIFT_AND_RELOCATE,C2,D4,28104,43,BOTH,15,True,True,LIFT_AND_RELOCATE,LIFT_AND_RELOCATE,True,True,"{""action"": ""LIFT_AND_RELOCATE""}"
v26__scene_lift_and_relocate_v05__L4__C2_D4__r05_s28105,scene_lift_and_relocate_v05,LIFT_AND_RELOCATE,C2,D4,28105,43,CLEARANCE_OVERLAP,15,False,True,LIFT_AND_RELOCATE,LIFT_AND_RELOCATE,True,True,"{""action"": ""LIFT_AND_RELOCATE""}"
v26__scene_rotate_v01__L4__C2_D4__r01_s28101,scene_rotate_v01,ROTATE,C2,D4,28101,12,CLEARANCE_OVERLAP,54,False,False,ROTATE,TRANSLATE,False,True,"{""action"": ""TRANSLATE""}"
v26__scene_rotate_v01__L4__C2_D4__r02_s28102,scene_rotate_v01,ROTATE,C2,D4,28102,12,CLEARANCE_OVERLAP,54,False,False,ROTATE,TRANSLATE,False,True,"{""action"": ""TRANSLATE""}"
v26__scene_rotate_v01__L4__C2_D4__r03_s28103,scene_rotate_v01,ROTATE,C2,D4,28103,12,CLEARANCE_OVERLAP,54,False,False,ROTATE,TRANSLATE,False,True,"{""action"": ""TRANSLATE""}"
v26__scene_rotate_v01__L4__C2_D4__r04_s28104,scene_rotate_v01,ROTATE,C2,D4,28104,12,CLEARANCE_OVERLAP,54,False,False,ROTATE,TRANSLATE,False,True,"{""action"": ""TRANSLATE""}"
v26__scene_rotate_v01__L4__C2_D4__r05_s28105,scene_rotate_v01,ROTATE,C2,D4,28105,12,CLEARANCE_OVERLAP,54,False,False,ROTATE,TRANSLATE,False,True,"{""action"": ""TRANSLATE""}"
v26__scene_rotate_v02__L4__C2_D4__r01_s28101,scene_rotate_v02,ROTATE,C2,D4,28101,38,BOTH,50,False,True,ROTATE,LIFT_AND_RELOCATE,False,True,"{""action"": ""LIFT_AND_RELOCATE""}"
v26__scene_rotate_v02__L4__C2_D4__r02_s28102,scene_rotate_v02,ROTATE,C2,D4,28102,38,BOTH,50,False,True,ROTATE,LIFT_AND_RELOCATE,False,True,"{""action"": ""LIFT_AND_RELOCATE""}"
v26__scene_rotate_v02__L4__C2_D4__r03_s28103,scene_rotate_v02,ROTATE,C2,D4,28103,38,BOTH,50,False,True,ROTATE,LIFT_AND_RELOCATE,False,True,"{""action"": ""LIFT_AND_RELOCATE""}"
v26__scene_rotate_v02__L4__C2_D4__r04_s28104,scene_rotate_v02,ROTATE,C2,D4,28104,38,BOTH,50,False,True,ROTATE,LIFT_AND_RELOCATE,False,True,"{""action"": ""LIFT_AND_RELOCATE""}"
v26__scene_rotate_v02__L4__C2_D4__r05_s28105,scene_rotate_v02,ROTATE,C2,D4,28105,38,BOTH,50,False,True,ROTATE,LIFT_AND_RELOCATE,False,True,"{""action"": ""LIFT_AND_RELOCATE""}"
v26__scene_rotate_v03__L4__C2_D4__r01_s28101,scene_rotate_v03,ROTATE,C2,D4,28101,83,BOTH,19,False,True,ROTATE,LIFT_AND_RELOCATE,False,True,"{""action"": ""LIFT_AND_RELOCATE""}"
v26__scene_rotate_v03__L4__C2_D4__r02_s28102,scene_rotate_v03,ROTATE,C2,D4,28102,83,BOTH,19,False,True,ROTATE,LIFT_AND_RELOCATE,False,True,"{""action"": ""LIFT_AND_RELOCATE""}"
v26__scene_rotate_v03__L4__C2_D4__r03_s28103,scene_rotate_v03,ROTATE,C2,D4,28103,83,BOTH,19,False,True,ROTATE,LIFT_AND_RELOCATE,False,True,"{""action"": ""LIFT_AND_RELOCATE""}"
v26__scene_rotate_v03__L4__C2_D4__r04_s28104,scene_rotate_v03,ROTATE,C2,D4,28104,83,BOTH,19,False,True,ROTATE,LIFT_AND_RELOCATE,False,True,"{""action"": ""LIFT_AND_RELOCATE""}"
v26__scene_rotate_v03__L4__C2_D4__r05_s28105,scene_rotate_v03,ROTATE,C2,D4,28105,83,BOTH,19,False,True,ROTATE,LIFT_AND_RELOCATE,False,True,"{""action"": ""LIFT_AND_RELOCATE""}"
v26__scene_rotate_v04__L4__C2_D4__r01_s28101,scene_rotate_v04,ROTATE,C2,D4,28101,47,CLEARANCE_OVERLAP,25,False,False,ROTATE,TRANSLATE,False,True,"{""action"": ""TRANSLATE""}"
v26__scene_rotate_v04__L4__C2_D4__r02_s28102,scene_rotate_v04,ROTATE,C2,D4,28102,47,BOTH,95,False,True,ROTATE,LIFT_AND_RELOCATE,False,True,"{""action"": ""LIFT_AND_RELOCATE""}"
v26__scene_rotate_v04__L4__C2_D4__r03_s28103,scene_rotate_v04,ROTATE,C2,D4,28103,47,CLEARANCE_OVERLAP,25,False,False,ROTATE,TRANSLATE,False,True,"{""action"": ""TRANSLATE""}"
v26__scene_rotate_v04__L4__C2_D4__r04_s28104,scene_rotate_v04,ROTATE,C2,D4,28104,47,BOTH,95,False,True,ROTATE,LIFT_AND_RELOCATE,False,True,"{""action"": ""LIFT_AND_RELOCATE""}"
v26__scene_rotate_v04__L4__C2_D4__r05_s28105,scene_rotate_v04,ROTATE,C2,D4,28105,47,CLEARANCE_OVERLAP,95,False,True,ROTATE,LIFT_AND_RELOCATE,False,True,"{""action"": ""LIFT_AND_RELOCATE""}"
v26__scene_rotate_v05__L4__C2_D4__r01_s28101,scene_rotate_v05,ROTATE,C2,D4,28101,44,CLEARANCE_OVERLAP,82,False,True,ROTATE,LIFT_AND_RELOCATE,False,True,"{""action"": ""LIFT_AND_RELOCATE""}"
v26__scene_rotate_v05__L4__C2_D4__r02_s28102,scene_rotate_v05,ROTATE,C2,D4,28102,44,BOTH,82,False,True,ROTATE,LIFT_AND_RELOCATE,False,True,"{""action"": ""LIFT_AND_RELOCATE""}"
v26__scene_rotate_v05__L4__C2_D4__r03_s28103,scene_rotate_v05,ROTATE,C2,D4,28103,44,BOTH,82,False,True,ROTATE,LIFT_AND_RELOCATE,False,True,"{""action"": ""LIFT_AND_RELOCATE""}"
v26__scene_rotate_v05__L4__C2_D4__r04_s28104,scene_rotate_v05,ROTATE,C2,D4,28104,44,BOTH,82,False,True,ROTATE,LIFT_AND_RELOCATE,False,True,"{""action"": ""LIFT_AND_RELOCATE""}"
v26__scene_rotate_v05__L4__C2_D4__r05_s28105,scene_rotate_v05,ROTATE,C2,D4,28105,44,BOTH,82,False,True,ROTATE,LIFT_AND_RELOCATE,False,True,"{""action"": ""LIFT_AND_RELOCATE""}"
v26__scene_translate_v01__L4__C2_D4__r01_s28101,scene_translate_v01,TRANSLATE,C2,D4,28101,67,CLEARANCE_OVERLAP,35,False,True,TRANSLATE,TRANSLATE,True,True,"{""action"": ""TRANSLATE""}"
v26__scene_translate_v01__L4__C2_D4__r02_s28102,scene_translate_v01,TRANSLATE,C2,D4,28102,67,CLEARANCE_OVERLAP,35,False,True,TRANSLATE,TRANSLATE,True,True,"{""action"": ""TRANSLATE""}"
v26__scene_translate_v01__L4__C2_D4__r03_s28103,scene_translate_v01,TRANSLATE,C2,D4,28103,67,CLEARANCE_OVERLAP,35,False,True,TRANSLATE,TRANSLATE,True,True,"{""action"": ""TRANSLATE""}"
v26__scene_translate_v01__L4__C2_D4__r04_s28104,scene_translate_v01,TRANSLATE,C2,D4,28104,67,CLEARANCE_OVERLAP,35,False,True,TRANSLATE,TRANSLATE,True,True,"{""action"": ""TRANSLATE""}"
v26__scene_translate_v01__L4__C2_D4__r05_s28105,scene_translate_v01,TRANSLATE,C2,D4,28105,67,CLEARANCE_OVERLAP,35,False,True,TRANSLATE,TRANSLATE,True,True,"{""action"": ""TRANSLATE""}"
v26__scene_translate_v02__L4__C2_D4__r01_s28101,scene_translate_v02,TRANSLATE,C2,D4,28101,45,BOTH,95,True,True,TRANSLATE,LIFT_AND_RELOCATE,False,True,"{""action"": ""LIFT_AND_RELOCATE""}"
v26__scene_translate_v02__L4__C2_D4__r02_s28102,scene_translate_v02,TRANSLATE,C2,D4,28102,45,BOTH,95,True,True,TRANSLATE,LIFT_AND_RELOCATE,False,True,"{""action"": ""LIFT_AND_RELOCATE""}"
v26__scene_translate_v02__L4__C2_D4__r03_s28103,scene_translate_v02,TRANSLATE,C2,D4,28103,45,BOTH,95,True,True,TRANSLATE,LIFT_AND_RELOCATE,False,True,"{""action"": ""LIFT_AND_RELOCATE""}"
v26__scene_translate_v02__L4__C2_D4__r04_s28104,scene_translate_v02,TRANSLATE,C2,D4,28104,45,BOTH,95,True,True,TRANSLATE,LIFT_AND_RELOCATE,False,True,"{""action"": ""LIFT_AND_RELOCATE""}"
v26__scene_translate_v02__L4__C2_D4__r05_s28105,scene_translate_v02,TRANSLATE,C2,D4,28105,45,CLEARANCE_OVERLAP,95,False,True,TRANSLATE,LIFT_AND_RELOCATE,False,True,"{""action"": ""LIFT_AND_RELOCATE""}"
v26__scene_translate_v03__L4__C2_D4__r01_s28101,scene_translate_v03,TRANSLATE,C2,D4,28101,18,CLEARANCE_OVERLAP,45,False,True,TRANSLATE,LIFT_AND_RELOCATE,False,True,"{""action"": ""LIFT_AND_RELOCATE""}"
v26__scene_translate_v03__L4__C2_D4__r02_s28102,scene_translate_v03,TRANSLATE,C2,D4,28102,18,BOTH,45,False,True,TRANSLATE,LIFT_AND_RELOCATE,False,True,"{""action"": ""LIFT_AND_RELOCATE""}"
v26__scene_translate_v03__L4__C2_D4__r03_s28103,scene_translate_v03,TRANSLATE,C2,D4,28103,18,CLEARANCE_OVERLAP,45,False,True,TRANSLATE,LIFT_AND_RELOCATE,False,True,"{""action"": ""LIFT_AND_RELOCATE""}"
v26__scene_translate_v03__L4__C2_D4__r04_s28104,scene_translate_v03,TRANSLATE,C2,D4,28104,18,BOTH,45,False,True,TRANSLATE,LIFT_AND_RELOCATE,False,True,"{""action"": ""LIFT_AND_RELOCATE""}"
v26__scene_translate_v03__L4__C2_D4__r05_s28105,scene_translate_v03,TRANSLATE,C2,D4,28105,18,CLEARANCE_OVERLAP,45,False,True,TRANSLATE,LIFT_AND_RELOCATE,False,True,"{""action"": ""LIFT_AND_RELOCATE""}"
v26__scene_translate_v04__L4__C2_D4__r01_s28101,scene_translate_v04,TRANSLATE,C2,D4,28101,13,BOTH,84,False,True,TRANSLATE,LIFT_AND_RELOCATE,False,True,"{""action"": ""LIFT_AND_RELOCATE""}"
v26__scene_translate_v04__L4__C2_D4__r02_s28102,scene_translate_v04,TRANSLATE,C2,D4,28102,13,BOTH,84,False,True,TRANSLATE,LIFT_AND_RELOCATE,False,True,"{""action"": ""LIFT_AND_RELOCATE""}"
v26__scene_translate_v04__L4__C2_D4__r03_s28103,scene_translate_v04,TRANSLATE,C2,D4,28103,13,BOTH,84,False,True,TRANSLATE,LIFT_AND_RELOCATE,False,True,"{""action"": ""LIFT_AND_RELOCATE""}"
v26__scene_translate_v04__L4__C2_D4__r04_s28104,scene_translate_v04,TRANSLATE,C2,D4,28104,13,BOTH,84,False,True,TRANSLATE,LIFT_AND_RELOCATE,False,True,"{""action"": ""LIFT_AND_RELOCATE""}"
v26__scene_translate_v04__L4__C2_D4__r05_s28105,scene_translate_v04,TRANSLATE,C2,D4,28105,13,BOTH,84,False,True,TRANSLATE,LIFT_AND_RELOCATE,False,True,"{""action"": ""LIFT_AND_RELOCATE""}"
v26__scene_translate_v05__L4__C2_D4__r01_s28101,scene_translate_v05,TRANSLATE,C2,D4,28101,54,CLEARANCE_OVERLAP,79,False,True,TRANSLATE,LIFT_AND_RELOCATE,False,True,"{""action"": ""LIFT_AND_RELOCATE""}"
v26__scene_translate_v05__L4__C2_D4__r02_s28102,scene_translate_v05,TRANSLATE,C2,D4,28102,54,BOTH,79,True,True,TRANSLATE,TRANSLATE,True,True,"{""action"": ""TRANSLATE""}"
v26__scene_translate_v05__L4__C2_D4__r03_s28103,scene_translate_v05,TRANSLATE,C2,D4,28103,54,CLEARANCE_OVERLAP,79,False,True,TRANSLATE,LIFT_AND_RELOCATE,False,True,"{""action"": ""LIFT_AND_RELOCATE""}"
v26__scene_translate_v05__L4__C2_D4__r04_s28104,scene_translate_v05,TRANSLATE,C2,D4,28104,54,BOTH,79,True,True,TRANSLATE,TRANSLATE,True,True,"{""action"": ""TRANSLATE""}"
v26__scene_translate_v05__L4__C2_D4__r05_s28105,scene_translate_v05,TRANSLATE,C2,D4,28105,54,CLEARANCE_OVERLAP,79,False,True,TRANSLATE,LIFT_AND_RELOCATE,False,True,"{""action"": ""LIFT_AND_RELOCATE""}"
v26__scene_fc_blocked_v01__L4__C2_D8__r01_s28101,scene_fc_blocked_v01,FC_BLOCKED,C2,D8,28101,64,CLEARANCE_OVERLAP,40,True,True,TRANSLATE,TRANSLATE,True,True,"{""action"": ""TRANSLATE""}"
v26__scene_fc_blocked_v01__L4__C2_D8__r02_s28102,scene_fc_blocked_v01,FC_BLOCKED,C2,D8,28102,64,CLEARANCE_OVERLAP,40,True,True,TRANSLATE,TRANSLATE,True,True,"{""action"": ""TRANSLATE""}"
v26__scene_fc_blocked_v01__L4__C2_D8__r03_s28103,scene_fc_blocked_v01,FC_BLOCKED,C2,D8,28103,64,CLEARANCE_OVERLAP,40,True,True,TRANSLATE,TRANSLATE,True,True,"{""action"": ""TRANSLATE""}"
v26__scene_fc_blocked_v01__L4__C2_D8__r04_s28104,scene_fc_blocked_v01,FC_BLOCKED,C2,D8,28104,64,CLEARANCE_OVERLAP,40,True,True,TRANSLATE,TRANSLATE,True,True,"{""action"": ""TRANSLATE""}"
v26__scene_fc_blocked_v01__L4__C2_D8__r05_s28105,scene_fc_blocked_v01,FC_BLOCKED,C2,D8,28105,64,CLEARANCE_OVERLAP,40,True,True,TRANSLATE,TRANSLATE,True,True,"{""action"": ""TRANSLATE""}"
v26__scene_fc_blocked_v02__L4__C2_D8__r01_s28101,scene_fc_blocked_v02,FC_BLOCKED,C2,D8,28101,53,CLEARANCE_OVERLAP,49,True,True,TRANSLATE,TRANSLATE,True,True,"{""action"": ""TRANSLATE""}"
v26__scene_fc_blocked_v02__L4__C2_D8__r02_s28102,scene_fc_blocked_v02,FC_BLOCKED,C2,D8,28102,53,BOTH,49,False,True,TRANSLATE,TRANSLATE,True,True,"{""action"": ""TRANSLATE""}"
v26__scene_fc_blocked_v02__L4__C2_D8__r03_s28103,scene_fc_blocked_v02,FC_BLOCKED,C2,D8,28103,53,CLEARANCE_OVERLAP,49,True,True,TRANSLATE,TRANSLATE,True,True,"{""action"": ""TRANSLATE""}"
v26__scene_fc_blocked_v02__L4__C2_D8__r04_s28104,scene_fc_blocked_v02,FC_BLOCKED,C2,D8,28104,53,BOTH,49,False,True,TRANSLATE,TRANSLATE,True,True,"{""action"": ""TRANSLATE""}"
v26__scene_fc_blocked_v02__L4__C2_D8__r05_s28105,scene_fc_blocked_v02,FC_BLOCKED,C2,D8,28105,53,CLEARANCE_OVERLAP,49,True,True,TRANSLATE,TRANSLATE,True,True,"{""action"": ""TRANSLATE""}"
v26__scene_fc_blocked_v03__L4__C2_D8__r01_s28101,scene_fc_blocked_v03,FC_BLOCKED,C2,D8,28101,12,CLEARANCE_OVERLAP,33,True,True,TRANSLATE,TRANSLATE,True,True,"{""action"": ""TRANSLATE""}"
v26__scene_fc_blocked_v03__L4__C2_D8__r02_s28102,scene_fc_blocked_v03,FC_BLOCKED,C2,D8,28102,12,CLEARANCE_OVERLAP,33,True,True,TRANSLATE,TRANSLATE,True,True,"{""action"": ""TRANSLATE""}"
v26__scene_fc_blocked_v03__L4__C2_D8__r03_s28103,scene_fc_blocked_v03,FC_BLOCKED,C2,D8,28103,12,CLEARANCE_OVERLAP,33,True,True,TRANSLATE,TRANSLATE,True,True,"{""action"": ""TRANSLATE""}"
v26__scene_fc_blocked_v03__L4__C2_D8__r04_s28104,scene_fc_blocked_v03,FC_BLOCKED,C2,D8,28104,12,CLEARANCE_OVERLAP,33,True,True,TRANSLATE,TRANSLATE,True,True,"{""action"": ""TRANSLATE""}"
v26__scene_fc_blocked_v03__L4__C2_D8__r05_s28105,scene_fc_blocked_v03,FC_BLOCKED,C2,D8,28105,12,CLEARANCE_OVERLAP,33,True,True,TRANSLATE,TRANSLATE,True,True,"{""action"": ""TRANSLATE""}"
v26__scene_fc_blocked_v04__L4__C2_D8__r01_s28101,scene_fc_blocked_v04,FC_BLOCKED,C2,D8,28101,89,CLEARANCE_OVERLAP,19,True,True,TRANSLATE,TRANSLATE,True,True,"{""action"": ""TRANSLATE""}"
v26__scene_fc_blocked_v04__L4__C2_D8__r02_s28102,scene_fc_blocked_v04,FC_BLOCKED,C2,D8,28102,89,CLEARANCE_OVERLAP,19,True,True,TRANSLATE,TRANSLATE,True,True,"{""action"": ""TRANSLATE""}"
v26__scene_fc_blocked_v04__L4__C2_D8__r03_s28103,scene_fc_blocked_v04,FC_BLOCKED,C2,D8,28103,89,CLEARANCE_OVERLAP,19,True,True,TRANSLATE,TRANSLATE,True,True,"{""action"": ""TRANSLATE""}"
v26__scene_fc_blocked_v04__L4__C2_D8__r04_s28104,scene_fc_blocked_v04,FC_BLOCKED,C2,D8,28104,89,CLEARANCE_OVERLAP,19,True,True,TRANSLATE,TRANSLATE,True,True,"{""action"": ""TRANSLATE""}"
v26__scene_fc_blocked_v04__L4__C2_D8__r05_s28105,scene_fc_blocked_v04,FC_BLOCKED,C2,D8,28105,89,CLEARANCE_OVERLAP,19,True,True,TRANSLATE,TRANSLATE,True,True,"{""action"": ""TRANSLATE""}"
v26__scene_fc_blocked_v05__L4__C2_D8__r01_s28101,scene_fc_blocked_v05,FC_BLOCKED,C2,D8,28101,59,BOTH,26,True,True,TRANSLATE,LIFT_AND_RELOCATE,False,True,"{""action"": ""LIFT_AND_RELOCATE""}"
v26__scene_fc_blocked_v05__L4__C2_D8__r02_s28102,scene_fc_blocked_v05,FC_BLOCKED,C2,D8,28102,59,BOTH,26,True,True,TRANSLATE,LIFT_AND_RELOCATE,False,True,"{""action"": ""LIFT_AND_RELOCATE""}"
v26__scene_fc_blocked_v05__L4__C2_D8__r03_s28103,scene_fc_blocked_v05,FC_BLOCKED,C2,D8,28103,59,BOTH,26,True,True,TRANSLATE,LIFT_AND_RELOCATE,False,True,"{""action"": ""LIFT_AND_RELOCATE""}"
v26__scene_fc_blocked_v05__L4__C2_D8__r04_s28104,scene_fc_blocked_v05,FC_BLOCKED,C2,D8,28104,59,BOTH,26,True,True,TRANSLATE,LIFT_AND_RELOCATE,False,True,"{""action"": ""LIFT_AND_RELOCATE""}"
v26__scene_fc_blocked_v05__L4__C2_D8__r05_s28105,scene_fc_blocked_v05,FC_BLOCKED,C2,D8,28105,59,CLEARANCE_OVERLAP,26,False,True,TRANSLATE,LIFT_AND_RELOCATE,False,True,"{""action"": ""LIFT_AND_RELOCATE""}"
v26__scene_fc_clear_v01__L4__C2_D8__r01_s28101,scene_fc_clear_v01,FC_CLEAR,C2,D8,28101,53,NONE,,True,True,RETRIEVE,RETRIEVE,True,True,"{""action"": ""RETRIEVE""}"
v26__scene_fc_clear_v01__L4__C2_D8__r02_s28102,scene_fc_clear_v01,FC_CLEAR,C2,D8,28102,53,NONE,,True,True,RETRIEVE,RETRIEVE,True,True,"{""action"": ""RETRIEVE""}"
v26__scene_fc_clear_v01__L4__C2_D8__r03_s28103,scene_fc_clear_v01,FC_CLEAR,C2,D8,28103,53,NONE,,True,True,RETRIEVE,RETRIEVE,True,True,"{""action"": ""RETRIEVE""}"
v26__scene_fc_clear_v01__L4__C2_D8__r04_s28104,scene_fc_clear_v01,FC_CLEAR,C2,D8,28104,53,NONE,,True,True,RETRIEVE,RETRIEVE,True,True,"{""action"": ""RETRIEVE""}"
v26__scene_fc_clear_v01__L4__C2_D8__r05_s28105,scene_fc_clear_v01,FC_CLEAR,C2,D8,28105,53,NONE,,True,True,RETRIEVE,RETRIEVE,True,True,"{""action"": ""RETRIEVE""}"
v26__scene_fc_clear_v02__L4__C2_D8__r01_s28101,scene_fc_clear_v02,FC_CLEAR,C2,D8,28101,29,NONE,,True,True,RETRIEVE,RETRIEVE,True,True,"{""action"": ""RETRIEVE""}"
v26__scene_fc_clear_v02__L4__C2_D8__r02_s28102,scene_fc_clear_v02,FC_CLEAR,C2,D8,28102,29,BOTH,10,False,False,RETRIEVE,LIFT_AND_RELOCATE,False,True,"{""action"": ""LIFT_AND_RELOCATE""}"
v26__scene_fc_clear_v02__L4__C2_D8__r03_s28103,scene_fc_clear_v02,FC_CLEAR,C2,D8,28103,29,NONE,,True,True,RETRIEVE,RETRIEVE,True,True,"{""action"": ""RETRIEVE""}"
v26__scene_fc_clear_v02__L4__C2_D8__r04_s28104,scene_fc_clear_v02,FC_CLEAR,C2,D8,28104,29,NONE,,True,True,RETRIEVE,RETRIEVE,True,True,"{""action"": ""RETRIEVE""}"
v26__scene_fc_clear_v02__L4__C2_D8__r05_s28105,scene_fc_clear_v02,FC_CLEAR,C2,D8,28105,29,NONE,,True,True,RETRIEVE,RETRIEVE,True,True,"{""action"": ""RETRIEVE""}"
v26__scene_fc_clear_v03__L4__C2_D8__r01_s28101,scene_fc_clear_v03,FC_CLEAR,C2,D8,28101,95,NONE,,True,True,RETRIEVE,RETRIEVE,True,True,"{""action"": ""RETRIEVE""}"
v26__scene_fc_clear_v03__L4__C2_D8__r02_s28102,scene_fc_clear_v03,FC_CLEAR,C2,D8,28102,95,NONE,,True,True,RETRIEVE,RETRIEVE,True,True,"{""action"": ""RETRIEVE""}"
v26__scene_fc_clear_v03__L4__C2_D8__r03_s28103,scene_fc_clear_v03,FC_CLEAR,C2,D8,28103,95,NONE,,True,True,RETRIEVE,RETRIEVE,True,True,"{""action"": ""RETRIEVE""}"
v26__scene_fc_clear_v03__L4__C2_D8__r04_s28104,scene_fc_clear_v03,FC_CLEAR,C2,D8,28104,95,NONE,,True,True,RETRIEVE,RETRIEVE,True,True,"{""action"": ""RETRIEVE""}"
v26__scene_fc_clear_v03__L4__C2_D8__r05_s28105,scene_fc_clear_v03,FC_CLEAR,C2,D8,28105,95,NONE,,True,True,RETRIEVE,RETRIEVE,True,True,"{""action"": ""RETRIEVE""}"
v26__scene_fc_clear_v04__L4__C2_D8__r01_s28101,scene_fc_clear_v04,FC_CLEAR,C2,D8,28101,61,NONE,,True,True,RETRIEVE,RETRIEVE,True,True,"{""action"": ""RETRIEVE""}"
v26__scene_fc_clear_v04__L4__C2_D8__r02_s28102,scene_fc_clear_v04,FC_CLEAR,C2,D8,28102,61,CLEARANCE_OVERLAP,38,False,False,RETRIEVE,TRANSLATE,False,True,"{""action"": ""TRANSLATE""}"
v26__scene_fc_clear_v04__L4__C2_D8__r03_s28103,scene_fc_clear_v04,FC_CLEAR,C2,D8,28103,61,NONE,,True,True,RETRIEVE,RETRIEVE,True,True,"{""action"": ""RETRIEVE""}"
v26__scene_fc_clear_v04__L4__C2_D8__r04_s28104,scene_fc_clear_v04,FC_CLEAR,C2,D8,28104,61,NONE,,True,True,RETRIEVE,RETRIEVE,True,True,"{""action"": ""RETRIEVE""}"
v26__scene_fc_clear_v04__L4__C2_D8__r05_s28105,scene_fc_clear_v04,FC_CLEAR,C2,D8,28105,61,NONE,,True,True,RETRIEVE,RETRIEVE,True,True,"{""action"": ""RETRIEVE""}"
v26__scene_fc_clear_v05__L4__C2_D8__r01_s28101,scene_fc_clear_v05,FC_CLEAR,C2,D8,28101,62,CLEARANCE_OVERLAP,82,True,True,RETRIEVE,TRANSLATE,False,True,"{""action"": ""TRANSLATE""}"
v26__scene_fc_clear_v05__L4__C2_D8__r02_s28102,scene_fc_clear_v05,FC_CLEAR,C2,D8,28102,62,CLEARANCE_OVERLAP,82,True,True,RETRIEVE,TRANSLATE,False,True,"{""action"": ""TRANSLATE""}"
v26__scene_fc_clear_v05__L4__C2_D8__r03_s28103,scene_fc_clear_v05,FC_CLEAR,C2,D8,28103,62,CLEARANCE_OVERLAP,82,True,True,RETRIEVE,TRANSLATE,False,True,"{""action"": ""TRANSLATE""}"
v26__scene_fc_clear_v05__L4__C2_D8__r04_s28104,scene_fc_clear_v05,FC_CLEAR,C2,D8,28104,62,CLEARANCE_OVERLAP,82,True,True,RETRIEVE,TRANSLATE,False,True,"{""action"": ""TRANSLATE""}"
v26__scene_fc_clear_v05__L4__C2_D8__r05_s28105,scene_fc_clear_v05,FC_CLEAR,C2,D8,28105,62,CLEARANCE_OVERLAP,82,True,True,RETRIEVE,TRANSLATE,False,True,"{""action"": ""TRANSLATE""}"
v26__scene_lift_and_relocate_v01__L4__C2_D8__r01_s28101,scene_lift_and_relocate_v01,LIFT_AND_RELOCATE,C2,D8,28101,59,CLEARANCE_OVERLAP,64,False,True,LIFT_AND_RELOCATE,LIFT_AND_RELOCATE,True,True,"{""action"": ""LIFT_AND_RELOCATE""}"
v26__scene_lift_and_relocate_v01__L4__C2_D8__r02_s28102,scene_lift_and_relocate_v01,LIFT_AND_RELOCATE,C2,D8,28102,59,BOTH,64,True,True,LIFT_AND_RELOCATE,LIFT_AND_RELOCATE,True,True,"{""action"": ""LIFT_AND_RELOCATE""}"
v26__scene_lift_and_relocate_v01__L4__C2_D8__r03_s28103,scene_lift_and_relocate_v01,LIFT_AND_RELOCATE,C2,D8,28103,59,BOTH,64,True,True,LIFT_AND_RELOCATE,LIFT_AND_RELOCATE,True,True,"{""action"": ""LIFT_AND_RELOCATE""}"
v26__scene_lift_and_relocate_v01__L4__C2_D8__r04_s28104,scene_lift_and_relocate_v01,LIFT_AND_RELOCATE,C2,D8,28104,59,BOTH,64,True,True,LIFT_AND_RELOCATE,LIFT_AND_RELOCATE,True,True,"{""action"": ""LIFT_AND_RELOCATE""}"
v26__scene_lift_and_relocate_v01__L4__C2_D8__r05_s28105,scene_lift_and_relocate_v01,LIFT_AND_RELOCATE,C2,D8,28105,59,BOTH,64,True,True,LIFT_AND_RELOCATE,LIFT_AND_RELOCATE,True,True,"{""action"": ""LIFT_AND_RELOCATE""}"
v26__scene_lift_and_relocate_v02__L4__C2_D8__r01_s28101,scene_lift_and_relocate_v02,LIFT_AND_RELOCATE,C2,D8,28101,70,CLEARANCE_OVERLAP,14,False,True,LIFT_AND_RELOCATE,LIFT_AND_RELOCATE,True,True,"{""action"": ""LIFT_AND_RELOCATE""}"
v26__scene_lift_and_relocate_v02__L4__C2_D8__r02_s28102,scene_lift_and_relocate_v02,LIFT_AND_RELOCATE,C2,D8,28102,70,BOTH,14,True,True,LIFT_AND_RELOCATE,LIFT_AND_RELOCATE,True,True,"{""action"": ""LIFT_AND_RELOCATE""}"
v26__scene_lift_and_relocate_v02__L4__C2_D8__r03_s28103,scene_lift_and_relocate_v02,LIFT_AND_RELOCATE,C2,D8,28103,70,BOTH,14,True,True,LIFT_AND_RELOCATE,LIFT_AND_RELOCATE,True,True,"{""action"": ""LIFT_AND_RELOCATE""}"
v26__scene_lift_and_relocate_v02__L4__C2_D8__r04_s28104,scene_lift_and_relocate_v02,LIFT_AND_RELOCATE,C2,D8,28104,70,BOTH,14,True,True,LIFT_AND_RELOCATE,LIFT_AND_RELOCATE,True,True,"{""action"": ""LIFT_AND_RELOCATE""}"
v26__scene_lift_and_relocate_v02__L4__C2_D8__r05_s28105,scene_lift_and_relocate_v02,LIFT_AND_RELOCATE,C2,D8,28105,70,BOTH,14,True,True,LIFT_AND_RELOCATE,LIFT_AND_RELOCATE,True,True,"{""action"": ""LIFT_AND_RELOCATE""}"
v26__scene_lift_and_relocate_v03__L4__C2_D8__r01_s28101,scene_lift_and_relocate_v03,LIFT_AND_RELOCATE,C2,D8,28101,12,BOTH,35,True,True,LIFT_AND_RELOCATE,LIFT_AND_RELOCATE,True,True,"{""action"": ""LIFT_AND_RELOCATE""}"
v26__scene_lift_and_relocate_v03__L4__C2_D8__r02_s28102,scene_lift_and_relocate_v03,LIFT_AND_RELOCATE,C2,D8,28102,12,BOTH,35,True,True,LIFT_AND_RELOCATE,LIFT_AND_RELOCATE,True,True,"{""action"": ""LIFT_AND_RELOCATE""}"
v26__scene_lift_and_relocate_v03__L4__C2_D8__r03_s28103,scene_lift_and_relocate_v03,LIFT_AND_RELOCATE,C2,D8,28103,12,BOTH,35,True,True,LIFT_AND_RELOCATE,LIFT_AND_RELOCATE,True,True,"{""action"": ""LIFT_AND_RELOCATE""}"
v26__scene_lift_and_relocate_v03__L4__C2_D8__r04_s28104,scene_lift_and_relocate_v03,LIFT_AND_RELOCATE,C2,D8,28104,12,BOTH,35,True,True,LIFT_AND_RELOCATE,LIFT_AND_RELOCATE,True,True,"{""action"": ""LIFT_AND_RELOCATE""}"
v26__scene_lift_and_relocate_v03__L4__C2_D8__r05_s28105,scene_lift_and_relocate_v03,LIFT_AND_RELOCATE,C2,D8,28105,12,BOTH,35,True,True,LIFT_AND_RELOCATE,LIFT_AND_RELOCATE,True,True,"{""action"": ""LIFT_AND_RELOCATE""}"
v26__scene_lift_and_relocate_v04__L4__C2_D8__r01_s28101,scene_lift_and_relocate_v04,LIFT_AND_RELOCATE,C2,D8,28101,68,BOTH,73,True,True,LIFT_AND_RELOCATE,TRANSLATE,False,True,"{""action"": ""TRANSLATE""}"
v26__scene_lift_and_relocate_v04__L4__C2_D8__r02_s28102,scene_lift_and_relocate_v04,LIFT_AND_RELOCATE,C2,D8,28102,68,BOTH,73,True,True,LIFT_AND_RELOCATE,TRANSLATE,False,True,"{""action"": ""TRANSLATE""}"
v26__scene_lift_and_relocate_v04__L4__C2_D8__r03_s28103,scene_lift_and_relocate_v04,LIFT_AND_RELOCATE,C2,D8,28103,68,BOTH,73,True,True,LIFT_AND_RELOCATE,TRANSLATE,False,True,"{""action"": ""TRANSLATE""}"
v26__scene_lift_and_relocate_v04__L4__C2_D8__r04_s28104,scene_lift_and_relocate_v04,LIFT_AND_RELOCATE,C2,D8,28104,68,BOTH,73,True,True,LIFT_AND_RELOCATE,TRANSLATE,False,True,"{""action"": ""TRANSLATE""}"
v26__scene_lift_and_relocate_v04__L4__C2_D8__r05_s28105,scene_lift_and_relocate_v04,LIFT_AND_RELOCATE,C2,D8,28105,68,BOTH,73,True,True,LIFT_AND_RELOCATE,TRANSLATE,False,True,"{""action"": ""TRANSLATE""}"
v26__scene_lift_and_relocate_v05__L4__C2_D8__r01_s28101,scene_lift_and_relocate_v05,LIFT_AND_RELOCATE,C2,D8,28101,43,CLEARANCE_OVERLAP,15,False,True,LIFT_AND_RELOCATE,LIFT_AND_RELOCATE,True,True,"{""action"": ""LIFT_AND_RELOCATE""}"
v26__scene_lift_and_relocate_v05__L4__C2_D8__r02_s28102,scene_lift_and_relocate_v05,LIFT_AND_RELOCATE,C2,D8,28102,43,BOTH,15,True,True,LIFT_AND_RELOCATE,LIFT_AND_RELOCATE,True,True,"{""action"": ""LIFT_AND_RELOCATE""}"
v26__scene_lift_and_relocate_v05__L4__C2_D8__r03_s28103,scene_lift_and_relocate_v05,LIFT_AND_RELOCATE,C2,D8,28103,43,CLEARANCE_OVERLAP,15,False,True,LIFT_AND_RELOCATE,LIFT_AND_RELOCATE,True,True,"{""action"": ""LIFT_AND_RELOCATE""}"
v26__scene_lift_and_relocate_v05__L4__C2_D8__r04_s28104,scene_lift_and_relocate_v05,LIFT_AND_RELOCATE,C2,D8,28104,43,CLEARANCE_OVERLAP,15,False,True,LIFT_AND_RELOCATE,LIFT_AND_RELOCATE,True,True,"{""action"": ""LIFT_AND_RELOCATE""}"
v26__scene_lift_and_relocate_v05__L4__C2_D8__r05_s28105,scene_lift_and_relocate_v05,LIFT_AND_RELOCATE,C2,D8,28105,43,CLEARANCE_OVERLAP,15,False,True,LIFT_AND_RELOCATE,LIFT_AND_RELOCATE,True,True,"{""action"": ""LIFT_AND_RELOCATE""}"
v26__scene_rotate_v01__L4__C2_D8__r01_s28101,scene_rotate_v01,ROTATE,C2,D8,28101,12,CLEARANCE_OVERLAP,95,False,True,ROTATE,LIFT_AND_RELOCATE,False,True,"{""action"": ""LIFT_AND_RELOCATE""}"
v26__scene_rotate_v01__L4__C2_D8__r02_s28102,scene_rotate_v01,ROTATE,C2,D8,28102,12,CLEARANCE_OVERLAP,54,False,False,ROTATE,TRANSLATE,False,True,"{""action"": ""TRANSLATE""}"
v26__scene_rotate_v01__L4__C2_D8__r03_s28103,scene_rotate_v01,ROTATE,C2,D8,28103,12,CLEARANCE_OVERLAP,54,False,False,ROTATE,TRANSLATE,False,True,"{""action"": ""TRANSLATE""}"
v26__scene_rotate_v01__L4__C2_D8__r04_s28104,scene_rotate_v01,ROTATE,C2,D8,28104,12,CLEARANCE_OVERLAP,54,False,False,ROTATE,TRANSLATE,False,True,"{""action"": ""TRANSLATE""}"
v26__scene_rotate_v01__L4__C2_D8__r05_s28105,scene_rotate_v01,ROTATE,C2,D8,28105,12,CLEARANCE_OVERLAP,54,False,False,ROTATE,TRANSLATE,False,True,"{""action"": ""TRANSLATE""}"
v26__scene_rotate_v02__L4__C2_D8__r01_s28101,scene_rotate_v02,ROTATE,C2,D8,28101,38,BOTH,50,False,True,ROTATE,LIFT_AND_RELOCATE,False,True,"{""action"": ""LIFT_AND_RELOCATE""}"
v26__scene_rotate_v02__L4__C2_D8__r02_s28102,scene_rotate_v02,ROTATE,C2,D8,28102,38,BOTH,50,False,True,ROTATE,LIFT_AND_RELOCATE,False,True,"{""action"": ""LIFT_AND_RELOCATE""}"
v26__scene_rotate_v02__L4__C2_D8__r03_s28103,scene_rotate_v02,ROTATE,C2,D8,28103,38,CLEARANCE_OVERLAP,50,False,True,ROTATE,LIFT_AND_RELOCATE,False,True,"{""action"": ""LIFT_AND_RELOCATE""}"
v26__scene_rotate_v02__L4__C2_D8__r04_s28104,scene_rotate_v02,ROTATE,C2,D8,28104,38,CLEARANCE_OVERLAP,50,False,True,ROTATE,LIFT_AND_RELOCATE,False,True,"{""action"": ""LIFT_AND_RELOCATE""}"
v26__scene_rotate_v02__L4__C2_D8__r05_s28105,scene_rotate_v02,ROTATE,C2,D8,28105,38,OCCLUSION,50,True,True,ROTATE,LIFT_AND_RELOCATE,False,True,"{""action"": ""LIFT_AND_RELOCATE""}"
v26__scene_rotate_v03__L4__C2_D8__r01_s28101,scene_rotate_v03,ROTATE,C2,D8,28101,83,BOTH,19,False,True,ROTATE,TRANSLATE,False,True,"{""action"": ""TRANSLATE""}"
v26__scene_rotate_v03__L4__C2_D8__r02_s28102,scene_rotate_v03,ROTATE,C2,D8,28102,83,BOTH,19,False,True,ROTATE,LIFT_AND_RELOCATE,False,True,"{""action"": ""LIFT_AND_RELOCATE""}"
v26__scene_rotate_v03__L4__C2_D8__r03_s28103,scene_rotate_v03,ROTATE,C2,D8,28103,83,BOTH,19,False,True,ROTATE,TRANSLATE,False,True,"{""action"": ""TRANSLATE""}"
v26__scene_rotate_v03__L4__C2_D8__r04_s28104,scene_rotate_v03,ROTATE,C2,D8,28104,83,BOTH,19,False,True,ROTATE,TRANSLATE,False,True,"{""action"": ""TRANSLATE""}"
v26__scene_rotate_v03__L4__C2_D8__r05_s28105,scene_rotate_v03,ROTATE,C2,D8,28105,83,BOTH,19,False,True,ROTATE,TRANSLATE,False,True,"{""action"": ""TRANSLATE""}"
v26__scene_rotate_v04__L4__C2_D8__r01_s28101,scene_rotate_v04,ROTATE,C2,D8,28101,47,CLEARANCE_OVERLAP,25,False,False,ROTATE,TRANSLATE,False,True,"{""action"": ""TRANSLATE""}"
v26__scene_rotate_v04__L4__C2_D8__r02_s28102,scene_rotate_v04,ROTATE,C2,D8,28102,47,BOTH,95,False,True,ROTATE,LIFT_AND_RELOCATE,False,True,"{""action"": ""LIFT_AND_RELOCATE""}"
v26__scene_rotate_v04__L4__C2_D8__r03_s28103,scene_rotate_v04,ROTATE,C2,D8,28103,47,CLEARANCE_OVERLAP,25,False,False,ROTATE,TRANSLATE,False,True,"{""action"": ""TRANSLATE""}"
v26__scene_rotate_v04__L4__C2_D8__r04_s28104,scene_rotate_v04,ROTATE,C2,D8,28104,47,BOTH,95,False,True,ROTATE,LIFT_AND_RELOCATE,False,True,"{""action"": ""LIFT_AND_RELOCATE""}"
v26__scene_rotate_v04__L4__C2_D8__r05_s28105,scene_rotate_v04,ROTATE,C2,D8,28105,47,CLEARANCE_OVERLAP,25,False,False,ROTATE,TRANSLATE,False,True,"{""action"": ""TRANSLATE""}"
v26__scene_rotate_v05__L4__C2_D8__r01_s28101,scene_rotate_v05,ROTATE,C2,D8,28101,44,BOTH,82,False,True,ROTATE,LIFT_AND_RELOCATE,False,True,"{""action"": ""LIFT_AND_RELOCATE""}"
v26__scene_rotate_v05__L4__C2_D8__r02_s28102,scene_rotate_v05,ROTATE,C2,D8,28102,44,BOTH,82,False,True,ROTATE,LIFT_AND_RELOCATE,False,True,"{""action"": ""LIFT_AND_RELOCATE""}"
v26__scene_rotate_v05__L4__C2_D8__r03_s28103,scene_rotate_v05,ROTATE,C2,D8,28103,44,CLEARANCE_OVERLAP,82,False,True,ROTATE,LIFT_AND_RELOCATE,False,True,"{""action"": ""LIFT_AND_RELOCATE""}"
v26__scene_rotate_v05__L4__C2_D8__r04_s28104,scene_rotate_v05,ROTATE,C2,D8,28104,44,CLEARANCE_OVERLAP,82,False,True,ROTATE,LIFT_AND_RELOCATE,False,True,"{""action"": ""LIFT_AND_RELOCATE""}"
v26__scene_rotate_v05__L4__C2_D8__r05_s28105,scene_rotate_v05,ROTATE,C2,D8,28105,44,BOTH,82,False,True,ROTATE,LIFT_AND_RELOCATE,False,True,"{""action"": ""LIFT_AND_RELOCATE""}"
v26__scene_translate_v01__L4__C2_D8__r01_s28101,scene_translate_v01,TRANSLATE,C2,D8,28101,67,CLEARANCE_OVERLAP,35,False,True,TRANSLATE,TRANSLATE,True,True,"{""action"": ""TRANSLATE""}"
v26__scene_translate_v01__L4__C2_D8__r02_s28102,scene_translate_v01,TRANSLATE,C2,D8,28102,67,CLEARANCE_OVERLAP,35,False,True,TRANSLATE,TRANSLATE,True,True,"{""action"": ""TRANSLATE""}"
v26__scene_translate_v01__L4__C2_D8__r03_s28103,scene_translate_v01,TRANSLATE,C2,D8,28103,67,CLEARANCE_OVERLAP,35,False,True,TRANSLATE,TRANSLATE,True,True,"{""action"": ""TRANSLATE""}"
v26__scene_translate_v01__L4__C2_D8__r04_s28104,scene_translate_v01,TRANSLATE,C2,D8,28104,67,CLEARANCE_OVERLAP,35,False,True,TRANSLATE,TRANSLATE,True,True,"{""action"": ""TRANSLATE""}"
v26__scene_translate_v01__L4__C2_D8__r05_s28105,scene_translate_v01,TRANSLATE,C2,D8,28105,67,CLEARANCE_OVERLAP,35,False,True,TRANSLATE,TRANSLATE,True,True,"{""action"": ""TRANSLATE""}"
v26__scene_translate_v02__L4__C2_D8__r01_s28101,scene_translate_v02,TRANSLATE,C2,D8,28101,45,BOTH,95,True,True,TRANSLATE,LIFT_AND_RELOCATE,False,True,"{""action"": ""LIFT_AND_RELOCATE""}"
v26__scene_translate_v02__L4__C2_D8__r02_s28102,scene_translate_v02,TRANSLATE,C2,D8,28102,45,BOTH,95,True,True,TRANSLATE,LIFT_AND_RELOCATE,False,True,"{""action"": ""LIFT_AND_RELOCATE""}"
v26__scene_translate_v02__L4__C2_D8__r03_s28103,scene_translate_v02,TRANSLATE,C2,D8,28103,45,BOTH,95,True,True,TRANSLATE,LIFT_AND_RELOCATE,False,True,"{""action"": ""LIFT_AND_RELOCATE""}"
v26__scene_translate_v02__L4__C2_D8__r04_s28104,scene_translate_v02,TRANSLATE,C2,D8,28104,45,BOTH,95,True,True,TRANSLATE,LIFT_AND_RELOCATE,False,True,"{""action"": ""LIFT_AND_RELOCATE""}"
v26__scene_translate_v02__L4__C2_D8__r05_s28105,scene_translate_v02,TRANSLATE,C2,D8,28105,45,BOTH,95,True,True,TRANSLATE,LIFT_AND_RELOCATE,False,True,"{""action"": ""LIFT_AND_RELOCATE""}"
v26__scene_translate_v03__L4__C2_D8__r01_s28101,scene_translate_v03,TRANSLATE,C2,D8,28101,18,BOTH,45,False,True,TRANSLATE,TRANSLATE,True,True,"{""action"": ""TRANSLATE""}"
v26__scene_translate_v03__L4__C2_D8__r02_s28102,scene_translate_v03,TRANSLATE,C2,D8,28102,18,BOTH,45,False,True,TRANSLATE,TRANSLATE,True,True,"{""action"": ""TRANSLATE""}"
v26__scene_translate_v03__L4__C2_D8__r03_s28103,scene_translate_v03,TRANSLATE,C2,D8,28103,18,BOTH,45,False,True,TRANSLATE,TRANSLATE,True,True,"{""action"": ""TRANSLATE""}"
v26__scene_translate_v03__L4__C2_D8__r04_s28104,scene_translate_v03,TRANSLATE,C2,D8,28104,18,BOTH,45,False,True,TRANSLATE,TRANSLATE,True,True,"{""action"": ""TRANSLATE""}"
v26__scene_translate_v03__L4__C2_D8__r05_s28105,scene_translate_v03,TRANSLATE,C2,D8,28105,18,BOTH,45,False,True,TRANSLATE,TRANSLATE,True,True,"{""action"": ""TRANSLATE""}"
v26__scene_translate_v04__L4__C2_D8__r01_s28101,scene_translate_v04,TRANSLATE,C2,D8,28101,13,BOTH,84,False,True,TRANSLATE,LIFT_AND_RELOCATE,False,True,"{""action"": ""LIFT_AND_RELOCATE""}"
v26__scene_translate_v04__L4__C2_D8__r02_s28102,scene_translate_v04,TRANSLATE,C2,D8,28102,13,BOTH,84,False,True,TRANSLATE,LIFT_AND_RELOCATE,False,True,"{""action"": ""LIFT_AND_RELOCATE""}"
v26__scene_translate_v04__L4__C2_D8__r03_s28103,scene_translate_v04,TRANSLATE,C2,D8,28103,13,BOTH,84,False,True,TRANSLATE,LIFT_AND_RELOCATE,False,True,"{""action"": ""LIFT_AND_RELOCATE""}"
v26__scene_translate_v04__L4__C2_D8__r04_s28104,scene_translate_v04,TRANSLATE,C2,D8,28104,13,BOTH,84,False,True,TRANSLATE,LIFT_AND_RELOCATE,False,True,"{""action"": ""LIFT_AND_RELOCATE""}"
v26__scene_translate_v04__L4__C2_D8__r05_s28105,scene_translate_v04,TRANSLATE,C2,D8,28105,13,BOTH,84,False,True,TRANSLATE,LIFT_AND_RELOCATE,False,True,"{""action"": ""LIFT_AND_RELOCATE""}"
v26__scene_translate_v05__L4__C2_D8__r01_s28101,scene_translate_v05,TRANSLATE,C2,D8,28101,54,CLEARANCE_OVERLAP,79,False,True,TRANSLATE,LIFT_AND_RELOCATE,False,True,"{""action"": ""LIFT_AND_RELOCATE""}"
v26__scene_translate_v05__L4__C2_D8__r02_s28102,scene_translate_v05,TRANSLATE,C2,D8,28102,54,BOTH,79,True,True,TRANSLATE,LIFT_AND_RELOCATE,False,True,"{""action"": ""LIFT_AND_RELOCATE""}"
v26__scene_translate_v05__L4__C2_D8__r03_s28103,scene_translate_v05,TRANSLATE,C2,D8,28103,54,BOTH,79,True,True,TRANSLATE,LIFT_AND_RELOCATE,False,True,"{""action"": ""LIFT_AND_RELOCATE""}"
v26__scene_translate_v05__L4__C2_D8__r04_s28104,scene_translate_v05,TRANSLATE,C2,D8,28104,54,CLEARANCE_OVERLAP,79,False,True,TRANSLATE,LIFT_AND_RELOCATE,False,True,"{""action"": ""LIFT_AND_RELOCATE""}"
v26__scene_translate_v05__L4__C2_D8__r05_s28105,scene_translate_v05,TRANSLATE,C2,D8,28105,54,CLEARANCE_OVERLAP,79,False,True,TRANSLATE,LIFT_AND_RELOCATE,False,True,"{""action"": ""LIFT_AND_RELOCATE""}"
v26__scene_fc_blocked_v01__L4__C3_D4__r01_s28101,scene_fc_blocked_v01,FC_BLOCKED,C3,D4,28101,64,CLEARANCE_OVERLAP,40,True,True,TRANSLATE,TRANSLATE,True,True,"{""action"": ""TRANSLATE""}"
v26__scene_fc_blocked_v01__L4__C3_D4__r02_s28102,scene_fc_blocked_v01,FC_BLOCKED,C3,D4,28102,64,CLEARANCE_OVERLAP,40,True,True,TRANSLATE,TRANSLATE,True,True,"{""action"": ""TRANSLATE""}"
v26__scene_fc_blocked_v01__L4__C3_D4__r03_s28103,scene_fc_blocked_v01,FC_BLOCKED,C3,D4,28103,64,CLEARANCE_OVERLAP,40,True,True,TRANSLATE,TRANSLATE,True,True,"{""action"": ""TRANSLATE""}"
v26__scene_fc_blocked_v01__L4__C3_D4__r04_s28104,scene_fc_blocked_v01,FC_BLOCKED,C3,D4,28104,64,CLEARANCE_OVERLAP,40,True,True,TRANSLATE,TRANSLATE,True,True,"{""action"": ""TRANSLATE""}"
v26__scene_fc_blocked_v01__L4__C3_D4__r05_s28105,scene_fc_blocked_v01,FC_BLOCKED,C3,D4,28105,64,CLEARANCE_OVERLAP,40,True,True,TRANSLATE,TRANSLATE,True,True,"{""action"": ""TRANSLATE""}"
v26__scene_fc_blocked_v02__L4__C3_D4__r01_s28101,scene_fc_blocked_v02,FC_BLOCKED,C3,D4,28101,53,CLEARANCE_OVERLAP,49,True,True,TRANSLATE,TRANSLATE,True,True,"{""action"": ""TRANSLATE""}"
v26__scene_fc_blocked_v02__L4__C3_D4__r02_s28102,scene_fc_blocked_v02,FC_BLOCKED,C3,D4,28102,53,CLEARANCE_OVERLAP,49,True,True,TRANSLATE,TRANSLATE,True,True,"{""action"": ""TRANSLATE""}"
v26__scene_fc_blocked_v02__L4__C3_D4__r03_s28103,scene_fc_blocked_v02,FC_BLOCKED,C3,D4,28103,53,CLEARANCE_OVERLAP,49,True,True,TRANSLATE,TRANSLATE,True,True,"{""action"": ""TRANSLATE""}"
v26__scene_fc_blocked_v02__L4__C3_D4__r04_s28104,scene_fc_blocked_v02,FC_BLOCKED,C3,D4,28104,53,CLEARANCE_OVERLAP,49,True,True,TRANSLATE,TRANSLATE,True,True,"{""action"": ""TRANSLATE""}"
v26__scene_fc_blocked_v02__L4__C3_D4__r05_s28105,scene_fc_blocked_v02,FC_BLOCKED,C3,D4,28105,53,CLEARANCE_OVERLAP,49,True,True,TRANSLATE,TRANSLATE,True,True,"{""action"": ""TRANSLATE""}"
v26__scene_fc_blocked_v03__L4__C3_D4__r01_s28101,scene_fc_blocked_v03,FC_BLOCKED,C3,D4,28101,12,CLEARANCE_OVERLAP,33,True,True,TRANSLATE,TRANSLATE,True,True,"{""action"": ""TRANSLATE""}"
v26__scene_fc_blocked_v03__L4__C3_D4__r02_s28102,scene_fc_blocked_v03,FC_BLOCKED,C3,D4,28102,12,CLEARANCE_OVERLAP,33,True,True,TRANSLATE,TRANSLATE,True,True,"{""action"": ""TRANSLATE""}"
v26__scene_fc_blocked_v03__L4__C3_D4__r03_s28103,scene_fc_blocked_v03,FC_BLOCKED,C3,D4,28103,12,CLEARANCE_OVERLAP,33,True,True,TRANSLATE,TRANSLATE,True,True,"{""action"": ""TRANSLATE""}"
v26__scene_fc_blocked_v03__L4__C3_D4__r04_s28104,scene_fc_blocked_v03,FC_BLOCKED,C3,D4,28104,12,CLEARANCE_OVERLAP,33,True,True,TRANSLATE,TRANSLATE,True,True,"{""action"": ""TRANSLATE""}"
v26__scene_fc_blocked_v03__L4__C3_D4__r05_s28105,scene_fc_blocked_v03,FC_BLOCKED,C3,D4,28105,12,CLEARANCE_OVERLAP,33,True,True,TRANSLATE,TRANSLATE,True,True,"{""action"": ""TRANSLATE""}"
v26__scene_fc_blocked_v04__L4__C3_D4__r01_s28101,scene_fc_blocked_v04,FC_BLOCKED,C3,D4,28101,89,CLEARANCE_OVERLAP,19,True,True,TRANSLATE,TRANSLATE,True,True,"{""action"": ""TRANSLATE""}"
v26__scene_fc_blocked_v04__L4__C3_D4__r02_s28102,scene_fc_blocked_v04,FC_BLOCKED,C3,D4,28102,89,CLEARANCE_OVERLAP,19,True,True,TRANSLATE,TRANSLATE,True,True,"{""action"": ""TRANSLATE""}"
v26__scene_fc_blocked_v04__L4__C3_D4__r03_s28103,scene_fc_blocked_v04,FC_BLOCKED,C3,D4,28103,89,CLEARANCE_OVERLAP,19,True,True,TRANSLATE,TRANSLATE,True,True,"{""action"": ""TRANSLATE""}"
v26__scene_fc_blocked_v04__L4__C3_D4__r04_s28104,scene_fc_blocked_v04,FC_BLOCKED,C3,D4,28104,89,CLEARANCE_OVERLAP,19,True,True,TRANSLATE,TRANSLATE,True,True,"{""action"": ""TRANSLATE""}"
v26__scene_fc_blocked_v04__L4__C3_D4__r05_s28105,scene_fc_blocked_v04,FC_BLOCKED,C3,D4,28105,89,CLEARANCE_OVERLAP,19,True,True,TRANSLATE,TRANSLATE,True,True,"{""action"": ""TRANSLATE""}"
v26__scene_fc_blocked_v05__L4__C3_D4__r01_s28101,scene_fc_blocked_v05,FC_BLOCKED,C3,D4,28101,59,CLEARANCE_OVERLAP,26,False,True,TRANSLATE,TRANSLATE,True,True,"{""action"": ""TRANSLATE""}"
v26__scene_fc_blocked_v05__L4__C3_D4__r02_s28102,scene_fc_blocked_v05,FC_BLOCKED,C3,D4,28102,59,CLEARANCE_OVERLAP,26,False,True,TRANSLATE,TRANSLATE,True,True,"{""action"": ""TRANSLATE""}"
v26__scene_fc_blocked_v05__L4__C3_D4__r03_s28103,scene_fc_blocked_v05,FC_BLOCKED,C3,D4,28103,59,CLEARANCE_OVERLAP,26,False,True,TRANSLATE,TRANSLATE,True,True,"{""action"": ""TRANSLATE""}"
v26__scene_fc_blocked_v05__L4__C3_D4__r04_s28104,scene_fc_blocked_v05,FC_BLOCKED,C3,D4,28104,59,BOTH,26,True,True,TRANSLATE,TRANSLATE,True,True,"{""action"": ""TRANSLATE""}"
v26__scene_fc_blocked_v05__L4__C3_D4__r05_s28105,scene_fc_blocked_v05,FC_BLOCKED,C3,D4,28105,59,CLEARANCE_OVERLAP,26,False,True,TRANSLATE,TRANSLATE,True,True,"{""action"": ""TRANSLATE""}"
v26__scene_fc_clear_v01__L4__C3_D4__r01_s28101,scene_fc_clear_v01,FC_CLEAR,C3,D4,28101,53,CLEARANCE_OVERLAP,98,False,False,RETRIEVE,TRANSLATE,False,True,"{""action"": ""TRANSLATE""}"
v26__scene_fc_clear_v01__L4__C3_D4__r02_s28102,scene_fc_clear_v01,FC_CLEAR,C3,D4,28102,53,CLEARANCE_OVERLAP,98,False,False,RETRIEVE,TRANSLATE,False,True,"{""action"": ""TRANSLATE""}"
v26__scene_fc_clear_v01__L4__C3_D4__r03_s28103,scene_fc_clear_v01,FC_CLEAR,C3,D4,28103,53,CLEARANCE_OVERLAP,98,False,False,RETRIEVE,TRANSLATE,False,True,"{""action"": ""TRANSLATE""}"
v26__scene_fc_clear_v01__L4__C3_D4__r04_s28104,scene_fc_clear_v01,FC_CLEAR,C3,D4,28104,53,NONE,,True,True,RETRIEVE,RETRIEVE,True,True,"{""action"": ""RETRIEVE""}"
v26__scene_fc_clear_v01__L4__C3_D4__r05_s28105,scene_fc_clear_v01,FC_CLEAR,C3,D4,28105,53,CLEARANCE_OVERLAP,98,False,False,RETRIEVE,TRANSLATE,False,True,"{""action"": ""TRANSLATE""}"
v26__scene_fc_clear_v02__L4__C3_D4__r01_s28101,scene_fc_clear_v02,FC_CLEAR,C3,D4,28101,29,NONE,,True,True,RETRIEVE,RETRIEVE,True,True,"{""action"": ""RETRIEVE""}"
v26__scene_fc_clear_v02__L4__C3_D4__r02_s28102,scene_fc_clear_v02,FC_CLEAR,C3,D4,28102,29,NONE,,True,True,RETRIEVE,RETRIEVE,True,True,"{""action"": ""RETRIEVE""}"
v26__scene_fc_clear_v02__L4__C3_D4__r03_s28103,scene_fc_clear_v02,FC_CLEAR,C3,D4,28103,29,NONE,,True,True,RETRIEVE,RETRIEVE,True,True,"{""action"": ""RETRIEVE""}"
v26__scene_fc_clear_v02__L4__C3_D4__r04_s28104,scene_fc_clear_v02,FC_CLEAR,C3,D4,28104,29,NONE,,True,True,RETRIEVE,RETRIEVE,True,True,"{""action"": ""RETRIEVE""}"
v26__scene_fc_clear_v02__L4__C3_D4__r05_s28105,scene_fc_clear_v02,FC_CLEAR,C3,D4,28105,29,NONE,,True,True,RETRIEVE,RETRIEVE,True,True,"{""action"": ""RETRIEVE""}"
v26__scene_fc_clear_v03__L4__C3_D4__r01_s28101,scene_fc_clear_v03,FC_CLEAR,C3,D4,28101,95,NONE,,True,True,RETRIEVE,RETRIEVE,True,True,"{""action"": ""RETRIEVE""}"
v26__scene_fc_clear_v03__L4__C3_D4__r02_s28102,scene_fc_clear_v03,FC_CLEAR,C3,D4,28102,95,NONE,,True,True,RETRIEVE,RETRIEVE,True,True,"{""action"": ""RETRIEVE""}"
v26__scene_fc_clear_v03__L4__C3_D4__r03_s28103,scene_fc_clear_v03,FC_CLEAR,C3,D4,28103,95,NONE,,True,True,RETRIEVE,RETRIEVE,True,True,"{""action"": ""RETRIEVE""}"
v26__scene_fc_clear_v03__L4__C3_D4__r04_s28104,scene_fc_clear_v03,FC_CLEAR,C3,D4,28104,95,NONE,,True,True,RETRIEVE,RETRIEVE,True,True,"{""action"": ""RETRIEVE""}"
v26__scene_fc_clear_v03__L4__C3_D4__r05_s28105,scene_fc_clear_v03,FC_CLEAR,C3,D4,28105,95,NONE,,True,True,RETRIEVE,RETRIEVE,True,True,"{""action"": ""RETRIEVE""}"
v26__scene_fc_clear_v04__L4__C3_D4__r01_s28101,scene_fc_clear_v04,FC_CLEAR,C3,D4,28101,61,CLEARANCE_OVERLAP,38,False,False,RETRIEVE,TRANSLATE,False,True,"{""action"": ""TRANSLATE""}"
v26__scene_fc_clear_v04__L4__C3_D4__r02_s28102,scene_fc_clear_v04,FC_CLEAR,C3,D4,28102,61,CLEARANCE_OVERLAP,38,False,False,RETRIEVE,TRANSLATE,False,True,"{""action"": ""TRANSLATE""}"
v26__scene_fc_clear_v04__L4__C3_D4__r03_s28103,scene_fc_clear_v04,FC_CLEAR,C3,D4,28103,61,CLEARANCE_OVERLAP,38,False,False,RETRIEVE,TRANSLATE,False,True,"{""action"": ""TRANSLATE""}"
v26__scene_fc_clear_v04__L4__C3_D4__r04_s28104,scene_fc_clear_v04,FC_CLEAR,C3,D4,28104,61,NONE,,True,True,RETRIEVE,RETRIEVE,True,True,"{""action"": ""RETRIEVE""}"
v26__scene_fc_clear_v04__L4__C3_D4__r05_s28105,scene_fc_clear_v04,FC_CLEAR,C3,D4,28105,61,NONE,,True,True,RETRIEVE,RETRIEVE,True,True,"{""action"": ""RETRIEVE""}"
v26__scene_fc_clear_v05__L4__C3_D4__r01_s28101,scene_fc_clear_v05,FC_CLEAR,C3,D4,28101,62,NONE,,False,False,RETRIEVE,RETRIEVE,True,True,"{""action"": ""RETRIEVE""}"
v26__scene_fc_clear_v05__L4__C3_D4__r02_s28102,scene_fc_clear_v05,FC_CLEAR,C3,D4,28102,62,NONE,,False,False,RETRIEVE,RETRIEVE,True,True,"{""action"": ""RETRIEVE""}"
v26__scene_fc_clear_v05__L4__C3_D4__r03_s28103,scene_fc_clear_v05,FC_CLEAR,C3,D4,28103,62,NONE,,False,False,RETRIEVE,RETRIEVE,True,True,"{""action"": ""RETRIEVE""}"
v26__scene_fc_clear_v05__L4__C3_D4__r04_s28104,scene_fc_clear_v05,FC_CLEAR,C3,D4,28104,62,NONE,,False,False,RETRIEVE,RETRIEVE,True,True,"{""action"": ""RETRIEVE""}"
v26__scene_fc_clear_v05__L4__C3_D4__r05_s28105,scene_fc_clear_v05,FC_CLEAR,C3,D4,28105,62,NONE,,False,False,RETRIEVE,RETRIEVE,True,True,"{""action"": ""RETRIEVE""}"
v26__scene_lift_and_relocate_v01__L4__C3_D4__r01_s28101,scene_lift_and_relocate_v01,LIFT_AND_RELOCATE,C3,D4,28101,59,CLEARANCE_OVERLAP,64,False,True,LIFT_AND_RELOCATE,LIFT_AND_RELOCATE,True,True,"{""action"": ""LIFT_AND_RELOCATE""}"
v26__scene_lift_and_relocate_v01__L4__C3_D4__r02_s28102,scene_lift_and_relocate_v01,LIFT_AND_RELOCATE,C3,D4,28102,59,CLEARANCE_OVERLAP,64,False,True,LIFT_AND_RELOCATE,LIFT_AND_RELOCATE,True,True,"{""action"": ""LIFT_AND_RELOCATE""}"
v26__scene_lift_and_relocate_v01__L4__C3_D4__r03_s28103,scene_lift_and_relocate_v01,LIFT_AND_RELOCATE,C3,D4,28103,59,CLEARANCE_OVERLAP,64,False,True,LIFT_AND_RELOCATE,LIFT_AND_RELOCATE,True,True,"{""action"": ""LIFT_AND_RELOCATE""}"
v26__scene_lift_and_relocate_v01__L4__C3_D4__r04_s28104,scene_lift_and_relocate_v01,LIFT_AND_RELOCATE,C3,D4,28104,59,CLEARANCE_OVERLAP,64,False,True,LIFT_AND_RELOCATE,LIFT_AND_RELOCATE,True,True,"{""action"": ""LIFT_AND_RELOCATE""}"
v26__scene_lift_and_relocate_v01__L4__C3_D4__r05_s28105,scene_lift_and_relocate_v01,LIFT_AND_RELOCATE,C3,D4,28105,59,CLEARANCE_OVERLAP,64,False,True,LIFT_AND_RELOCATE,LIFT_AND_RELOCATE,True,True,"{""action"": ""LIFT_AND_RELOCATE""}"
v26__scene_lift_and_relocate_v02__L4__C3_D4__r01_s28101,scene_lift_and_relocate_v02,LIFT_AND_RELOCATE,C3,D4,28101,70,CLEARANCE_OVERLAP,14,False,True,LIFT_AND_RELOCATE,LIFT_AND_RELOCATE,True,True,"{""action"": ""LIFT_AND_RELOCATE""}"
v26__scene_lift_and_relocate_v02__L4__C3_D4__r02_s28102,scene_lift_and_relocate_v02,LIFT_AND_RELOCATE,C3,D4,28102,70,CLEARANCE_OVERLAP,14,False,True,LIFT_AND_RELOCATE,LIFT_AND_RELOCATE,True,True,"{""action"": ""LIFT_AND_RELOCATE""}"
v26__scene_lift_and_relocate_v02__L4__C3_D4__r03_s28103,scene_lift_and_relocate_v02,LIFT_AND_RELOCATE,C3,D4,28103,70,CLEARANCE_OVERLAP,77,False,False,LIFT_AND_RELOCATE,TRANSLATE,False,True,"{""action"": ""TRANSLATE""}"
v26__scene_lift_and_relocate_v02__L4__C3_D4__r04_s28104,scene_lift_and_relocate_v02,LIFT_AND_RELOCATE,C3,D4,28104,70,CLEARANCE_OVERLAP,77,False,False,LIFT_AND_RELOCATE,TRANSLATE,False,True,"{""action"": ""TRANSLATE""}"
v26__scene_lift_and_relocate_v02__L4__C3_D4__r05_s28105,scene_lift_and_relocate_v02,LIFT_AND_RELOCATE,C3,D4,28105,70,CLEARANCE_OVERLAP,77,False,False,LIFT_AND_RELOCATE,TRANSLATE,False,True,"{""action"": ""TRANSLATE""}"
v26__scene_lift_and_relocate_v03__L4__C3_D4__r01_s28101,scene_lift_and_relocate_v03,LIFT_AND_RELOCATE,C3,D4,28101,12,CLEARANCE_OVERLAP,16,False,False,LIFT_AND_RELOCATE,TRANSLATE,False,True,"{""action"": ""TRANSLATE""}"
v26__scene_lift_and_relocate_v03__L4__C3_D4__r02_s28102,scene_lift_and_relocate_v03,LIFT_AND_RELOCATE,C3,D4,28102,12,CLEARANCE_OVERLAP,16,False,False,LIFT_AND_RELOCATE,TRANSLATE,False,True,"{""action"": ""TRANSLATE""}"
v26__scene_lift_and_relocate_v03__L4__C3_D4__r03_s28103,scene_lift_and_relocate_v03,LIFT_AND_RELOCATE,C3,D4,28103,12,CLEARANCE_OVERLAP,35,False,True,LIFT_AND_RELOCATE,TRANSLATE,False,True,"{""action"": ""TRANSLATE""}"
v26__scene_lift_and_relocate_v03__L4__C3_D4__r04_s28104,scene_lift_and_relocate_v03,LIFT_AND_RELOCATE,C3,D4,28104,12,CLEARANCE_OVERLAP,35,False,True,LIFT_AND_RELOCATE,TRANSLATE,False,True,"{""action"": ""TRANSLATE""}"
v26__scene_lift_and_relocate_v03__L4__C3_D4__r05_s28105,scene_lift_and_relocate_v03,LIFT_AND_RELOCATE,C3,D4,28105,12,CLEARANCE_OVERLAP,16,False,False,LIFT_AND_RELOCATE,TRANSLATE,False,True,"{""action"": ""TRANSLATE""}"
v26__scene_lift_and_relocate_v04__L4__C3_D4__r01_s28101,scene_lift_and_relocate_v04,LIFT_AND_RELOCATE,C3,D4,28101,68,CLEARANCE_OVERLAP,30,False,False,LIFT_AND_RELOCATE,TRANSLATE,False,True,"{""action"": ""TRANSLATE""}"
v26__scene_lift_and_relocate_v04__L4__C3_D4__r02_s28102,scene_lift_and_relocate_v04,LIFT_AND_RELOCATE,C3,D4,28102,68,CLEARANCE_OVERLAP,30,False,False,LIFT_AND_RELOCATE,TRANSLATE,False,True,"{""action"": ""TRANSLATE""}"
v26__scene_lift_and_relocate_v04__L4__C3_D4__r03_s28103,scene_lift_and_relocate_v04,LIFT_AND_RELOCATE,C3,D4,28103,68,CLEARANCE_OVERLAP,30,False,False,LIFT_AND_RELOCATE,TRANSLATE,False,True,"{""action"": ""TRANSLATE""}"
v26__scene_lift_and_relocate_v04__L4__C3_D4__r04_s28104,scene_lift_and_relocate_v04,LIFT_AND_RELOCATE,C3,D4,28104,68,CLEARANCE_OVERLAP,30,False,False,LIFT_AND_RELOCATE,TRANSLATE,False,True,"{""action"": ""TRANSLATE""}"
v26__scene_lift_and_relocate_v04__L4__C3_D4__r05_s28105,scene_lift_and_relocate_v04,LIFT_AND_RELOCATE,C3,D4,28105,68,CLEARANCE_OVERLAP,30,False,False,LIFT_AND_RELOCATE,TRANSLATE,False,True,"{""action"": ""TRANSLATE""}"
v26__scene_lift_and_relocate_v05__L4__C3_D4__r01_s28101,scene_lift_and_relocate_v05,LIFT_AND_RELOCATE,C3,D4,28101,43,CLEARANCE_OVERLAP,15,False,True,LIFT_AND_RELOCATE,LIFT_AND_RELOCATE,True,True,"{""action"": ""LIFT_AND_RELOCATE""}"
v26__scene_lift_and_relocate_v05__L4__C3_D4__r02_s28102,scene_lift_and_relocate_v05,LIFT_AND_RELOCATE,C3,D4,28102,43,CLEARANCE_OVERLAP,15,False,True,LIFT_AND_RELOCATE,LIFT_AND_RELOCATE,True,True,"{""action"": ""LIFT_AND_RELOCATE""}"
v26__scene_lift_and_relocate_v05__L4__C3_D4__r03_s28103,scene_lift_and_relocate_v05,LIFT_AND_RELOCATE,C3,D4,28103,43,CLEARANCE_OVERLAP,15,False,True,LIFT_AND_RELOCATE,LIFT_AND_RELOCATE,True,True,"{""action"": ""LIFT_AND_RELOCATE""}"
v26__scene_lift_and_relocate_v05__L4__C3_D4__r04_s28104,scene_lift_and_relocate_v05,LIFT_AND_RELOCATE,C3,D4,28104,43,CLEARANCE_OVERLAP,15,False,True,LIFT_AND_RELOCATE,LIFT_AND_RELOCATE,True,True,"{""action"": ""LIFT_AND_RELOCATE""}"
v26__scene_lift_and_relocate_v05__L4__C3_D4__r05_s28105,scene_lift_and_relocate_v05,LIFT_AND_RELOCATE,C3,D4,28105,43,CLEARANCE_OVERLAP,15,False,True,LIFT_AND_RELOCATE,LIFT_AND_RELOCATE,True,True,"{""action"": ""LIFT_AND_RELOCATE""}"
v26__scene_rotate_v01__L4__C3_D4__r01_s28101,scene_rotate_v01,ROTATE,C3,D4,28101,12,CLEARANCE_OVERLAP,54,False,False,ROTATE,TRANSLATE,False,True,"{""action"": ""TRANSLATE""}"
v26__scene_rotate_v01__L4__C3_D4__r02_s28102,scene_rotate_v01,ROTATE,C3,D4,28102,12,CLEARANCE_OVERLAP,54,False,False,ROTATE,TRANSLATE,False,True,"{""action"": ""TRANSLATE""}"
v26__scene_rotate_v01__L4__C3_D4__r03_s28103,scene_rotate_v01,ROTATE,C3,D4,28103,12,CLEARANCE_OVERLAP,54,False,False,ROTATE,TRANSLATE,False,True,"{""action"": ""TRANSLATE""}"
v26__scene_rotate_v01__L4__C3_D4__r04_s28104,scene_rotate_v01,ROTATE,C3,D4,28104,12,CLEARANCE_OVERLAP,54,False,False,ROTATE,TRANSLATE,False,True,"{""action"": ""TRANSLATE""}"
v26__scene_rotate_v01__L4__C3_D4__r05_s28105,scene_rotate_v01,ROTATE,C3,D4,28105,12,CLEARANCE_OVERLAP,54,False,False,ROTATE,TRANSLATE,False,True,"{""action"": ""TRANSLATE""}"
v26__scene_rotate_v02__L4__C3_D4__r01_s28101,scene_rotate_v02,ROTATE,C3,D4,28101,38,CLEARANCE_OVERLAP,29,False,False,ROTATE,TRANSLATE,False,True,"{""action"": ""TRANSLATE""}"
v26__scene_rotate_v02__L4__C3_D4__r02_s28102,scene_rotate_v02,ROTATE,C3,D4,28102,38,CLEARANCE_OVERLAP,50,False,True,ROTATE,LIFT_AND_RELOCATE,False,True,"{""action"": ""LIFT_AND_RELOCATE""}"
v26__scene_rotate_v02__L4__C3_D4__r03_s28103,scene_rotate_v02,ROTATE,C3,D4,28103,38,CLEARANCE_OVERLAP,50,False,True,ROTATE,LIFT_AND_RELOCATE,False,True,"{""action"": ""LIFT_AND_RELOCATE""}"
v26__scene_rotate_v02__L4__C3_D4__r04_s28104,scene_rotate_v02,ROTATE,C3,D4,28104,38,CLEARANCE_OVERLAP,29,False,False,ROTATE,TRANSLATE,False,True,"{""action"": ""TRANSLATE""}"
v26__scene_rotate_v02__L4__C3_D4__r05_s28105,scene_rotate_v02,ROTATE,C3,D4,28105,38,CLEARANCE_OVERLAP,29,False,False,ROTATE,TRANSLATE,False,True,"{""action"": ""TRANSLATE""}"
v26__scene_rotate_v03__L4__C3_D4__r01_s28101,scene_rotate_v03,ROTATE,C3,D4,28101,83,CLEARANCE_OVERLAP,23,False,False,ROTATE,TRANSLATE,False,True,"{""action"": ""TRANSLATE""}"
v26__scene_rotate_v03__L4__C3_D4__r02_s28102,scene_rotate_v03,ROTATE,C3,D4,28102,83,CLEARANCE_OVERLAP,23,False,False,ROTATE,TRANSLATE,False,True,"{""action"": ""TRANSLATE""}"
v26__scene_rotate_v03__L4__C3_D4__r03_s28103,scene_rotate_v03,ROTATE,C3,D4,28103,83,CLEARANCE_OVERLAP,23,False,False,ROTATE,TRANSLATE,False,True,"{""action"": ""TRANSLATE""}"
v26__scene_rotate_v03__L4__C3_D4__r04_s28104,scene_rotate_v03,ROTATE,C3,D4,28104,83,CLEARANCE_OVERLAP,23,False,False,ROTATE,TRANSLATE,False,True,"{""action"": ""TRANSLATE""}"
v26__scene_rotate_v03__L4__C3_D4__r05_s28105,scene_rotate_v03,ROTATE,C3,D4,28105,83,CLEARANCE_OVERLAP,11,False,False,ROTATE,TRANSLATE,False,True,"{""action"": ""TRANSLATE""}"
v26__scene_rotate_v04__L4__C3_D4__r01_s28101,scene_rotate_v04,ROTATE,C3,D4,28101,47,CLEARANCE_OVERLAP,25,False,False,ROTATE,TRANSLATE,False,True,"{""action"": ""TRANSLATE""}"
v26__scene_rotate_v04__L4__C3_D4__r02_s28102,scene_rotate_v04,ROTATE,C3,D4,28102,47,CLEARANCE_OVERLAP,25,False,False,ROTATE,TRANSLATE,False,True,"{""action"": ""TRANSLATE""}"
v26__scene_rotate_v04__L4__C3_D4__r03_s28103,scene_rotate_v04,ROTATE,C3,D4,28103,47,CLEARANCE_OVERLAP,25,False,False,ROTATE,TRANSLATE,False,True,"{""action"": ""TRANSLATE""}"
v26__scene_rotate_v04__L4__C3_D4__r04_s28104,scene_rotate_v04,ROTATE,C3,D4,28104,47,CLEARANCE_OVERLAP,25,False,False,ROTATE,TRANSLATE,False,True,"{""action"": ""TRANSLATE""}"
v26__scene_rotate_v04__L4__C3_D4__r05_s28105,scene_rotate_v04,ROTATE,C3,D4,28105,47,CLEARANCE_OVERLAP,29,False,False,ROTATE,TRANSLATE,False,True,"{""action"": ""TRANSLATE""}"
v26__scene_rotate_v05__L4__C3_D4__r01_s28101,scene_rotate_v05,ROTATE,C3,D4,28101,44,CLEARANCE_OVERLAP,82,False,True,ROTATE,LIFT_AND_RELOCATE,False,True,"{""action"": ""LIFT_AND_RELOCATE""}"
v26__scene_rotate_v05__L4__C3_D4__r02_s28102,scene_rotate_v05,ROTATE,C3,D4,28102,44,CLEARANCE_OVERLAP,11,False,False,ROTATE,TRANSLATE,False,True,"{""action"": ""TRANSLATE""}"
v26__scene_rotate_v05__L4__C3_D4__r03_s28103,scene_rotate_v05,ROTATE,C3,D4,28103,44,CLEARANCE_OVERLAP,82,False,True,ROTATE,LIFT_AND_RELOCATE,False,True,"{""action"": ""LIFT_AND_RELOCATE""}"
v26__scene_rotate_v05__L4__C3_D4__r04_s28104,scene_rotate_v05,ROTATE,C3,D4,28104,44,CLEARANCE_OVERLAP,82,False,True,ROTATE,LIFT_AND_RELOCATE,False,True,"{""action"": ""LIFT_AND_RELOCATE""}"
v26__scene_rotate_v05__L4__C3_D4__r05_s28105,scene_rotate_v05,ROTATE,C3,D4,28105,44,CLEARANCE_OVERLAP,82,False,True,ROTATE,LIFT_AND_RELOCATE,False,True,"{""action"": ""LIFT_AND_RELOCATE""}"
v26__scene_translate_v01__L4__C3_D4__r01_s28101,scene_translate_v01,TRANSLATE,C3,D4,28101,67,CLEARANCE_OVERLAP,35,False,True,TRANSLATE,TRANSLATE,True,True,"{""action"": ""TRANSLATE""}"
v26__scene_translate_v01__L4__C3_D4__r02_s28102,scene_translate_v01,TRANSLATE,C3,D4,28102,67,CLEARANCE_OVERLAP,35,False,True,TRANSLATE,TRANSLATE,True,True,"{""action"": ""TRANSLATE""}"
v26__scene_translate_v01__L4__C3_D4__r03_s28103,scene_translate_v01,TRANSLATE,C3,D4,28103,67,CLEARANCE_OVERLAP,35,False,True,TRANSLATE,TRANSLATE,True,True,"{""action"": ""TRANSLATE""}"
v26__scene_translate_v01__L4__C3_D4__r04_s28104,scene_translate_v01,TRANSLATE,C3,D4,28104,67,CLEARANCE_OVERLAP,35,False,True,TRANSLATE,TRANSLATE,True,True,"{""action"": ""TRANSLATE""}"
v26__scene_translate_v01__L4__C3_D4__r05_s28105,scene_translate_v01,TRANSLATE,C3,D4,28105,67,CLEARANCE_OVERLAP,35,False,True,TRANSLATE,TRANSLATE,True,True,"{""action"": ""TRANSLATE""}"
v26__scene_translate_v02__L4__C3_D4__r01_s28101,scene_translate_v02,TRANSLATE,C3,D4,28101,45,CLEARANCE_OVERLAP,95,False,True,TRANSLATE,LIFT_AND_RELOCATE,False,True,"{""action"": ""LIFT_AND_RELOCATE""}"
v26__scene_translate_v02__L4__C3_D4__r02_s28102,scene_translate_v02,TRANSLATE,C3,D4,28102,45,CLEARANCE_OVERLAP,95,False,True,TRANSLATE,LIFT_AND_RELOCATE,False,True,"{""action"": ""LIFT_AND_RELOCATE""}"
v26__scene_translate_v02__L4__C3_D4__r03_s28103,scene_translate_v02,TRANSLATE,C3,D4,28103,45,CLEARANCE_OVERLAP,95,False,True,TRANSLATE,LIFT_AND_RELOCATE,False,True,"{""action"": ""LIFT_AND_RELOCATE""}"
v26__scene_translate_v02__L4__C3_D4__r04_s28104,scene_translate_v02,TRANSLATE,C3,D4,28104,45,CLEARANCE_OVERLAP,95,False,True,TRANSLATE,LIFT_AND_RELOCATE,False,True,"{""action"": ""LIFT_AND_RELOCATE""}"
v26__scene_translate_v02__L4__C3_D4__r05_s28105,scene_translate_v02,TRANSLATE,C3,D4,28105,45,CLEARANCE_OVERLAP,95,False,True,TRANSLATE,LIFT_AND_RELOCATE,False,True,"{""action"": ""LIFT_AND_RELOCATE""}"
v26__scene_translate_v03__L4__C3_D4__r01_s28101,scene_translate_v03,TRANSLATE,C3,D4,28101,18,CLEARANCE_OVERLAP,45,False,True,TRANSLATE,LIFT_AND_RELOCATE,False,True,"{""action"": ""LIFT_AND_RELOCATE""}"
v26__scene_translate_v03__L4__C3_D4__r02_s28102,scene_translate_v03,TRANSLATE,C3,D4,28102,18,CLEARANCE_OVERLAP,45,False,True,TRANSLATE,LIFT_AND_RELOCATE,False,True,"{""action"": ""LIFT_AND_RELOCATE""}"
v26__scene_translate_v03__L4__C3_D4__r03_s28103,scene_translate_v03,TRANSLATE,C3,D4,28103,18,CLEARANCE_OVERLAP,45,False,True,TRANSLATE,LIFT_AND_RELOCATE,False,True,"{""action"": ""LIFT_AND_RELOCATE""}"
v26__scene_translate_v03__L4__C3_D4__r04_s28104,scene_translate_v03,TRANSLATE,C3,D4,28104,18,CLEARANCE_OVERLAP,45,False,True,TRANSLATE,LIFT_AND_RELOCATE,False,True,"{""action"": ""LIFT_AND_RELOCATE""}"
v26__scene_translate_v03__L4__C3_D4__r05_s28105,scene_translate_v03,TRANSLATE,C3,D4,28105,18,CLEARANCE_OVERLAP,45,False,True,TRANSLATE,LIFT_AND_RELOCATE,False,True,"{""action"": ""LIFT_AND_RELOCATE""}"
v26__scene_translate_v04__L4__C3_D4__r01_s28101,scene_translate_v04,TRANSLATE,C3,D4,28101,13,CLEARANCE_OVERLAP,41,False,False,TRANSLATE,TRANSLATE,True,True,"{""action"": ""TRANSLATE""}"
v26__scene_translate_v04__L4__C3_D4__r02_s28102,scene_translate_v04,TRANSLATE,C3,D4,28102,13,CLEARANCE_OVERLAP,84,False,True,TRANSLATE,LIFT_AND_RELOCATE,False,True,"{""action"": ""LIFT_AND_RELOCATE""}"
v26__scene_translate_v04__L4__C3_D4__r03_s28103,scene_translate_v04,TRANSLATE,C3,D4,28103,13,CLEARANCE_OVERLAP,41,False,False,TRANSLATE,TRANSLATE,True,True,"{""action"": ""TRANSLATE""}"
v26__scene_translate_v04__L4__C3_D4__r04_s28104,scene_translate_v04,TRANSLATE,C3,D4,28104,13,CLEARANCE_OVERLAP,41,False,False,TRANSLATE,TRANSLATE,True,True,"{""action"": ""TRANSLATE""}"
v26__scene_translate_v04__L4__C3_D4__r05_s28105,scene_translate_v04,TRANSLATE,C3,D4,28105,13,CLEARANCE_OVERLAP,84,False,True,TRANSLATE,LIFT_AND_RELOCATE,False,True,"{""action"": ""LIFT_AND_RELOCATE""}"
v26__scene_translate_v05__L4__C3_D4__r01_s28101,scene_translate_v05,TRANSLATE,C3,D4,28101,54,CLEARANCE_OVERLAP,79,False,True,TRANSLATE,TRANSLATE,True,True,"{""action"": ""TRANSLATE""}"
v26__scene_translate_v05__L4__C3_D4__r02_s28102,scene_translate_v05,TRANSLATE,C3,D4,28102,54,CLEARANCE_OVERLAP,79,False,True,TRANSLATE,TRANSLATE,True,True,"{""action"": ""TRANSLATE""}"
v26__scene_translate_v05__L4__C3_D4__r03_s28103,scene_translate_v05,TRANSLATE,C3,D4,28103,54,CLEARANCE_OVERLAP,79,False,True,TRANSLATE,TRANSLATE,True,True,"{""action"": ""TRANSLATE""}"
v26__scene_translate_v05__L4__C3_D4__r04_s28104,scene_translate_v05,TRANSLATE,C3,D4,28104,54,CLEARANCE_OVERLAP,79,False,True,TRANSLATE,TRANSLATE,True,True,"{""action"": ""TRANSLATE""}"
v26__scene_translate_v05__L4__C3_D4__r05_s28105,scene_translate_v05,TRANSLATE,C3,D4,28105,54,CLEARANCE_OVERLAP,79,False,True,TRANSLATE,TRANSLATE,True,True,"{""action"": ""TRANSLATE""}"
v26__scene_fc_blocked_v01__L4__C3_D8__r01_s28101,scene_fc_blocked_v01,FC_BLOCKED,C3,D8,28101,64,CLEARANCE_OVERLAP,40,True,True,TRANSLATE,TRANSLATE,True,True,"{""action"": ""TRANSLATE""}"
v26__scene_fc_blocked_v01__L4__C3_D8__r02_s28102,scene_fc_blocked_v01,FC_BLOCKED,C3,D8,28102,64,CLEARANCE_OVERLAP,40,True,True,TRANSLATE,TRANSLATE,True,True,"{""action"": ""TRANSLATE""}"
v26__scene_fc_blocked_v01__L4__C3_D8__r03_s28103,scene_fc_blocked_v01,FC_BLOCKED,C3,D8,28103,64,CLEARANCE_OVERLAP,40,True,True,TRANSLATE,TRANSLATE,True,True,"{""action"": ""TRANSLATE""}"
v26__scene_fc_blocked_v01__L4__C3_D8__r04_s28104,scene_fc_blocked_v01,FC_BLOCKED,C3,D8,28104,64,CLEARANCE_OVERLAP,40,True,True,TRANSLATE,TRANSLATE,True,True,"{""action"": ""TRANSLATE""}"
v26__scene_fc_blocked_v01__L4__C3_D8__r05_s28105,scene_fc_blocked_v01,FC_BLOCKED,C3,D8,28105,64,CLEARANCE_OVERLAP,40,True,True,TRANSLATE,TRANSLATE,True,True,"{""action"": ""TRANSLATE""}"
v26__scene_fc_blocked_v02__L4__C3_D8__r01_s28101,scene_fc_blocked_v02,FC_BLOCKED,C3,D8,28101,53,CLEARANCE_OVERLAP,49,True,True,TRANSLATE,TRANSLATE,True,True,"{""action"": ""TRANSLATE""}"
v26__scene_fc_blocked_v02__L4__C3_D8__r02_s28102,scene_fc_blocked_v02,FC_BLOCKED,C3,D8,28102,53,CLEARANCE_OVERLAP,49,True,True,TRANSLATE,TRANSLATE,True,True,"{""action"": ""TRANSLATE""}"
v26__scene_fc_blocked_v02__L4__C3_D8__r03_s28103,scene_fc_blocked_v02,FC_BLOCKED,C3,D8,28103,53,CLEARANCE_OVERLAP,49,True,True,TRANSLATE,TRANSLATE,True,True,"{""action"": ""TRANSLATE""}"
v26__scene_fc_blocked_v02__L4__C3_D8__r04_s28104,scene_fc_blocked_v02,FC_BLOCKED,C3,D8,28104,53,CLEARANCE_OVERLAP,49,True,True,TRANSLATE,TRANSLATE,True,True,"{""action"": ""TRANSLATE""}"
v26__scene_fc_blocked_v02__L4__C3_D8__r05_s28105,scene_fc_blocked_v02,FC_BLOCKED,C3,D8,28105,53,CLEARANCE_OVERLAP,49,True,True,TRANSLATE,TRANSLATE,True,True,"{""action"": ""TRANSLATE""}"
v26__scene_fc_blocked_v03__L4__C3_D8__r01_s28101,scene_fc_blocked_v03,FC_BLOCKED,C3,D8,28101,12,CLEARANCE_OVERLAP,33,True,True,TRANSLATE,TRANSLATE,True,True,"{""action"": ""TRANSLATE""}"
v26__scene_fc_blocked_v03__L4__C3_D8__r02_s28102,scene_fc_blocked_v03,FC_BLOCKED,C3,D8,28102,12,CLEARANCE_OVERLAP,33,True,True,TRANSLATE,TRANSLATE,True,True,"{""action"": ""TRANSLATE""}"
v26__scene_fc_blocked_v03__L4__C3_D8__r03_s28103,scene_fc_blocked_v03,FC_BLOCKED,C3,D8,28103,12,CLEARANCE_OVERLAP,33,True,True,TRANSLATE,TRANSLATE,True,True,"{""action"": ""TRANSLATE""}"
v26__scene_fc_blocked_v03__L4__C3_D8__r04_s28104,scene_fc_blocked_v03,FC_BLOCKED,C3,D8,28104,12,CLEARANCE_OVERLAP,33,True,True,TRANSLATE,TRANSLATE,True,True,"{""action"": ""TRANSLATE""}"
v26__scene_fc_blocked_v03__L4__C3_D8__r05_s28105,scene_fc_blocked_v03,FC_BLOCKED,C3,D8,28105,12,CLEARANCE_OVERLAP,33,True,True,TRANSLATE,TRANSLATE,True,True,"{""action"": ""TRANSLATE""}"
v26__scene_fc_blocked_v04__L4__C3_D8__r01_s28101,scene_fc_blocked_v04,FC_BLOCKED,C3,D8,28101,89,CLEARANCE_OVERLAP,19,True,True,TRANSLATE,TRANSLATE,True,True,"{""action"": ""TRANSLATE""}"
v26__scene_fc_blocked_v04__L4__C3_D8__r02_s28102,scene_fc_blocked_v04,FC_BLOCKED,C3,D8,28102,89,CLEARANCE_OVERLAP,19,True,True,TRANSLATE,TRANSLATE,True,True,"{""action"": ""TRANSLATE""}"
v26__scene_fc_blocked_v04__L4__C3_D8__r03_s28103,scene_fc_blocked_v04,FC_BLOCKED,C3,D8,28103,89,CLEARANCE_OVERLAP,19,True,True,TRANSLATE,TRANSLATE,True,True,"{""action"": ""TRANSLATE""}"
v26__scene_fc_blocked_v04__L4__C3_D8__r04_s28104,scene_fc_blocked_v04,FC_BLOCKED,C3,D8,28104,89,CLEARANCE_OVERLAP,19,True,True,TRANSLATE,TRANSLATE,True,True,"{""action"": ""TRANSLATE""}"
v26__scene_fc_blocked_v04__L4__C3_D8__r05_s28105,scene_fc_blocked_v04,FC_BLOCKED,C3,D8,28105,89,CLEARANCE_OVERLAP,19,True,True,TRANSLATE,TRANSLATE,True,True,"{""action"": ""TRANSLATE""}"
v26__scene_fc_blocked_v05__L4__C3_D8__r01_s28101,scene_fc_blocked_v05,FC_BLOCKED,C3,D8,28101,59,CLEARANCE_OVERLAP,26,False,True,TRANSLATE,TRANSLATE,True,True,"{""action"": ""TRANSLATE""}"
v26__scene_fc_blocked_v05__L4__C3_D8__r02_s28102,scene_fc_blocked_v05,FC_BLOCKED,C3,D8,28102,59,CLEARANCE_OVERLAP,26,False,True,TRANSLATE,TRANSLATE,True,True,"{""action"": ""TRANSLATE""}"
v26__scene_fc_blocked_v05__L4__C3_D8__r03_s28103,scene_fc_blocked_v05,FC_BLOCKED,C3,D8,28103,59,CLEARANCE_OVERLAP,26,False,True,TRANSLATE,TRANSLATE,True,True,"{""action"": ""TRANSLATE""}"
v26__scene_fc_blocked_v05__L4__C3_D8__r04_s28104,scene_fc_blocked_v05,FC_BLOCKED,C3,D8,28104,59,CLEARANCE_OVERLAP,26,False,True,TRANSLATE,TRANSLATE,True,True,"{""action"": ""TRANSLATE""}"
v26__scene_fc_blocked_v05__L4__C3_D8__r05_s28105,scene_fc_blocked_v05,FC_BLOCKED,C3,D8,28105,59,CLEARANCE_OVERLAP,26,False,True,TRANSLATE,TRANSLATE,True,True,"{""action"": ""TRANSLATE""}"
v26__scene_fc_clear_v01__L4__C3_D8__r01_s28101,scene_fc_clear_v01,FC_CLEAR,C3,D8,28101,53,CLEARANCE_OVERLAP,98,False,False,RETRIEVE,TRANSLATE,False,True,"{""action"": ""TRANSLATE""}"
v26__scene_fc_clear_v01__L4__C3_D8__r02_s28102,scene_fc_clear_v01,FC_CLEAR,C3,D8,28102,53,BOTH,98,False,False,RETRIEVE,TRANSLATE,False,True,"{""action"": ""TRANSLATE""}"
v26__scene_fc_clear_v01__L4__C3_D8__r03_s28103,scene_fc_clear_v01,FC_CLEAR,C3,D8,28103,53,CLEARANCE_OVERLAP,98,False,False,RETRIEVE,TRANSLATE,False,True,"{""action"": ""TRANSLATE""}"
v26__scene_fc_clear_v01__L4__C3_D8__r04_s28104,scene_fc_clear_v01,FC_CLEAR,C3,D8,28104,53,CLEARANCE_OVERLAP,98,False,False,RETRIEVE,TRANSLATE,False,True,"{""action"": ""TRANSLATE""}"
v26__scene_fc_clear_v01__L4__C3_D8__r05_s28105,scene_fc_clear_v01,FC_CLEAR,C3,D8,28105,53,CLEARANCE_OVERLAP,98,False,False,RETRIEVE,TRANSLATE,False,True,"{""action"": ""TRANSLATE""}"
v26__scene_fc_clear_v02__L4__C3_D8__r01_s28101,scene_fc_clear_v02,FC_CLEAR,C3,D8,28101,29,CLEARANCE_OVERLAP,10,False,False,RETRIEVE,TRANSLATE,False,True,"{""action"": ""TRANSLATE""}"
v26__scene_fc_clear_v02__L4__C3_D8__r02_s28102,scene_fc_clear_v02,FC_CLEAR,C3,D8,28102,29,CLEARANCE_OVERLAP,10,False,False,RETRIEVE,TRANSLATE,False,True,"{""action"": ""TRANSLATE""}"
v26__scene_fc_clear_v02__L4__C3_D8__r03_s28103,scene_fc_clear_v02,FC_CLEAR,C3,D8,28103,29,CLEARANCE_OVERLAP,10,False,False,RETRIEVE,TRANSLATE,False,True,"{""action"": ""TRANSLATE""}"
v26__scene_fc_clear_v02__L4__C3_D8__r04_s28104,scene_fc_clear_v02,FC_CLEAR,C3,D8,28104,29,CLEARANCE_OVERLAP,10,False,False,RETRIEVE,TRANSLATE,False,True,"{""action"": ""TRANSLATE""}"
v26__scene_fc_clear_v02__L4__C3_D8__r05_s28105,scene_fc_clear_v02,FC_CLEAR,C3,D8,28105,29,CLEARANCE_OVERLAP,10,False,False,RETRIEVE,TRANSLATE,False,True,"{""action"": ""TRANSLATE""}"
v26__scene_fc_clear_v03__L4__C3_D8__r01_s28101,scene_fc_clear_v03,FC_CLEAR,C3,D8,28101,95,CLEARANCE_OVERLAP,20,False,False,RETRIEVE,TRANSLATE,False,True,"{""action"": ""TRANSLATE""}"
v26__scene_fc_clear_v03__L4__C3_D8__r02_s28102,scene_fc_clear_v03,FC_CLEAR,C3,D8,28102,95,CLEARANCE_OVERLAP,20,False,False,RETRIEVE,TRANSLATE,False,True,"{""action"": ""TRANSLATE""}"
v26__scene_fc_clear_v03__L4__C3_D8__r03_s28103,scene_fc_clear_v03,FC_CLEAR,C3,D8,28103,95,CLEARANCE_OVERLAP,20,False,False,RETRIEVE,TRANSLATE,False,True,"{""action"": ""TRANSLATE""}"
v26__scene_fc_clear_v03__L4__C3_D8__r04_s28104,scene_fc_clear_v03,FC_CLEAR,C3,D8,28104,95,NONE,,True,True,RETRIEVE,RETRIEVE,True,True,"{""action"": ""RETRIEVE""}"
v26__scene_fc_clear_v03__L4__C3_D8__r05_s28105,scene_fc_clear_v03,FC_CLEAR,C3,D8,28105,95,NONE,,True,True,RETRIEVE,RETRIEVE,True,True,"{""action"": ""RETRIEVE""}"
v26__scene_fc_clear_v04__L4__C3_D8__r01_s28101,scene_fc_clear_v04,FC_CLEAR,C3,D8,28101,61,CLEARANCE_OVERLAP,38,False,False,RETRIEVE,TRANSLATE,False,True,"{""action"": ""TRANSLATE""}"
v26__scene_fc_clear_v04__L4__C3_D8__r02_s28102,scene_fc_clear_v04,FC_CLEAR,C3,D8,28102,61,CLEARANCE_OVERLAP,38,False,False,RETRIEVE,TRANSLATE,False,True,"{""action"": ""TRANSLATE""}"
v26__scene_fc_clear_v04__L4__C3_D8__r03_s28103,scene_fc_clear_v04,FC_CLEAR,C3,D8,28103,61,CLEARANCE_OVERLAP,38,False,False,RETRIEVE,TRANSLATE,False,True,"{""action"": ""TRANSLATE""}"
v26__scene_fc_clear_v04__L4__C3_D8__r04_s28104,scene_fc_clear_v04,FC_CLEAR,C3,D8,28104,61,CLEARANCE_OVERLAP,38,False,False,RETRIEVE,TRANSLATE,False,True,"{""action"": ""TRANSLATE""}"
v26__scene_fc_clear_v04__L4__C3_D8__r05_s28105,scene_fc_clear_v04,FC_CLEAR,C3,D8,28105,61,CLEARANCE_OVERLAP,38,False,False,RETRIEVE,TRANSLATE,False,True,"{""action"": ""TRANSLATE""}"
v26__scene_fc_clear_v05__L4__C3_D8__r01_s28101,scene_fc_clear_v05,FC_CLEAR,C3,D8,28101,62,NONE,,False,False,RETRIEVE,RETRIEVE,True,True,"{""action"": ""RETRIEVE""}"
v26__scene_fc_clear_v05__L4__C3_D8__r02_s28102,scene_fc_clear_v05,FC_CLEAR,C3,D8,28102,62,BOTH,82,False,True,RETRIEVE,TRANSLATE,False,True,"{""action"": ""TRANSLATE""}"
v26__scene_fc_clear_v05__L4__C3_D8__r03_s28103,scene_fc_clear_v05,FC_CLEAR,C3,D8,28103,62,NONE,,False,False,RETRIEVE,RETRIEVE,True,True,"{""action"": ""RETRIEVE""}"
v26__scene_fc_clear_v05__L4__C3_D8__r04_s28104,scene_fc_clear_v05,FC_CLEAR,C3,D8,28104,62,NONE,,False,False,RETRIEVE,RETRIEVE,True,True,"{""action"": ""RETRIEVE""}"
v26__scene_fc_clear_v05__L4__C3_D8__r05_s28105,scene_fc_clear_v05,FC_CLEAR,C3,D8,28105,62,NONE,,False,False,RETRIEVE,RETRIEVE,True,True,"{""action"": ""RETRIEVE""}"
v26__scene_lift_and_relocate_v01__L4__C3_D8__r01_s28101,scene_lift_and_relocate_v01,LIFT_AND_RELOCATE,C3,D8,28101,59,CLEARANCE_OVERLAP,64,False,True,LIFT_AND_RELOCATE,LIFT_AND_RELOCATE,True,True,"{""action"": ""LIFT_AND_RELOCATE""}"
v26__scene_lift_and_relocate_v01__L4__C3_D8__r02_s28102,scene_lift_and_relocate_v01,LIFT_AND_RELOCATE,C3,D8,28102,59,CLEARANCE_OVERLAP,64,False,True,LIFT_AND_RELOCATE,LIFT_AND_RELOCATE,True,True,"{""action"": ""LIFT_AND_RELOCATE""}"
v26__scene_lift_and_relocate_v01__L4__C3_D8__r03_s28103,scene_lift_and_relocate_v01,LIFT_AND_RELOCATE,C3,D8,28103,59,CLEARANCE_OVERLAP,64,False,True,LIFT_AND_RELOCATE,LIFT_AND_RELOCATE,True,True,"{""action"": ""LIFT_AND_RELOCATE""}"
v26__scene_lift_and_relocate_v01__L4__C3_D8__r04_s28104,scene_lift_and_relocate_v01,LIFT_AND_RELOCATE,C3,D8,28104,59,CLEARANCE_OVERLAP,64,False,True,LIFT_AND_RELOCATE,LIFT_AND_RELOCATE,True,True,"{""action"": ""LIFT_AND_RELOCATE""}"
v26__scene_lift_and_relocate_v01__L4__C3_D8__r05_s28105,scene_lift_and_relocate_v01,LIFT_AND_RELOCATE,C3,D8,28105,59,CLEARANCE_OVERLAP,64,False,True,LIFT_AND_RELOCATE,LIFT_AND_RELOCATE,True,True,"{""action"": ""LIFT_AND_RELOCATE""}"
v26__scene_lift_and_relocate_v02__L4__C3_D8__r01_s28101,scene_lift_and_relocate_v02,LIFT_AND_RELOCATE,C3,D8,28101,70,CLEARANCE_OVERLAP,14,False,True,LIFT_AND_RELOCATE,LIFT_AND_RELOCATE,True,True,"{""action"": ""LIFT_AND_RELOCATE""}"
v26__scene_lift_and_relocate_v02__L4__C3_D8__r02_s28102,scene_lift_and_relocate_v02,LIFT_AND_RELOCATE,C3,D8,28102,70,CLEARANCE_OVERLAP,77,False,False,LIFT_AND_RELOCATE,TRANSLATE,False,True,"{""action"": ""TRANSLATE""}"
v26__scene_lift_and_relocate_v02__L4__C3_D8__r03_s28103,scene_lift_and_relocate_v02,LIFT_AND_RELOCATE,C3,D8,28103,70,CLEARANCE_OVERLAP,77,False,False,LIFT_AND_RELOCATE,TRANSLATE,False,True,"{""action"": ""TRANSLATE""}"
v26__scene_lift_and_relocate_v02__L4__C3_D8__r04_s28104,scene_lift_and_relocate_v02,LIFT_AND_RELOCATE,C3,D8,28104,70,CLEARANCE_OVERLAP,14,False,True,LIFT_AND_RELOCATE,LIFT_AND_RELOCATE,True,True,"{""action"": ""LIFT_AND_RELOCATE""}"
v26__scene_lift_and_relocate_v02__L4__C3_D8__r05_s28105,scene_lift_and_relocate_v02,LIFT_AND_RELOCATE,C3,D8,28105,70,CLEARANCE_OVERLAP,77,False,False,LIFT_AND_RELOCATE,TRANSLATE,False,True,"{""action"": ""TRANSLATE""}"
v26__scene_lift_and_relocate_v03__L4__C3_D8__r01_s28101,scene_lift_and_relocate_v03,LIFT_AND_RELOCATE,C3,D8,28101,12,CLEARANCE_OVERLAP,16,False,False,LIFT_AND_RELOCATE,TRANSLATE,False,True,"{""action"": ""TRANSLATE""}"
v26__scene_lift_and_relocate_v03__L4__C3_D8__r02_s28102,scene_lift_and_relocate_v03,LIFT_AND_RELOCATE,C3,D8,28102,12,CLEARANCE_OVERLAP,16,False,False,LIFT_AND_RELOCATE,TRANSLATE,False,True,"{""action"": ""TRANSLATE""}"
v26__scene_lift_and_relocate_v03__L4__C3_D8__r03_s28103,scene_lift_and_relocate_v03,LIFT_AND_RELOCATE,C3,D8,28103,12,CLEARANCE_OVERLAP,16,False,False,LIFT_AND_RELOCATE,TRANSLATE,False,True,"{""action"": ""TRANSLATE""}"
v26__scene_lift_and_relocate_v03__L4__C3_D8__r04_s28104,scene_lift_and_relocate_v03,LIFT_AND_RELOCATE,C3,D8,28104,12,CLEARANCE_OVERLAP,16,False,False,LIFT_AND_RELOCATE,TRANSLATE,False,True,"{""action"": ""TRANSLATE""}"
v26__scene_lift_and_relocate_v03__L4__C3_D8__r05_s28105,scene_lift_and_relocate_v03,LIFT_AND_RELOCATE,C3,D8,28105,12,CLEARANCE_OVERLAP,16,False,False,LIFT_AND_RELOCATE,TRANSLATE,False,True,"{""action"": ""TRANSLATE""}"
v26__scene_lift_and_relocate_v04__L4__C3_D8__r01_s28101,scene_lift_and_relocate_v04,LIFT_AND_RELOCATE,C3,D8,28101,68,CLEARANCE_OVERLAP,30,False,False,LIFT_AND_RELOCATE,TRANSLATE,False,True,"{""action"": ""TRANSLATE""}"
v26__scene_lift_and_relocate_v04__L4__C3_D8__r02_s28102,scene_lift_and_relocate_v04,LIFT_AND_RELOCATE,C3,D8,28102,68,CLEARANCE_OVERLAP,30,False,False,LIFT_AND_RELOCATE,TRANSLATE,False,True,"{""action"": ""TRANSLATE""}"
v26__scene_lift_and_relocate_v04__L4__C3_D8__r03_s28103,scene_lift_and_relocate_v04,LIFT_AND_RELOCATE,C3,D8,28103,68,CLEARANCE_OVERLAP,30,False,False,LIFT_AND_RELOCATE,TRANSLATE,False,True,"{""action"": ""TRANSLATE""}"
v26__scene_lift_and_relocate_v04__L4__C3_D8__r04_s28104,scene_lift_and_relocate_v04,LIFT_AND_RELOCATE,C3,D8,28104,68,CLEARANCE_OVERLAP,30,False,False,LIFT_AND_RELOCATE,TRANSLATE,False,True,"{""action"": ""TRANSLATE""}"
v26__scene_lift_and_relocate_v04__L4__C3_D8__r05_s28105,scene_lift_and_relocate_v04,LIFT_AND_RELOCATE,C3,D8,28105,68,CLEARANCE_OVERLAP,30,False,False,LIFT_AND_RELOCATE,TRANSLATE,False,True,"{""action"": ""TRANSLATE""}"
v26__scene_lift_and_relocate_v05__L4__C3_D8__r01_s28101,scene_lift_and_relocate_v05,LIFT_AND_RELOCATE,C3,D8,28101,43,CLEARANCE_OVERLAP,15,False,True,LIFT_AND_RELOCATE,LIFT_AND_RELOCATE,True,True,"{""action"": ""LIFT_AND_RELOCATE""}"
v26__scene_lift_and_relocate_v05__L4__C3_D8__r02_s28102,scene_lift_and_relocate_v05,LIFT_AND_RELOCATE,C3,D8,28102,43,CLEARANCE_OVERLAP,15,False,True,LIFT_AND_RELOCATE,LIFT_AND_RELOCATE,True,True,"{""action"": ""LIFT_AND_RELOCATE""}"
v26__scene_lift_and_relocate_v05__L4__C3_D8__r03_s28103,scene_lift_and_relocate_v05,LIFT_AND_RELOCATE,C3,D8,28103,43,CLEARANCE_OVERLAP,15,False,True,LIFT_AND_RELOCATE,LIFT_AND_RELOCATE,True,True,"{""action"": ""LIFT_AND_RELOCATE""}"
v26__scene_lift_and_relocate_v05__L4__C3_D8__r04_s28104,scene_lift_and_relocate_v05,LIFT_AND_RELOCATE,C3,D8,28104,43,CLEARANCE_OVERLAP,15,False,True,LIFT_AND_RELOCATE,LIFT_AND_RELOCATE,True,True,"{""action"": ""LIFT_AND_RELOCATE""}"
v26__scene_lift_and_relocate_v05__L4__C3_D8__r05_s28105,scene_lift_and_relocate_v05,LIFT_AND_RELOCATE,C3,D8,28105,43,CLEARANCE_OVERLAP,15,False,True,LIFT_AND_RELOCATE,LIFT_AND_RELOCATE,True,True,"{""action"": ""LIFT_AND_RELOCATE""}"
v26__scene_rotate_v01__L4__C3_D8__r01_s28101,scene_rotate_v01,ROTATE,C3,D8,28101,12,CLEARANCE_OVERLAP,54,False,False,ROTATE,TRANSLATE,False,True,"{""action"": ""TRANSLATE""}"
v26__scene_rotate_v01__L4__C3_D8__r02_s28102,scene_rotate_v01,ROTATE,C3,D8,28102,12,CLEARANCE_OVERLAP,54,False,False,ROTATE,TRANSLATE,False,True,"{""action"": ""TRANSLATE""}"
v26__scene_rotate_v01__L4__C3_D8__r03_s28103,scene_rotate_v01,ROTATE,C3,D8,28103,12,CLEARANCE_OVERLAP,54,False,False,ROTATE,TRANSLATE,False,True,"{""action"": ""TRANSLATE""}"
v26__scene_rotate_v01__L4__C3_D8__r04_s28104,scene_rotate_v01,ROTATE,C3,D8,28104,12,CLEARANCE_OVERLAP,54,False,False,ROTATE,TRANSLATE,False,True,"{""action"": ""TRANSLATE""}"
v26__scene_rotate_v01__L4__C3_D8__r05_s28105,scene_rotate_v01,ROTATE,C3,D8,28105,12,CLEARANCE_OVERLAP,54,False,False,ROTATE,TRANSLATE,False,True,"{""action"": ""TRANSLATE""}"
v26__scene_rotate_v02__L4__C3_D8__r01_s28101,scene_rotate_v02,ROTATE,C3,D8,28101,38,CLEARANCE_OVERLAP,50,False,True,ROTATE,LIFT_AND_RELOCATE,False,True,"{""action"": ""LIFT_AND_RELOCATE""}"
v26__scene_rotate_v02__L4__C3_D8__r02_s28102,scene_rotate_v02,ROTATE,C3,D8,28102,38,CLEARANCE_OVERLAP,50,False,True,ROTATE,LIFT_AND_RELOCATE,False,True,"{""action"": ""LIFT_AND_RELOCATE""}"
v26__scene_rotate_v02__L4__C3_D8__r03_s28103,scene_rotate_v02,ROTATE,C3,D8,28103,38,CLEARANCE_OVERLAP,50,False,True,ROTATE,LIFT_AND_RELOCATE,False,True,"{""action"": ""LIFT_AND_RELOCATE""}"
v26__scene_rotate_v02__L4__C3_D8__r04_s28104,scene_rotate_v02,ROTATE,C3,D8,28104,38,CLEARANCE_OVERLAP,50,False,True,ROTATE,LIFT_AND_RELOCATE,False,True,"{""action"": ""LIFT_AND_RELOCATE""}"
v26__scene_rotate_v02__L4__C3_D8__r05_s28105,scene_rotate_v02,ROTATE,C3,D8,28105,38,CLEARANCE_OVERLAP,29,False,False,ROTATE,TRANSLATE,False,True,"{""action"": ""TRANSLATE""}"
v26__scene_rotate_v03__L4__C3_D8__r01_s28101,scene_rotate_v03,ROTATE,C3,D8,28101,83,CLEARANCE_OVERLAP,23,False,False,ROTATE,TRANSLATE,False,True,"{""action"": ""TRANSLATE""}"
v26__scene_rotate_v03__L4__C3_D8__r02_s28102,scene_rotate_v03,ROTATE,C3,D8,28102,83,CLEARANCE_OVERLAP,23,False,False,ROTATE,TRANSLATE,False,True,"{""action"": ""TRANSLATE""}"
v26__scene_rotate_v03__L4__C3_D8__r03_s28103,scene_rotate_v03,ROTATE,C3,D8,28103,83,CLEARANCE_OVERLAP,23,False,False,ROTATE,TRANSLATE,False,True,"{""action"": ""TRANSLATE""}"
v26__scene_rotate_v03__L4__C3_D8__r04_s28104,scene_rotate_v03,ROTATE,C3,D8,28104,83,CLEARANCE_OVERLAP,23,False,False,ROTATE,TRANSLATE,False,True,"{""action"": ""TRANSLATE""}"
v26__scene_rotate_v03__L4__C3_D8__r05_s28105,scene_rotate_v03,ROTATE,C3,D8,28105,83,CLEARANCE_OVERLAP,23,False,False,ROTATE,TRANSLATE,False,True,"{""action"": ""TRANSLATE""}"
v26__scene_rotate_v04__L4__C3_D8__r01_s28101,scene_rotate_v04,ROTATE,C3,D8,28101,47,CLEARANCE_OVERLAP,29,False,False,ROTATE,TRANSLATE,False,True,"{""action"": ""TRANSLATE""}"
v26__scene_rotate_v04__L4__C3_D8__r02_s28102,scene_rotate_v04,ROTATE,C3,D8,28102,47,CLEARANCE_OVERLAP,25,False,False,ROTATE,TRANSLATE,False,True,"{""action"": ""TRANSLATE""}"
v26__scene_rotate_v04__L4__C3_D8__r03_s28103,scene_rotate_v04,ROTATE,C3,D8,28103,47,CLEARANCE_OVERLAP,95,False,True,ROTATE,LIFT_AND_RELOCATE,False,True,"{""action"": ""LIFT_AND_RELOCATE""}"
v26__scene_rotate_v04__L4__C3_D8__r04_s28104,scene_rotate_v04,ROTATE,C3,D8,28104,47,CLEARANCE_OVERLAP,29,False,False,ROTATE,TRANSLATE,False,True,"{""action"": ""TRANSLATE""}"
v26__scene_rotate_v04__L4__C3_D8__r05_s28105,scene_rotate_v04,ROTATE,C3,D8,28105,47,CLEARANCE_OVERLAP,95,False,True,ROTATE,LIFT_AND_RELOCATE,False,True,"{""action"": ""LIFT_AND_RELOCATE""}"
v26__scene_rotate_v05__L4__C3_D8__r01_s28101,scene_rotate_v05,ROTATE,C3,D8,28101,44,CLEARANCE_OVERLAP,82,False,True,ROTATE,LIFT_AND_RELOCATE,False,True,"{""action"": ""LIFT_AND_RELOCATE""}"
v26__scene_rotate_v05__L4__C3_D8__r02_s28102,scene_rotate_v05,ROTATE,C3,D8,28102,44,CLEARANCE_OVERLAP,82,False,True,ROTATE,LIFT_AND_RELOCATE,False,True,"{""action"": ""LIFT_AND_RELOCATE""}"
v26__scene_rotate_v05__L4__C3_D8__r03_s28103,scene_rotate_v05,ROTATE,C3,D8,28103,44,CLEARANCE_OVERLAP,82,False,True,ROTATE,LIFT_AND_RELOCATE,False,True,"{""action"": ""LIFT_AND_RELOCATE""}"
v26__scene_rotate_v05__L4__C3_D8__r04_s28104,scene_rotate_v05,ROTATE,C3,D8,28104,44,CLEARANCE_OVERLAP,82,False,True,ROTATE,LIFT_AND_RELOCATE,False,True,"{""action"": ""LIFT_AND_RELOCATE""}"
v26__scene_rotate_v05__L4__C3_D8__r05_s28105,scene_rotate_v05,ROTATE,C3,D8,28105,44,CLEARANCE_OVERLAP,82,False,True,ROTATE,LIFT_AND_RELOCATE,False,True,"{""action"": ""LIFT_AND_RELOCATE""}"
v26__scene_translate_v01__L4__C3_D8__r01_s28101,scene_translate_v01,TRANSLATE,C3,D8,28101,67,CLEARANCE_OVERLAP,35,False,True,TRANSLATE,TRANSLATE,True,True,"{""action"": ""TRANSLATE""}"
v26__scene_translate_v01__L4__C3_D8__r02_s28102,scene_translate_v01,TRANSLATE,C3,D8,28102,67,CLEARANCE_OVERLAP,35,False,True,TRANSLATE,TRANSLATE,True,True,"{""action"": ""TRANSLATE""}"
v26__scene_translate_v01__L4__C3_D8__r03_s28103,scene_translate_v01,TRANSLATE,C3,D8,28103,67,CLEARANCE_OVERLAP,35,False,True,TRANSLATE,TRANSLATE,True,True,"{""action"": ""TRANSLATE""}"
v26__scene_translate_v01__L4__C3_D8__r04_s28104,scene_translate_v01,TRANSLATE,C3,D8,28104,67,CLEARANCE_OVERLAP,35,False,True,TRANSLATE,TRANSLATE,True,True,"{""action"": ""TRANSLATE""}"
v26__scene_translate_v01__L4__C3_D8__r05_s28105,scene_translate_v01,TRANSLATE,C3,D8,28105,67,CLEARANCE_OVERLAP,35,False,True,TRANSLATE,TRANSLATE,True,True,"{""action"": ""TRANSLATE""}"
v26__scene_translate_v02__L4__C3_D8__r01_s28101,scene_translate_v02,TRANSLATE,C3,D8,28101,45,CLEARANCE_OVERLAP,95,False,True,TRANSLATE,LIFT_AND_RELOCATE,False,True,"{""action"": ""LIFT_AND_RELOCATE""}"
v26__scene_translate_v02__L4__C3_D8__r02_s28102,scene_translate_v02,TRANSLATE,C3,D8,28102,45,CLEARANCE_OVERLAP,95,False,True,TRANSLATE,LIFT_AND_RELOCATE,False,True,"{""action"": ""LIFT_AND_RELOCATE""}"
v26__scene_translate_v02__L4__C3_D8__r03_s28103,scene_translate_v02,TRANSLATE,C3,D8,28103,45,CLEARANCE_OVERLAP,95,False,True,TRANSLATE,LIFT_AND_RELOCATE,False,True,"{""action"": ""LIFT_AND_RELOCATE""}"
v26__scene_translate_v02__L4__C3_D8__r04_s28104,scene_translate_v02,TRANSLATE,C3,D8,28104,45,CLEARANCE_OVERLAP,95,False,True,TRANSLATE,LIFT_AND_RELOCATE,False,True,"{""action"": ""LIFT_AND_RELOCATE""}"
v26__scene_translate_v02__L4__C3_D8__r05_s28105,scene_translate_v02,TRANSLATE,C3,D8,28105,45,CLEARANCE_OVERLAP,95,False,True,TRANSLATE,LIFT_AND_RELOCATE,False,True,"{""action"": ""LIFT_AND_RELOCATE""}"
v26__scene_translate_v03__L4__C3_D8__r01_s28101,scene_translate_v03,TRANSLATE,C3,D8,28101,18,CLEARANCE_OVERLAP,45,False,True,TRANSLATE,LIFT_AND_RELOCATE,False,True,"{""action"": ""LIFT_AND_RELOCATE""}"
v26__scene_translate_v03__L4__C3_D8__r02_s28102,scene_translate_v03,TRANSLATE,C3,D8,28102,18,CLEARANCE_OVERLAP,45,False,True,TRANSLATE,LIFT_AND_RELOCATE,False,True,"{""action"": ""LIFT_AND_RELOCATE""}"
v26__scene_translate_v03__L4__C3_D8__r03_s28103,scene_translate_v03,TRANSLATE,C3,D8,28103,18,CLEARANCE_OVERLAP,45,False,True,TRANSLATE,LIFT_AND_RELOCATE,False,True,"{""action"": ""LIFT_AND_RELOCATE""}"
v26__scene_translate_v03__L4__C3_D8__r04_s28104,scene_translate_v03,TRANSLATE,C3,D8,28104,18,CLEARANCE_OVERLAP,45,False,True,TRANSLATE,LIFT_AND_RELOCATE,False,True,"{""action"": ""LIFT_AND_RELOCATE""}"
v26__scene_translate_v03__L4__C3_D8__r05_s28105,scene_translate_v03,TRANSLATE,C3,D8,28105,18,CLEARANCE_OVERLAP,45,False,True,TRANSLATE,LIFT_AND_RELOCATE,False,True,"{""action"": ""LIFT_AND_RELOCATE""}"
v26__scene_translate_v04__L4__C3_D8__r01_s28101,scene_translate_v04,TRANSLATE,C3,D8,28101,13,CLEARANCE_OVERLAP,84,False,True,TRANSLATE,LIFT_AND_RELOCATE,False,True,"{""action"": ""LIFT_AND_RELOCATE""}"
v26__scene_translate_v04__L4__C3_D8__r02_s28102,scene_translate_v04,TRANSLATE,C3,D8,28102,13,CLEARANCE_OVERLAP,84,False,True,TRANSLATE,LIFT_AND_RELOCATE,False,True,"{""action"": ""LIFT_AND_RELOCATE""}"
v26__scene_translate_v04__L4__C3_D8__r03_s28103,scene_translate_v04,TRANSLATE,C3,D8,28103,13,CLEARANCE_OVERLAP,41,False,False,TRANSLATE,TRANSLATE,True,True,"{""action"": ""TRANSLATE""}"
v26__scene_translate_v04__L4__C3_D8__r04_s28104,scene_translate_v04,TRANSLATE,C3,D8,28104,13,CLEARANCE_OVERLAP,41,False,False,TRANSLATE,TRANSLATE,True,True,"{""action"": ""TRANSLATE""}"
v26__scene_translate_v04__L4__C3_D8__r05_s28105,scene_translate_v04,TRANSLATE,C3,D8,28105,13,CLEARANCE_OVERLAP,84,False,True,TRANSLATE,LIFT_AND_RELOCATE,False,True,"{""action"": ""LIFT_AND_RELOCATE""}"
v26__scene_translate_v05__L4__C3_D8__r01_s28101,scene_translate_v05,TRANSLATE,C3,D8,28101,54,CLEARANCE_OVERLAP,79,False,True,TRANSLATE,TRANSLATE,True,True,"{""action"": ""TRANSLATE""}"
v26__scene_translate_v05__L4__C3_D8__r02_s28102,scene_translate_v05,TRANSLATE,C3,D8,28102,54,CLEARANCE_OVERLAP,79,False,True,TRANSLATE,TRANSLATE,True,True,"{""action"": ""TRANSLATE""}"
v26__scene_translate_v05__L4__C3_D8__r03_s28103,scene_translate_v05,TRANSLATE,C3,D8,28103,54,CLEARANCE_OVERLAP,79,False,True,TRANSLATE,TRANSLATE,True,True,"{""action"": ""TRANSLATE""}"
v26__scene_translate_v05__L4__C3_D8__r04_s28104,scene_translate_v05,TRANSLATE,C3,D8,28104,54,CLEARANCE_OVERLAP,79,False,True,TRANSLATE,TRANSLATE,True,True,"{""action"": ""TRANSLATE""}"
v26__scene_translate_v05__L4__C3_D8__r05_s28105,scene_translate_v05,TRANSLATE,C3,D8,28105,54,CLEARANCE_OVERLAP,79,False,True,TRANSLATE,TRANSLATE,True,True,"{""action"": ""TRANSLATE""}"
v26__scene_fc_blocked_v01__L4__C4_D4__r01_s28101,scene_fc_blocked_v01,FC_BLOCKED,C4,D4,28101,64,CLEARANCE_OVERLAP,40,True,True,TRANSLATE,TRANSLATE,True,True,"{""action"": ""TRANSLATE""}"
v26__scene_fc_blocked_v01__L4__C4_D4__r02_s28102,scene_fc_blocked_v01,FC_BLOCKED,C4,D4,28102,64,BOTH,40,False,True,TRANSLATE,TRANSLATE,True,True,"{""action"": ""TRANSLATE""}"
v26__scene_fc_blocked_v01__L4__C4_D4__r03_s28103,scene_fc_blocked_v01,FC_BLOCKED,C4,D4,28103,64,CLEARANCE_OVERLAP,40,True,True,TRANSLATE,TRANSLATE,True,True,"{""action"": ""TRANSLATE""}"
v26__scene_fc_blocked_v01__L4__C4_D4__r04_s28104,scene_fc_blocked_v01,FC_BLOCKED,C4,D4,28104,64,BOTH,40,False,True,TRANSLATE,TRANSLATE,True,True,"{""action"": ""TRANSLATE""}"
v26__scene_fc_blocked_v01__L4__C4_D4__r05_s28105,scene_fc_blocked_v01,FC_BLOCKED,C4,D4,28105,64,CLEARANCE_OVERLAP,40,True,True,TRANSLATE,TRANSLATE,True,True,"{""action"": ""TRANSLATE""}"
v26__scene_fc_blocked_v02__L4__C4_D4__r01_s28101,scene_fc_blocked_v02,FC_BLOCKED,C4,D4,28101,53,CLEARANCE_OVERLAP,49,True,True,TRANSLATE,TRANSLATE,True,True,"{""action"": ""TRANSLATE""}"
v26__scene_fc_blocked_v02__L4__C4_D4__r02_s28102,scene_fc_blocked_v02,FC_BLOCKED,C4,D4,28102,53,BOTH,49,False,True,TRANSLATE,TRANSLATE,True,True,"{""action"": ""TRANSLATE""}"
v26__scene_fc_blocked_v02__L4__C4_D4__r03_s28103,scene_fc_blocked_v02,FC_BLOCKED,C4,D4,28103,53,CLEARANCE_OVERLAP,49,True,True,TRANSLATE,TRANSLATE,True,True,"{""action"": ""TRANSLATE""}"
v26__scene_fc_blocked_v02__L4__C4_D4__r04_s28104,scene_fc_blocked_v02,FC_BLOCKED,C4,D4,28104,53,BOTH,49,False,True,TRANSLATE,TRANSLATE,True,True,"{""action"": ""TRANSLATE""}"
v26__scene_fc_blocked_v02__L4__C4_D4__r05_s28105,scene_fc_blocked_v02,FC_BLOCKED,C4,D4,28105,53,BOTH,49,False,True,TRANSLATE,TRANSLATE,True,True,"{""action"": ""TRANSLATE""}"
v26__scene_fc_blocked_v03__L4__C4_D4__r01_s28101,scene_fc_blocked_v03,FC_BLOCKED,C4,D4,28101,12,CLEARANCE_OVERLAP,33,True,True,TRANSLATE,TRANSLATE,True,True,"{""action"": ""TRANSLATE""}"
v26__scene_fc_blocked_v03__L4__C4_D4__r02_s28102,scene_fc_blocked_v03,FC_BLOCKED,C4,D4,28102,12,CLEARANCE_OVERLAP,33,True,True,TRANSLATE,TRANSLATE,True,True,"{""action"": ""TRANSLATE""}"
v26__scene_fc_blocked_v03__L4__C4_D4__r03_s28103,scene_fc_blocked_v03,FC_BLOCKED,C4,D4,28103,12,CLEARANCE_OVERLAP,33,True,True,TRANSLATE,TRANSLATE,True,True,"{""action"": ""TRANSLATE""}"
v26__scene_fc_blocked_v03__L4__C4_D4__r04_s28104,scene_fc_blocked_v03,FC_BLOCKED,C4,D4,28104,12,CLEARANCE_OVERLAP,33,True,True,TRANSLATE,TRANSLATE,True,True,"{""action"": ""TRANSLATE""}"
v26__scene_fc_blocked_v03__L4__C4_D4__r05_s28105,scene_fc_blocked_v03,FC_BLOCKED,C4,D4,28105,12,CLEARANCE_OVERLAP,33,True,True,TRANSLATE,TRANSLATE,True,True,"{""action"": ""TRANSLATE""}"
v26__scene_fc_blocked_v04__L4__C4_D4__r01_s28101,scene_fc_blocked_v04,FC_BLOCKED,C4,D4,28101,89,CLEARANCE_OVERLAP,19,True,True,TRANSLATE,TRANSLATE,True,True,"{""action"": ""TRANSLATE""}"
v26__scene_fc_blocked_v04__L4__C4_D4__r02_s28102,scene_fc_blocked_v04,FC_BLOCKED,C4,D4,28102,89,CLEARANCE_OVERLAP,19,True,True,TRANSLATE,TRANSLATE,True,True,"{""action"": ""TRANSLATE""}"
v26__scene_fc_blocked_v04__L4__C4_D4__r03_s28103,scene_fc_blocked_v04,FC_BLOCKED,C4,D4,28103,89,CLEARANCE_OVERLAP,19,True,True,TRANSLATE,TRANSLATE,True,True,"{""action"": ""TRANSLATE""}"
v26__scene_fc_blocked_v04__L4__C4_D4__r04_s28104,scene_fc_blocked_v04,FC_BLOCKED,C4,D4,28104,89,CLEARANCE_OVERLAP,19,True,True,TRANSLATE,TRANSLATE,True,True,"{""action"": ""TRANSLATE""}"
v26__scene_fc_blocked_v04__L4__C4_D4__r05_s28105,scene_fc_blocked_v04,FC_BLOCKED,C4,D4,28105,89,CLEARANCE_OVERLAP,19,True,True,TRANSLATE,TRANSLATE,True,True,"{""action"": ""TRANSLATE""}"
v26__scene_fc_blocked_v05__L4__C4_D4__r01_s28101,scene_fc_blocked_v05,FC_BLOCKED,C4,D4,28101,59,CLEARANCE_OVERLAP,26,False,True,TRANSLATE,TRANSLATE,True,True,"{""action"": ""TRANSLATE""}"
v26__scene_fc_blocked_v05__L4__C4_D4__r02_s28102,scene_fc_blocked_v05,FC_BLOCKED,C4,D4,28102,59,CLEARANCE_OVERLAP,26,False,True,TRANSLATE,TRANSLATE,True,True,"{""action"": ""TRANSLATE""}"
v26__scene_fc_blocked_v05__L4__C4_D4__r03_s28103,scene_fc_blocked_v05,FC_BLOCKED,C4,D4,28103,59,CLEARANCE_OVERLAP,26,False,True,TRANSLATE,TRANSLATE,True,True,"{""action"": ""TRANSLATE""}"
v26__scene_fc_blocked_v05__L4__C4_D4__r04_s28104,scene_fc_blocked_v05,FC_BLOCKED,C4,D4,28104,59,CLEARANCE_OVERLAP,26,False,True,TRANSLATE,TRANSLATE,True,True,"{""action"": ""TRANSLATE""}"
v26__scene_fc_blocked_v05__L4__C4_D4__r05_s28105,scene_fc_blocked_v05,FC_BLOCKED,C4,D4,28105,59,CLEARANCE_OVERLAP,26,False,True,TRANSLATE,TRANSLATE,True,True,"{""action"": ""TRANSLATE""}"
v26__scene_fc_clear_v01__L4__C4_D4__r01_s28101,scene_fc_clear_v01,FC_CLEAR,C4,D4,28101,53,CLEARANCE_OVERLAP,98,False,False,RETRIEVE,TRANSLATE,False,True,"{""action"": ""TRANSLATE""}"
v26__scene_fc_clear_v01__L4__C4_D4__r02_s28102,scene_fc_clear_v01,FC_CLEAR,C4,D4,28102,53,BOTH,98,False,False,RETRIEVE,TRANSLATE,False,True,"{""action"": ""TRANSLATE""}"
v26__scene_fc_clear_v01__L4__C4_D4__r03_s28103,scene_fc_clear_v01,FC_CLEAR,C4,D4,28103,53,CLEARANCE_OVERLAP,98,False,False,RETRIEVE,TRANSLATE,False,True,"{""action"": ""TRANSLATE""}"
v26__scene_fc_clear_v01__L4__C4_D4__r04_s28104,scene_fc_clear_v01,FC_CLEAR,C4,D4,28104,53,CLEARANCE_OVERLAP,98,False,False,RETRIEVE,TRANSLATE,False,True,"{""action"": ""TRANSLATE""}"
v26__scene_fc_clear_v01__L4__C4_D4__r05_s28105,scene_fc_clear_v01,FC_CLEAR,C4,D4,28105,53,CLEARANCE_OVERLAP,98,False,False,RETRIEVE,TRANSLATE,False,True,"{""action"": ""TRANSLATE""}"
v26__scene_fc_clear_v02__L4__C4_D4__r01_s28101,scene_fc_clear_v02,FC_CLEAR,C4,D4,28101,29,NONE,,True,True,RETRIEVE,RETRIEVE,True,True,"{""action"": ""RETRIEVE""}"
v26__scene_fc_clear_v02__L4__C4_D4__r02_s28102,scene_fc_clear_v02,FC_CLEAR,C4,D4,28102,29,BOTH,10,False,False,RETRIEVE,TRANSLATE,False,True,"{""action"": ""TRANSLATE""}"
v26__scene_fc_clear_v02__L4__C4_D4__r03_s28103,scene_fc_clear_v02,FC_CLEAR,C4,D4,28103,29,CLEARANCE_OVERLAP,10,False,False,RETRIEVE,TRANSLATE,False,True,"{""action"": ""TRANSLATE""}"
v26__scene_fc_clear_v02__L4__C4_D4__r04_s28104,scene_fc_clear_v02,FC_CLEAR,C4,D4,28104,29,NONE,,True,True,RETRIEVE,RETRIEVE,True,True,"{""action"": ""RETRIEVE""}"
v26__scene_fc_clear_v02__L4__C4_D4__r05_s28105,scene_fc_clear_v02,FC_CLEAR,C4,D4,28105,29,NONE,,True,True,RETRIEVE,RETRIEVE,True,True,"{""action"": ""RETRIEVE""}"
v26__scene_fc_clear_v03__L4__C4_D4__r01_s28101,scene_fc_clear_v03,FC_CLEAR,C4,D4,28101,95,NONE,,True,True,RETRIEVE,RETRIEVE,True,True,"{""action"": ""RETRIEVE""}"
v26__scene_fc_clear_v03__L4__C4_D4__r02_s28102,scene_fc_clear_v03,FC_CLEAR,C4,D4,28102,95,NONE,,True,True,RETRIEVE,RETRIEVE,True,True,"{""action"": ""RETRIEVE""}"
v26__scene_fc_clear_v03__L4__C4_D4__r03_s28103,scene_fc_clear_v03,FC_CLEAR,C4,D4,28103,95,NONE,,True,True,RETRIEVE,RETRIEVE,True,True,"{""action"": ""RETRIEVE""}"
v26__scene_fc_clear_v03__L4__C4_D4__r04_s28104,scene_fc_clear_v03,FC_CLEAR,C4,D4,28104,95,NONE,,True,True,RETRIEVE,RETRIEVE,True,True,"{""action"": ""RETRIEVE""}"
v26__scene_fc_clear_v03__L4__C4_D4__r05_s28105,scene_fc_clear_v03,FC_CLEAR,C4,D4,28105,95,NONE,,True,True,RETRIEVE,RETRIEVE,True,True,"{""action"": ""RETRIEVE""}"
v26__scene_fc_clear_v04__L4__C4_D4__r01_s28101,scene_fc_clear_v04,FC_CLEAR,C4,D4,28101,61,CLEARANCE_OVERLAP,38,False,False,RETRIEVE,TRANSLATE,False,True,"{""action"": ""TRANSLATE""}"
v26__scene_fc_clear_v04__L4__C4_D4__r02_s28102,scene_fc_clear_v04,FC_CLEAR,C4,D4,28102,61,CLEARANCE_OVERLAP,38,False,False,RETRIEVE,TRANSLATE,False,True,"{""action"": ""TRANSLATE""}"
v26__scene_fc_clear_v04__L4__C4_D4__r03_s28103,scene_fc_clear_v04,FC_CLEAR,C4,D4,28103,61,CLEARANCE_OVERLAP,38,False,False,RETRIEVE,TRANSLATE,False,True,"{""action"": ""TRANSLATE""}"
v26__scene_fc_clear_v04__L4__C4_D4__r04_s28104,scene_fc_clear_v04,FC_CLEAR,C4,D4,28104,61,CLEARANCE_OVERLAP,38,False,False,RETRIEVE,TRANSLATE,False,True,"{""action"": ""TRANSLATE""}"
v26__scene_fc_clear_v04__L4__C4_D4__r05_s28105,scene_fc_clear_v04,FC_CLEAR,C4,D4,28105,61,CLEARANCE_OVERLAP,38,False,False,RETRIEVE,TRANSLATE,False,True,"{""action"": ""TRANSLATE""}"
v26__scene_fc_clear_v05__L4__C4_D4__r01_s28101,scene_fc_clear_v05,FC_CLEAR,C4,D4,28101,62,CLEARANCE_OVERLAP,82,True,True,RETRIEVE,TRANSLATE,False,True,"{""action"": ""TRANSLATE""}"
v26__scene_fc_clear_v05__L4__C4_D4__r02_s28102,scene_fc_clear_v05,FC_CLEAR,C4,D4,28102,62,CLEARANCE_OVERLAP,82,True,True,RETRIEVE,TRANSLATE,False,True,"{""action"": ""TRANSLATE""}"
v26__scene_fc_clear_v05__L4__C4_D4__r03_s28103,scene_fc_clear_v05,FC_CLEAR,C4,D4,28103,62,CLEARANCE_OVERLAP,82,True,True,RETRIEVE,TRANSLATE,False,True,"{""action"": ""TRANSLATE""}"
v26__scene_fc_clear_v05__L4__C4_D4__r04_s28104,scene_fc_clear_v05,FC_CLEAR,C4,D4,28104,62,CLEARANCE_OVERLAP,82,True,True,RETRIEVE,TRANSLATE,False,True,"{""action"": ""TRANSLATE""}"
v26__scene_fc_clear_v05__L4__C4_D4__r05_s28105,scene_fc_clear_v05,FC_CLEAR,C4,D4,28105,62,CLEARANCE_OVERLAP,82,True,True,RETRIEVE,TRANSLATE,False,True,"{""action"": ""TRANSLATE""}"
v26__scene_lift_and_relocate_v01__L4__C4_D4__r01_s28101,scene_lift_and_relocate_v01,LIFT_AND_RELOCATE,C4,D4,28101,59,CLEARANCE_OVERLAP,64,False,True,LIFT_AND_RELOCATE,LIFT_AND_RELOCATE,True,True,"{""action"": ""LIFT_AND_RELOCATE""}"
v26__scene_lift_and_relocate_v01__L4__C4_D4__r02_s28102,scene_lift_and_relocate_v01,LIFT_AND_RELOCATE,C4,D4,28102,59,BOTH,64,True,True,LIFT_AND_RELOCATE,TRANSLATE,False,True,"{""action"": ""TRANSLATE""}"
v26__scene_lift_and_relocate_v01__L4__C4_D4__r03_s28103,scene_lift_and_relocate_v01,LIFT_AND_RELOCATE,C4,D4,28103,59,CLEARANCE_OVERLAP,64,False,True,LIFT_AND_RELOCATE,LIFT_AND_RELOCATE,True,True,"{""action"": ""LIFT_AND_RELOCATE""}"
v26__scene_lift_and_relocate_v01__L4__C4_D4__r04_s28104,scene_lift_and_relocate_v01,LIFT_AND_RELOCATE,C4,D4,28104,59,BOTH,64,True,True,LIFT_AND_RELOCATE,TRANSLATE,False,True,"{""action"": ""TRANSLATE""}"
v26__scene_lift_and_relocate_v01__L4__C4_D4__r05_s28105,scene_lift_and_relocate_v01,LIFT_AND_RELOCATE,C4,D4,28105,59,CLEARANCE_OVERLAP,64,False,True,LIFT_AND_RELOCATE,LIFT_AND_RELOCATE,True,True,"{""action"": ""LIFT_AND_RELOCATE""}"
v26__scene_lift_and_relocate_v02__L4__C4_D4__r01_s28101,scene_lift_and_relocate_v02,LIFT_AND_RELOCATE,C4,D4,28101,70,CLEARANCE_OVERLAP,14,False,True,LIFT_AND_RELOCATE,LIFT_AND_RELOCATE,True,True,"{""action"": ""LIFT_AND_RELOCATE""}"
v26__scene_lift_and_relocate_v02__L4__C4_D4__r02_s28102,scene_lift_and_relocate_v02,LIFT_AND_RELOCATE,C4,D4,28102,70,BOTH,14,True,True,LIFT_AND_RELOCATE,LIFT_AND_RELOCATE,True,True,"{""action"": ""LIFT_AND_RELOCATE""}"
v26__scene_lift_and_relocate_v02__L4__C4_D4__r03_s28103,scene_lift_and_relocate_v02,LIFT_AND_RELOCATE,C4,D4,28103,70,BOTH,14,True,True,LIFT_AND_RELOCATE,LIFT_AND_RELOCATE,True,True,"{""action"": ""LIFT_AND_RELOCATE""}"
v26__scene_lift_and_relocate_v02__L4__C4_D4__r04_s28104,scene_lift_and_relocate_v02,LIFT_AND_RELOCATE,C4,D4,28104,70,BOTH,14,True,True,LIFT_AND_RELOCATE,TRANSLATE,False,True,"{""action"": ""TRANSLATE""}"
v26__scene_lift_and_relocate_v02__L4__C4_D4__r05_s28105,scene_lift_and_relocate_v02,LIFT_AND_RELOCATE,C4,D4,28105,70,BOTH,14,True,True,LIFT_AND_RELOCATE,LIFT_AND_RELOCATE,True,True,"{""action"": ""LIFT_AND_RELOCATE""}"
v26__scene_lift_and_relocate_v03__L4__C4_D4__r01_s28101,scene_lift_and_relocate_v03,LIFT_AND_RELOCATE,C4,D4,28101,12,CLEARANCE_OVERLAP,16,False,False,LIFT_AND_RELOCATE,TRANSLATE,False,True,"{""action"": ""TRANSLATE""}"
v26__scene_lift_and_relocate_v03__L4__C4_D4__r02_s28102,scene_lift_and_relocate_v03,LIFT_AND_RELOCATE,C4,D4,28102,12,BOTH,35,True,True,LIFT_AND_RELOCATE,LIFT_AND_RELOCATE,True,True,"{""action"": ""LIFT_AND_RELOCATE""}"
v26__scene_lift_and_relocate_v03__L4__C4_D4__r03_s28103,scene_lift_and_relocate_v03,LIFT_AND_RELOCATE,C4,D4,28103,12,CLEARANCE_OVERLAP,35,False,True,LIFT_AND_RELOCATE,TRANSLATE,False,True,"{""action"": ""TRANSLATE""}"
v26__scene_lift_and_relocate_v03__L4__C4_D4__r04_s28104,scene_lift_and_relocate_v03,LIFT_AND_RELOCATE,C4,D4,28104,12,CLEARANCE_OVERLAP,16,False,False,LIFT_AND_RELOCATE,TRANSLATE,False,True,"{""action"": ""TRANSLATE""}"
v26__scene_lift_and_relocate_v03__L4__C4_D4__r05_s28105,scene_lift_and_relocate_v03,LIFT_AND_RELOCATE,C4,D4,28105,12,CLEARANCE_OVERLAP,16,False,False,LIFT_AND_RELOCATE,TRANSLATE,False,True,"{""action"": ""TRANSLATE""}"
v26__scene_lift_and_relocate_v04__L4__C4_D4__r01_s28101,scene_lift_and_relocate_v04,LIFT_AND_RELOCATE,C4,D4,28101,68,BOTH,73,True,True,LIFT_AND_RELOCATE,LIFT_AND_RELOCATE,True,True,"{""action"": ""LIFT_AND_RELOCATE""}"
v26__scene_lift_and_relocate_v04__L4__C4_D4__r02_s28102,scene_lift_and_relocate_v04,LIFT_AND_RELOCATE,C4,D4,28102,68,BOTH,73,True,True,LIFT_AND_RELOCATE,LIFT_AND_RELOCATE,True,True,"{""action"": ""LIFT_AND_RELOCATE""}"
v26__scene_lift_and_relocate_v04__L4__C4_D4__r03_s28103,scene_lift_and_relocate_v04,LIFT_AND_RELOCATE,C4,D4,28103,68,BOTH,73,True,True,LIFT_AND_RELOCATE,LIFT_AND_RELOCATE,True,True,"{""action"": ""LIFT_AND_RELOCATE""}"
v26__scene_lift_and_relocate_v04__L4__C4_D4__r04_s28104,scene_lift_and_relocate_v04,LIFT_AND_RELOCATE,C4,D4,28104,68,BOTH,73,True,True,LIFT_AND_RELOCATE,LIFT_AND_RELOCATE,True,True,"{""action"": ""LIFT_AND_RELOCATE""}"
v26__scene_lift_and_relocate_v04__L4__C4_D4__r05_s28105,scene_lift_and_relocate_v04,LIFT_AND_RELOCATE,C4,D4,28105,68,BOTH,73,True,True,LIFT_AND_RELOCATE,LIFT_AND_RELOCATE,True,True,"{""action"": ""LIFT_AND_RELOCATE""}"
v26__scene_lift_and_relocate_v05__L4__C4_D4__r01_s28101,scene_lift_and_relocate_v05,LIFT_AND_RELOCATE,C4,D4,28101,43,BOTH,15,True,True,LIFT_AND_RELOCATE,LIFT_AND_RELOCATE,True,True,"{""action"": ""LIFT_AND_RELOCATE""}"
v26__scene_lift_and_relocate_v05__L4__C4_D4__r02_s28102,scene_lift_and_relocate_v05,LIFT_AND_RELOCATE,C4,D4,28102,43,BOTH,15,True,True,LIFT_AND_RELOCATE,LIFT_AND_RELOCATE,True,True,"{""action"": ""LIFT_AND_RELOCATE""}"
v26__scene_lift_and_relocate_v05__L4__C4_D4__r03_s28103,scene_lift_and_relocate_v05,LIFT_AND_RELOCATE,C4,D4,28103,43,BOTH,15,True,True,LIFT_AND_RELOCATE,LIFT_AND_RELOCATE,True,True,"{""action"": ""LIFT_AND_RELOCATE""}"
v26__scene_lift_and_relocate_v05__L4__C4_D4__r04_s28104,scene_lift_and_relocate_v05,LIFT_AND_RELOCATE,C4,D4,28104,43,BOTH,15,True,True,LIFT_AND_RELOCATE,LIFT_AND_RELOCATE,True,True,"{""action"": ""LIFT_AND_RELOCATE""}"
v26__scene_lift_and_relocate_v05__L4__C4_D4__r05_s28105,scene_lift_and_relocate_v05,LIFT_AND_RELOCATE,C4,D4,28105,43,BOTH,15,True,True,LIFT_AND_RELOCATE,LIFT_AND_RELOCATE,True,True,"{""action"": ""LIFT_AND_RELOCATE""}"
v26__scene_rotate_v01__L4__C4_D4__r01_s28101,scene_rotate_v01,ROTATE,C4,D4,28101,12,CLEARANCE_OVERLAP,54,False,False,ROTATE,TRANSLATE,False,True,"{""action"": ""TRANSLATE""}"
v26__scene_rotate_v01__L4__C4_D4__r02_s28102,scene_rotate_v01,ROTATE,C4,D4,28102,12,CLEARANCE_OVERLAP,54,False,False,ROTATE,TRANSLATE,False,True,"{""action"": ""TRANSLATE""}"
v26__scene_rotate_v01__L4__C4_D4__r03_s28103,scene_rotate_v01,ROTATE,C4,D4,28103,12,CLEARANCE_OVERLAP,54,False,False,ROTATE,TRANSLATE,False,True,"{""action"": ""TRANSLATE""}"
v26__scene_rotate_v01__L4__C4_D4__r04_s28104,scene_rotate_v01,ROTATE,C4,D4,28104,12,CLEARANCE_OVERLAP,54,False,False,ROTATE,TRANSLATE,False,True,"{""action"": ""TRANSLATE""}"
v26__scene_rotate_v01__L4__C4_D4__r05_s28105,scene_rotate_v01,ROTATE,C4,D4,28105,12,CLEARANCE_OVERLAP,54,False,False,ROTATE,TRANSLATE,False,True,"{""action"": ""TRANSLATE""}"
v26__scene_rotate_v02__L4__C4_D4__r01_s28101,scene_rotate_v02,ROTATE,C4,D4,28101,38,CLEARANCE_OVERLAP,29,False,False,ROTATE,TRANSLATE,False,True,"{""action"": ""TRANSLATE""}"
v26__scene_rotate_v02__L4__C4_D4__r02_s28102,scene_rotate_v02,ROTATE,C4,D4,28102,38,BOTH,50,False,True,ROTATE,LIFT_AND_RELOCATE,False,True,"{""action"": ""LIFT_AND_RELOCATE""}"
v26__scene_rotate_v02__L4__C4_D4__r03_s28103,scene_rotate_v02,ROTATE,C4,D4,28103,38,CLEARANCE_OVERLAP,29,False,False,ROTATE,TRANSLATE,False,True,"{""action"": ""TRANSLATE""}"
v26__scene_rotate_v02__L4__C4_D4__r04_s28104,scene_rotate_v02,ROTATE,C4,D4,28104,38,CLEARANCE_OVERLAP,29,False,False,ROTATE,TRANSLATE,False,True,"{""action"": ""TRANSLATE""}"
v26__scene_rotate_v02__L4__C4_D4__r05_s28105,scene_rotate_v02,ROTATE,C4,D4,28105,38,BOTH,50,False,True,ROTATE,LIFT_AND_RELOCATE,False,True,"{""action"": ""LIFT_AND_RELOCATE""}"
v26__scene_rotate_v03__L4__C4_D4__r01_s28101,scene_rotate_v03,ROTATE,C4,D4,28101,83,CLEARANCE_OVERLAP,11,False,False,ROTATE,TRANSLATE,False,True,"{""action"": ""TRANSLATE""}"
v26__scene_rotate_v03__L4__C4_D4__r02_s28102,scene_rotate_v03,ROTATE,C4,D4,28102,83,CLEARANCE_OVERLAP,11,False,False,ROTATE,TRANSLATE,False,True,"{""action"": ""TRANSLATE""}"
v26__scene_rotate_v03__L4__C4_D4__r03_s28103,scene_rotate_v03,ROTATE,C4,D4,28103,83,CLEARANCE_OVERLAP,11,False,False,ROTATE,TRANSLATE,False,True,"{""action"": ""TRANSLATE""}"
v26__scene_rotate_v03__L4__C4_D4__r04_s28104,scene_rotate_v03,ROTATE,C4,D4,28104,83,CLEARANCE_OVERLAP,23,False,False,ROTATE,TRANSLATE,False,True,"{""action"": ""TRANSLATE""}"
v26__scene_rotate_v03__L4__C4_D4__r05_s28105,scene_rotate_v03,ROTATE,C4,D4,28105,83,CLEARANCE_OVERLAP,11,False,False,ROTATE,TRANSLATE,False,True,"{""action"": ""TRANSLATE""}"
v26__scene_rotate_v04__L4__C4_D4__r01_s28101,scene_rotate_v04,ROTATE,C4,D4,28101,47,CLEARANCE_OVERLAP,25,False,False,ROTATE,LIFT_AND_RELOCATE,False,True,"{""action"": ""LIFT_AND_RELOCATE""}"
v26__scene_rotate_v04__L4__C4_D4__r02_s28102,scene_rotate_v04,ROTATE,C4,D4,28102,47,CLEARANCE_OVERLAP,25,False,False,ROTATE,LIFT_AND_RELOCATE,False,True,"{""action"": ""LIFT_AND_RELOCATE""}"
v26__scene_rotate_v04__L4__C4_D4__r03_s28103,scene_rotate_v04,ROTATE,C4,D4,28103,47,CLEARANCE_OVERLAP,25,False,False,ROTATE,TRANSLATE,False,True,"{""action"": ""TRANSLATE""}"
v26__scene_rotate_v04__L4__C4_D4__r04_s28104,scene_rotate_v04,ROTATE,C4,D4,28104,47,CLEARANCE_OVERLAP,25,False,False,ROTATE,TRANSLATE,False,True,"{""action"": ""TRANSLATE""}"
v26__scene_rotate_v04__L4__C4_D4__r05_s28105,scene_rotate_v04,ROTATE,C4,D4,28105,47,CLEARANCE_OVERLAP,95,False,True,ROTATE,LIFT_AND_RELOCATE,False,True,"{""action"": ""LIFT_AND_RELOCATE""}"
v26__scene_rotate_v05__L4__C4_D4__r01_s28101,scene_rotate_v05,ROTATE,C4,D4,28101,44,CLEARANCE_OVERLAP,82,False,True,ROTATE,TRANSLATE,False,True,"{""action"": ""TRANSLATE""}"
v26__scene_rotate_v05__L4__C4_D4__r02_s28102,scene_rotate_v05,ROTATE,C4,D4,28102,44,BOTH,82,False,True,ROTATE,TRANSLATE,False,True,"{""action"": ""TRANSLATE""}"
v26__scene_rotate_v05__L4__C4_D4__r03_s28103,scene_rotate_v05,ROTATE,C4,D4,28103,44,BOTH,82,False,True,ROTATE,TRANSLATE,False,True,"{""action"": ""TRANSLATE""}"
v26__scene_rotate_v05__L4__C4_D4__r04_s28104,scene_rotate_v05,ROTATE,C4,D4,28104,44,BOTH,82,False,True,ROTATE,TRANSLATE,False,True,"{""action"": ""TRANSLATE""}"
v26__scene_rotate_v05__L4__C4_D4__r05_s28105,scene_rotate_v05,ROTATE,C4,D4,28105,44,BOTH,82,False,True,ROTATE,TRANSLATE,False,True,"{""action"": ""TRANSLATE""}"
v26__scene_translate_v01__L4__C4_D4__r01_s28101,scene_translate_v01,TRANSLATE,C4,D4,28101,67,CLEARANCE_OVERLAP,35,False,True,TRANSLATE,TRANSLATE,True,True,"{""action"": ""TRANSLATE""}"
v26__scene_translate_v01__L4__C4_D4__r02_s28102,scene_translate_v01,TRANSLATE,C4,D4,28102,67,CLEARANCE_OVERLAP,35,False,True,TRANSLATE,TRANSLATE,True,True,"{""action"": ""TRANSLATE""}"
v26__scene_translate_v01__L4__C4_D4__r03_s28103,scene_translate_v01,TRANSLATE,C4,D4,28103,67,CLEARANCE_OVERLAP,35,False,True,TRANSLATE,TRANSLATE,True,True,"{""action"": ""TRANSLATE""}"
v26__scene_translate_v01__L4__C4_D4__r04_s28104,scene_translate_v01,TRANSLATE,C4,D4,28104,67,CLEARANCE_OVERLAP,35,False,True,TRANSLATE,TRANSLATE,True,True,"{""action"": ""TRANSLATE""}"
v26__scene_translate_v01__L4__C4_D4__r05_s28105,scene_translate_v01,TRANSLATE,C4,D4,28105,67,CLEARANCE_OVERLAP,35,False,True,TRANSLATE,TRANSLATE,True,True,"{""action"": ""TRANSLATE""}"
v26__scene_translate_v02__L4__C4_D4__r01_s28101,scene_translate_v02,TRANSLATE,C4,D4,28101,45,CLEARANCE_OVERLAP,95,False,True,TRANSLATE,TRANSLATE,True,True,"{""action"": ""TRANSLATE""}"
v26__scene_translate_v02__L4__C4_D4__r02_s28102,scene_translate_v02,TRANSLATE,C4,D4,28102,45,BOTH,95,True,True,TRANSLATE,TRANSLATE,True,True,"{""action"": ""TRANSLATE""}"
v26__scene_translate_v02__L4__C4_D4__r03_s28103,scene_translate_v02,TRANSLATE,C4,D4,28103,45,CLEARANCE_OVERLAP,95,False,True,TRANSLATE,TRANSLATE,True,True,"{""action"": ""TRANSLATE""}"
v26__scene_translate_v02__L4__C4_D4__r04_s28104,scene_translate_v02,TRANSLATE,C4,D4,28104,45,BOTH,95,True,True,TRANSLATE,TRANSLATE,True,True,"{""action"": ""TRANSLATE""}"
v26__scene_translate_v02__L4__C4_D4__r05_s28105,scene_translate_v02,TRANSLATE,C4,D4,28105,45,BOTH,95,True,True,TRANSLATE,LIFT_AND_RELOCATE,False,True,"{""action"": ""LIFT_AND_RELOCATE""}"
v26__scene_translate_v03__L4__C4_D4__r01_s28101,scene_translate_v03,TRANSLATE,C4,D4,28101,18,CLEARANCE_OVERLAP,45,False,True,TRANSLATE,TRANSLATE,True,True,"{""action"": ""TRANSLATE""}"
v26__scene_translate_v03__L4__C4_D4__r02_s28102,scene_translate_v03,TRANSLATE,C4,D4,28102,18,BOTH,45,False,True,TRANSLATE,LIFT_AND_RELOCATE,False,True,"{""action"": ""LIFT_AND_RELOCATE""}"
v26__scene_translate_v03__L4__C4_D4__r03_s28103,scene_translate_v03,TRANSLATE,C4,D4,28103,18,CLEARANCE_OVERLAP,45,False,True,TRANSLATE,TRANSLATE,True,True,"{""action"": ""TRANSLATE""}"
v26__scene_translate_v03__L4__C4_D4__r04_s28104,scene_translate_v03,TRANSLATE,C4,D4,28104,18,BOTH,45,False,True,TRANSLATE,TRANSLATE,True,True,"{""action"": ""TRANSLATE""}"
v26__scene_translate_v03__L4__C4_D4__r05_s28105,scene_translate_v03,TRANSLATE,C4,D4,28105,18,CLEARANCE_OVERLAP,45,False,True,TRANSLATE,TRANSLATE,True,True,"{""action"": ""TRANSLATE""}"
v26__scene_translate_v04__L4__C4_D4__r01_s28101,scene_translate_v04,TRANSLATE,C4,D4,28101,13,CLEARANCE_OVERLAP,84,False,True,TRANSLATE,LIFT_AND_RELOCATE,False,True,"{""action"": ""LIFT_AND_RELOCATE""}"
v26__scene_translate_v04__L4__C4_D4__r02_s28102,scene_translate_v04,TRANSLATE,C4,D4,28102,13,CLEARANCE_OVERLAP,41,False,False,TRANSLATE,TRANSLATE,True,True,"{""action"": ""TRANSLATE""}"
v26__scene_translate_v04__L4__C4_D4__r03_s28103,scene_translate_v04,TRANSLATE,C4,D4,28103,13,CLEARANCE_OVERLAP,41,False,False,TRANSLATE,TRANSLATE,True,True,"{""action"": ""TRANSLATE""}"
v26__scene_translate_v04__L4__C4_D4__r04_s28104,scene_translate_v04,TRANSLATE,C4,D4,28104,13,CLEARANCE_OVERLAP,41,False,False,TRANSLATE,TRANSLATE,True,True,"{""action"": ""TRANSLATE""}"
v26__scene_translate_v04__L4__C4_D4__r05_s28105,scene_translate_v04,TRANSLATE,C4,D4,28105,13,CLEARANCE_OVERLAP,84,False,True,TRANSLATE,LIFT_AND_RELOCATE,False,True,"{""action"": ""LIFT_AND_RELOCATE""}"
v26__scene_translate_v05__L4__C4_D4__r01_s28101,scene_translate_v05,TRANSLATE,C4,D4,28101,54,CLEARANCE_OVERLAP,79,False,True,TRANSLATE,TRANSLATE,True,True,"{""action"": ""TRANSLATE""}"
v26__scene_translate_v05__L4__C4_D4__r02_s28102,scene_translate_v05,TRANSLATE,C4,D4,28102,54,CLEARANCE_OVERLAP,79,False,True,TRANSLATE,TRANSLATE,True,True,"{""action"": ""TRANSLATE""}"
v26__scene_translate_v05__L4__C4_D4__r03_s28103,scene_translate_v05,TRANSLATE,C4,D4,28103,54,CLEARANCE_OVERLAP,79,False,True,TRANSLATE,TRANSLATE,True,True,"{""action"": ""TRANSLATE""}"
v26__scene_translate_v05__L4__C4_D4__r04_s28104,scene_translate_v05,TRANSLATE,C4,D4,28104,54,CLEARANCE_OVERLAP,79,False,True,TRANSLATE,TRANSLATE,True,True,"{""action"": ""TRANSLATE""}"
v26__scene_translate_v05__L4__C4_D4__r05_s28105,scene_translate_v05,TRANSLATE,C4,D4,28105,54,CLEARANCE_OVERLAP,79,False,True,TRANSLATE,TRANSLATE,True,True,"{""action"": ""TRANSLATE""}"
v26__scene_fc_blocked_v01__L4__C4_D8__r01_s28101,scene_fc_blocked_v01,FC_BLOCKED,C4,D8,28101,64,CLEARANCE_OVERLAP,40,True,True,TRANSLATE,TRANSLATE,True,True,"{""action"": ""TRANSLATE""}"
v26__scene_fc_blocked_v01__L4__C4_D8__r02_s28102,scene_fc_blocked_v01,FC_BLOCKED,C4,D8,28102,64,CLEARANCE_OVERLAP,40,True,True,TRANSLATE,TRANSLATE,True,True,"{""action"": ""TRANSLATE""}"
v26__scene_fc_blocked_v01__L4__C4_D8__r03_s28103,scene_fc_blocked_v01,FC_BLOCKED,C4,D8,28103,64,CLEARANCE_OVERLAP,40,True,True,TRANSLATE,TRANSLATE,True,True,"{""action"": ""TRANSLATE""}"
v26__scene_fc_blocked_v01__L4__C4_D8__r04_s28104,scene_fc_blocked_v01,FC_BLOCKED,C4,D8,28104,64,CLEARANCE_OVERLAP,40,True,True,TRANSLATE,TRANSLATE,True,True,"{""action"": ""TRANSLATE""}"
v26__scene_fc_blocked_v01__L4__C4_D8__r05_s28105,scene_fc_blocked_v01,FC_BLOCKED,C4,D8,28105,64,CLEARANCE_OVERLAP,40,True,True,TRANSLATE,TRANSLATE,True,True,"{""action"": ""TRANSLATE""}"
v26__scene_fc_blocked_v02__L4__C4_D8__r01_s28101,scene_fc_blocked_v02,FC_BLOCKED,C4,D8,28101,53,CLEARANCE_OVERLAP,49,True,True,TRANSLATE,TRANSLATE,True,True,"{""action"": ""TRANSLATE""}"
v26__scene_fc_blocked_v02__L4__C4_D8__r02_s28102,scene_fc_blocked_v02,FC_BLOCKED,C4,D8,28102,53,CLEARANCE_OVERLAP,49,True,True,TRANSLATE,TRANSLATE,True,True,"{""action"": ""TRANSLATE""}"
v26__scene_fc_blocked_v02__L4__C4_D8__r03_s28103,scene_fc_blocked_v02,FC_BLOCKED,C4,D8,28103,53,CLEARANCE_OVERLAP,49,True,True,TRANSLATE,TRANSLATE,True,True,"{""action"": ""TRANSLATE""}"
v26__scene_fc_blocked_v02__L4__C4_D8__r04_s28104,scene_fc_blocked_v02,FC_BLOCKED,C4,D8,28104,53,NONE,,False,False,TRANSLATE,RETRIEVE,False,True,"{""action"": ""RETRIEVE""}"
v26__scene_fc_blocked_v02__L4__C4_D8__r05_s28105,scene_fc_blocked_v02,FC_BLOCKED,C4,D8,28105,53,CLEARANCE_OVERLAP,49,True,True,TRANSLATE,TRANSLATE,True,True,"{""action"": ""TRANSLATE""}"
v26__scene_fc_blocked_v03__L4__C4_D8__r01_s28101,scene_fc_blocked_v03,FC_BLOCKED,C4,D8,28101,12,CLEARANCE_OVERLAP,33,True,True,TRANSLATE,TRANSLATE,True,True,"{""action"": ""TRANSLATE""}"
v26__scene_fc_blocked_v03__L4__C4_D8__r02_s28102,scene_fc_blocked_v03,FC_BLOCKED,C4,D8,28102,12,CLEARANCE_OVERLAP,33,True,True,TRANSLATE,TRANSLATE,True,True,"{""action"": ""TRANSLATE""}"
v26__scene_fc_blocked_v03__L4__C4_D8__r03_s28103,scene_fc_blocked_v03,FC_BLOCKED,C4,D8,28103,12,CLEARANCE_OVERLAP,33,True,True,TRANSLATE,TRANSLATE,True,True,"{""action"": ""TRANSLATE""}"
v26__scene_fc_blocked_v03__L4__C4_D8__r04_s28104,scene_fc_blocked_v03,FC_BLOCKED,C4,D8,28104,12,CLEARANCE_OVERLAP,33,True,True,TRANSLATE,TRANSLATE,True,True,"{""action"": ""TRANSLATE""}"
v26__scene_fc_blocked_v03__L4__C4_D8__r05_s28105,scene_fc_blocked_v03,FC_BLOCKED,C4,D8,28105,12,CLEARANCE_OVERLAP,33,True,True,TRANSLATE,TRANSLATE,True,True,"{""action"": ""TRANSLATE""}"
v26__scene_fc_blocked_v04__L4__C4_D8__r01_s28101,scene_fc_blocked_v04,FC_BLOCKED,C4,D8,28101,89,CLEARANCE_OVERLAP,19,True,True,TRANSLATE,TRANSLATE,True,True,"{""action"": ""TRANSLATE""}"
v26__scene_fc_blocked_v04__L4__C4_D8__r02_s28102,scene_fc_blocked_v04,FC_BLOCKED,C4,D8,28102,89,CLEARANCE_OVERLAP,19,True,True,TRANSLATE,TRANSLATE,True,True,"{""action"": ""TRANSLATE""}"
v26__scene_fc_blocked_v04__L4__C4_D8__r03_s28103,scene_fc_blocked_v04,FC_BLOCKED,C4,D8,28103,89,CLEARANCE_OVERLAP,19,True,True,TRANSLATE,TRANSLATE,True,True,"{""action"": ""TRANSLATE""}"
v26__scene_fc_blocked_v04__L4__C4_D8__r04_s28104,scene_fc_blocked_v04,FC_BLOCKED,C4,D8,28104,89,CLEARANCE_OVERLAP,19,True,True,TRANSLATE,TRANSLATE,True,True,"{""action"": ""TRANSLATE""}"
v26__scene_fc_blocked_v04__L4__C4_D8__r05_s28105,scene_fc_blocked_v04,FC_BLOCKED,C4,D8,28105,89,CLEARANCE_OVERLAP,19,True,True,TRANSLATE,TRANSLATE,True,True,"{""action"": ""TRANSLATE""}"
v26__scene_fc_blocked_v05__L4__C4_D8__r01_s28101,scene_fc_blocked_v05,FC_BLOCKED,C4,D8,28101,59,CLEARANCE_OVERLAP,26,False,True,TRANSLATE,TRANSLATE,True,True,"{""action"": ""TRANSLATE""}"
v26__scene_fc_blocked_v05__L4__C4_D8__r02_s28102,scene_fc_blocked_v05,FC_BLOCKED,C4,D8,28102,59,CLEARANCE_OVERLAP,26,False,True,TRANSLATE,TRANSLATE,True,True,"{""action"": ""TRANSLATE""}"
v26__scene_fc_blocked_v05__L4__C4_D8__r03_s28103,scene_fc_blocked_v05,FC_BLOCKED,C4,D8,28103,59,CLEARANCE_OVERLAP,26,False,True,TRANSLATE,TRANSLATE,True,True,"{""action"": ""TRANSLATE""}"
v26__scene_fc_blocked_v05__L4__C4_D8__r04_s28104,scene_fc_blocked_v05,FC_BLOCKED,C4,D8,28104,59,CLEARANCE_OVERLAP,26,False,True,TRANSLATE,TRANSLATE,True,True,"{""action"": ""TRANSLATE""}"
v26__scene_fc_blocked_v05__L4__C4_D8__r05_s28105,scene_fc_blocked_v05,FC_BLOCKED,C4,D8,28105,59,CLEARANCE_OVERLAP,26,False,True,TRANSLATE,TRANSLATE,True,True,"{""action"": ""TRANSLATE""}"
v26__scene_fc_clear_v01__L4__C4_D8__r01_s28101,scene_fc_clear_v01,FC_CLEAR,C4,D8,28101,53,NONE,,True,True,RETRIEVE,RETRIEVE,True,True,"{""action"": ""RETRIEVE""}"
v26__scene_fc_clear_v01__L4__C4_D8__r02_s28102,scene_fc_clear_v01,FC_CLEAR,C4,D8,28102,53,NONE,,True,True,RETRIEVE,RETRIEVE,True,True,"{""action"": ""RETRIEVE""}"
v26__scene_fc_clear_v01__L4__C4_D8__r03_s28103,scene_fc_clear_v01,FC_CLEAR,C4,D8,28103,53,NONE,,True,True,RETRIEVE,RETRIEVE,True,True,"{""action"": ""RETRIEVE""}"
v26__scene_fc_clear_v01__L4__C4_D8__r04_s28104,scene_fc_clear_v01,FC_CLEAR,C4,D8,28104,53,NONE,,True,True,RETRIEVE,RETRIEVE,True,True,"{""action"": ""RETRIEVE""}"
v26__scene_fc_clear_v01__L4__C4_D8__r05_s28105,scene_fc_clear_v01,FC_CLEAR,C4,D8,28105,53,NONE,,True,True,RETRIEVE,RETRIEVE,True,True,"{""action"": ""RETRIEVE""}"
v26__scene_fc_clear_v02__L4__C4_D8__r01_s28101,scene_fc_clear_v02,FC_CLEAR,C4,D8,28101,29,NONE,,True,True,RETRIEVE,RETRIEVE,True,True,"{""action"": ""RETRIEVE""}"
v26__scene_fc_clear_v02__L4__C4_D8__r02_s28102,scene_fc_clear_v02,FC_CLEAR,C4,D8,28102,29,NONE,,True,True,RETRIEVE,RETRIEVE,True,True,"{""action"": ""RETRIEVE""}"
v26__scene_fc_clear_v02__L4__C4_D8__r03_s28103,scene_fc_clear_v02,FC_CLEAR,C4,D8,28103,29,CLEARANCE_OVERLAP,10,False,False,RETRIEVE,TRANSLATE,False,True,"{""action"": ""TRANSLATE""}"
v26__scene_fc_clear_v02__L4__C4_D8__r04_s28104,scene_fc_clear_v02,FC_CLEAR,C4,D8,28104,29,NONE,,True,True,RETRIEVE,RETRIEVE,True,True,"{""action"": ""RETRIEVE""}"
v26__scene_fc_clear_v02__L4__C4_D8__r05_s28105,scene_fc_clear_v02,FC_CLEAR,C4,D8,28105,29,NONE,,True,True,RETRIEVE,RETRIEVE,True,True,"{""action"": ""RETRIEVE""}"
v26__scene_fc_clear_v03__L4__C4_D8__r01_s28101,scene_fc_clear_v03,FC_CLEAR,C4,D8,28101,95,CLEARANCE_OVERLAP,20,False,False,RETRIEVE,TRANSLATE,False,True,"{""action"": ""TRANSLATE""}"
v26__scene_fc_clear_v03__L4__C4_D8__r02_s28102,scene_fc_clear_v03,FC_CLEAR,C4,D8,28102,95,NONE,,True,True,RETRIEVE,RETRIEVE,True,True,"{""action"": ""RETRIEVE""}"
v26__scene_fc_clear_v03__L4__C4_D8__r03_s28103,scene_fc_clear_v03,FC_CLEAR,C4,D8,28103,95,CLEARANCE_OVERLAP,20,False,False,RETRIEVE,TRANSLATE,False,True,"{""action"": ""TRANSLATE""}"
v26__scene_fc_clear_v03__L4__C4_D8__r04_s28104,scene_fc_clear_v03,FC_CLEAR,C4,D8,28104,95,NONE,,True,True,RETRIEVE,RETRIEVE,True,True,"{""action"": ""RETRIEVE""}"
v26__scene_fc_clear_v03__L4__C4_D8__r05_s28105,scene_fc_clear_v03,FC_CLEAR,C4,D8,28105,95,CLEARANCE_OVERLAP,20,False,False,RETRIEVE,TRANSLATE,False,True,"{""action"": ""TRANSLATE""}"
v26__scene_fc_clear_v04__L4__C4_D8__r01_s28101,scene_fc_clear_v04,FC_CLEAR,C4,D8,28101,61,CLEARANCE_OVERLAP,38,False,False,RETRIEVE,TRANSLATE,False,True,"{""action"": ""TRANSLATE""}"
v26__scene_fc_clear_v04__L4__C4_D8__r02_s28102,scene_fc_clear_v04,FC_CLEAR,C4,D8,28102,61,CLEARANCE_OVERLAP,38,False,False,RETRIEVE,TRANSLATE,False,True,"{""action"": ""TRANSLATE""}"
v26__scene_fc_clear_v04__L4__C4_D8__r03_s28103,scene_fc_clear_v04,FC_CLEAR,C4,D8,28103,61,CLEARANCE_OVERLAP,38,False,False,RETRIEVE,TRANSLATE,False,True,"{""action"": ""TRANSLATE""}"
v26__scene_fc_clear_v04__L4__C4_D8__r04_s28104,scene_fc_clear_v04,FC_CLEAR,C4,D8,28104,61,NONE,,True,True,RETRIEVE,RETRIEVE,True,True,"{""action"": ""RETRIEVE""}"
v26__scene_fc_clear_v04__L4__C4_D8__r05_s28105,scene_fc_clear_v04,FC_CLEAR,C4,D8,28105,61,CLEARANCE_OVERLAP,38,False,False,RETRIEVE,TRANSLATE,False,True,"{""action"": ""TRANSLATE""}"
v26__scene_fc_clear_v05__L4__C4_D8__r01_s28101,scene_fc_clear_v05,FC_CLEAR,C4,D8,28101,62,CLEARANCE_OVERLAP,82,True,True,RETRIEVE,TRANSLATE,False,True,"{""action"": ""TRANSLATE""}"
v26__scene_fc_clear_v05__L4__C4_D8__r02_s28102,scene_fc_clear_v05,FC_CLEAR,C4,D8,28102,62,CLEARANCE_OVERLAP,82,True,True,RETRIEVE,TRANSLATE,False,True,"{""action"": ""TRANSLATE""}"
v26__scene_fc_clear_v05__L4__C4_D8__r03_s28103,scene_fc_clear_v05,FC_CLEAR,C4,D8,28103,62,CLEARANCE_OVERLAP,82,True,True,RETRIEVE,TRANSLATE,False,True,"{""action"": ""TRANSLATE""}"
v26__scene_fc_clear_v05__L4__C4_D8__r04_s28104,scene_fc_clear_v05,FC_CLEAR,C4,D8,28104,62,NONE,,False,False,RETRIEVE,RETRIEVE,True,True,"{""action"": ""RETRIEVE""}"
v26__scene_fc_clear_v05__L4__C4_D8__r05_s28105,scene_fc_clear_v05,FC_CLEAR,C4,D8,28105,62,CLEARANCE_OVERLAP,82,True,True,RETRIEVE,TRANSLATE,False,True,"{""action"": ""TRANSLATE""}"
v26__scene_lift_and_relocate_v01__L4__C4_D8__r01_s28101,scene_lift_and_relocate_v01,LIFT_AND_RELOCATE,C4,D8,28101,59,CLEARANCE_OVERLAP,64,False,True,LIFT_AND_RELOCATE,LIFT_AND_RELOCATE,True,True,"{""action"": ""LIFT_AND_RELOCATE""}"
v26__scene_lift_and_relocate_v01__L4__C4_D8__r02_s28102,scene_lift_and_relocate_v01,LIFT_AND_RELOCATE,C4,D8,28102,59,BOTH,64,True,True,LIFT_AND_RELOCATE,LIFT_AND_RELOCATE,True,True,"{""action"": ""LIFT_AND_RELOCATE""}"
v26__scene_lift_and_relocate_v01__L4__C4_D8__r03_s28103,scene_lift_and_relocate_v01,LIFT_AND_RELOCATE,C4,D8,28103,59,CLEARANCE_OVERLAP,64,False,True,LIFT_AND_RELOCATE,LIFT_AND_RELOCATE,True,True,"{""action"": ""LIFT_AND_RELOCATE""}"
v26__scene_lift_and_relocate_v01__L4__C4_D8__r04_s28104,scene_lift_and_relocate_v01,LIFT_AND_RELOCATE,C4,D8,28104,59,CLEARANCE_OVERLAP,64,False,True,LIFT_AND_RELOCATE,LIFT_AND_RELOCATE,True,True,"{""action"": ""LIFT_AND_RELOCATE""}"
v26__scene_lift_and_relocate_v01__L4__C4_D8__r05_s28105,scene_lift_and_relocate_v01,LIFT_AND_RELOCATE,C4,D8,28105,59,CLEARANCE_OVERLAP,64,False,True,LIFT_AND_RELOCATE,LIFT_AND_RELOCATE,True,True,"{""action"": ""LIFT_AND_RELOCATE""}"
v26__scene_lift_and_relocate_v02__L4__C4_D8__r01_s28101,scene_lift_and_relocate_v02,LIFT_AND_RELOCATE,C4,D8,28101,70,CLEARANCE_OVERLAP,14,False,True,LIFT_AND_RELOCATE,LIFT_AND_RELOCATE,True,True,"{""action"": ""LIFT_AND_RELOCATE""}"
v26__scene_lift_and_relocate_v02__L4__C4_D8__r02_s28102,scene_lift_and_relocate_v02,LIFT_AND_RELOCATE,C4,D8,28102,70,BOTH,14,True,True,LIFT_AND_RELOCATE,LIFT_AND_RELOCATE,True,True,"{""action"": ""LIFT_AND_RELOCATE""}"
v26__scene_lift_and_relocate_v02__L4__C4_D8__r03_s28103,scene_lift_and_relocate_v02,LIFT_AND_RELOCATE,C4,D8,28103,70,CLEARANCE_OVERLAP,14,False,True,LIFT_AND_RELOCATE,LIFT_AND_RELOCATE,True,True,"{""action"": ""LIFT_AND_RELOCATE""}"
v26__scene_lift_and_relocate_v02__L4__C4_D8__r04_s28104,scene_lift_and_relocate_v02,LIFT_AND_RELOCATE,C4,D8,28104,70,CLEARANCE_OVERLAP,14,False,True,LIFT_AND_RELOCATE,LIFT_AND_RELOCATE,True,True,"{""action"": ""LIFT_AND_RELOCATE""}"
v26__scene_lift_and_relocate_v02__L4__C4_D8__r05_s28105,scene_lift_and_relocate_v02,LIFT_AND_RELOCATE,C4,D8,28105,70,CLEARANCE_OVERLAP,77,False,False,LIFT_AND_RELOCATE,TRANSLATE,False,True,"{""action"": ""TRANSLATE""}"
v26__scene_lift_and_relocate_v03__L4__C4_D8__r01_s28101,scene_lift_and_relocate_v03,LIFT_AND_RELOCATE,C4,D8,28101,12,CLEARANCE_OVERLAP,16,False,False,LIFT_AND_RELOCATE,TRANSLATE,False,True,"{""action"": ""TRANSLATE""}"
v26__scene_lift_and_relocate_v03__L4__C4_D8__r02_s28102,scene_lift_and_relocate_v03,LIFT_AND_RELOCATE,C4,D8,28102,12,CLEARANCE_OVERLAP,16,False,False,LIFT_AND_RELOCATE,TRANSLATE,False,True,"{""action"": ""TRANSLATE""}"
v26__scene_lift_and_relocate_v03__L4__C4_D8__r03_s28103,scene_lift_and_relocate_v03,LIFT_AND_RELOCATE,C4,D8,28103,12,CLEARANCE_OVERLAP,16,False,False,LIFT_AND_RELOCATE,TRANSLATE,False,True,"{""action"": ""TRANSLATE""}"
v26__scene_lift_and_relocate_v03__L4__C4_D8__r04_s28104,scene_lift_and_relocate_v03,LIFT_AND_RELOCATE,C4,D8,28104,12,CLEARANCE_OVERLAP,16,False,False,LIFT_AND_RELOCATE,TRANSLATE,False,True,"{""action"": ""TRANSLATE""}"
v26__scene_lift_and_relocate_v03__L4__C4_D8__r05_s28105,scene_lift_and_relocate_v03,LIFT_AND_RELOCATE,C4,D8,28105,12,CLEARANCE_OVERLAP,16,False,False,LIFT_AND_RELOCATE,TRANSLATE,False,True,"{""action"": ""TRANSLATE""}"
v26__scene_lift_and_relocate_v04__L4__C4_D8__r01_s28101,scene_lift_and_relocate_v04,LIFT_AND_RELOCATE,C4,D8,28101,68,CLEARANCE_OVERLAP,30,False,False,LIFT_AND_RELOCATE,TRANSLATE,False,True,"{""action"": ""TRANSLATE""}"
v26__scene_lift_and_relocate_v04__L4__C4_D8__r02_s28102,scene_lift_and_relocate_v04,LIFT_AND_RELOCATE,C4,D8,28102,68,CLEARANCE_OVERLAP,30,False,False,LIFT_AND_RELOCATE,TRANSLATE,False,True,"{""action"": ""TRANSLATE""}"
v26__scene_lift_and_relocate_v04__L4__C4_D8__r03_s28103,scene_lift_and_relocate_v04,LIFT_AND_RELOCATE,C4,D8,28103,68,CLEARANCE_OVERLAP,30,False,False,LIFT_AND_RELOCATE,TRANSLATE,False,True,"{""action"": ""TRANSLATE""}"
v26__scene_lift_and_relocate_v04__L4__C4_D8__r04_s28104,scene_lift_and_relocate_v04,LIFT_AND_RELOCATE,C4,D8,28104,68,CLEARANCE_OVERLAP,30,False,False,LIFT_AND_RELOCATE,TRANSLATE,False,True,"{""action"": ""TRANSLATE""}"
v26__scene_lift_and_relocate_v04__L4__C4_D8__r05_s28105,scene_lift_and_relocate_v04,LIFT_AND_RELOCATE,C4,D8,28105,68,CLEARANCE_OVERLAP,30,False,False,LIFT_AND_RELOCATE,TRANSLATE,False,True,"{""action"": ""TRANSLATE""}"
v26__scene_lift_and_relocate_v05__L4__C4_D8__r01_s28101,scene_lift_and_relocate_v05,LIFT_AND_RELOCATE,C4,D8,28101,43,BOTH,15,True,True,LIFT_AND_RELOCATE,TRANSLATE,False,True,"{""action"": ""TRANSLATE""}"
v26__scene_lift_and_relocate_v05__L4__C4_D8__r02_s28102,scene_lift_and_relocate_v05,LIFT_AND_RELOCATE,C4,D8,28102,43,BOTH,15,True,True,LIFT_AND_RELOCATE,TRANSLATE,False,True,"{""action"": ""TRANSLATE""}"
v26__scene_lift_and_relocate_v05__L4__C4_D8__r03_s28103,scene_lift_and_relocate_v05,LIFT_AND_RELOCATE,C4,D8,28103,43,BOTH,15,True,True,LIFT_AND_RELOCATE,TRANSLATE,False,True,"{""action"": ""TRANSLATE""}"
v26__scene_lift_and_relocate_v05__L4__C4_D8__r04_s28104,scene_lift_and_relocate_v05,LIFT_AND_RELOCATE,C4,D8,28104,43,BOTH,15,True,True,LIFT_AND_RELOCATE,TRANSLATE,False,True,"{""action"": ""TRANSLATE""}"
v26__scene_lift_and_relocate_v05__L4__C4_D8__r05_s28105,scene_lift_and_relocate_v05,LIFT_AND_RELOCATE,C4,D8,28105,43,BOTH,15,True,True,LIFT_AND_RELOCATE,TRANSLATE,False,True,"{""action"": ""TRANSLATE""}"
v26__scene_rotate_v01__L4__C4_D8__r01_s28101,scene_rotate_v01,ROTATE,C4,D8,28101,12,BOTH,95,False,True,ROTATE,LIFT_AND_RELOCATE,False,True,"{""action"": ""LIFT_AND_RELOCATE""}"
v26__scene_rotate_v01__L4__C4_D8__r02_s28102,scene_rotate_v01,ROTATE,C4,D8,28102,12,BOTH,54,False,False,ROTATE,TRANSLATE,False,True,"{""action"": ""TRANSLATE""}"
v26__scene_rotate_v01__L4__C4_D8__r03_s28103,scene_rotate_v01,ROTATE,C4,D8,28103,12,CLEARANCE_OVERLAP,54,False,False,ROTATE,TRANSLATE,False,True,"{""action"": ""TRANSLATE""}"
v26__scene_rotate_v01__L4__C4_D8__r04_s28104,scene_rotate_v01,ROTATE,C4,D8,28104,12,CLEARANCE_OVERLAP,54,False,False,ROTATE,TRANSLATE,False,True,"{""action"": ""TRANSLATE""}"
v26__scene_rotate_v01__L4__C4_D8__r05_s28105,scene_rotate_v01,ROTATE,C4,D8,28105,12,CLEARANCE_OVERLAP,54,False,False,ROTATE,TRANSLATE,False,True,"{""action"": ""TRANSLATE""}"
v26__scene_rotate_v02__L4__C4_D8__r01_s28101,scene_rotate_v02,ROTATE,C4,D8,28101,38,OCCLUSION,50,True,True,ROTATE,LIFT_AND_RELOCATE,False,True,"{""action"": ""LIFT_AND_RELOCATE""}"
v26__scene_rotate_v02__L4__C4_D8__r02_s28102,scene_rotate_v02,ROTATE,C4,D8,28102,38,BOTH,50,False,True,ROTATE,LIFT_AND_RELOCATE,False,True,"{""action"": ""LIFT_AND_RELOCATE""}"
v26__scene_rotate_v02__L4__C4_D8__r03_s28103,scene_rotate_v02,ROTATE,C4,D8,28103,38,BOTH,50,False,True,ROTATE,LIFT_AND_RELOCATE,False,True,"{""action"": ""LIFT_AND_RELOCATE""}"
v26__scene_rotate_v02__L4__C4_D8__r04_s28104,scene_rotate_v02,ROTATE,C4,D8,28104,38,CLEARANCE_OVERLAP,50,False,True,ROTATE,TRANSLATE,False,True,"{""action"": ""TRANSLATE""}"
v26__scene_rotate_v02__L4__C4_D8__r05_s28105,scene_rotate_v02,ROTATE,C4,D8,28105,38,CLEARANCE_OVERLAP,29,False,False,ROTATE,TRANSLATE,False,True,"{""action"": ""TRANSLATE""}"
v26__scene_rotate_v03__L4__C4_D8__r01_s28101,scene_rotate_v03,ROTATE,C4,D8,28101,83,BOTH,19,False,True,ROTATE,TRANSLATE,False,True,"{""action"": ""TRANSLATE""}"
v26__scene_rotate_v03__L4__C4_D8__r02_s28102,scene_rotate_v03,ROTATE,C4,D8,28102,83,BOTH,19,False,True,ROTATE,TRANSLATE,False,True,"{""action"": ""TRANSLATE""}"
v26__scene_rotate_v03__L4__C4_D8__r03_s28103,scene_rotate_v03,ROTATE,C4,D8,28103,83,BOTH,19,False,True,ROTATE,TRANSLATE,False,True,"{""action"": ""TRANSLATE""}"
v26__scene_rotate_v03__L4__C4_D8__r04_s28104,scene_rotate_v03,ROTATE,C4,D8,28104,83,CLEARANCE_OVERLAP,23,False,False,ROTATE,TRANSLATE,False,True,"{""action"": ""TRANSLATE""}"
v26__scene_rotate_v03__L4__C4_D8__r05_s28105,scene_rotate_v03,ROTATE,C4,D8,28105,83,CLEARANCE_OVERLAP,23,False,False,ROTATE,TRANSLATE,False,True,"{""action"": ""TRANSLATE""}"
v26__scene_rotate_v04__L4__C4_D8__r01_s28101,scene_rotate_v04,ROTATE,C4,D8,28101,47,OCCLUSION,95,True,True,ROTATE,LIFT_AND_RELOCATE,False,True,"{""action"": ""LIFT_AND_RELOCATE""}"
v26__scene_rotate_v04__L4__C4_D8__r02_s28102,scene_rotate_v04,ROTATE,C4,D8,28102,47,CLEARANCE_OVERLAP,25,False,False,ROTATE,TRANSLATE,False,True,"{""action"": ""TRANSLATE""}"
v26__scene_rotate_v04__L4__C4_D8__r03_s28103,scene_rotate_v04,ROTATE,C4,D8,28103,47,CLEARANCE_OVERLAP,25,False,False,ROTATE,TRANSLATE,False,True,"{""action"": ""TRANSLATE""}"
v26__scene_rotate_v04__L4__C4_D8__r04_s28104,scene_rotate_v04,ROTATE,C4,D8,28104,47,CLEARANCE_OVERLAP,25,False,False,ROTATE,TRANSLATE,False,True,"{""action"": ""TRANSLATE""}"
v26__scene_rotate_v04__L4__C4_D8__r05_s28105,scene_rotate_v04,ROTATE,C4,D8,28105,47,OCCLUSION,95,True,True,ROTATE,LIFT_AND_RELOCATE,False,True,"{""action"": ""LIFT_AND_RELOCATE""}"
v26__scene_rotate_v05__L4__C4_D8__r01_s28101,scene_rotate_v05,ROTATE,C4,D8,28101,44,CLEARANCE_OVERLAP,82,False,True,ROTATE,TRANSLATE,False,True,"{""action"": ""TRANSLATE""}"
v26__scene_rotate_v05__L4__C4_D8__r02_s28102,scene_rotate_v05,ROTATE,C4,D8,28102,44,BOTH,82,False,True,ROTATE,LIFT_AND_RELOCATE,False,True,"{""action"": ""LIFT_AND_RELOCATE""}"
v26__scene_rotate_v05__L4__C4_D8__r03_s28103,scene_rotate_v05,ROTATE,C4,D8,28103,44,CLEARANCE_OVERLAP,82,False,True,ROTATE,TRANSLATE,False,True,"{""action"": ""TRANSLATE""}"
v26__scene_rotate_v05__L4__C4_D8__r04_s28104,scene_rotate_v05,ROTATE,C4,D8,28104,44,CLEARANCE_OVERLAP,82,False,True,ROTATE,TRANSLATE,False,True,"{""action"": ""TRANSLATE""}"
v26__scene_rotate_v05__L4__C4_D8__r05_s28105,scene_rotate_v05,ROTATE,C4,D8,28105,44,BOTH,82,False,True,ROTATE,LIFT_AND_RELOCATE,False,True,"{""action"": ""LIFT_AND_RELOCATE""}"
v26__scene_translate_v01__L4__C4_D8__r01_s28101,scene_translate_v01,TRANSLATE,C4,D8,28101,67,CLEARANCE_OVERLAP,35,False,True,TRANSLATE,TRANSLATE,True,True,"{""action"": ""TRANSLATE""}"
v26__scene_translate_v01__L4__C4_D8__r02_s28102,scene_translate_v01,TRANSLATE,C4,D8,28102,67,CLEARANCE_OVERLAP,35,False,True,TRANSLATE,TRANSLATE,True,True,"{""action"": ""TRANSLATE""}"
v26__scene_translate_v01__L4__C4_D8__r03_s28103,scene_translate_v01,TRANSLATE,C4,D8,28103,67,CLEARANCE_OVERLAP,35,False,True,TRANSLATE,TRANSLATE,True,True,"{""action"": ""TRANSLATE""}"
v26__scene_translate_v01__L4__C4_D8__r04_s28104,scene_translate_v01,TRANSLATE,C4,D8,28104,67,CLEARANCE_OVERLAP,35,False,True,TRANSLATE,TRANSLATE,True,True,"{""action"": ""TRANSLATE""}"
v26__scene_translate_v01__L4__C4_D8__r05_s28105,scene_translate_v01,TRANSLATE,C4,D8,28105,67,CLEARANCE_OVERLAP,35,False,True,TRANSLATE,TRANSLATE,True,True,"{""action"": ""TRANSLATE""}"
v26__scene_translate_v02__L4__C4_D8__r01_s28101,scene_translate_v02,TRANSLATE,C4,D8,28101,45,CLEARANCE_OVERLAP,95,False,True,TRANSLATE,LIFT_AND_RELOCATE,False,True,"{""action"": ""LIFT_AND_RELOCATE""}"
v26__scene_translate_v02__L4__C4_D8__r02_s28102,scene_translate_v02,TRANSLATE,C4,D8,28102,45,CLEARANCE_OVERLAP,95,False,True,TRANSLATE,LIFT_AND_RELOCATE,False,True,"{""action"": ""LIFT_AND_RELOCATE""}"
v26__scene_translate_v02__L4__C4_D8__r03_s28103,scene_translate_v02,TRANSLATE,C4,D8,28103,45,CLEARANCE_OVERLAP,95,False,True,TRANSLATE,LIFT_AND_RELOCATE,False,True,"{""action"": ""LIFT_AND_RELOCATE""}"
v26__scene_translate_v02__L4__C4_D8__r04_s28104,scene_translate_v02,TRANSLATE,C4,D8,28104,45,CLEARANCE_OVERLAP,95,False,True,TRANSLATE,TRANSLATE,True,True,"{""action"": ""TRANSLATE""}"
v26__scene_translate_v02__L4__C4_D8__r05_s28105,scene_translate_v02,TRANSLATE,C4,D8,28105,45,CLEARANCE_OVERLAP,95,False,True,TRANSLATE,LIFT_AND_RELOCATE,False,True,"{""action"": ""LIFT_AND_RELOCATE""}"
v26__scene_translate_v03__L4__C4_D8__r01_s28101,scene_translate_v03,TRANSLATE,C4,D8,28101,18,CLEARANCE_OVERLAP,45,False,True,TRANSLATE,LIFT_AND_RELOCATE,False,True,"{""action"": ""LIFT_AND_RELOCATE""}"
v26__scene_translate_v03__L4__C4_D8__r02_s28102,scene_translate_v03,TRANSLATE,C4,D8,28102,18,CLEARANCE_OVERLAP,45,False,True,TRANSLATE,LIFT_AND_RELOCATE,False,True,"{""action"": ""LIFT_AND_RELOCATE""}"
v26__scene_translate_v03__L4__C4_D8__r03_s28103,scene_translate_v03,TRANSLATE,C4,D8,28103,18,CLEARANCE_OVERLAP,45,False,True,TRANSLATE,LIFT_AND_RELOCATE,False,True,"{""action"": ""LIFT_AND_RELOCATE""}"
v26__scene_translate_v03__L4__C4_D8__r04_s28104,scene_translate_v03,TRANSLATE,C4,D8,28104,18,CLEARANCE_OVERLAP,45,False,True,TRANSLATE,LIFT_AND_RELOCATE,False,True,"{""action"": ""LIFT_AND_RELOCATE""}"
v26__scene_translate_v03__L4__C4_D8__r05_s28105,scene_translate_v03,TRANSLATE,C4,D8,28105,18,CLEARANCE_OVERLAP,45,False,True,TRANSLATE,LIFT_AND_RELOCATE,False,True,"{""action"": ""LIFT_AND_RELOCATE""}"
v26__scene_translate_v04__L4__C4_D8__r01_s28101,scene_translate_v04,TRANSLATE,C4,D8,28101,13,CLEARANCE_OVERLAP,84,False,True,TRANSLATE,LIFT_AND_RELOCATE,False,True,"{""action"": ""LIFT_AND_RELOCATE""}"
v26__scene_translate_v04__L4__C4_D8__r02_s28102,scene_translate_v04,TRANSLATE,C4,D8,28102,13,CLEARANCE_OVERLAP,41,False,False,TRANSLATE,TRANSLATE,True,True,"{""action"": ""TRANSLATE""}"
v26__scene_translate_v04__L4__C4_D8__r03_s28103,scene_translate_v04,TRANSLATE,C4,D8,28103,13,CLEARANCE_OVERLAP,41,False,False,TRANSLATE,TRANSLATE,True,True,"{""action"": ""TRANSLATE""}"
v26__scene_translate_v04__L4__C4_D8__r04_s28104,scene_translate_v04,TRANSLATE,C4,D8,28104,13,CLEARANCE_OVERLAP,41,False,False,TRANSLATE,TRANSLATE,True,True,"{""action"": ""TRANSLATE""}"
v26__scene_translate_v04__L4__C4_D8__r05_s28105,scene_translate_v04,TRANSLATE,C4,D8,28105,13,CLEARANCE_OVERLAP,84,False,True,TRANSLATE,LIFT_AND_RELOCATE,False,True,"{""action"": ""LIFT_AND_RELOCATE""}"
v26__scene_translate_v05__L4__C4_D8__r01_s28101,scene_translate_v05,TRANSLATE,C4,D8,28101,54,CLEARANCE_OVERLAP,79,False,True,TRANSLATE,TRANSLATE,True,True,"{""action"": ""TRANSLATE""}"
v26__scene_translate_v05__L4__C4_D8__r02_s28102,scene_translate_v05,TRANSLATE,C4,D8,28102,54,CLEARANCE_OVERLAP,79,False,True,TRANSLATE,TRANSLATE,True,True,"{""action"": ""TRANSLATE""}"
v26__scene_translate_v05__L4__C4_D8__r03_s28103,scene_translate_v05,TRANSLATE,C4,D8,28103,54,CLEARANCE_OVERLAP,79,False,True,TRANSLATE,TRANSLATE,True,True,"{""action"": ""TRANSLATE""}"
v26__scene_translate_v05__L4__C4_D8__r04_s28104,scene_translate_v05,TRANSLATE,C4,D8,28104,54,CLEARANCE_OVERLAP,79,False,True,TRANSLATE,TRANSLATE,True,True,"{""action"": ""TRANSLATE""}"
v26__scene_translate_v05__L4__C4_D8__r05_s28105,scene_translate_v05,TRANSLATE,C4,D8,28105,54,CLEARANCE_OVERLAP,79,False,True,TRANSLATE,TRANSLATE,True,True,"{""action"": ""TRANSLATE""}"
v26__scene_fc_blocked_v01__L4__C5_D4__r01_s28101,scene_fc_blocked_v01,FC_BLOCKED,C5,D4,28101,64,CLEARANCE_OVERLAP,40,True,True,TRANSLATE,TRANSLATE,True,True,"{""action"": ""TRANSLATE""}"
v26__scene_fc_blocked_v01__L4__C5_D4__r02_s28102,scene_fc_blocked_v01,FC_BLOCKED,C5,D4,28102,64,CLEARANCE_OVERLAP,40,True,True,TRANSLATE,TRANSLATE,True,True,"{""action"": ""TRANSLATE""}"
v26__scene_fc_blocked_v01__L4__C5_D4__r03_s28103,scene_fc_blocked_v01,FC_BLOCKED,C5,D4,28103,64,CLEARANCE_OVERLAP,40,True,True,TRANSLATE,TRANSLATE,True,True,"{""action"": ""TRANSLATE""}"
v26__scene_fc_blocked_v01__L4__C5_D4__r04_s28104,scene_fc_blocked_v01,FC_BLOCKED,C5,D4,28104,64,CLEARANCE_OVERLAP,40,True,True,TRANSLATE,TRANSLATE,True,True,"{""action"": ""TRANSLATE""}"
v26__scene_fc_blocked_v01__L4__C5_D4__r05_s28105,scene_fc_blocked_v01,FC_BLOCKED,C5,D4,28105,64,CLEARANCE_OVERLAP,40,True,True,TRANSLATE,TRANSLATE,True,True,"{""action"": ""TRANSLATE""}"
v26__scene_fc_blocked_v02__L4__C5_D4__r01_s28101,scene_fc_blocked_v02,FC_BLOCKED,C5,D4,28101,53,CLEARANCE_OVERLAP,49,True,True,TRANSLATE,TRANSLATE,True,True,"{""action"": ""TRANSLATE""}"
v26__scene_fc_blocked_v02__L4__C5_D4__r02_s28102,scene_fc_blocked_v02,FC_BLOCKED,C5,D4,28102,53,CLEARANCE_OVERLAP,49,True,True,TRANSLATE,TRANSLATE,True,True,"{""action"": ""TRANSLATE""}"
v26__scene_fc_blocked_v02__L4__C5_D4__r03_s28103,scene_fc_blocked_v02,FC_BLOCKED,C5,D4,28103,53,CLEARANCE_OVERLAP,49,True,True,TRANSLATE,TRANSLATE,True,True,"{""action"": ""TRANSLATE""}"
v26__scene_fc_blocked_v02__L4__C5_D4__r04_s28104,scene_fc_blocked_v02,FC_BLOCKED,C5,D4,28104,53,CLEARANCE_OVERLAP,49,True,True,TRANSLATE,TRANSLATE,True,True,"{""action"": ""TRANSLATE""}"
v26__scene_fc_blocked_v02__L4__C5_D4__r05_s28105,scene_fc_blocked_v02,FC_BLOCKED,C5,D4,28105,53,CLEARANCE_OVERLAP,49,True,True,TRANSLATE,TRANSLATE,True,True,"{""action"": ""TRANSLATE""}"
v26__scene_fc_blocked_v03__L4__C5_D4__r01_s28101,scene_fc_blocked_v03,FC_BLOCKED,C5,D4,28101,12,CLEARANCE_OVERLAP,33,True,True,TRANSLATE,TRANSLATE,True,True,"{""action"": ""TRANSLATE""}"
v26__scene_fc_blocked_v03__L4__C5_D4__r02_s28102,scene_fc_blocked_v03,FC_BLOCKED,C5,D4,28102,12,CLEARANCE_OVERLAP,33,True,True,TRANSLATE,TRANSLATE,True,True,"{""action"": ""TRANSLATE""}"
v26__scene_fc_blocked_v03__L4__C5_D4__r03_s28103,scene_fc_blocked_v03,FC_BLOCKED,C5,D4,28103,12,CLEARANCE_OVERLAP,33,True,True,TRANSLATE,TRANSLATE,True,True,"{""action"": ""TRANSLATE""}"
v26__scene_fc_blocked_v03__L4__C5_D4__r04_s28104,scene_fc_blocked_v03,FC_BLOCKED,C5,D4,28104,12,CLEARANCE_OVERLAP,33,True,True,TRANSLATE,TRANSLATE,True,True,"{""action"": ""TRANSLATE""}"
v26__scene_fc_blocked_v03__L4__C5_D4__r05_s28105,scene_fc_blocked_v03,FC_BLOCKED,C5,D4,28105,12,CLEARANCE_OVERLAP,33,True,True,TRANSLATE,TRANSLATE,True,True,"{""action"": ""TRANSLATE""}"
v26__scene_fc_blocked_v04__L4__C5_D4__r01_s28101,scene_fc_blocked_v04,FC_BLOCKED,C5,D4,28101,89,CLEARANCE_OVERLAP,19,True,True,TRANSLATE,TRANSLATE,True,True,"{""action"": ""TRANSLATE""}"
v26__scene_fc_blocked_v04__L4__C5_D4__r02_s28102,scene_fc_blocked_v04,FC_BLOCKED,C5,D4,28102,89,CLEARANCE_OVERLAP,19,True,True,TRANSLATE,TRANSLATE,True,True,"{""action"": ""TRANSLATE""}"
v26__scene_fc_blocked_v04__L4__C5_D4__r03_s28103,scene_fc_blocked_v04,FC_BLOCKED,C5,D4,28103,89,CLEARANCE_OVERLAP,19,True,True,TRANSLATE,TRANSLATE,True,True,"{""action"": ""TRANSLATE""}"
v26__scene_fc_blocked_v04__L4__C5_D4__r04_s28104,scene_fc_blocked_v04,FC_BLOCKED,C5,D4,28104,89,CLEARANCE_OVERLAP,19,True,True,TRANSLATE,TRANSLATE,True,True,"{""action"": ""TRANSLATE""}"
v26__scene_fc_blocked_v04__L4__C5_D4__r05_s28105,scene_fc_blocked_v04,FC_BLOCKED,C5,D4,28105,89,CLEARANCE_OVERLAP,19,True,True,TRANSLATE,TRANSLATE,True,True,"{""action"": ""TRANSLATE""}"
v26__scene_fc_blocked_v05__L4__C5_D4__r01_s28101,scene_fc_blocked_v05,FC_BLOCKED,C5,D4,28101,59,CLEARANCE_OVERLAP,26,False,True,TRANSLATE,TRANSLATE,True,True,"{""action"": ""TRANSLATE""}"
v26__scene_fc_blocked_v05__L4__C5_D4__r02_s28102,scene_fc_blocked_v05,FC_BLOCKED,C5,D4,28102,59,CLEARANCE_OVERLAP,26,False,True,TRANSLATE,TRANSLATE,True,True,"{""action"": ""TRANSLATE""}"
v26__scene_fc_blocked_v05__L4__C5_D4__r03_s28103,scene_fc_blocked_v05,FC_BLOCKED,C5,D4,28103,59,CLEARANCE_OVERLAP,26,False,True,TRANSLATE,TRANSLATE,True,True,"{""action"": ""TRANSLATE""}"
v26__scene_fc_blocked_v05__L4__C5_D4__r04_s28104,scene_fc_blocked_v05,FC_BLOCKED,C5,D4,28104,59,CLEARANCE_OVERLAP,26,False,True,TRANSLATE,TRANSLATE,True,True,"{""action"": ""TRANSLATE""}"
v26__scene_fc_blocked_v05__L4__C5_D4__r05_s28105,scene_fc_blocked_v05,FC_BLOCKED,C5,D4,28105,59,CLEARANCE_OVERLAP,26,False,True,TRANSLATE,TRANSLATE,True,True,"{""action"": ""TRANSLATE""}"
v26__scene_fc_clear_v01__L4__C5_D4__r01_s28101,scene_fc_clear_v01,FC_CLEAR,C5,D4,28101,53,CLEARANCE_OVERLAP,98,False,False,RETRIEVE,TRANSLATE,False,True,"{""action"": ""TRANSLATE""}"
v26__scene_fc_clear_v01__L4__C5_D4__r02_s28102,scene_fc_clear_v01,FC_CLEAR,C5,D4,28102,53,CLEARANCE_OVERLAP,98,False,False,RETRIEVE,TRANSLATE,False,True,"{""action"": ""TRANSLATE""}"
v26__scene_fc_clear_v01__L4__C5_D4__r03_s28103,scene_fc_clear_v01,FC_CLEAR,C5,D4,28103,53,CLEARANCE_OVERLAP,98,False,False,RETRIEVE,TRANSLATE,False,True,"{""action"": ""TRANSLATE""}"
v26__scene_fc_clear_v01__L4__C5_D4__r04_s28104,scene_fc_clear_v01,FC_CLEAR,C5,D4,28104,53,CLEARANCE_OVERLAP,98,False,False,RETRIEVE,TRANSLATE,False,True,"{""action"": ""TRANSLATE""}"
v26__scene_fc_clear_v01__L4__C5_D4__r05_s28105,scene_fc_clear_v01,FC_CLEAR,C5,D4,28105,53,NONE,,True,True,RETRIEVE,RETRIEVE,True,True,"{""action"": ""RETRIEVE""}"
v26__scene_fc_clear_v02__L4__C5_D4__r01_s28101,scene_fc_clear_v02,FC_CLEAR,C5,D4,28101,29,NONE,,True,True,RETRIEVE,RETRIEVE,True,True,"{""action"": ""RETRIEVE""}"
v26__scene_fc_clear_v02__L4__C5_D4__r02_s28102,scene_fc_clear_v02,FC_CLEAR,C5,D4,28102,29,NONE,,True,True,RETRIEVE,RETRIEVE,True,True,"{""action"": ""RETRIEVE""}"
v26__scene_fc_clear_v02__L4__C5_D4__r03_s28103,scene_fc_clear_v02,FC_CLEAR,C5,D4,28103,29,NONE,,True,True,RETRIEVE,RETRIEVE,True,True,"{""action"": ""RETRIEVE""}"
v26__scene_fc_clear_v02__L4__C5_D4__r04_s28104,scene_fc_clear_v02,FC_CLEAR,C5,D4,28104,29,NONE,,True,True,RETRIEVE,RETRIEVE,True,True,"{""action"": ""RETRIEVE""}"
v26__scene_fc_clear_v02__L4__C5_D4__r05_s28105,scene_fc_clear_v02,FC_CLEAR,C5,D4,28105,29,NONE,,True,True,RETRIEVE,RETRIEVE,True,True,"{""action"": ""RETRIEVE""}"
v26__scene_fc_clear_v03__L4__C5_D4__r01_s28101,scene_fc_clear_v03,FC_CLEAR,C5,D4,28101,95,NONE,,True,True,RETRIEVE,RETRIEVE,True,True,"{""action"": ""RETRIEVE""}"
v26__scene_fc_clear_v03__L4__C5_D4__r02_s28102,scene_fc_clear_v03,FC_CLEAR,C5,D4,28102,95,NONE,,True,True,RETRIEVE,RETRIEVE,True,True,"{""action"": ""RETRIEVE""}"
v26__scene_fc_clear_v03__L4__C5_D4__r03_s28103,scene_fc_clear_v03,FC_CLEAR,C5,D4,28103,95,CLEARANCE_OVERLAP,20,False,False,RETRIEVE,TRANSLATE,False,True,"{""action"": ""TRANSLATE""}"
v26__scene_fc_clear_v03__L4__C5_D4__r04_s28104,scene_fc_clear_v03,FC_CLEAR,C5,D4,28104,95,CLEARANCE_OVERLAP,20,False,False,RETRIEVE,TRANSLATE,False,True,"{""action"": ""TRANSLATE""}"
v26__scene_fc_clear_v03__L4__C5_D4__r05_s28105,scene_fc_clear_v03,FC_CLEAR,C5,D4,28105,95,NONE,,True,True,RETRIEVE,RETRIEVE,True,True,"{""action"": ""RETRIEVE""}"
v26__scene_fc_clear_v04__L4__C5_D4__r01_s28101,scene_fc_clear_v04,FC_CLEAR,C5,D4,28101,61,NONE,,True,True,RETRIEVE,RETRIEVE,True,True,"{""action"": ""RETRIEVE""}"
v26__scene_fc_clear_v04__L4__C5_D4__r02_s28102,scene_fc_clear_v04,FC_CLEAR,C5,D4,28102,61,CLEARANCE_OVERLAP,38,False,False,RETRIEVE,TRANSLATE,False,True,"{""action"": ""TRANSLATE""}"
v26__scene_fc_clear_v04__L4__C5_D4__r03_s28103,scene_fc_clear_v04,FC_CLEAR,C5,D4,28103,61,NONE,,True,True,RETRIEVE,RETRIEVE,True,True,"{""action"": ""RETRIEVE""}"
v26__scene_fc_clear_v04__L4__C5_D4__r04_s28104,scene_fc_clear_v04,FC_CLEAR,C5,D4,28104,61,NONE,,True,True,RETRIEVE,RETRIEVE,True,True,"{""action"": ""RETRIEVE""}"
v26__scene_fc_clear_v04__L4__C5_D4__r05_s28105,scene_fc_clear_v04,FC_CLEAR,C5,D4,28105,61,NONE,,True,True,RETRIEVE,RETRIEVE,True,True,"{""action"": ""RETRIEVE""}"
v26__scene_fc_clear_v05__L4__C5_D4__r01_s28101,scene_fc_clear_v05,FC_CLEAR,C5,D4,28101,62,CLEARANCE_OVERLAP,82,True,True,RETRIEVE,TRANSLATE,False,True,"{""action"": ""TRANSLATE""}"
v26__scene_fc_clear_v05__L4__C5_D4__r02_s28102,scene_fc_clear_v05,FC_CLEAR,C5,D4,28102,62,CLEARANCE_OVERLAP,82,True,True,RETRIEVE,TRANSLATE,False,True,"{""action"": ""TRANSLATE""}"
v26__scene_fc_clear_v05__L4__C5_D4__r03_s28103,scene_fc_clear_v05,FC_CLEAR,C5,D4,28103,62,NONE,,False,False,RETRIEVE,RETRIEVE,True,True,"{""action"": ""RETRIEVE""}"
v26__scene_fc_clear_v05__L4__C5_D4__r04_s28104,scene_fc_clear_v05,FC_CLEAR,C5,D4,28104,62,CLEARANCE_OVERLAP,82,True,True,RETRIEVE,TRANSLATE,False,True,"{""action"": ""TRANSLATE""}"
v26__scene_fc_clear_v05__L4__C5_D4__r05_s28105,scene_fc_clear_v05,FC_CLEAR,C5,D4,28105,62,NONE,,False,False,RETRIEVE,RETRIEVE,True,True,"{""action"": ""RETRIEVE""}"
v26__scene_lift_and_relocate_v01__L4__C5_D4__r01_s28101,scene_lift_and_relocate_v01,LIFT_AND_RELOCATE,C5,D4,28101,59,CLEARANCE_OVERLAP,64,False,True,LIFT_AND_RELOCATE,TRANSLATE,False,True,"{""action"": ""TRANSLATE""}"
v26__scene_lift_and_relocate_v01__L4__C5_D4__r02_s28102,scene_lift_and_relocate_v01,LIFT_AND_RELOCATE,C5,D4,28102,59,CLEARANCE_OVERLAP,64,False,True,LIFT_AND_RELOCATE,TRANSLATE,False,True,"{""action"": ""TRANSLATE""}"
v26__scene_lift_and_relocate_v01__L4__C5_D4__r03_s28103,scene_lift_and_relocate_v01,LIFT_AND_RELOCATE,C5,D4,28103,59,CLEARANCE_OVERLAP,64,False,True,LIFT_AND_RELOCATE,TRANSLATE,False,True,"{""action"": ""TRANSLATE""}"
v26__scene_lift_and_relocate_v01__L4__C5_D4__r04_s28104,scene_lift_and_relocate_v01,LIFT_AND_RELOCATE,C5,D4,28104,59,CLEARANCE_OVERLAP,64,False,True,LIFT_AND_RELOCATE,TRANSLATE,False,True,"{""action"": ""TRANSLATE""}"
v26__scene_lift_and_relocate_v01__L4__C5_D4__r05_s28105,scene_lift_and_relocate_v01,LIFT_AND_RELOCATE,C5,D4,28105,59,CLEARANCE_OVERLAP,64,False,True,LIFT_AND_RELOCATE,TRANSLATE,False,True,"{""action"": ""TRANSLATE""}"
v26__scene_lift_and_relocate_v02__L4__C5_D4__r01_s28101,scene_lift_and_relocate_v02,LIFT_AND_RELOCATE,C5,D4,28101,70,CLEARANCE_OVERLAP,14,False,True,LIFT_AND_RELOCATE,TRANSLATE,False,True,"{""action"": ""TRANSLATE""}"
v26__scene_lift_and_relocate_v02__L4__C5_D4__r02_s28102,scene_lift_and_relocate_v02,LIFT_AND_RELOCATE,C5,D4,28102,70,CLEARANCE_OVERLAP,14,False,True,LIFT_AND_RELOCATE,TRANSLATE,False,True,"{""action"": ""TRANSLATE""}"
v26__scene_lift_and_relocate_v02__L4__C5_D4__r03_s28103,scene_lift_and_relocate_v02,LIFT_AND_RELOCATE,C5,D4,28103,70,CLEARANCE_OVERLAP,77,False,False,LIFT_AND_RELOCATE,TRANSLATE,False,True,"{""action"": ""TRANSLATE""}"
v26__scene_lift_and_relocate_v02__L4__C5_D4__r04_s28104,scene_lift_and_relocate_v02,LIFT_AND_RELOCATE,C5,D4,28104,70,CLEARANCE_OVERLAP,14,False,True,LIFT_AND_RELOCATE,TRANSLATE,False,True,"{""action"": ""TRANSLATE""}"
v26__scene_lift_and_relocate_v02__L4__C5_D4__r05_s28105,scene_lift_and_relocate_v02,LIFT_AND_RELOCATE,C5,D4,28105,70,CLEARANCE_OVERLAP,14,False,True,LIFT_AND_RELOCATE,TRANSLATE,False,True,"{""action"": ""TRANSLATE""}"
v26__scene_lift_and_relocate_v03__L4__C5_D4__r01_s28101,scene_lift_and_relocate_v03,LIFT_AND_RELOCATE,C5,D4,28101,12,CLEARANCE_OVERLAP,16,False,False,LIFT_AND_RELOCATE,TRANSLATE,False,True,"{""action"": ""TRANSLATE""}"
v26__scene_lift_and_relocate_v03__L4__C5_D4__r02_s28102,scene_lift_and_relocate_v03,LIFT_AND_RELOCATE,C5,D4,28102,12,CLEARANCE_OVERLAP,35,False,True,LIFT_AND_RELOCATE,TRANSLATE,False,True,"{""action"": ""TRANSLATE""}"
v26__scene_lift_and_relocate_v03__L4__C5_D4__r03_s28103,scene_lift_and_relocate_v03,LIFT_AND_RELOCATE,C5,D4,28103,12,CLEARANCE_OVERLAP,35,False,True,LIFT_AND_RELOCATE,TRANSLATE,False,True,"{""action"": ""TRANSLATE""}"
v26__scene_lift_and_relocate_v03__L4__C5_D4__r04_s28104,scene_lift_and_relocate_v03,LIFT_AND_RELOCATE,C5,D4,28104,12,CLEARANCE_OVERLAP,35,False,True,LIFT_AND_RELOCATE,TRANSLATE,False,True,"{""action"": ""TRANSLATE""}"
v26__scene_lift_and_relocate_v03__L4__C5_D4__r05_s28105,scene_lift_and_relocate_v03,LIFT_AND_RELOCATE,C5,D4,28105,12,CLEARANCE_OVERLAP,35,False,True,LIFT_AND_RELOCATE,TRANSLATE,False,True,"{""action"": ""TRANSLATE""}"
v26__scene_lift_and_relocate_v04__L4__C5_D4__r01_s28101,scene_lift_and_relocate_v04,LIFT_AND_RELOCATE,C5,D4,28101,68,CLEARANCE_OVERLAP,30,False,False,LIFT_AND_RELOCATE,TRANSLATE,False,True,"{""action"": ""TRANSLATE""}"
v26__scene_lift_and_relocate_v04__L4__C5_D4__r02_s28102,scene_lift_and_relocate_v04,LIFT_AND_RELOCATE,C5,D4,28102,68,CLEARANCE_OVERLAP,30,False,False,LIFT_AND_RELOCATE,TRANSLATE,False,True,"{""action"": ""TRANSLATE""}"
v26__scene_lift_and_relocate_v04__L4__C5_D4__r03_s28103,scene_lift_and_relocate_v04,LIFT_AND_RELOCATE,C5,D4,28103,68,CLEARANCE_OVERLAP,30,False,False,LIFT_AND_RELOCATE,TRANSLATE,False,True,"{""action"": ""TRANSLATE""}"
v26__scene_lift_and_relocate_v04__L4__C5_D4__r04_s28104,scene_lift_and_relocate_v04,LIFT_AND_RELOCATE,C5,D4,28104,68,CLEARANCE_OVERLAP,30,False,False,LIFT_AND_RELOCATE,TRANSLATE,False,True,"{""action"": ""TRANSLATE""}"
v26__scene_lift_and_relocate_v04__L4__C5_D4__r05_s28105,scene_lift_and_relocate_v04,LIFT_AND_RELOCATE,C5,D4,28105,68,CLEARANCE_OVERLAP,30,False,False,LIFT_AND_RELOCATE,TRANSLATE,False,True,"{""action"": ""TRANSLATE""}"
v26__scene_lift_and_relocate_v05__L4__C5_D4__r01_s28101,scene_lift_and_relocate_v05,LIFT_AND_RELOCATE,C5,D4,28101,43,CLEARANCE_OVERLAP,15,False,True,LIFT_AND_RELOCATE,TRANSLATE,False,True,"{""action"": ""TRANSLATE""}"
v26__scene_lift_and_relocate_v05__L4__C5_D4__r02_s28102,scene_lift_and_relocate_v05,LIFT_AND_RELOCATE,C5,D4,28102,43,CLEARANCE_OVERLAP,15,False,True,LIFT_AND_RELOCATE,TRANSLATE,False,True,"{""action"": ""TRANSLATE""}"
v26__scene_lift_and_relocate_v05__L4__C5_D4__r03_s28103,scene_lift_and_relocate_v05,LIFT_AND_RELOCATE,C5,D4,28103,43,CLEARANCE_OVERLAP,15,False,True,LIFT_AND_RELOCATE,TRANSLATE,False,True,"{""action"": ""TRANSLATE""}"
v26__scene_lift_and_relocate_v05__L4__C5_D4__r04_s28104,scene_lift_and_relocate_v05,LIFT_AND_RELOCATE,C5,D4,28104,43,CLEARANCE_OVERLAP,15,False,True,LIFT_AND_RELOCATE,TRANSLATE,False,True,"{""action"": ""TRANSLATE""}"
v26__scene_lift_and_relocate_v05__L4__C5_D4__r05_s28105,scene_lift_and_relocate_v05,LIFT_AND_RELOCATE,C5,D4,28105,43,CLEARANCE_OVERLAP,15,False,True,LIFT_AND_RELOCATE,TRANSLATE,False,True,"{""action"": ""TRANSLATE""}"
v26__scene_rotate_v01__L4__C5_D4__r01_s28101,scene_rotate_v01,ROTATE,C5,D4,28101,12,CLEARANCE_OVERLAP,54,False,False,ROTATE,TRANSLATE,False,True,"{""action"": ""TRANSLATE""}"
v26__scene_rotate_v01__L4__C5_D4__r02_s28102,scene_rotate_v01,ROTATE,C5,D4,28102,12,CLEARANCE_OVERLAP,54,False,False,ROTATE,TRANSLATE,False,True,"{""action"": ""TRANSLATE""}"
v26__scene_rotate_v01__L4__C5_D4__r03_s28103,scene_rotate_v01,ROTATE,C5,D4,28103,12,CLEARANCE_OVERLAP,54,False,False,ROTATE,TRANSLATE,False,True,"{""action"": ""TRANSLATE""}"
v26__scene_rotate_v01__L4__C5_D4__r04_s28104,scene_rotate_v01,ROTATE,C5,D4,28104,12,CLEARANCE_OVERLAP,54,False,False,ROTATE,TRANSLATE,False,True,"{""action"": ""TRANSLATE""}"
v26__scene_rotate_v01__L4__C5_D4__r05_s28105,scene_rotate_v01,ROTATE,C5,D4,28105,12,CLEARANCE_OVERLAP,54,False,False,ROTATE,TRANSLATE,False,True,"{""action"": ""TRANSLATE""}"
v26__scene_rotate_v02__L4__C5_D4__r01_s28101,scene_rotate_v02,ROTATE,C5,D4,28101,38,CLEARANCE_OVERLAP,29,False,False,ROTATE,TRANSLATE,False,True,"{""action"": ""TRANSLATE""}"
v26__scene_rotate_v02__L4__C5_D4__r02_s28102,scene_rotate_v02,ROTATE,C5,D4,28102,38,CLEARANCE_OVERLAP,50,False,True,ROTATE,TRANSLATE,False,True,"{""action"": ""TRANSLATE""}"
v26__scene_rotate_v02__L4__C5_D4__r03_s28103,scene_rotate_v02,ROTATE,C5,D4,28103,38,CLEARANCE_OVERLAP,50,False,True,ROTATE,TRANSLATE,False,True,"{""action"": ""TRANSLATE""}"
v26__scene_rotate_v02__L4__C5_D4__r04_s28104,scene_rotate_v02,ROTATE,C5,D4,28104,38,CLEARANCE_OVERLAP,50,False,True,ROTATE,TRANSLATE,False,True,"{""action"": ""TRANSLATE""}"
v26__scene_rotate_v02__L4__C5_D4__r05_s28105,scene_rotate_v02,ROTATE,C5,D4,28105,38,CLEARANCE_OVERLAP,29,False,False,ROTATE,TRANSLATE,False,True,"{""action"": ""TRANSLATE""}"
v26__scene_rotate_v03__L4__C5_D4__r01_s28101,scene_rotate_v03,ROTATE,C5,D4,28101,83,CLEARANCE_OVERLAP,23,False,False,ROTATE,TRANSLATE,False,True,"{""action"": ""TRANSLATE""}"
v26__scene_rotate_v03__L4__C5_D4__r02_s28102,scene_rotate_v03,ROTATE,C5,D4,28102,83,CLEARANCE_OVERLAP,23,False,False,ROTATE,TRANSLATE,False,True,"{""action"": ""TRANSLATE""}"
v26__scene_rotate_v03__L4__C5_D4__r03_s28103,scene_rotate_v03,ROTATE,C5,D4,28103,83,CLEARANCE_OVERLAP,23,False,False,ROTATE,TRANSLATE,False,True,"{""action"": ""TRANSLATE""}"
v26__scene_rotate_v03__L4__C5_D4__r04_s28104,scene_rotate_v03,ROTATE,C5,D4,28104,83,CLEARANCE_OVERLAP,23,False,False,ROTATE,TRANSLATE,False,True,"{""action"": ""TRANSLATE""}"
v26__scene_rotate_v03__L4__C5_D4__r05_s28105,scene_rotate_v03,ROTATE,C5,D4,28105,83,CLEARANCE_OVERLAP,23,False,False,ROTATE,TRANSLATE,False,True,"{""action"": ""TRANSLATE""}"
v26__scene_rotate_v04__L4__C5_D4__r01_s28101,scene_rotate_v04,ROTATE,C5,D4,28101,47,CLEARANCE_OVERLAP,29,False,False,ROTATE,TRANSLATE,False,True,"{""action"": ""TRANSLATE""}"
v26__scene_rotate_v04__L4__C5_D4__r02_s28102,scene_rotate_v04,ROTATE,C5,D4,28102,47,CLEARANCE_OVERLAP,25,False,False,ROTATE,TRANSLATE,False,True,"{""action"": ""TRANSLATE""}"
v26__scene_rotate_v04__L4__C5_D4__r03_s28103,scene_rotate_v04,ROTATE,C5,D4,28103,47,CLEARANCE_OVERLAP,25,False,False,ROTATE,TRANSLATE,False,True,"{""action"": ""TRANSLATE""}"
v26__scene_rotate_v04__L4__C5_D4__r04_s28104,scene_rotate_v04,ROTATE,C5,D4,28104,47,CLEARANCE_OVERLAP,29,False,False,ROTATE,TRANSLATE,False,True,"{""action"": ""TRANSLATE""}"
v26__scene_rotate_v04__L4__C5_D4__r05_s28105,scene_rotate_v04,ROTATE,C5,D4,28105,47,CLEARANCE_OVERLAP,29,False,False,ROTATE,TRANSLATE,False,True,"{""action"": ""TRANSLATE""}"
v26__scene_rotate_v05__L4__C5_D4__r01_s28101,scene_rotate_v05,ROTATE,C5,D4,28101,44,CLEARANCE_OVERLAP,82,False,True,ROTATE,TRANSLATE,False,True,"{""action"": ""TRANSLATE""}"
v26__scene_rotate_v05__L4__C5_D4__r02_s28102,scene_rotate_v05,ROTATE,C5,D4,28102,44,CLEARANCE_OVERLAP,82,False,True,ROTATE,TRANSLATE,False,True,"{""action"": ""TRANSLATE""}"
v26__scene_rotate_v05__L4__C5_D4__r03_s28103,scene_rotate_v05,ROTATE,C5,D4,28103,44,CLEARANCE_OVERLAP,82,False,True,ROTATE,TRANSLATE,False,True,"{""action"": ""TRANSLATE""}"
v26__scene_rotate_v05__L4__C5_D4__r04_s28104,scene_rotate_v05,ROTATE,C5,D4,28104,44,CLEARANCE_OVERLAP,82,False,True,ROTATE,TRANSLATE,False,True,"{""action"": ""TRANSLATE""}"
v26__scene_rotate_v05__L4__C5_D4__r05_s28105,scene_rotate_v05,ROTATE,C5,D4,28105,44,CLEARANCE_OVERLAP,82,False,True,ROTATE,TRANSLATE,False,True,"{""action"": ""TRANSLATE""}"
v26__scene_translate_v01__L4__C5_D4__r01_s28101,scene_translate_v01,TRANSLATE,C5,D4,28101,67,CLEARANCE_OVERLAP,35,False,True,TRANSLATE,TRANSLATE,True,True,"{""action"": ""TRANSLATE""}"
v26__scene_translate_v01__L4__C5_D4__r02_s28102,scene_translate_v01,TRANSLATE,C5,D4,28102,67,CLEARANCE_OVERLAP,35,False,True,TRANSLATE,TRANSLATE,True,True,"{""action"": ""TRANSLATE""}"
v26__scene_translate_v01__L4__C5_D4__r03_s28103,scene_translate_v01,TRANSLATE,C5,D4,28103,67,CLEARANCE_OVERLAP,35,False,True,TRANSLATE,TRANSLATE,True,True,"{""action"": ""TRANSLATE""}"
v26__scene_translate_v01__L4__C5_D4__r04_s28104,scene_translate_v01,TRANSLATE,C5,D4,28104,67,CLEARANCE_OVERLAP,35,False,True,TRANSLATE,TRANSLATE,True,True,"{""action"": ""TRANSLATE""}"
v26__scene_translate_v01__L4__C5_D4__r05_s28105,scene_translate_v01,TRANSLATE,C5,D4,28105,67,CLEARANCE_OVERLAP,35,False,True,TRANSLATE,TRANSLATE,True,True,"{""action"": ""TRANSLATE""}"
v26__scene_translate_v02__L4__C5_D4__r01_s28101,scene_translate_v02,TRANSLATE,C5,D4,28101,45,CLEARANCE_OVERLAP,95,False,True,TRANSLATE,TRANSLATE,True,True,"{""action"": ""TRANSLATE""}"
v26__scene_translate_v02__L4__C5_D4__r02_s28102,scene_translate_v02,TRANSLATE,C5,D4,28102,45,CLEARANCE_OVERLAP,95,False,True,TRANSLATE,TRANSLATE,True,True,"{""action"": ""TRANSLATE""}"
v26__scene_translate_v02__L4__C5_D4__r03_s28103,scene_translate_v02,TRANSLATE,C5,D4,28103,45,CLEARANCE_OVERLAP,95,False,True,TRANSLATE,TRANSLATE,True,True,"{""action"": ""TRANSLATE""}"
v26__scene_translate_v02__L4__C5_D4__r04_s28104,scene_translate_v02,TRANSLATE,C5,D4,28104,45,CLEARANCE_OVERLAP,95,False,True,TRANSLATE,TRANSLATE,True,True,"{""action"": ""TRANSLATE""}"
v26__scene_translate_v02__L4__C5_D4__r05_s28105,scene_translate_v02,TRANSLATE,C5,D4,28105,45,CLEARANCE_OVERLAP,95,False,True,TRANSLATE,TRANSLATE,True,True,"{""action"": ""TRANSLATE""}"
v26__scene_translate_v03__L4__C5_D4__r01_s28101,scene_translate_v03,TRANSLATE,C5,D4,28101,18,CLEARANCE_OVERLAP,45,False,True,TRANSLATE,TRANSLATE,True,True,"{""action"": ""TRANSLATE""}"
v26__scene_translate_v03__L4__C5_D4__r02_s28102,scene_translate_v03,TRANSLATE,C5,D4,28102,18,CLEARANCE_OVERLAP,45,False,True,TRANSLATE,TRANSLATE,True,True,"{""action"": ""TRANSLATE""}"
v26__scene_translate_v03__L4__C5_D4__r03_s28103,scene_translate_v03,TRANSLATE,C5,D4,28103,18,CLEARANCE_OVERLAP,45,False,True,TRANSLATE,TRANSLATE,True,True,"{""action"": ""TRANSLATE""}"
v26__scene_translate_v03__L4__C5_D4__r04_s28104,scene_translate_v03,TRANSLATE,C5,D4,28104,18,CLEARANCE_OVERLAP,45,False,True,TRANSLATE,TRANSLATE,True,True,"{""action"": ""TRANSLATE""}"
v26__scene_translate_v03__L4__C5_D4__r05_s28105,scene_translate_v03,TRANSLATE,C5,D4,28105,18,CLEARANCE_OVERLAP,45,False,True,TRANSLATE,TRANSLATE,True,True,"{""action"": ""TRANSLATE""}"
v26__scene_translate_v04__L4__C5_D4__r01_s28101,scene_translate_v04,TRANSLATE,C5,D4,28101,13,CLEARANCE_OVERLAP,84,False,True,TRANSLATE,TRANSLATE,True,True,"{""action"": ""TRANSLATE""}"
v26__scene_translate_v04__L4__C5_D4__r02_s28102,scene_translate_v04,TRANSLATE,C5,D4,28102,13,CLEARANCE_OVERLAP,84,False,True,TRANSLATE,TRANSLATE,True,True,"{""action"": ""TRANSLATE""}"
v26__scene_translate_v04__L4__C5_D4__r03_s28103,scene_translate_v04,TRANSLATE,C5,D4,28103,13,CLEARANCE_OVERLAP,84,False,True,TRANSLATE,TRANSLATE,True,True,"{""action"": ""TRANSLATE""}"
v26__scene_translate_v04__L4__C5_D4__r04_s28104,scene_translate_v04,TRANSLATE,C5,D4,28104,13,CLEARANCE_OVERLAP,84,False,True,TRANSLATE,TRANSLATE,True,True,"{""action"": ""TRANSLATE""}"
v26__scene_translate_v04__L4__C5_D4__r05_s28105,scene_translate_v04,TRANSLATE,C5,D4,28105,13,CLEARANCE_OVERLAP,84,False,True,TRANSLATE,TRANSLATE,True,True,"{""action"": ""TRANSLATE""}"
v26__scene_translate_v05__L4__C5_D4__r01_s28101,scene_translate_v05,TRANSLATE,C5,D4,28101,54,CLEARANCE_OVERLAP,79,False,True,TRANSLATE,TRANSLATE,True,True,"{""action"": ""TRANSLATE""}"
v26__scene_translate_v05__L4__C5_D4__r02_s28102,scene_translate_v05,TRANSLATE,C5,D4,28102,54,CLEARANCE_OVERLAP,79,False,True,TRANSLATE,TRANSLATE,True,True,"{""action"": ""TRANSLATE""}"
v26__scene_translate_v05__L4__C5_D4__r03_s28103,scene_translate_v05,TRANSLATE,C5,D4,28103,54,CLEARANCE_OVERLAP,79,False,True,TRANSLATE,TRANSLATE,True,True,"{""action"": ""TRANSLATE""}"
v26__scene_translate_v05__L4__C5_D4__r04_s28104,scene_translate_v05,TRANSLATE,C5,D4,28104,54,CLEARANCE_OVERLAP,79,False,True,TRANSLATE,TRANSLATE,True,True,"{""action"": ""TRANSLATE""}"
v26__scene_translate_v05__L4__C5_D4__r05_s28105,scene_translate_v05,TRANSLATE,C5,D4,28105,54,CLEARANCE_OVERLAP,79,False,True,TRANSLATE,TRANSLATE,True,True,"{""action"": ""TRANSLATE""}"
v26__scene_fc_blocked_v01__L4__C5_D8__r01_s28101,scene_fc_blocked_v01,FC_BLOCKED,C5,D8,28101,64,CLEARANCE_OVERLAP,40,True,True,TRANSLATE,TRANSLATE,True,True,"{""action"": ""TRANSLATE""}"
v26__scene_fc_blocked_v01__L4__C5_D8__r02_s28102,scene_fc_blocked_v01,FC_BLOCKED,C5,D8,28102,64,CLEARANCE_OVERLAP,40,True,True,TRANSLATE,TRANSLATE,True,True,"{""action"": ""TRANSLATE""}"
v26__scene_fc_blocked_v01__L4__C5_D8__r03_s28103,scene_fc_blocked_v01,FC_BLOCKED,C5,D8,28103,64,CLEARANCE_OVERLAP,40,True,True,TRANSLATE,TRANSLATE,True,True,"{""action"": ""TRANSLATE""}"
v26__scene_fc_blocked_v01__L4__C5_D8__r04_s28104,scene_fc_blocked_v01,FC_BLOCKED,C5,D8,28104,64,CLEARANCE_OVERLAP,40,True,True,TRANSLATE,TRANSLATE,True,True,"{""action"": ""TRANSLATE""}"
v26__scene_fc_blocked_v01__L4__C5_D8__r05_s28105,scene_fc_blocked_v01,FC_BLOCKED,C5,D8,28105,64,CLEARANCE_OVERLAP,40,True,True,TRANSLATE,TRANSLATE,True,True,"{""action"": ""TRANSLATE""}"
v26__scene_fc_blocked_v02__L4__C5_D8__r01_s28101,scene_fc_blocked_v02,FC_BLOCKED,C5,D8,28101,53,CLEARANCE_OVERLAP,49,True,True,TRANSLATE,TRANSLATE,True,True,"{""action"": ""TRANSLATE""}"
v26__scene_fc_blocked_v02__L4__C5_D8__r02_s28102,scene_fc_blocked_v02,FC_BLOCKED,C5,D8,28102,53,CLEARANCE_OVERLAP,49,True,True,TRANSLATE,TRANSLATE,True,True,"{""action"": ""TRANSLATE""}"
v26__scene_fc_blocked_v02__L4__C5_D8__r03_s28103,scene_fc_blocked_v02,FC_BLOCKED,C5,D8,28103,53,CLEARANCE_OVERLAP,49,True,True,TRANSLATE,TRANSLATE,True,True,"{""action"": ""TRANSLATE""}"
v26__scene_fc_blocked_v02__L4__C5_D8__r04_s28104,scene_fc_blocked_v02,FC_BLOCKED,C5,D8,28104,53,CLEARANCE_OVERLAP,49,True,True,TRANSLATE,TRANSLATE,True,True,"{""action"": ""TRANSLATE""}"
v26__scene_fc_blocked_v02__L4__C5_D8__r05_s28105,scene_fc_blocked_v02,FC_BLOCKED,C5,D8,28105,53,CLEARANCE_OVERLAP,49,True,True,TRANSLATE,TRANSLATE,True,True,"{""action"": ""TRANSLATE""}"
v26__scene_fc_blocked_v03__L4__C5_D8__r01_s28101,scene_fc_blocked_v03,FC_BLOCKED,C5,D8,28101,12,CLEARANCE_OVERLAP,33,True,True,TRANSLATE,TRANSLATE,True,True,"{""action"": ""TRANSLATE""}"
v26__scene_fc_blocked_v03__L4__C5_D8__r02_s28102,scene_fc_blocked_v03,FC_BLOCKED,C5,D8,28102,12,CLEARANCE_OVERLAP,33,True,True,TRANSLATE,TRANSLATE,True,True,"{""action"": ""TRANSLATE""}"
v26__scene_fc_blocked_v03__L4__C5_D8__r03_s28103,scene_fc_blocked_v03,FC_BLOCKED,C5,D8,28103,12,CLEARANCE_OVERLAP,33,True,True,TRANSLATE,TRANSLATE,True,True,"{""action"": ""TRANSLATE""}"
v26__scene_fc_blocked_v03__L4__C5_D8__r04_s28104,scene_fc_blocked_v03,FC_BLOCKED,C5,D8,28104,12,CLEARANCE_OVERLAP,33,True,True,TRANSLATE,TRANSLATE,True,True,"{""action"": ""TRANSLATE""}"
v26__scene_fc_blocked_v03__L4__C5_D8__r05_s28105,scene_fc_blocked_v03,FC_BLOCKED,C5,D8,28105,12,CLEARANCE_OVERLAP,33,True,True,TRANSLATE,TRANSLATE,True,True,"{""action"": ""TRANSLATE""}"
v26__scene_fc_blocked_v04__L4__C5_D8__r01_s28101,scene_fc_blocked_v04,FC_BLOCKED,C5,D8,28101,89,CLEARANCE_OVERLAP,19,True,True,TRANSLATE,TRANSLATE,True,True,"{""action"": ""TRANSLATE""}"
v26__scene_fc_blocked_v04__L4__C5_D8__r02_s28102,scene_fc_blocked_v04,FC_BLOCKED,C5,D8,28102,89,CLEARANCE_OVERLAP,19,True,True,TRANSLATE,TRANSLATE,True,True,"{""action"": ""TRANSLATE""}"
v26__scene_fc_blocked_v04__L4__C5_D8__r03_s28103,scene_fc_blocked_v04,FC_BLOCKED,C5,D8,28103,89,CLEARANCE_OVERLAP,19,True,True,TRANSLATE,TRANSLATE,True,True,"{""action"": ""TRANSLATE""}"
v26__scene_fc_blocked_v04__L4__C5_D8__r04_s28104,scene_fc_blocked_v04,FC_BLOCKED,C5,D8,28104,89,CLEARANCE_OVERLAP,19,True,True,TRANSLATE,TRANSLATE,True,True,"{""action"": ""TRANSLATE""}"
v26__scene_fc_blocked_v04__L4__C5_D8__r05_s28105,scene_fc_blocked_v04,FC_BLOCKED,C5,D8,28105,89,CLEARANCE_OVERLAP,19,True,True,TRANSLATE,TRANSLATE,True,True,"{""action"": ""TRANSLATE""}"
v26__scene_fc_blocked_v05__L4__C5_D8__r01_s28101,scene_fc_blocked_v05,FC_BLOCKED,C5,D8,28101,59,CLEARANCE_OVERLAP,26,False,True,TRANSLATE,TRANSLATE,True,True,"{""action"": ""TRANSLATE""}"
v26__scene_fc_blocked_v05__L4__C5_D8__r02_s28102,scene_fc_blocked_v05,FC_BLOCKED,C5,D8,28102,59,CLEARANCE_OVERLAP,26,False,True,TRANSLATE,TRANSLATE,True,True,"{""action"": ""TRANSLATE""}"
v26__scene_fc_blocked_v05__L4__C5_D8__r03_s28103,scene_fc_blocked_v05,FC_BLOCKED,C5,D8,28103,59,CLEARANCE_OVERLAP,26,False,True,TRANSLATE,TRANSLATE,True,True,"{""action"": ""TRANSLATE""}"
v26__scene_fc_blocked_v05__L4__C5_D8__r04_s28104,scene_fc_blocked_v05,FC_BLOCKED,C5,D8,28104,59,CLEARANCE_OVERLAP,26,False,True,TRANSLATE,TRANSLATE,True,True,"{""action"": ""TRANSLATE""}"
v26__scene_fc_blocked_v05__L4__C5_D8__r05_s28105,scene_fc_blocked_v05,FC_BLOCKED,C5,D8,28105,59,CLEARANCE_OVERLAP,26,False,True,TRANSLATE,TRANSLATE,True,True,"{""action"": ""TRANSLATE""}"
v26__scene_fc_clear_v01__L4__C5_D8__r01_s28101,scene_fc_clear_v01,FC_CLEAR,C5,D8,28101,53,NONE,,True,True,RETRIEVE,RETRIEVE,True,True,"{""action"": ""RETRIEVE""}"
v26__scene_fc_clear_v01__L4__C5_D8__r02_s28102,scene_fc_clear_v01,FC_CLEAR,C5,D8,28102,53,NONE,,True,True,RETRIEVE,RETRIEVE,True,True,"{""action"": ""RETRIEVE""}"
v26__scene_fc_clear_v01__L4__C5_D8__r03_s28103,scene_fc_clear_v01,FC_CLEAR,C5,D8,28103,53,NONE,,True,True,RETRIEVE,RETRIEVE,True,True,"{""action"": ""RETRIEVE""}"
v26__scene_fc_clear_v01__L4__C5_D8__r04_s28104,scene_fc_clear_v01,FC_CLEAR,C5,D8,28104,53,NONE,,True,True,RETRIEVE,RETRIEVE,True,True,"{""action"": ""RETRIEVE""}"
v26__scene_fc_clear_v01__L4__C5_D8__r05_s28105,scene_fc_clear_v01,FC_CLEAR,C5,D8,28105,53,NONE,,True,True,RETRIEVE,RETRIEVE,True,True,"{""action"": ""RETRIEVE""}"
v26__scene_fc_clear_v02__L4__C5_D8__r01_s28101,scene_fc_clear_v02,FC_CLEAR,C5,D8,28101,29,NONE,,True,True,RETRIEVE,RETRIEVE,True,True,"{""action"": ""RETRIEVE""}"
v26__scene_fc_clear_v02__L4__C5_D8__r02_s28102,scene_fc_clear_v02,FC_CLEAR,C5,D8,28102,29,CLEARANCE_OVERLAP,10,False,False,RETRIEVE,TRANSLATE,False,True,"{""action"": ""TRANSLATE""}"
v26__scene_fc_clear_v02__L4__C5_D8__r03_s28103,scene_fc_clear_v02,FC_CLEAR,C5,D8,28103,29,CLEARANCE_OVERLAP,10,False,False,RETRIEVE,TRANSLATE,False,True,"{""action"": ""TRANSLATE""}"
v26__scene_fc_clear_v02__L4__C5_D8__r04_s28104,scene_fc_clear_v02,FC_CLEAR,C5,D8,28104,29,NONE,,True,True,RETRIEVE,RETRIEVE,True,True,"{""action"": ""RETRIEVE""}"
v26__scene_fc_clear_v02__L4__C5_D8__r05_s28105,scene_fc_clear_v02,FC_CLEAR,C5,D8,28105,29,NONE,,True,True,RETRIEVE,RETRIEVE,True,True,"{""action"": ""RETRIEVE""}"
v26__scene_fc_clear_v03__L4__C5_D8__r01_s28101,scene_fc_clear_v03,FC_CLEAR,C5,D8,28101,95,NONE,,True,True,RETRIEVE,RETRIEVE,True,True,"{""action"": ""RETRIEVE""}"
v26__scene_fc_clear_v03__L4__C5_D8__r02_s28102,scene_fc_clear_v03,FC_CLEAR,C5,D8,28102,95,CLEARANCE_OVERLAP,20,False,False,RETRIEVE,TRANSLATE,False,True,"{""action"": ""TRANSLATE""}"
v26__scene_fc_clear_v03__L4__C5_D8__r03_s28103,scene_fc_clear_v03,FC_CLEAR,C5,D8,28103,95,NONE,,True,True,RETRIEVE,RETRIEVE,True,True,"{""action"": ""RETRIEVE""}"
v26__scene_fc_clear_v03__L4__C5_D8__r04_s28104,scene_fc_clear_v03,FC_CLEAR,C5,D8,28104,95,NONE,,True,True,RETRIEVE,RETRIEVE,True,True,"{""action"": ""RETRIEVE""}"
v26__scene_fc_clear_v03__L4__C5_D8__r05_s28105,scene_fc_clear_v03,FC_CLEAR,C5,D8,28105,95,NONE,,True,True,RETRIEVE,RETRIEVE,True,True,"{""action"": ""RETRIEVE""}"
v26__scene_fc_clear_v04__L4__C5_D8__r01_s28101,scene_fc_clear_v04,FC_CLEAR,C5,D8,28101,61,NONE,,True,True,RETRIEVE,RETRIEVE,True,True,"{""action"": ""RETRIEVE""}"
v26__scene_fc_clear_v04__L4__C5_D8__r02_s28102,scene_fc_clear_v04,FC_CLEAR,C5,D8,28102,61,CLEARANCE_OVERLAP,38,False,False,RETRIEVE,TRANSLATE,False,True,"{""action"": ""TRANSLATE""}"
v26__scene_fc_clear_v04__L4__C5_D8__r03_s28103,scene_fc_clear_v04,FC_CLEAR,C5,D8,28103,61,NONE,,True,True,RETRIEVE,RETRIEVE,True,True,"{""action"": ""RETRIEVE""}"
v26__scene_fc_clear_v04__L4__C5_D8__r04_s28104,scene_fc_clear_v04,FC_CLEAR,C5,D8,28104,61,NONE,,True,True,RETRIEVE,RETRIEVE,True,True,"{""action"": ""RETRIEVE""}"
v26__scene_fc_clear_v04__L4__C5_D8__r05_s28105,scene_fc_clear_v04,FC_CLEAR,C5,D8,28105,61,NONE,,True,True,RETRIEVE,RETRIEVE,True,True,"{""action"": ""RETRIEVE""}"
v26__scene_fc_clear_v05__L4__C5_D8__r01_s28101,scene_fc_clear_v05,FC_CLEAR,C5,D8,28101,62,NONE,,False,False,RETRIEVE,RETRIEVE,True,True,"{""action"": ""RETRIEVE""}"
v26__scene_fc_clear_v05__L4__C5_D8__r02_s28102,scene_fc_clear_v05,FC_CLEAR,C5,D8,28102,62,CLEARANCE_OVERLAP,82,True,True,RETRIEVE,TRANSLATE,False,True,"{""action"": ""TRANSLATE""}"
v26__scene_fc_clear_v05__L4__C5_D8__r03_s28103,scene_fc_clear_v05,FC_CLEAR,C5,D8,28103,62,NONE,,False,False,RETRIEVE,RETRIEVE,True,True,"{""action"": ""RETRIEVE""}"
v26__scene_fc_clear_v05__L4__C5_D8__r04_s28104,scene_fc_clear_v05,FC_CLEAR,C5,D8,28104,62,CLEARANCE_OVERLAP,82,True,True,RETRIEVE,TRANSLATE,False,True,"{""action"": ""TRANSLATE""}"
v26__scene_fc_clear_v05__L4__C5_D8__r05_s28105,scene_fc_clear_v05,FC_CLEAR,C5,D8,28105,62,NONE,,False,False,RETRIEVE,RETRIEVE,True,True,"{""action"": ""RETRIEVE""}"
v26__scene_lift_and_relocate_v01__L4__C5_D8__r01_s28101,scene_lift_and_relocate_v01,LIFT_AND_RELOCATE,C5,D8,28101,59,CLEARANCE_OVERLAP,64,False,True,LIFT_AND_RELOCATE,TRANSLATE,False,True,"{""action"": ""TRANSLATE""}"
v26__scene_lift_and_relocate_v01__L4__C5_D8__r02_s28102,scene_lift_and_relocate_v01,LIFT_AND_RELOCATE,C5,D8,28102,59,CLEARANCE_OVERLAP,64,False,True,LIFT_AND_RELOCATE,TRANSLATE,False,True,"{""action"": ""TRANSLATE""}"
v26__scene_lift_and_relocate_v01__L4__C5_D8__r03_s28103,scene_lift_and_relocate_v01,LIFT_AND_RELOCATE,C5,D8,28103,59,CLEARANCE_OVERLAP,64,False,True,LIFT_AND_RELOCATE,TRANSLATE,False,True,"{""action"": ""TRANSLATE""}"
v26__scene_lift_and_relocate_v01__L4__C5_D8__r04_s28104,scene_lift_and_relocate_v01,LIFT_AND_RELOCATE,C5,D8,28104,59,CLEARANCE_OVERLAP,64,False,True,LIFT_AND_RELOCATE,TRANSLATE,False,True,"{""action"": ""TRANSLATE""}"
v26__scene_lift_and_relocate_v01__L4__C5_D8__r05_s28105,scene_lift_and_relocate_v01,LIFT_AND_RELOCATE,C5,D8,28105,59,CLEARANCE_OVERLAP,64,False,True,LIFT_AND_RELOCATE,TRANSLATE,False,True,"{""action"": ""TRANSLATE""}"
v26__scene_lift_and_relocate_v02__L4__C5_D8__r01_s28101,scene_lift_and_relocate_v02,LIFT_AND_RELOCATE,C5,D8,28101,70,CLEARANCE_OVERLAP,77,False,False,LIFT_AND_RELOCATE,TRANSLATE,False,True,"{""action"": ""TRANSLATE""}"
v26__scene_lift_and_relocate_v02__L4__C5_D8__r02_s28102,scene_lift_and_relocate_v02,LIFT_AND_RELOCATE,C5,D8,28102,70,CLEARANCE_OVERLAP,77,False,False,LIFT_AND_RELOCATE,TRANSLATE,False,True,"{""action"": ""TRANSLATE""}"
v26__scene_lift_and_relocate_v02__L4__C5_D8__r03_s28103,scene_lift_and_relocate_v02,LIFT_AND_RELOCATE,C5,D8,28103,70,CLEARANCE_OVERLAP,77,False,False,LIFT_AND_RELOCATE,TRANSLATE,False,True,"{""action"": ""TRANSLATE""}"
v26__scene_lift_and_relocate_v02__L4__C5_D8__r04_s28104,scene_lift_and_relocate_v02,LIFT_AND_RELOCATE,C5,D8,28104,70,CLEARANCE_OVERLAP,77,False,False,LIFT_AND_RELOCATE,TRANSLATE,False,True,"{""action"": ""TRANSLATE""}"
v26__scene_lift_and_relocate_v02__L4__C5_D8__r05_s28105,scene_lift_and_relocate_v02,LIFT_AND_RELOCATE,C5,D8,28105,70,CLEARANCE_OVERLAP,77,False,False,LIFT_AND_RELOCATE,TRANSLATE,False,True,"{""action"": ""TRANSLATE""}"
v26__scene_lift_and_relocate_v03__L4__C5_D8__r01_s28101,scene_lift_and_relocate_v03,LIFT_AND_RELOCATE,C5,D8,28101,12,CLEARANCE_OVERLAP,16,False,False,LIFT_AND_RELOCATE,TRANSLATE,False,True,"{""action"": ""TRANSLATE""}"
v26__scene_lift_and_relocate_v03__L4__C5_D8__r02_s28102,scene_lift_and_relocate_v03,LIFT_AND_RELOCATE,C5,D8,28102,12,CLEARANCE_OVERLAP,35,False,True,LIFT_AND_RELOCATE,TRANSLATE,False,True,"{""action"": ""TRANSLATE""}"
v26__scene_lift_and_relocate_v03__L4__C5_D8__r03_s28103,scene_lift_and_relocate_v03,LIFT_AND_RELOCATE,C5,D8,28103,12,CLEARANCE_OVERLAP,35,False,True,LIFT_AND_RELOCATE,TRANSLATE,False,True,"{""action"": ""TRANSLATE""}"
v26__scene_lift_and_relocate_v03__L4__C5_D8__r04_s28104,scene_lift_and_relocate_v03,LIFT_AND_RELOCATE,C5,D8,28104,12,CLEARANCE_OVERLAP,35,False,True,LIFT_AND_RELOCATE,TRANSLATE,False,True,"{""action"": ""TRANSLATE""}"
v26__scene_lift_and_relocate_v03__L4__C5_D8__r05_s28105,scene_lift_and_relocate_v03,LIFT_AND_RELOCATE,C5,D8,28105,12,CLEARANCE_OVERLAP,35,False,True,LIFT_AND_RELOCATE,TRANSLATE,False,True,"{""action"": ""TRANSLATE""}"
v26__scene_lift_and_relocate_v04__L4__C5_D8__r01_s28101,scene_lift_and_relocate_v04,LIFT_AND_RELOCATE,C5,D8,28101,68,CLEARANCE_OVERLAP,30,False,False,LIFT_AND_RELOCATE,TRANSLATE,False,True,"{""action"": ""TRANSLATE""}"
v26__scene_lift_and_relocate_v04__L4__C5_D8__r02_s28102,scene_lift_and_relocate_v04,LIFT_AND_RELOCATE,C5,D8,28102,68,CLEARANCE_OVERLAP,30,False,False,LIFT_AND_RELOCATE,TRANSLATE,False,True,"{""action"": ""TRANSLATE""}"
v26__scene_lift_and_relocate_v04__L4__C5_D8__r03_s28103,scene_lift_and_relocate_v04,LIFT_AND_RELOCATE,C5,D8,28103,68,CLEARANCE_OVERLAP,73,False,True,LIFT_AND_RELOCATE,TRANSLATE,False,True,"{""action"": ""TRANSLATE""}"
v26__scene_lift_and_relocate_v04__L4__C5_D8__r04_s28104,scene_lift_and_relocate_v04,LIFT_AND_RELOCATE,C5,D8,28104,68,CLEARANCE_OVERLAP,30,False,False,LIFT_AND_RELOCATE,TRANSLATE,False,True,"{""action"": ""TRANSLATE""}"
v26__scene_lift_and_relocate_v04__L4__C5_D8__r05_s28105,scene_lift_and_relocate_v04,LIFT_AND_RELOCATE,C5,D8,28105,68,CLEARANCE_OVERLAP,30,False,False,LIFT_AND_RELOCATE,TRANSLATE,False,True,"{""action"": ""TRANSLATE""}"
v26__scene_lift_and_relocate_v05__L4__C5_D8__r01_s28101,scene_lift_and_relocate_v05,LIFT_AND_RELOCATE,C5,D8,28101,43,CLEARANCE_OVERLAP,15,False,True,LIFT_AND_RELOCATE,TRANSLATE,False,True,"{""action"": ""TRANSLATE""}"
v26__scene_lift_and_relocate_v05__L4__C5_D8__r02_s28102,scene_lift_and_relocate_v05,LIFT_AND_RELOCATE,C5,D8,28102,43,CLEARANCE_OVERLAP,15,False,True,LIFT_AND_RELOCATE,TRANSLATE,False,True,"{""action"": ""TRANSLATE""}"
v26__scene_lift_and_relocate_v05__L4__C5_D8__r03_s28103,scene_lift_and_relocate_v05,LIFT_AND_RELOCATE,C5,D8,28103,43,CLEARANCE_OVERLAP,15,False,True,LIFT_AND_RELOCATE,TRANSLATE,False,True,"{""action"": ""TRANSLATE""}"
v26__scene_lift_and_relocate_v05__L4__C5_D8__r04_s28104,scene_lift_and_relocate_v05,LIFT_AND_RELOCATE,C5,D8,28104,43,CLEARANCE_OVERLAP,15,False,True,LIFT_AND_RELOCATE,TRANSLATE,False,True,"{""action"": ""TRANSLATE""}"
v26__scene_lift_and_relocate_v05__L4__C5_D8__r05_s28105,scene_lift_and_relocate_v05,LIFT_AND_RELOCATE,C5,D8,28105,43,CLEARANCE_OVERLAP,15,False,True,LIFT_AND_RELOCATE,TRANSLATE,False,True,"{""action"": ""TRANSLATE""}"
v26__scene_rotate_v01__L4__C5_D8__r01_s28101,scene_rotate_v01,ROTATE,C5,D8,28101,12,CLEARANCE_OVERLAP,54,False,False,ROTATE,TRANSLATE,False,True,"{""action"": ""TRANSLATE""}"
v26__scene_rotate_v01__L4__C5_D8__r02_s28102,scene_rotate_v01,ROTATE,C5,D8,28102,12,CLEARANCE_OVERLAP,54,False,False,ROTATE,TRANSLATE,False,True,"{""action"": ""TRANSLATE""}"
v26__scene_rotate_v01__L4__C5_D8__r03_s28103,scene_rotate_v01,ROTATE,C5,D8,28103,12,CLEARANCE_OVERLAP,54,False,False,ROTATE,TRANSLATE,False,True,"{""action"": ""TRANSLATE""}"
v26__scene_rotate_v01__L4__C5_D8__r04_s28104,scene_rotate_v01,ROTATE,C5,D8,28104,12,CLEARANCE_OVERLAP,54,False,False,ROTATE,TRANSLATE,False,True,"{""action"": ""TRANSLATE""}"
v26__scene_rotate_v01__L4__C5_D8__r05_s28105,scene_rotate_v01,ROTATE,C5,D8,28105,12,CLEARANCE_OVERLAP,54,False,False,ROTATE,TRANSLATE,False,True,"{""action"": ""TRANSLATE""}"
v26__scene_rotate_v02__L4__C5_D8__r01_s28101,scene_rotate_v02,ROTATE,C5,D8,28101,38,CLEARANCE_OVERLAP,50,False,True,ROTATE,TRANSLATE,False,True,"{""action"": ""TRANSLATE""}"
v26__scene_rotate_v02__L4__C5_D8__r02_s28102,scene_rotate_v02,ROTATE,C5,D8,28102,38,CLEARANCE_OVERLAP,50,False,True,ROTATE,TRANSLATE,False,True,"{""action"": ""TRANSLATE""}"
v26__scene_rotate_v02__L4__C5_D8__r03_s28103,scene_rotate_v02,ROTATE,C5,D8,28103,38,CLEARANCE_OVERLAP,50,False,True,ROTATE,TRANSLATE,False,True,"{""action"": ""TRANSLATE""}"
v26__scene_rotate_v02__L4__C5_D8__r04_s28104,scene_rotate_v02,ROTATE,C5,D8,28104,38,CLEARANCE_OVERLAP,50,False,True,ROTATE,TRANSLATE,False,True,"{""action"": ""TRANSLATE""}"
v26__scene_rotate_v02__L4__C5_D8__r05_s28105,scene_rotate_v02,ROTATE,C5,D8,28105,38,CLEARANCE_OVERLAP,50,False,True,ROTATE,TRANSLATE,False,True,"{""action"": ""TRANSLATE""}"
v26__scene_rotate_v03__L4__C5_D8__r01_s28101,scene_rotate_v03,ROTATE,C5,D8,28101,83,CLEARANCE_OVERLAP,23,False,False,ROTATE,TRANSLATE,False,True,"{""action"": ""TRANSLATE""}"
v26__scene_rotate_v03__L4__C5_D8__r02_s28102,scene_rotate_v03,ROTATE,C5,D8,28102,83,CLEARANCE_OVERLAP,23,False,False,ROTATE,TRANSLATE,False,True,"{""action"": ""TRANSLATE""}"
v26__scene_rotate_v03__L4__C5_D8__r03_s28103,scene_rotate_v03,ROTATE,C5,D8,28103,83,CLEARANCE_OVERLAP,23,False,False,ROTATE,TRANSLATE,False,True,"{""action"": ""TRANSLATE""}"
v26__scene_rotate_v03__L4__C5_D8__r04_s28104,scene_rotate_v03,ROTATE,C5,D8,28104,83,CLEARANCE_OVERLAP,23,False,False,ROTATE,TRANSLATE,False,True,"{""action"": ""TRANSLATE""}"
v26__scene_rotate_v03__L4__C5_D8__r05_s28105,scene_rotate_v03,ROTATE,C5,D8,28105,83,CLEARANCE_OVERLAP,23,False,False,ROTATE,TRANSLATE,False,True,"{""action"": ""TRANSLATE""}"
v26__scene_rotate_v04__L4__C5_D8__r01_s28101,scene_rotate_v04,ROTATE,C5,D8,28101,47,CLEARANCE_OVERLAP,95,False,True,ROTATE,TRANSLATE,False,True,"{""action"": ""TRANSLATE""}"
v26__scene_rotate_v04__L4__C5_D8__r02_s28102,scene_rotate_v04,ROTATE,C5,D8,28102,47,CLEARANCE_OVERLAP,95,False,True,ROTATE,TRANSLATE,False,True,"{""action"": ""TRANSLATE""}"
v26__scene_rotate_v04__L4__C5_D8__r03_s28103,scene_rotate_v04,ROTATE,C5,D8,28103,47,CLEARANCE_OVERLAP,95,False,True,ROTATE,TRANSLATE,False,True,"{""action"": ""TRANSLATE""}"
v26__scene_rotate_v04__L4__C5_D8__r04_s28104,scene_rotate_v04,ROTATE,C5,D8,28104,47,CLEARANCE_OVERLAP,95,False,True,ROTATE,TRANSLATE,False,True,"{""action"": ""TRANSLATE""}"
v26__scene_rotate_v04__L4__C5_D8__r05_s28105,scene_rotate_v04,ROTATE,C5,D8,28105,47,CLEARANCE_OVERLAP,95,False,True,ROTATE,TRANSLATE,False,True,"{""action"": ""TRANSLATE""}"
v26__scene_rotate_v05__L4__C5_D8__r01_s28101,scene_rotate_v05,ROTATE,C5,D8,28101,44,CLEARANCE_OVERLAP,82,False,True,ROTATE,TRANSLATE,False,True,"{""action"": ""TRANSLATE""}"
v26__scene_rotate_v05__L4__C5_D8__r02_s28102,scene_rotate_v05,ROTATE,C5,D8,28102,44,CLEARANCE_OVERLAP,82,False,True,ROTATE,TRANSLATE,False,True,"{""action"": ""TRANSLATE""}"
v26__scene_rotate_v05__L4__C5_D8__r03_s28103,scene_rotate_v05,ROTATE,C5,D8,28103,44,CLEARANCE_OVERLAP,82,False,True,ROTATE,TRANSLATE,False,True,"{""action"": ""TRANSLATE""}"
v26__scene_rotate_v05__L4__C5_D8__r04_s28104,scene_rotate_v05,ROTATE,C5,D8,28104,44,CLEARANCE_OVERLAP,82,False,True,ROTATE,TRANSLATE,False,True,"{""action"": ""TRANSLATE""}"
v26__scene_rotate_v05__L4__C5_D8__r05_s28105,scene_rotate_v05,ROTATE,C5,D8,28105,44,CLEARANCE_OVERLAP,82,False,True,ROTATE,TRANSLATE,False,True,"{""action"": ""TRANSLATE""}"
v26__scene_translate_v01__L4__C5_D8__r01_s28101,scene_translate_v01,TRANSLATE,C5,D8,28101,67,CLEARANCE_OVERLAP,35,False,True,TRANSLATE,TRANSLATE,True,True,"{""action"": ""TRANSLATE""}"
v26__scene_translate_v01__L4__C5_D8__r02_s28102,scene_translate_v01,TRANSLATE,C5,D8,28102,67,CLEARANCE_OVERLAP,35,False,True,TRANSLATE,TRANSLATE,True,True,"{""action"": ""TRANSLATE""}"
v26__scene_translate_v01__L4__C5_D8__r03_s28103,scene_translate_v01,TRANSLATE,C5,D8,28103,67,CLEARANCE_OVERLAP,35,False,True,TRANSLATE,TRANSLATE,True,True,"{""action"": ""TRANSLATE""}"
v26__scene_translate_v01__L4__C5_D8__r04_s28104,scene_translate_v01,TRANSLATE,C5,D8,28104,67,CLEARANCE_OVERLAP,35,False,True,TRANSLATE,TRANSLATE,True,True,"{""action"": ""TRANSLATE""}"
v26__scene_translate_v01__L4__C5_D8__r05_s28105,scene_translate_v01,TRANSLATE,C5,D8,28105,67,CLEARANCE_OVERLAP,35,False,True,TRANSLATE,TRANSLATE,True,True,"{""action"": ""TRANSLATE""}"
v26__scene_translate_v02__L4__C5_D8__r01_s28101,scene_translate_v02,TRANSLATE,C5,D8,28101,45,CLEARANCE_OVERLAP,95,False,True,TRANSLATE,TRANSLATE,True,True,"{""action"": ""TRANSLATE""}"
v26__scene_translate_v02__L4__C5_D8__r02_s28102,scene_translate_v02,TRANSLATE,C5,D8,28102,45,CLEARANCE_OVERLAP,95,False,True,TRANSLATE,TRANSLATE,True,True,"{""action"": ""TRANSLATE""}"
v26__scene_translate_v02__L4__C5_D8__r03_s28103,scene_translate_v02,TRANSLATE,C5,D8,28103,45,CLEARANCE_OVERLAP,95,False,True,TRANSLATE,TRANSLATE,True,True,"{""action"": ""TRANSLATE""}"
v26__scene_translate_v02__L4__C5_D8__r04_s28104,scene_translate_v02,TRANSLATE,C5,D8,28104,45,CLEARANCE_OVERLAP,95,False,True,TRANSLATE,TRANSLATE,True,True,"{""action"": ""TRANSLATE""}"
v26__scene_translate_v02__L4__C5_D8__r05_s28105,scene_translate_v02,TRANSLATE,C5,D8,28105,45,CLEARANCE_OVERLAP,95,False,True,TRANSLATE,TRANSLATE,True,True,"{""action"": ""TRANSLATE""}"
v26__scene_translate_v03__L4__C5_D8__r01_s28101,scene_translate_v03,TRANSLATE,C5,D8,28101,18,CLEARANCE_OVERLAP,45,False,True,TRANSLATE,TRANSLATE,True,True,"{""action"": ""TRANSLATE""}"
v26__scene_translate_v03__L4__C5_D8__r02_s28102,scene_translate_v03,TRANSLATE,C5,D8,28102,18,CLEARANCE_OVERLAP,45,False,True,TRANSLATE,TRANSLATE,True,True,"{""action"": ""TRANSLATE""}"
v26__scene_translate_v03__L4__C5_D8__r03_s28103,scene_translate_v03,TRANSLATE,C5,D8,28103,18,CLEARANCE_OVERLAP,45,False,True,TRANSLATE,TRANSLATE,True,True,"{""action"": ""TRANSLATE""}"
v26__scene_translate_v03__L4__C5_D8__r04_s28104,scene_translate_v03,TRANSLATE,C5,D8,28104,18,CLEARANCE_OVERLAP,45,False,True,TRANSLATE,TRANSLATE,True,True,"{""action"": ""TRANSLATE""}"
v26__scene_translate_v03__L4__C5_D8__r05_s28105,scene_translate_v03,TRANSLATE,C5,D8,28105,18,CLEARANCE_OVERLAP,45,False,True,TRANSLATE,TRANSLATE,True,True,"{""action"": ""TRANSLATE""}"
v26__scene_translate_v04__L4__C5_D8__r01_s28101,scene_translate_v04,TRANSLATE,C5,D8,28101,13,CLEARANCE_OVERLAP,84,False,True,TRANSLATE,TRANSLATE,True,True,"{""action"": ""TRANSLATE""}"
v26__scene_translate_v04__L4__C5_D8__r02_s28102,scene_translate_v04,TRANSLATE,C5,D8,28102,13,CLEARANCE_OVERLAP,41,False,False,TRANSLATE,TRANSLATE,True,True,"{""action"": ""TRANSLATE""}"
v26__scene_translate_v04__L4__C5_D8__r03_s28103,scene_translate_v04,TRANSLATE,C5,D8,28103,13,CLEARANCE_OVERLAP,41,False,False,TRANSLATE,TRANSLATE,True,True,"{""action"": ""TRANSLATE""}"
v26__scene_translate_v04__L4__C5_D8__r04_s28104,scene_translate_v04,TRANSLATE,C5,D8,28104,13,CLEARANCE_OVERLAP,84,False,True,TRANSLATE,TRANSLATE,True,True,"{""action"": ""TRANSLATE""}"
v26__scene_translate_v04__L4__C5_D8__r05_s28105,scene_translate_v04,TRANSLATE,C5,D8,28105,13,CLEARANCE_OVERLAP,84,False,True,TRANSLATE,TRANSLATE,True,True,"{""action"": ""TRANSLATE""}"
v26__scene_translate_v05__L4__C5_D8__r01_s28101,scene_translate_v05,TRANSLATE,C5,D8,28101,54,CLEARANCE_OVERLAP,79,False,True,TRANSLATE,TRANSLATE,True,True,"{""action"": ""TRANSLATE""}"
v26__scene_translate_v05__L4__C5_D8__r02_s28102,scene_translate_v05,TRANSLATE,C5,D8,28102,54,CLEARANCE_OVERLAP,79,False,True,TRANSLATE,TRANSLATE,True,True,"{""action"": ""TRANSLATE""}"
v26__scene_translate_v05__L4__C5_D8__r03_s28103,scene_translate_v05,TRANSLATE,C5,D8,28103,54,CLEARANCE_OVERLAP,79,False,True,TRANSLATE,TRANSLATE,True,True,"{""action"": ""TRANSLATE""}"
v26__scene_translate_v05__L4__C5_D8__r04_s28104,scene_translate_v05,TRANSLATE,C5,D8,28104,54,CLEARANCE_OVERLAP,79,False,True,TRANSLATE,TRANSLATE,True,True,"{""action"": ""TRANSLATE""}"
v26__scene_translate_v05__L4__C5_D8__r05_s28105,scene_translate_v05,TRANSLATE,C5,D8,28105,54,CLEARANCE_OVERLAP,79,False,True,TRANSLATE,TRANSLATE,True,True,"{""action"": ""TRANSLATE""}"
v26__scene_fc_blocked_v01__L4__C6_D4__r01_s28101,scene_fc_blocked_v01,FC_BLOCKED,C6,D4,28101,64,CLEARANCE_OVERLAP,40,True,True,TRANSLATE,TRANSLATE,True,True,"{""action"": ""TRANSLATE""}"
v26__scene_fc_blocked_v01__L4__C6_D4__r02_s28102,scene_fc_blocked_v01,FC_BLOCKED,C6,D4,28102,64,CLEARANCE_OVERLAP,40,True,True,TRANSLATE,TRANSLATE,True,True,"{""action"": ""TRANSLATE""}"
v26__scene_fc_blocked_v01__L4__C6_D4__r03_s28103,scene_fc_blocked_v01,FC_BLOCKED,C6,D4,28103,64,CLEARANCE_OVERLAP,40,True,True,TRANSLATE,TRANSLATE,True,True,"{""action"": ""TRANSLATE""}"
v26__scene_fc_blocked_v01__L4__C6_D4__r04_s28104,scene_fc_blocked_v01,FC_BLOCKED,C6,D4,28104,64,CLEARANCE_OVERLAP,40,True,True,TRANSLATE,TRANSLATE,True,True,"{""action"": ""TRANSLATE""}"
v26__scene_fc_blocked_v01__L4__C6_D4__r05_s28105,scene_fc_blocked_v01,FC_BLOCKED,C6,D4,28105,64,CLEARANCE_OVERLAP,40,True,True,TRANSLATE,TRANSLATE,True,True,"{""action"": ""TRANSLATE""}"
v26__scene_fc_blocked_v02__L4__C6_D4__r01_s28101,scene_fc_blocked_v02,FC_BLOCKED,C6,D4,28101,53,CLEARANCE_OVERLAP,49,True,True,TRANSLATE,TRANSLATE,True,True,"{""action"": ""TRANSLATE""}"
v26__scene_fc_blocked_v02__L4__C6_D4__r02_s28102,scene_fc_blocked_v02,FC_BLOCKED,C6,D4,28102,53,CLEARANCE_OVERLAP,49,True,True,TRANSLATE,TRANSLATE,True,True,"{""action"": ""TRANSLATE""}"
v26__scene_fc_blocked_v02__L4__C6_D4__r03_s28103,scene_fc_blocked_v02,FC_BLOCKED,C6,D4,28103,53,CLEARANCE_OVERLAP,49,True,True,TRANSLATE,TRANSLATE,True,True,"{""action"": ""TRANSLATE""}"
v26__scene_fc_blocked_v02__L4__C6_D4__r04_s28104,scene_fc_blocked_v02,FC_BLOCKED,C6,D4,28104,53,CLEARANCE_OVERLAP,49,True,True,TRANSLATE,TRANSLATE,True,True,"{""action"": ""TRANSLATE""}"
v26__scene_fc_blocked_v02__L4__C6_D4__r05_s28105,scene_fc_blocked_v02,FC_BLOCKED,C6,D4,28105,53,CLEARANCE_OVERLAP,49,True,True,TRANSLATE,TRANSLATE,True,True,"{""action"": ""TRANSLATE""}"
v26__scene_fc_blocked_v03__L4__C6_D4__r01_s28101,scene_fc_blocked_v03,FC_BLOCKED,C6,D4,28101,12,CLEARANCE_OVERLAP,33,True,True,TRANSLATE,TRANSLATE,True,True,"{""action"": ""TRANSLATE""}"
v26__scene_fc_blocked_v03__L4__C6_D4__r02_s28102,scene_fc_blocked_v03,FC_BLOCKED,C6,D4,28102,12,CLEARANCE_OVERLAP,33,True,True,TRANSLATE,TRANSLATE,True,True,"{""action"": ""TRANSLATE""}"
v26__scene_fc_blocked_v03__L4__C6_D4__r03_s28103,scene_fc_blocked_v03,FC_BLOCKED,C6,D4,28103,12,CLEARANCE_OVERLAP,33,True,True,TRANSLATE,TRANSLATE,True,True,"{""action"": ""TRANSLATE""}"
v26__scene_fc_blocked_v03__L4__C6_D4__r04_s28104,scene_fc_blocked_v03,FC_BLOCKED,C6,D4,28104,12,CLEARANCE_OVERLAP,33,True,True,TRANSLATE,TRANSLATE,True,True,"{""action"": ""TRANSLATE""}"
v26__scene_fc_blocked_v03__L4__C6_D4__r05_s28105,scene_fc_blocked_v03,FC_BLOCKED,C6,D4,28105,12,CLEARANCE_OVERLAP,33,True,True,TRANSLATE,TRANSLATE,True,True,"{""action"": ""TRANSLATE""}"
v26__scene_fc_blocked_v04__L4__C6_D4__r01_s28101,scene_fc_blocked_v04,FC_BLOCKED,C6,D4,28101,89,CLEARANCE_OVERLAP,19,True,True,TRANSLATE,TRANSLATE,True,True,"{""action"": ""TRANSLATE""}"
v26__scene_fc_blocked_v04__L4__C6_D4__r02_s28102,scene_fc_blocked_v04,FC_BLOCKED,C6,D4,28102,89,CLEARANCE_OVERLAP,19,True,True,TRANSLATE,TRANSLATE,True,True,"{""action"": ""TRANSLATE""}"
v26__scene_fc_blocked_v04__L4__C6_D4__r03_s28103,scene_fc_blocked_v04,FC_BLOCKED,C6,D4,28103,89,CLEARANCE_OVERLAP,19,True,True,TRANSLATE,TRANSLATE,True,True,"{""action"": ""TRANSLATE""}"
v26__scene_fc_blocked_v04__L4__C6_D4__r04_s28104,scene_fc_blocked_v04,FC_BLOCKED,C6,D4,28104,89,CLEARANCE_OVERLAP,19,True,True,TRANSLATE,TRANSLATE,True,True,"{""action"": ""TRANSLATE""}"
v26__scene_fc_blocked_v04__L4__C6_D4__r05_s28105,scene_fc_blocked_v04,FC_BLOCKED,C6,D4,28105,89,CLEARANCE_OVERLAP,19,True,True,TRANSLATE,TRANSLATE,True,True,"{""action"": ""TRANSLATE""}"
v26__scene_fc_blocked_v05__L4__C6_D4__r01_s28101,scene_fc_blocked_v05,FC_BLOCKED,C6,D4,28101,59,CLEARANCE_OVERLAP,26,False,True,TRANSLATE,TRANSLATE,True,True,"{""action"": ""TRANSLATE""}"
v26__scene_fc_blocked_v05__L4__C6_D4__r02_s28102,scene_fc_blocked_v05,FC_BLOCKED,C6,D4,28102,59,CLEARANCE_OVERLAP,26,False,True,TRANSLATE,TRANSLATE,True,True,"{""action"": ""TRANSLATE""}"
v26__scene_fc_blocked_v05__L4__C6_D4__r03_s28103,scene_fc_blocked_v05,FC_BLOCKED,C6,D4,28103,59,CLEARANCE_OVERLAP,26,False,True,TRANSLATE,TRANSLATE,True,True,"{""action"": ""TRANSLATE""}"
v26__scene_fc_blocked_v05__L4__C6_D4__r04_s28104,scene_fc_blocked_v05,FC_BLOCKED,C6,D4,28104,59,CLEARANCE_OVERLAP,26,False,True,TRANSLATE,TRANSLATE,True,True,"{""action"": ""TRANSLATE""}"
v26__scene_fc_blocked_v05__L4__C6_D4__r05_s28105,scene_fc_blocked_v05,FC_BLOCKED,C6,D4,28105,59,CLEARANCE_OVERLAP,26,False,True,TRANSLATE,TRANSLATE,True,True,"{""action"": ""TRANSLATE""}"
v26__scene_fc_clear_v01__L4__C6_D4__r01_s28101,scene_fc_clear_v01,FC_CLEAR,C6,D4,28101,53,NONE,,True,True,RETRIEVE,RETRIEVE,True,True,"{""action"": ""RETRIEVE""}"
v26__scene_fc_clear_v01__L4__C6_D4__r02_s28102,scene_fc_clear_v01,FC_CLEAR,C6,D4,28102,53,BOTH,62,False,False,RETRIEVE,TRANSLATE,False,True,"{""action"": ""TRANSLATE""}"
v26__scene_fc_clear_v01__L4__C6_D4__r03_s28103,scene_fc_clear_v01,FC_CLEAR,C6,D4,28103,53,NONE,,True,True,RETRIEVE,RETRIEVE,True,True,"{""action"": ""RETRIEVE""}"
v26__scene_fc_clear_v01__L4__C6_D4__r04_s28104,scene_fc_clear_v01,FC_CLEAR,C6,D4,28104,53,NONE,,True,True,RETRIEVE,RETRIEVE,True,True,"{""action"": ""RETRIEVE""}"
v26__scene_fc_clear_v01__L4__C6_D4__r05_s28105,scene_fc_clear_v01,FC_CLEAR,C6,D4,28105,53,NONE,,True,True,RETRIEVE,RETRIEVE,True,True,"{""action"": ""RETRIEVE""}"
v26__scene_fc_clear_v02__L4__C6_D4__r01_s28101,scene_fc_clear_v02,FC_CLEAR,C6,D4,28101,29,NONE,,True,True,RETRIEVE,RETRIEVE,True,True,"{""action"": ""RETRIEVE""}"
v26__scene_fc_clear_v02__L4__C6_D4__r02_s28102,scene_fc_clear_v02,FC_CLEAR,C6,D4,28102,29,CLEARANCE_OVERLAP,10,False,False,RETRIEVE,TRANSLATE,False,True,"{""action"": ""TRANSLATE""}"
v26__scene_fc_clear_v02__L4__C6_D4__r03_s28103,scene_fc_clear_v02,FC_CLEAR,C6,D4,28103,29,NONE,,True,True,RETRIEVE,RETRIEVE,True,True,"{""action"": ""RETRIEVE""}"
v26__scene_fc_clear_v02__L4__C6_D4__r04_s28104,scene_fc_clear_v02,FC_CLEAR,C6,D4,28104,29,NONE,,True,True,RETRIEVE,RETRIEVE,True,True,"{""action"": ""RETRIEVE""}"
v26__scene_fc_clear_v02__L4__C6_D4__r05_s28105,scene_fc_clear_v02,FC_CLEAR,C6,D4,28105,29,NONE,,True,True,RETRIEVE,RETRIEVE,True,True,"{""action"": ""RETRIEVE""}"
v26__scene_fc_clear_v03__L4__C6_D4__r01_s28101,scene_fc_clear_v03,FC_CLEAR,C6,D4,28101,95,NONE,,True,True,RETRIEVE,RETRIEVE,True,True,"{""action"": ""RETRIEVE""}"
v26__scene_fc_clear_v03__L4__C6_D4__r02_s28102,scene_fc_clear_v03,FC_CLEAR,C6,D4,28102,95,NONE,,True,True,RETRIEVE,RETRIEVE,True,True,"{""action"": ""RETRIEVE""}"
v26__scene_fc_clear_v03__L4__C6_D4__r03_s28103,scene_fc_clear_v03,FC_CLEAR,C6,D4,28103,95,NONE,,True,True,RETRIEVE,RETRIEVE,True,True,"{""action"": ""RETRIEVE""}"
v26__scene_fc_clear_v03__L4__C6_D4__r04_s28104,scene_fc_clear_v03,FC_CLEAR,C6,D4,28104,95,NONE,,True,True,RETRIEVE,RETRIEVE,True,True,"{""action"": ""RETRIEVE""}"
v26__scene_fc_clear_v03__L4__C6_D4__r05_s28105,scene_fc_clear_v03,FC_CLEAR,C6,D4,28105,95,NONE,,True,True,RETRIEVE,RETRIEVE,True,True,"{""action"": ""RETRIEVE""}"
v26__scene_fc_clear_v04__L4__C6_D4__r01_s28101,scene_fc_clear_v04,FC_CLEAR,C6,D4,28101,61,CLEARANCE_OVERLAP,38,False,False,RETRIEVE,TRANSLATE,False,True,"{""action"": ""TRANSLATE""}"
v26__scene_fc_clear_v04__L4__C6_D4__r02_s28102,scene_fc_clear_v04,FC_CLEAR,C6,D4,28102,61,CLEARANCE_OVERLAP,38,False,False,RETRIEVE,TRANSLATE,False,True,"{""action"": ""TRANSLATE""}"
v26__scene_fc_clear_v04__L4__C6_D4__r03_s28103,scene_fc_clear_v04,FC_CLEAR,C6,D4,28103,61,CLEARANCE_OVERLAP,38,False,False,RETRIEVE,TRANSLATE,False,True,"{""action"": ""TRANSLATE""}"
v26__scene_fc_clear_v04__L4__C6_D4__r04_s28104,scene_fc_clear_v04,FC_CLEAR,C6,D4,28104,61,NONE,,True,True,RETRIEVE,RETRIEVE,True,True,"{""action"": ""RETRIEVE""}"
v26__scene_fc_clear_v04__L4__C6_D4__r05_s28105,scene_fc_clear_v04,FC_CLEAR,C6,D4,28105,61,CLEARANCE_OVERLAP,38,False,False,RETRIEVE,TRANSLATE,False,True,"{""action"": ""TRANSLATE""}"
v26__scene_fc_clear_v05__L4__C6_D4__r01_s28101,scene_fc_clear_v05,FC_CLEAR,C6,D4,28101,62,CLEARANCE_OVERLAP,82,True,True,RETRIEVE,TRANSLATE,False,True,"{""action"": ""TRANSLATE""}"
v26__scene_fc_clear_v05__L4__C6_D4__r02_s28102,scene_fc_clear_v05,FC_CLEAR,C6,D4,28102,62,CLEARANCE_OVERLAP,82,True,True,RETRIEVE,TRANSLATE,False,True,"{""action"": ""TRANSLATE""}"
v26__scene_fc_clear_v05__L4__C6_D4__r03_s28103,scene_fc_clear_v05,FC_CLEAR,C6,D4,28103,62,CLEARANCE_OVERLAP,82,True,True,RETRIEVE,TRANSLATE,False,True,"{""action"": ""TRANSLATE""}"
v26__scene_fc_clear_v05__L4__C6_D4__r04_s28104,scene_fc_clear_v05,FC_CLEAR,C6,D4,28104,62,CLEARANCE_OVERLAP,82,True,True,RETRIEVE,TRANSLATE,False,True,"{""action"": ""TRANSLATE""}"
v26__scene_fc_clear_v05__L4__C6_D4__r05_s28105,scene_fc_clear_v05,FC_CLEAR,C6,D4,28105,62,CLEARANCE_OVERLAP,82,True,True,RETRIEVE,TRANSLATE,False,True,"{""action"": ""TRANSLATE""}"
v26__scene_lift_and_relocate_v01__L4__C6_D4__r01_s28101,scene_lift_and_relocate_v01,LIFT_AND_RELOCATE,C6,D4,28101,59,CLEARANCE_OVERLAP,64,False,True,LIFT_AND_RELOCATE,TRANSLATE,False,True,"{""action"": ""TRANSLATE""}"
v26__scene_lift_and_relocate_v01__L4__C6_D4__r02_s28102,scene_lift_and_relocate_v01,LIFT_AND_RELOCATE,C6,D4,28102,59,CLEARANCE_OVERLAP,64,False,True,LIFT_AND_RELOCATE,TRANSLATE,False,True,"{""action"": ""TRANSLATE""}"
v26__scene_lift_and_relocate_v01__L4__C6_D4__r03_s28103,scene_lift_and_relocate_v01,LIFT_AND_RELOCATE,C6,D4,28103,59,CLEARANCE_OVERLAP,64,False,True,LIFT_AND_RELOCATE,TRANSLATE,False,True,"{""action"": ""TRANSLATE""}"
v26__scene_lift_and_relocate_v01__L4__C6_D4__r04_s28104,scene_lift_and_relocate_v01,LIFT_AND_RELOCATE,C6,D4,28104,59,CLEARANCE_OVERLAP,64,False,True,LIFT_AND_RELOCATE,TRANSLATE,False,True,"{""action"": ""TRANSLATE""}"
v26__scene_lift_and_relocate_v01__L4__C6_D4__r05_s28105,scene_lift_and_relocate_v01,LIFT_AND_RELOCATE,C6,D4,28105,59,CLEARANCE_OVERLAP,64,False,True,LIFT_AND_RELOCATE,TRANSLATE,False,True,"{""action"": ""TRANSLATE""}"
v26__scene_lift_and_relocate_v02__L4__C6_D4__r01_s28101,scene_lift_and_relocate_v02,LIFT_AND_RELOCATE,C6,D4,28101,70,CLEARANCE_OVERLAP,14,False,True,LIFT_AND_RELOCATE,TRANSLATE,False,True,"{""action"": ""TRANSLATE""}"
v26__scene_lift_and_relocate_v02__L4__C6_D4__r02_s28102,scene_lift_and_relocate_v02,LIFT_AND_RELOCATE,C6,D4,28102,70,CLEARANCE_OVERLAP,14,False,True,LIFT_AND_RELOCATE,TRANSLATE,False,True,"{""action"": ""TRANSLATE""}"
v26__scene_lift_and_relocate_v02__L4__C6_D4__r03_s28103,scene_lift_and_relocate_v02,LIFT_AND_RELOCATE,C6,D4,28103,70,CLEARANCE_OVERLAP,77,False,False,LIFT_AND_RELOCATE,TRANSLATE,False,True,"{""action"": ""TRANSLATE""}"
v26__scene_lift_and_relocate_v02__L4__C6_D4__r04_s28104,scene_lift_and_relocate_v02,LIFT_AND_RELOCATE,C6,D4,28104,70,CLEARANCE_OVERLAP,14,False,True,LIFT_AND_RELOCATE,TRANSLATE,False,True,"{""action"": ""TRANSLATE""}"
v26__scene_lift_and_relocate_v02__L4__C6_D4__r05_s28105,scene_lift_and_relocate_v02,LIFT_AND_RELOCATE,C6,D4,28105,70,CLEARANCE_OVERLAP,77,False,False,LIFT_AND_RELOCATE,TRANSLATE,False,True,"{""action"": ""TRANSLATE""}"
v26__scene_lift_and_relocate_v03__L4__C6_D4__r01_s28101,scene_lift_and_relocate_v03,LIFT_AND_RELOCATE,C6,D4,28101,12,CLEARANCE_OVERLAP,16,False,False,LIFT_AND_RELOCATE,TRANSLATE,False,True,"{""action"": ""TRANSLATE""}"
v26__scene_lift_and_relocate_v03__L4__C6_D4__r02_s28102,scene_lift_and_relocate_v03,LIFT_AND_RELOCATE,C6,D4,28102,12,CLEARANCE_OVERLAP,35,False,True,LIFT_AND_RELOCATE,TRANSLATE,False,True,"{""action"": ""TRANSLATE""}"
v26__scene_lift_and_relocate_v03__L4__C6_D4__r03_s28103,scene_lift_and_relocate_v03,LIFT_AND_RELOCATE,C6,D4,28103,12,CLEARANCE_OVERLAP,35,False,True,LIFT_AND_RELOCATE,TRANSLATE,False,True,"{""action"": ""TRANSLATE""}"
v26__scene_lift_and_relocate_v03__L4__C6_D4__r04_s28104,scene_lift_and_relocate_v03,LIFT_AND_RELOCATE,C6,D4,28104,12,CLEARANCE_OVERLAP,35,False,True,LIFT_AND_RELOCATE,TRANSLATE,False,True,"{""action"": ""TRANSLATE""}"
v26__scene_lift_and_relocate_v03__L4__C6_D4__r05_s28105,scene_lift_and_relocate_v03,LIFT_AND_RELOCATE,C6,D4,28105,12,CLEARANCE_OVERLAP,35,False,True,LIFT_AND_RELOCATE,TRANSLATE,False,True,"{""action"": ""TRANSLATE""}"
v26__scene_lift_and_relocate_v04__L4__C6_D4__r01_s28101,scene_lift_and_relocate_v04,LIFT_AND_RELOCATE,C6,D4,28101,68,CLEARANCE_OVERLAP,30,False,False,LIFT_AND_RELOCATE,TRANSLATE,False,True,"{""action"": ""TRANSLATE""}"
v26__scene_lift_and_relocate_v04__L4__C6_D4__r02_s28102,scene_lift_and_relocate_v04,LIFT_AND_RELOCATE,C6,D4,28102,68,CLEARANCE_OVERLAP,30,False,False,LIFT_AND_RELOCATE,TRANSLATE,False,True,"{""action"": ""TRANSLATE""}"
v26__scene_lift_and_relocate_v04__L4__C6_D4__r03_s28103,scene_lift_and_relocate_v04,LIFT_AND_RELOCATE,C6,D4,28103,68,CLEARANCE_OVERLAP,30,False,False,LIFT_AND_RELOCATE,TRANSLATE,False,True,"{""action"": ""TRANSLATE""}"
v26__scene_lift_and_relocate_v04__L4__C6_D4__r04_s28104,scene_lift_and_relocate_v04,LIFT_AND_RELOCATE,C6,D4,28104,68,CLEARANCE_OVERLAP,30,False,False,LIFT_AND_RELOCATE,TRANSLATE,False,True,"{""action"": ""TRANSLATE""}"
v26__scene_lift_and_relocate_v04__L4__C6_D4__r05_s28105,scene_lift_and_relocate_v04,LIFT_AND_RELOCATE,C6,D4,28105,68,CLEARANCE_OVERLAP,30,False,False,LIFT_AND_RELOCATE,TRANSLATE,False,True,"{""action"": ""TRANSLATE""}"
v26__scene_lift_and_relocate_v05__L4__C6_D4__r01_s28101,scene_lift_and_relocate_v05,LIFT_AND_RELOCATE,C6,D4,28101,43,CLEARANCE_OVERLAP,15,False,True,LIFT_AND_RELOCATE,TRANSLATE,False,True,"{""action"": ""TRANSLATE""}"
v26__scene_lift_and_relocate_v05__L4__C6_D4__r02_s28102,scene_lift_and_relocate_v05,LIFT_AND_RELOCATE,C6,D4,28102,43,CLEARANCE_OVERLAP,15,False,True,LIFT_AND_RELOCATE,TRANSLATE,False,True,"{""action"": ""TRANSLATE""}"
v26__scene_lift_and_relocate_v05__L4__C6_D4__r03_s28103,scene_lift_and_relocate_v05,LIFT_AND_RELOCATE,C6,D4,28103,43,CLEARANCE_OVERLAP,15,False,True,LIFT_AND_RELOCATE,TRANSLATE,False,True,"{""action"": ""TRANSLATE""}"
v26__scene_lift_and_relocate_v05__L4__C6_D4__r04_s28104,scene_lift_and_relocate_v05,LIFT_AND_RELOCATE,C6,D4,28104,43,CLEARANCE_OVERLAP,15,False,True,LIFT_AND_RELOCATE,TRANSLATE,False,True,"{""action"": ""TRANSLATE""}"
v26__scene_lift_and_relocate_v05__L4__C6_D4__r05_s28105,scene_lift_and_relocate_v05,LIFT_AND_RELOCATE,C6,D4,28105,43,CLEARANCE_OVERLAP,15,False,True,LIFT_AND_RELOCATE,TRANSLATE,False,True,"{""action"": ""TRANSLATE""}"
v26__scene_rotate_v01__L4__C6_D4__r01_s28101,scene_rotate_v01,ROTATE,C6,D4,28101,12,CLEARANCE_OVERLAP,54,False,False,ROTATE,TRANSLATE,False,True,"{""action"": ""TRANSLATE""}"
v26__scene_rotate_v01__L4__C6_D4__r02_s28102,scene_rotate_v01,ROTATE,C6,D4,28102,12,CLEARANCE_OVERLAP,54,False,False,ROTATE,TRANSLATE,False,True,"{""action"": ""TRANSLATE""}"
v26__scene_rotate_v01__L4__C6_D4__r03_s28103,scene_rotate_v01,ROTATE,C6,D4,28103,12,CLEARANCE_OVERLAP,54,False,False,ROTATE,TRANSLATE,False,True,"{""action"": ""TRANSLATE""}"
v26__scene_rotate_v01__L4__C6_D4__r04_s28104,scene_rotate_v01,ROTATE,C6,D4,28104,12,CLEARANCE_OVERLAP,54,False,False,ROTATE,TRANSLATE,False,True,"{""action"": ""TRANSLATE""}"
v26__scene_rotate_v01__L4__C6_D4__r05_s28105,scene_rotate_v01,ROTATE,C6,D4,28105,12,CLEARANCE_OVERLAP,54,False,False,ROTATE,TRANSLATE,False,True,"{""action"": ""TRANSLATE""}"
v26__scene_rotate_v02__L4__C6_D4__r01_s28101,scene_rotate_v02,ROTATE,C6,D4,28101,38,CLEARANCE_OVERLAP,50,False,True,ROTATE,TRANSLATE,False,True,"{""action"": ""TRANSLATE""}"
v26__scene_rotate_v02__L4__C6_D4__r02_s28102,scene_rotate_v02,ROTATE,C6,D4,28102,38,CLEARANCE_OVERLAP,50,False,True,ROTATE,TRANSLATE,False,True,"{""action"": ""TRANSLATE""}"
v26__scene_rotate_v02__L4__C6_D4__r03_s28103,scene_rotate_v02,ROTATE,C6,D4,28103,38,CLEARANCE_OVERLAP,50,False,True,ROTATE,TRANSLATE,False,True,"{""action"": ""TRANSLATE""}"
v26__scene_rotate_v02__L4__C6_D4__r04_s28104,scene_rotate_v02,ROTATE,C6,D4,28104,38,CLEARANCE_OVERLAP,50,False,True,ROTATE,TRANSLATE,False,True,"{""action"": ""TRANSLATE""}"
v26__scene_rotate_v02__L4__C6_D4__r05_s28105,scene_rotate_v02,ROTATE,C6,D4,28105,38,CLEARANCE_OVERLAP,50,False,True,ROTATE,TRANSLATE,False,True,"{""action"": ""TRANSLATE""}"
v26__scene_rotate_v03__L4__C6_D4__r01_s28101,scene_rotate_v03,ROTATE,C6,D4,28101,83,CLEARANCE_OVERLAP,23,False,False,ROTATE,TRANSLATE,False,True,"{""action"": ""TRANSLATE""}"
v26__scene_rotate_v03__L4__C6_D4__r02_s28102,scene_rotate_v03,ROTATE,C6,D4,28102,83,CLEARANCE_OVERLAP,11,False,False,ROTATE,TRANSLATE,False,True,"{""action"": ""TRANSLATE""}"
v26__scene_rotate_v03__L4__C6_D4__r03_s28103,scene_rotate_v03,ROTATE,C6,D4,28103,83,CLEARANCE_OVERLAP,11,False,False,ROTATE,TRANSLATE,False,True,"{""action"": ""TRANSLATE""}"
v26__scene_rotate_v03__L4__C6_D4__r04_s28104,scene_rotate_v03,ROTATE,C6,D4,28104,83,CLEARANCE_OVERLAP,23,False,False,ROTATE,TRANSLATE,False,True,"{""action"": ""TRANSLATE""}"
v26__scene_rotate_v03__L4__C6_D4__r05_s28105,scene_rotate_v03,ROTATE,C6,D4,28105,83,OCCLUSION,19,True,True,ROTATE,TRANSLATE,False,True,"{""action"": ""TRANSLATE""}"
v26__scene_rotate_v04__L4__C6_D4__r01_s28101,scene_rotate_v04,ROTATE,C6,D4,28101,47,CLEARANCE_OVERLAP,25,False,False,ROTATE,TRANSLATE,False,True,"{""action"": ""TRANSLATE""}"
v26__scene_rotate_v04__L4__C6_D4__r02_s28102,scene_rotate_v04,ROTATE,C6,D4,28102,47,CLEARANCE_OVERLAP,25,False,False,ROTATE,TRANSLATE,False,True,"{""action"": ""TRANSLATE""}"
v26__scene_rotate_v04__L4__C6_D4__r03_s28103,scene_rotate_v04,ROTATE,C6,D4,28103,47,CLEARANCE_OVERLAP,25,False,False,ROTATE,TRANSLATE,False,True,"{""action"": ""TRANSLATE""}"
v26__scene_rotate_v04__L4__C6_D4__r04_s28104,scene_rotate_v04,ROTATE,C6,D4,28104,47,CLEARANCE_OVERLAP,25,False,False,ROTATE,TRANSLATE,False,True,"{""action"": ""TRANSLATE""}"
v26__scene_rotate_v04__L4__C6_D4__r05_s28105,scene_rotate_v04,ROTATE,C6,D4,28105,47,CLEARANCE_OVERLAP,29,False,False,ROTATE,TRANSLATE,False,True,"{""action"": ""TRANSLATE""}"
v26__scene_rotate_v05__L4__C6_D4__r01_s28101,scene_rotate_v05,ROTATE,C6,D4,28101,44,CLEARANCE_OVERLAP,82,False,True,ROTATE,TRANSLATE,False,True,"{""action"": ""TRANSLATE""}"
v26__scene_rotate_v05__L4__C6_D4__r02_s28102,scene_rotate_v05,ROTATE,C6,D4,28102,44,CLEARANCE_OVERLAP,82,False,True,ROTATE,TRANSLATE,False,True,"{""action"": ""TRANSLATE""}"
v26__scene_rotate_v05__L4__C6_D4__r03_s28103,scene_rotate_v05,ROTATE,C6,D4,28103,44,CLEARANCE_OVERLAP,82,False,True,ROTATE,TRANSLATE,False,True,"{""action"": ""TRANSLATE""}"
v26__scene_rotate_v05__L4__C6_D4__r04_s28104,scene_rotate_v05,ROTATE,C6,D4,28104,44,CLEARANCE_OVERLAP,82,False,True,ROTATE,TRANSLATE,False,True,"{""action"": ""TRANSLATE""}"
v26__scene_rotate_v05__L4__C6_D4__r05_s28105,scene_rotate_v05,ROTATE,C6,D4,28105,44,CLEARANCE_OVERLAP,82,False,True,ROTATE,TRANSLATE,False,True,"{""action"": ""TRANSLATE""}"
v26__scene_translate_v01__L4__C6_D4__r01_s28101,scene_translate_v01,TRANSLATE,C6,D4,28101,67,CLEARANCE_OVERLAP,35,False,True,TRANSLATE,TRANSLATE,True,True,"{""action"": ""TRANSLATE""}"
v26__scene_translate_v01__L4__C6_D4__r02_s28102,scene_translate_v01,TRANSLATE,C6,D4,28102,67,CLEARANCE_OVERLAP,35,False,True,TRANSLATE,TRANSLATE,True,True,"{""action"": ""TRANSLATE""}"
v26__scene_translate_v01__L4__C6_D4__r03_s28103,scene_translate_v01,TRANSLATE,C6,D4,28103,67,CLEARANCE_OVERLAP,35,False,True,TRANSLATE,TRANSLATE,True,True,"{""action"": ""TRANSLATE""}"
v26__scene_translate_v01__L4__C6_D4__r04_s28104,scene_translate_v01,TRANSLATE,C6,D4,28104,67,CLEARANCE_OVERLAP,35,False,True,TRANSLATE,TRANSLATE,True,True,"{""action"": ""TRANSLATE""}"
v26__scene_translate_v01__L4__C6_D4__r05_s28105,scene_translate_v01,TRANSLATE,C6,D4,28105,67,CLEARANCE_OVERLAP,35,False,True,TRANSLATE,TRANSLATE,True,True,"{""action"": ""TRANSLATE""}"
v26__scene_translate_v02__L4__C6_D4__r01_s28101,scene_translate_v02,TRANSLATE,C6,D4,28101,45,CLEARANCE_OVERLAP,95,False,True,TRANSLATE,TRANSLATE,True,True,"{""action"": ""TRANSLATE""}"
v26__scene_translate_v02__L4__C6_D4__r02_s28102,scene_translate_v02,TRANSLATE,C6,D4,28102,45,CLEARANCE_OVERLAP,95,False,True,TRANSLATE,TRANSLATE,True,True,"{""action"": ""TRANSLATE""}"
v26__scene_translate_v02__L4__C6_D4__r03_s28103,scene_translate_v02,TRANSLATE,C6,D4,28103,45,CLEARANCE_OVERLAP,95,False,True,TRANSLATE,TRANSLATE,True,True,"{""action"": ""TRANSLATE""}"
v26__scene_translate_v02__L4__C6_D4__r04_s28104,scene_translate_v02,TRANSLATE,C6,D4,28104,45,CLEARANCE_OVERLAP,95,False,True,TRANSLATE,TRANSLATE,True,True,"{""action"": ""TRANSLATE""}"
v26__scene_translate_v02__L4__C6_D4__r05_s28105,scene_translate_v02,TRANSLATE,C6,D4,28105,45,CLEARANCE_OVERLAP,95,False,True,TRANSLATE,TRANSLATE,True,True,"{""action"": ""TRANSLATE""}"
v26__scene_translate_v03__L4__C6_D4__r01_s28101,scene_translate_v03,TRANSLATE,C6,D4,28101,18,CLEARANCE_OVERLAP,45,False,True,TRANSLATE,TRANSLATE,True,True,"{""action"": ""TRANSLATE""}"
v26__scene_translate_v03__L4__C6_D4__r02_s28102,scene_translate_v03,TRANSLATE,C6,D4,28102,18,CLEARANCE_OVERLAP,45,False,True,TRANSLATE,TRANSLATE,True,True,"{""action"": ""TRANSLATE""}"
v26__scene_translate_v03__L4__C6_D4__r03_s28103,scene_translate_v03,TRANSLATE,C6,D4,28103,18,CLEARANCE_OVERLAP,45,False,True,TRANSLATE,TRANSLATE,True,True,"{""action"": ""TRANSLATE""}"
v26__scene_translate_v03__L4__C6_D4__r04_s28104,scene_translate_v03,TRANSLATE,C6,D4,28104,18,CLEARANCE_OVERLAP,45,False,True,TRANSLATE,TRANSLATE,True,True,"{""action"": ""TRANSLATE""}"
v26__scene_translate_v03__L4__C6_D4__r05_s28105,scene_translate_v03,TRANSLATE,C6,D4,28105,18,CLEARANCE_OVERLAP,45,False,True,TRANSLATE,TRANSLATE,True,True,"{""action"": ""TRANSLATE""}"
v26__scene_translate_v04__L4__C6_D4__r01_s28101,scene_translate_v04,TRANSLATE,C6,D4,28101,13,CLEARANCE_OVERLAP,41,False,False,TRANSLATE,TRANSLATE,True,True,"{""action"": ""TRANSLATE""}"
v26__scene_translate_v04__L4__C6_D4__r02_s28102,scene_translate_v04,TRANSLATE,C6,D4,28102,13,CLEARANCE_OVERLAP,84,False,True,TRANSLATE,TRANSLATE,True,True,"{""action"": ""TRANSLATE""}"
v26__scene_translate_v04__L4__C6_D4__r03_s28103,scene_translate_v04,TRANSLATE,C6,D4,28103,13,CLEARANCE_OVERLAP,41,False,False,TRANSLATE,TRANSLATE,True,True,"{""action"": ""TRANSLATE""}"
v26__scene_translate_v04__L4__C6_D4__r04_s28104,scene_translate_v04,TRANSLATE,C6,D4,28104,13,CLEARANCE_OVERLAP,41,False,False,TRANSLATE,TRANSLATE,True,True,"{""action"": ""TRANSLATE""}"
v26__scene_translate_v04__L4__C6_D4__r05_s28105,scene_translate_v04,TRANSLATE,C6,D4,28105,13,CLEARANCE_OVERLAP,84,False,True,TRANSLATE,TRANSLATE,True,True,"{""action"": ""TRANSLATE""}"
v26__scene_translate_v05__L4__C6_D4__r01_s28101,scene_translate_v05,TRANSLATE,C6,D4,28101,54,OCCLUSION,79,False,True,TRANSLATE,TRANSLATE,True,True,"{""action"": ""TRANSLATE""}"
v26__scene_translate_v05__L4__C6_D4__r02_s28102,scene_translate_v05,TRANSLATE,C6,D4,28102,54,OCCLUSION,79,False,True,TRANSLATE,TRANSLATE,True,True,"{""action"": ""TRANSLATE""}"
v26__scene_translate_v05__L4__C6_D4__r03_s28103,scene_translate_v05,TRANSLATE,C6,D4,28103,54,OCCLUSION,79,False,True,TRANSLATE,TRANSLATE,True,True,"{""action"": ""TRANSLATE""}"
v26__scene_translate_v05__L4__C6_D4__r04_s28104,scene_translate_v05,TRANSLATE,C6,D4,28104,54,OCCLUSION,79,False,True,TRANSLATE,TRANSLATE,True,True,"{""action"": ""TRANSLATE""}"
v26__scene_translate_v05__L4__C6_D4__r05_s28105,scene_translate_v05,TRANSLATE,C6,D4,28105,54,OCCLUSION,79,False,True,TRANSLATE,TRANSLATE,True,True,"{""action"": ""TRANSLATE""}"
v26__scene_fc_blocked_v01__L4__C6_D8__r01_s28101,scene_fc_blocked_v01,FC_BLOCKED,C6,D8,28101,64,CLEARANCE_OVERLAP,40,True,True,TRANSLATE,TRANSLATE,True,True,"{""action"": ""TRANSLATE""}"
v26__scene_fc_blocked_v01__L4__C6_D8__r02_s28102,scene_fc_blocked_v01,FC_BLOCKED,C6,D8,28102,64,CLEARANCE_OVERLAP,40,True,True,TRANSLATE,TRANSLATE,True,True,"{""action"": ""TRANSLATE""}"
v26__scene_fc_blocked_v01__L4__C6_D8__r03_s28103,scene_fc_blocked_v01,FC_BLOCKED,C6,D8,28103,64,CLEARANCE_OVERLAP,40,True,True,TRANSLATE,TRANSLATE,True,True,"{""action"": ""TRANSLATE""}"
v26__scene_fc_blocked_v01__L4__C6_D8__r04_s28104,scene_fc_blocked_v01,FC_BLOCKED,C6,D8,28104,64,CLEARANCE_OVERLAP,40,True,True,TRANSLATE,TRANSLATE,True,True,"{""action"": ""TRANSLATE""}"
v26__scene_fc_blocked_v01__L4__C6_D8__r05_s28105,scene_fc_blocked_v01,FC_BLOCKED,C6,D8,28105,64,CLEARANCE_OVERLAP,40,True,True,TRANSLATE,TRANSLATE,True,True,"{""action"": ""TRANSLATE""}"
v26__scene_fc_blocked_v02__L4__C6_D8__r01_s28101,scene_fc_blocked_v02,FC_BLOCKED,C6,D8,28101,53,CLEARANCE_OVERLAP,49,True,True,TRANSLATE,TRANSLATE,True,True,"{""action"": ""TRANSLATE""}"
v26__scene_fc_blocked_v02__L4__C6_D8__r02_s28102,scene_fc_blocked_v02,FC_BLOCKED,C6,D8,28102,53,CLEARANCE_OVERLAP,49,True,True,TRANSLATE,TRANSLATE,True,True,"{""action"": ""TRANSLATE""}"
v26__scene_fc_blocked_v02__L4__C6_D8__r03_s28103,scene_fc_blocked_v02,FC_BLOCKED,C6,D8,28103,53,CLEARANCE_OVERLAP,49,True,True,TRANSLATE,TRANSLATE,True,True,"{""action"": ""TRANSLATE""}"
v26__scene_fc_blocked_v02__L4__C6_D8__r04_s28104,scene_fc_blocked_v02,FC_BLOCKED,C6,D8,28104,53,CLEARANCE_OVERLAP,49,True,True,TRANSLATE,TRANSLATE,True,True,"{""action"": ""TRANSLATE""}"
v26__scene_fc_blocked_v02__L4__C6_D8__r05_s28105,scene_fc_blocked_v02,FC_BLOCKED,C6,D8,28105,53,CLEARANCE_OVERLAP,49,True,True,TRANSLATE,TRANSLATE,True,True,"{""action"": ""TRANSLATE""}"
v26__scene_fc_blocked_v03__L4__C6_D8__r01_s28101,scene_fc_blocked_v03,FC_BLOCKED,C6,D8,28101,12,CLEARANCE_OVERLAP,33,True,True,TRANSLATE,TRANSLATE,True,True,"{""action"": ""TRANSLATE""}"
v26__scene_fc_blocked_v03__L4__C6_D8__r02_s28102,scene_fc_blocked_v03,FC_BLOCKED,C6,D8,28102,12,CLEARANCE_OVERLAP,33,True,True,TRANSLATE,TRANSLATE,True,True,"{""action"": ""TRANSLATE""}"
v26__scene_fc_blocked_v03__L4__C6_D8__r03_s28103,scene_fc_blocked_v03,FC_BLOCKED,C6,D8,28103,12,CLEARANCE_OVERLAP,33,True,True,TRANSLATE,TRANSLATE,True,True,"{""action"": ""TRANSLATE""}"
v26__scene_fc_blocked_v03__L4__C6_D8__r04_s28104,scene_fc_blocked_v03,FC_BLOCKED,C6,D8,28104,12,CLEARANCE_OVERLAP,33,True,True,TRANSLATE,TRANSLATE,True,True,"{""action"": ""TRANSLATE""}"
v26__scene_fc_blocked_v03__L4__C6_D8__r05_s28105,scene_fc_blocked_v03,FC_BLOCKED,C6,D8,28105,12,CLEARANCE_OVERLAP,33,True,True,TRANSLATE,TRANSLATE,True,True,"{""action"": ""TRANSLATE""}"
v26__scene_fc_blocked_v04__L4__C6_D8__r01_s28101,scene_fc_blocked_v04,FC_BLOCKED,C6,D8,28101,89,CLEARANCE_OVERLAP,19,True,True,TRANSLATE,TRANSLATE,True,True,"{""action"": ""TRANSLATE""}"
v26__scene_fc_blocked_v04__L4__C6_D8__r02_s28102,scene_fc_blocked_v04,FC_BLOCKED,C6,D8,28102,89,CLEARANCE_OVERLAP,19,True,True,TRANSLATE,TRANSLATE,True,True,"{""action"": ""TRANSLATE""}"
v26__scene_fc_blocked_v04__L4__C6_D8__r03_s28103,scene_fc_blocked_v04,FC_BLOCKED,C6,D8,28103,89,CLEARANCE_OVERLAP,19,True,True,TRANSLATE,TRANSLATE,True,True,"{""action"": ""TRANSLATE""}"
v26__scene_fc_blocked_v04__L4__C6_D8__r04_s28104,scene_fc_blocked_v04,FC_BLOCKED,C6,D8,28104,89,CLEARANCE_OVERLAP,19,True,True,TRANSLATE,TRANSLATE,True,True,"{""action"": ""TRANSLATE""}"
v26__scene_fc_blocked_v04__L4__C6_D8__r05_s28105,scene_fc_blocked_v04,FC_BLOCKED,C6,D8,28105,89,CLEARANCE_OVERLAP,19,True,True,TRANSLATE,TRANSLATE,True,True,"{""action"": ""TRANSLATE""}"
v26__scene_fc_blocked_v05__L4__C6_D8__r01_s28101,scene_fc_blocked_v05,FC_BLOCKED,C6,D8,28101,59,CLEARANCE_OVERLAP,26,False,True,TRANSLATE,TRANSLATE,True,True,"{""action"": ""TRANSLATE""}"
v26__scene_fc_blocked_v05__L4__C6_D8__r02_s28102,scene_fc_blocked_v05,FC_BLOCKED,C6,D8,28102,59,CLEARANCE_OVERLAP,26,False,True,TRANSLATE,TRANSLATE,True,True,"{""action"": ""TRANSLATE""}"
v26__scene_fc_blocked_v05__L4__C6_D8__r03_s28103,scene_fc_blocked_v05,FC_BLOCKED,C6,D8,28103,59,CLEARANCE_OVERLAP,26,False,True,TRANSLATE,TRANSLATE,True,True,"{""action"": ""TRANSLATE""}"
v26__scene_fc_blocked_v05__L4__C6_D8__r04_s28104,scene_fc_blocked_v05,FC_BLOCKED,C6,D8,28104,59,CLEARANCE_OVERLAP,26,False,True,TRANSLATE,TRANSLATE,True,True,"{""action"": ""TRANSLATE""}"
v26__scene_fc_blocked_v05__L4__C6_D8__r05_s28105,scene_fc_blocked_v05,FC_BLOCKED,C6,D8,28105,59,CLEARANCE_OVERLAP,26,False,True,TRANSLATE,TRANSLATE,True,True,"{""action"": ""TRANSLATE""}"
v26__scene_fc_clear_v01__L4__C6_D8__r01_s28101,scene_fc_clear_v01,FC_CLEAR,C6,D8,28101,53,NONE,,True,True,RETRIEVE,RETRIEVE,True,True,"{""action"": ""RETRIEVE""}"
v26__scene_fc_clear_v01__L4__C6_D8__r02_s28102,scene_fc_clear_v01,FC_CLEAR,C6,D8,28102,53,CLEARANCE_OVERLAP,98,False,False,RETRIEVE,TRANSLATE,False,True,"{""action"": ""TRANSLATE""}"
v26__scene_fc_clear_v01__L4__C6_D8__r03_s28103,scene_fc_clear_v01,FC_CLEAR,C6,D8,28103,53,CLEARANCE_OVERLAP,98,False,False,RETRIEVE,TRANSLATE,False,True,"{""action"": ""TRANSLATE""}"
v26__scene_fc_clear_v01__L4__C6_D8__r04_s28104,scene_fc_clear_v01,FC_CLEAR,C6,D8,28104,53,NONE,,True,True,RETRIEVE,RETRIEVE,True,True,"{""action"": ""RETRIEVE""}"
v26__scene_fc_clear_v01__L4__C6_D8__r05_s28105,scene_fc_clear_v01,FC_CLEAR,C6,D8,28105,53,CLEARANCE_OVERLAP,98,False,False,RETRIEVE,TRANSLATE,False,True,"{""action"": ""TRANSLATE""}"
v26__scene_fc_clear_v02__L4__C6_D8__r01_s28101,scene_fc_clear_v02,FC_CLEAR,C6,D8,28101,29,NONE,,True,True,RETRIEVE,RETRIEVE,True,True,"{""action"": ""RETRIEVE""}"
v26__scene_fc_clear_v02__L4__C6_D8__r02_s28102,scene_fc_clear_v02,FC_CLEAR,C6,D8,28102,29,NONE,,True,True,RETRIEVE,RETRIEVE,True,True,"{""action"": ""RETRIEVE""}"
v26__scene_fc_clear_v02__L4__C6_D8__r03_s28103,scene_fc_clear_v02,FC_CLEAR,C6,D8,28103,29,NONE,,True,True,RETRIEVE,RETRIEVE,True,True,"{""action"": ""RETRIEVE""}"
v26__scene_fc_clear_v02__L4__C6_D8__r04_s28104,scene_fc_clear_v02,FC_CLEAR,C6,D8,28104,29,NONE,,True,True,RETRIEVE,RETRIEVE,True,True,"{""action"": ""RETRIEVE""}"
v26__scene_fc_clear_v02__L4__C6_D8__r05_s28105,scene_fc_clear_v02,FC_CLEAR,C6,D8,28105,29,NONE,,True,True,RETRIEVE,RETRIEVE,True,True,"{""action"": ""RETRIEVE""}"
v26__scene_fc_clear_v03__L4__C6_D8__r01_s28101,scene_fc_clear_v03,FC_CLEAR,C6,D8,28101,95,NONE,,True,True,RETRIEVE,RETRIEVE,True,True,"{""action"": ""RETRIEVE""}"
v26__scene_fc_clear_v03__L4__C6_D8__r02_s28102,scene_fc_clear_v03,FC_CLEAR,C6,D8,28102,95,NONE,,True,True,RETRIEVE,RETRIEVE,True,True,"{""action"": ""RETRIEVE""}"
v26__scene_fc_clear_v03__L4__C6_D8__r03_s28103,scene_fc_clear_v03,FC_CLEAR,C6,D8,28103,95,NONE,,True,True,RETRIEVE,RETRIEVE,True,True,"{""action"": ""RETRIEVE""}"
v26__scene_fc_clear_v03__L4__C6_D8__r04_s28104,scene_fc_clear_v03,FC_CLEAR,C6,D8,28104,95,NONE,,True,True,RETRIEVE,RETRIEVE,True,True,"{""action"": ""RETRIEVE""}"
v26__scene_fc_clear_v03__L4__C6_D8__r05_s28105,scene_fc_clear_v03,FC_CLEAR,C6,D8,28105,95,NONE,,True,True,RETRIEVE,RETRIEVE,True,True,"{""action"": ""RETRIEVE""}"
v26__scene_fc_clear_v04__L4__C6_D8__r01_s28101,scene_fc_clear_v04,FC_CLEAR,C6,D8,28101,61,NONE,,True,True,RETRIEVE,RETRIEVE,True,True,"{""action"": ""RETRIEVE""}"
v26__scene_fc_clear_v04__L4__C6_D8__r02_s28102,scene_fc_clear_v04,FC_CLEAR,C6,D8,28102,61,CLEARANCE_OVERLAP,38,False,False,RETRIEVE,TRANSLATE,False,True,"{""action"": ""TRANSLATE""}"
v26__scene_fc_clear_v04__L4__C6_D8__r03_s28103,scene_fc_clear_v04,FC_CLEAR,C6,D8,28103,61,NONE,,True,True,RETRIEVE,RETRIEVE,True,True,"{""action"": ""RETRIEVE""}"
v26__scene_fc_clear_v04__L4__C6_D8__r04_s28104,scene_fc_clear_v04,FC_CLEAR,C6,D8,28104,61,NONE,,True,True,RETRIEVE,RETRIEVE,True,True,"{""action"": ""RETRIEVE""}"
v26__scene_fc_clear_v04__L4__C6_D8__r05_s28105,scene_fc_clear_v04,FC_CLEAR,C6,D8,28105,61,NONE,,True,True,RETRIEVE,RETRIEVE,True,True,"{""action"": ""RETRIEVE""}"
v26__scene_fc_clear_v05__L4__C6_D8__r01_s28101,scene_fc_clear_v05,FC_CLEAR,C6,D8,28101,62,NONE,,False,False,RETRIEVE,RETRIEVE,True,True,"{""action"": ""RETRIEVE""}"
v26__scene_fc_clear_v05__L4__C6_D8__r02_s28102,scene_fc_clear_v05,FC_CLEAR,C6,D8,28102,62,NONE,,False,False,RETRIEVE,RETRIEVE,True,True,"{""action"": ""RETRIEVE""}"
v26__scene_fc_clear_v05__L4__C6_D8__r03_s28103,scene_fc_clear_v05,FC_CLEAR,C6,D8,28103,62,NONE,,False,False,RETRIEVE,RETRIEVE,True,True,"{""action"": ""RETRIEVE""}"
v26__scene_fc_clear_v05__L4__C6_D8__r04_s28104,scene_fc_clear_v05,FC_CLEAR,C6,D8,28104,62,NONE,,False,False,RETRIEVE,RETRIEVE,True,True,"{""action"": ""RETRIEVE""}"
v26__scene_fc_clear_v05__L4__C6_D8__r05_s28105,scene_fc_clear_v05,FC_CLEAR,C6,D8,28105,62,NONE,,False,False,RETRIEVE,RETRIEVE,True,True,"{""action"": ""RETRIEVE""}"
v26__scene_lift_and_relocate_v01__L4__C6_D8__r01_s28101,scene_lift_and_relocate_v01,LIFT_AND_RELOCATE,C6,D8,28101,59,CLEARANCE_OVERLAP,64,False,True,LIFT_AND_RELOCATE,TRANSLATE,False,True,"{""action"": ""TRANSLATE""}"
v26__scene_lift_and_relocate_v01__L4__C6_D8__r02_s28102,scene_lift_and_relocate_v01,LIFT_AND_RELOCATE,C6,D8,28102,59,CLEARANCE_OVERLAP,64,False,True,LIFT_AND_RELOCATE,TRANSLATE,False,True,"{""action"": ""TRANSLATE""}"
v26__scene_lift_and_relocate_v01__L4__C6_D8__r03_s28103,scene_lift_and_relocate_v01,LIFT_AND_RELOCATE,C6,D8,28103,59,CLEARANCE_OVERLAP,64,False,True,LIFT_AND_RELOCATE,TRANSLATE,False,True,"{""action"": ""TRANSLATE""}"
v26__scene_lift_and_relocate_v01__L4__C6_D8__r04_s28104,scene_lift_and_relocate_v01,LIFT_AND_RELOCATE,C6,D8,28104,59,CLEARANCE_OVERLAP,64,False,True,LIFT_AND_RELOCATE,TRANSLATE,False,True,"{""action"": ""TRANSLATE""}"
v26__scene_lift_and_relocate_v01__L4__C6_D8__r05_s28105,scene_lift_and_relocate_v01,LIFT_AND_RELOCATE,C6,D8,28105,59,CLEARANCE_OVERLAP,64,False,True,LIFT_AND_RELOCATE,TRANSLATE,False,True,"{""action"": ""TRANSLATE""}"
v26__scene_lift_and_relocate_v02__L4__C6_D8__r01_s28101,scene_lift_and_relocate_v02,LIFT_AND_RELOCATE,C6,D8,28101,70,CLEARANCE_OVERLAP,14,False,True,LIFT_AND_RELOCATE,TRANSLATE,False,True,"{""action"": ""TRANSLATE""}"
v26__scene_lift_and_relocate_v02__L4__C6_D8__r02_s28102,scene_lift_and_relocate_v02,LIFT_AND_RELOCATE,C6,D8,28102,70,CLEARANCE_OVERLAP,77,False,False,LIFT_AND_RELOCATE,TRANSLATE,False,True,"{""action"": ""TRANSLATE""}"
v26__scene_lift_and_relocate_v02__L4__C6_D8__r03_s28103,scene_lift_and_relocate_v02,LIFT_AND_RELOCATE,C6,D8,28103,70,CLEARANCE_OVERLAP,77,False,False,LIFT_AND_RELOCATE,TRANSLATE,False,True,"{""action"": ""TRANSLATE""}"
v26__scene_lift_and_relocate_v02__L4__C6_D8__r04_s28104,scene_lift_and_relocate_v02,LIFT_AND_RELOCATE,C6,D8,28104,70,CLEARANCE_OVERLAP,77,False,False,LIFT_AND_RELOCATE,TRANSLATE,False,True,"{""action"": ""TRANSLATE""}"
v26__scene_lift_and_relocate_v02__L4__C6_D8__r05_s28105,scene_lift_and_relocate_v02,LIFT_AND_RELOCATE,C6,D8,28105,70,CLEARANCE_OVERLAP,14,False,True,LIFT_AND_RELOCATE,TRANSLATE,False,True,"{""action"": ""TRANSLATE""}"
v26__scene_lift_and_relocate_v03__L4__C6_D8__r01_s28101,scene_lift_and_relocate_v03,LIFT_AND_RELOCATE,C6,D8,28101,12,CLEARANCE_OVERLAP,16,False,False,LIFT_AND_RELOCATE,TRANSLATE,False,True,"{""action"": ""TRANSLATE""}"
v26__scene_lift_and_relocate_v03__L4__C6_D8__r02_s28102,scene_lift_and_relocate_v03,LIFT_AND_RELOCATE,C6,D8,28102,12,CLEARANCE_OVERLAP,16,False,False,LIFT_AND_RELOCATE,TRANSLATE,False,True,"{""action"": ""TRANSLATE""}"
v26__scene_lift_and_relocate_v03__L4__C6_D8__r03_s28103,scene_lift_and_relocate_v03,LIFT_AND_RELOCATE,C6,D8,28103,12,CLEARANCE_OVERLAP,35,False,True,LIFT_AND_RELOCATE,TRANSLATE,False,True,"{""action"": ""TRANSLATE""}"
v26__scene_lift_and_relocate_v03__L4__C6_D8__r04_s28104,scene_lift_and_relocate_v03,LIFT_AND_RELOCATE,C6,D8,28104,12,CLEARANCE_OVERLAP,35,False,True,LIFT_AND_RELOCATE,TRANSLATE,False,True,"{""action"": ""TRANSLATE""}"
v26__scene_lift_and_relocate_v03__L4__C6_D8__r05_s28105,scene_lift_and_relocate_v03,LIFT_AND_RELOCATE,C6,D8,28105,12,CLEARANCE_OVERLAP,16,False,False,LIFT_AND_RELOCATE,TRANSLATE,False,True,"{""action"": ""TRANSLATE""}"
v26__scene_lift_and_relocate_v04__L4__C6_D8__r01_s28101,scene_lift_and_relocate_v04,LIFT_AND_RELOCATE,C6,D8,28101,68,CLEARANCE_OVERLAP,30,False,False,LIFT_AND_RELOCATE,TRANSLATE,False,True,"{""action"": ""TRANSLATE""}"
v26__scene_lift_and_relocate_v04__L4__C6_D8__r02_s28102,scene_lift_and_relocate_v04,LIFT_AND_RELOCATE,C6,D8,28102,68,CLEARANCE_OVERLAP,30,False,False,LIFT_AND_RELOCATE,TRANSLATE,False,True,"{""action"": ""TRANSLATE""}"
v26__scene_lift_and_relocate_v04__L4__C6_D8__r03_s28103,scene_lift_and_relocate_v04,LIFT_AND_RELOCATE,C6,D8,28103,68,CLEARANCE_OVERLAP,30,False,False,LIFT_AND_RELOCATE,TRANSLATE,False,True,"{""action"": ""TRANSLATE""}"
v26__scene_lift_and_relocate_v04__L4__C6_D8__r04_s28104,scene_lift_and_relocate_v04,LIFT_AND_RELOCATE,C6,D8,28104,68,CLEARANCE_OVERLAP,30,False,False,LIFT_AND_RELOCATE,TRANSLATE,False,True,"{""action"": ""TRANSLATE""}"
v26__scene_lift_and_relocate_v04__L4__C6_D8__r05_s28105,scene_lift_and_relocate_v04,LIFT_AND_RELOCATE,C6,D8,28105,68,CLEARANCE_OVERLAP,30,False,False,LIFT_AND_RELOCATE,TRANSLATE,False,True,"{""action"": ""TRANSLATE""}"
v26__scene_lift_and_relocate_v05__L4__C6_D8__r01_s28101,scene_lift_and_relocate_v05,LIFT_AND_RELOCATE,C6,D8,28101,43,CLEARANCE_OVERLAP,15,False,True,LIFT_AND_RELOCATE,TRANSLATE,False,True,"{""action"": ""TRANSLATE""}"
v26__scene_lift_and_relocate_v05__L4__C6_D8__r02_s28102,scene_lift_and_relocate_v05,LIFT_AND_RELOCATE,C6,D8,28102,43,BOTH,15,True,True,LIFT_AND_RELOCATE,TRANSLATE,False,True,"{""action"": ""TRANSLATE""}"
v26__scene_lift_and_relocate_v05__L4__C6_D8__r03_s28103,scene_lift_and_relocate_v05,LIFT_AND_RELOCATE,C6,D8,28103,43,CLEARANCE_OVERLAP,15,False,True,LIFT_AND_RELOCATE,TRANSLATE,False,True,"{""action"": ""TRANSLATE""}"
v26__scene_lift_and_relocate_v05__L4__C6_D8__r04_s28104,scene_lift_and_relocate_v05,LIFT_AND_RELOCATE,C6,D8,28104,43,CLEARANCE_OVERLAP,15,False,True,LIFT_AND_RELOCATE,TRANSLATE,False,True,"{""action"": ""TRANSLATE""}"
v26__scene_lift_and_relocate_v05__L4__C6_D8__r05_s28105,scene_lift_and_relocate_v05,LIFT_AND_RELOCATE,C6,D8,28105,43,CLEARANCE_OVERLAP,15,False,True,LIFT_AND_RELOCATE,TRANSLATE,False,True,"{""action"": ""TRANSLATE""}"
v26__scene_rotate_v01__L4__C6_D8__r01_s28101,scene_rotate_v01,ROTATE,C6,D8,28101,12,CLEARANCE_OVERLAP,54,False,False,ROTATE,TRANSLATE,False,True,"{""action"": ""TRANSLATE""}"
v26__scene_rotate_v01__L4__C6_D8__r02_s28102,scene_rotate_v01,ROTATE,C6,D8,28102,12,CLEARANCE_OVERLAP,54,False,False,ROTATE,TRANSLATE,False,True,"{""action"": ""TRANSLATE""}"
v26__scene_rotate_v01__L4__C6_D8__r03_s28103,scene_rotate_v01,ROTATE,C6,D8,28103,12,CLEARANCE_OVERLAP,54,False,False,ROTATE,TRANSLATE,False,True,"{""action"": ""TRANSLATE""}"
v26__scene_rotate_v01__L4__C6_D8__r04_s28104,scene_rotate_v01,ROTATE,C6,D8,28104,12,CLEARANCE_OVERLAP,54,False,False,ROTATE,TRANSLATE,False,True,"{""action"": ""TRANSLATE""}"
v26__scene_rotate_v01__L4__C6_D8__r05_s28105,scene_rotate_v01,ROTATE,C6,D8,28105,12,CLEARANCE_OVERLAP,54,False,False,ROTATE,TRANSLATE,False,True,"{""action"": ""TRANSLATE""}"
v26__scene_rotate_v02__L4__C6_D8__r01_s28101,scene_rotate_v02,ROTATE,C6,D8,28101,38,CLEARANCE_OVERLAP,50,False,True,ROTATE,TRANSLATE,False,True,"{""action"": ""TRANSLATE""}"
v26__scene_rotate_v02__L4__C6_D8__r02_s28102,scene_rotate_v02,ROTATE,C6,D8,28102,38,CLEARANCE_OVERLAP,50,False,True,ROTATE,TRANSLATE,False,True,"{""action"": ""TRANSLATE""}"
v26__scene_rotate_v02__L4__C6_D8__r03_s28103,scene_rotate_v02,ROTATE,C6,D8,28103,38,CLEARANCE_OVERLAP,50,False,True,ROTATE,TRANSLATE,False,True,"{""action"": ""TRANSLATE""}"
v26__scene_rotate_v02__L4__C6_D8__r04_s28104,scene_rotate_v02,ROTATE,C6,D8,28104,38,CLEARANCE_OVERLAP,50,False,True,ROTATE,TRANSLATE,False,True,"{""action"": ""TRANSLATE""}"
v26__scene_rotate_v02__L4__C6_D8__r05_s28105,scene_rotate_v02,ROTATE,C6,D8,28105,38,OCCLUSION,50,True,True,ROTATE,TRANSLATE,False,True,"{""action"": ""TRANSLATE""}"
v26__scene_rotate_v03__L4__C6_D8__r01_s28101,scene_rotate_v03,ROTATE,C6,D8,28101,83,CLEARANCE_OVERLAP,19,False,True,ROTATE,TRANSLATE,False,True,"{""action"": ""TRANSLATE""}"
v26__scene_rotate_v03__L4__C6_D8__r02_s28102,scene_rotate_v03,ROTATE,C6,D8,28102,83,CLEARANCE_OVERLAP,11,False,False,ROTATE,TRANSLATE,False,True,"{""action"": ""TRANSLATE""}"
v26__scene_rotate_v03__L4__C6_D8__r03_s28103,scene_rotate_v03,ROTATE,C6,D8,28103,83,CLEARANCE_OVERLAP,19,False,True,ROTATE,TRANSLATE,False,True,"{""action"": ""TRANSLATE""}"
v26__scene_rotate_v03__L4__C6_D8__r04_s28104,scene_rotate_v03,ROTATE,C6,D8,28104,83,CLEARANCE_OVERLAP,19,False,True,ROTATE,TRANSLATE,False,True,"{""action"": ""TRANSLATE""}"
v26__scene_rotate_v03__L4__C6_D8__r05_s28105,scene_rotate_v03,ROTATE,C6,D8,28105,83,CLEARANCE_OVERLAP,19,False,True,ROTATE,TRANSLATE,False,True,"{""action"": ""TRANSLATE""}"
v26__scene_rotate_v04__L4__C6_D8__r01_s28101,scene_rotate_v04,ROTATE,C6,D8,28101,47,CLEARANCE_OVERLAP,25,False,False,ROTATE,TRANSLATE,False,True,"{""action"": ""TRANSLATE""}"
v26__scene_rotate_v04__L4__C6_D8__r02_s28102,scene_rotate_v04,ROTATE,C6,D8,28102,47,CLEARANCE_OVERLAP,25,False,False,ROTATE,TRANSLATE,False,True,"{""action"": ""TRANSLATE""}"
v26__scene_rotate_v04__L4__C6_D8__r03_s28103,scene_rotate_v04,ROTATE,C6,D8,28103,47,CLEARANCE_OVERLAP,95,False,True,ROTATE,TRANSLATE,False,True,"{""action"": ""TRANSLATE""}"
v26__scene_rotate_v04__L4__C6_D8__r04_s28104,scene_rotate_v04,ROTATE,C6,D8,28104,47,CLEARANCE_OVERLAP,25,False,False,ROTATE,TRANSLATE,False,True,"{""action"": ""TRANSLATE""}"
v26__scene_rotate_v04__L4__C6_D8__r05_s28105,scene_rotate_v04,ROTATE,C6,D8,28105,47,CLEARANCE_OVERLAP,95,False,True,ROTATE,TRANSLATE,False,True,"{""action"": ""TRANSLATE""}"
v26__scene_rotate_v05__L4__C6_D8__r01_s28101,scene_rotate_v05,ROTATE,C6,D8,28101,44,CLEARANCE_OVERLAP,82,False,True,ROTATE,TRANSLATE,False,True,"{""action"": ""TRANSLATE""}"
v26__scene_rotate_v05__L4__C6_D8__r02_s28102,scene_rotate_v05,ROTATE,C6,D8,28102,44,CLEARANCE_OVERLAP,82,False,True,ROTATE,TRANSLATE,False,True,"{""action"": ""TRANSLATE""}"
v26__scene_rotate_v05__L4__C6_D8__r03_s28103,scene_rotate_v05,ROTATE,C6,D8,28103,44,CLEARANCE_OVERLAP,82,False,True,ROTATE,TRANSLATE,False,True,"{""action"": ""TRANSLATE""}"
v26__scene_rotate_v05__L4__C6_D8__r04_s28104,scene_rotate_v05,ROTATE,C6,D8,28104,44,CLEARANCE_OVERLAP,82,False,True,ROTATE,TRANSLATE,False,True,"{""action"": ""TRANSLATE""}"
v26__scene_rotate_v05__L4__C6_D8__r05_s28105,scene_rotate_v05,ROTATE,C6,D8,28105,44,CLEARANCE_OVERLAP,82,False,True,ROTATE,TRANSLATE,False,True,"{""action"": ""TRANSLATE""}"
v26__scene_translate_v01__L4__C6_D8__r01_s28101,scene_translate_v01,TRANSLATE,C6,D8,28101,67,CLEARANCE_OVERLAP,35,False,True,TRANSLATE,TRANSLATE,True,True,"{""action"": ""TRANSLATE""}"
v26__scene_translate_v01__L4__C6_D8__r02_s28102,scene_translate_v01,TRANSLATE,C6,D8,28102,67,CLEARANCE_OVERLAP,35,False,True,TRANSLATE,TRANSLATE,True,True,"{""action"": ""TRANSLATE""}"
v26__scene_translate_v01__L4__C6_D8__r03_s28103,scene_translate_v01,TRANSLATE,C6,D8,28103,67,CLEARANCE_OVERLAP,35,False,True,TRANSLATE,TRANSLATE,True,True,"{""action"": ""TRANSLATE""}"
v26__scene_translate_v01__L4__C6_D8__r04_s28104,scene_translate_v01,TRANSLATE,C6,D8,28104,67,CLEARANCE_OVERLAP,35,False,True,TRANSLATE,TRANSLATE,True,True,"{""action"": ""TRANSLATE""}"
v26__scene_translate_v01__L4__C6_D8__r05_s28105,scene_translate_v01,TRANSLATE,C6,D8,28105,67,CLEARANCE_OVERLAP,35,False,True,TRANSLATE,TRANSLATE,True,True,"{""action"": ""TRANSLATE""}"
v26__scene_translate_v02__L4__C6_D8__r01_s28101,scene_translate_v02,TRANSLATE,C6,D8,28101,45,CLEARANCE_OVERLAP,95,False,True,TRANSLATE,TRANSLATE,True,True,"{""action"": ""TRANSLATE""}"
v26__scene_translate_v02__L4__C6_D8__r02_s28102,scene_translate_v02,TRANSLATE,C6,D8,28102,45,CLEARANCE_OVERLAP,95,False,True,TRANSLATE,TRANSLATE,True,True,"{""action"": ""TRANSLATE""}"
v26__scene_translate_v02__L4__C6_D8__r03_s28103,scene_translate_v02,TRANSLATE,C6,D8,28103,45,CLEARANCE_OVERLAP,95,False,True,TRANSLATE,TRANSLATE,True,True,"{""action"": ""TRANSLATE""}"
v26__scene_translate_v02__L4__C6_D8__r04_s28104,scene_translate_v02,TRANSLATE,C6,D8,28104,45,CLEARANCE_OVERLAP,95,False,True,TRANSLATE,TRANSLATE,True,True,"{""action"": ""TRANSLATE""}"
v26__scene_translate_v02__L4__C6_D8__r05_s28105,scene_translate_v02,TRANSLATE,C6,D8,28105,45,CLEARANCE_OVERLAP,95,False,True,TRANSLATE,TRANSLATE,True,True,"{""action"": ""TRANSLATE""}"
v26__scene_translate_v03__L4__C6_D8__r01_s28101,scene_translate_v03,TRANSLATE,C6,D8,28101,18,CLEARANCE_OVERLAP,45,False,True,TRANSLATE,TRANSLATE,True,True,"{""action"": ""TRANSLATE""}"
v26__scene_translate_v03__L4__C6_D8__r02_s28102,scene_translate_v03,TRANSLATE,C6,D8,28102,18,CLEARANCE_OVERLAP,45,False,True,TRANSLATE,TRANSLATE,True,True,"{""action"": ""TRANSLATE""}"
v26__scene_translate_v03__L4__C6_D8__r03_s28103,scene_translate_v03,TRANSLATE,C6,D8,28103,18,CLEARANCE_OVERLAP,45,False,True,TRANSLATE,TRANSLATE,True,True,"{""action"": ""TRANSLATE""}"
v26__scene_translate_v03__L4__C6_D8__r04_s28104,scene_translate_v03,TRANSLATE,C6,D8,28104,18,CLEARANCE_OVERLAP,45,False,True,TRANSLATE,TRANSLATE,True,True,"{""action"": ""TRANSLATE""}"
v26__scene_translate_v03__L4__C6_D8__r05_s28105,scene_translate_v03,TRANSLATE,C6,D8,28105,18,CLEARANCE_OVERLAP,45,False,True,TRANSLATE,TRANSLATE,True,True,"{""action"": ""TRANSLATE""}"
v26__scene_translate_v04__L4__C6_D8__r01_s28101,scene_translate_v04,TRANSLATE,C6,D8,28101,13,CLEARANCE_OVERLAP,84,False,True,TRANSLATE,TRANSLATE,True,True,"{""action"": ""TRANSLATE""}"
v26__scene_translate_v04__L4__C6_D8__r02_s28102,scene_translate_v04,TRANSLATE,C6,D8,28102,13,CLEARANCE_OVERLAP,84,False,True,TRANSLATE,TRANSLATE,True,True,"{""action"": ""TRANSLATE""}"
v26__scene_translate_v04__L4__C6_D8__r03_s28103,scene_translate_v04,TRANSLATE,C6,D8,28103,13,CLEARANCE_OVERLAP,41,False,False,TRANSLATE,TRANSLATE,True,True,"{""action"": ""TRANSLATE""}"
v26__scene_translate_v04__L4__C6_D8__r04_s28104,scene_translate_v04,TRANSLATE,C6,D8,28104,13,CLEARANCE_OVERLAP,41,False,False,TRANSLATE,TRANSLATE,True,True,"{""action"": ""TRANSLATE""}"
v26__scene_translate_v04__L4__C6_D8__r05_s28105,scene_translate_v04,TRANSLATE,C6,D8,28105,13,OCCLUSION,84,True,True,TRANSLATE,TRANSLATE,True,True,"{""action"": ""TRANSLATE""}"
v26__scene_translate_v05__L4__C6_D8__r01_s28101,scene_translate_v05,TRANSLATE,C6,D8,28101,54,OCCLUSION,79,False,True,TRANSLATE,TRANSLATE,True,True,"{""action"": ""TRANSLATE""}"
v26__scene_translate_v05__L4__C6_D8__r02_s28102,scene_translate_v05,TRANSLATE,C6,D8,28102,54,CLEARANCE_OVERLAP,79,False,True,TRANSLATE,TRANSLATE,True,True,"{""action"": ""TRANSLATE""}"
v26__scene_translate_v05__L4__C6_D8__r03_s28103,scene_translate_v05,TRANSLATE,C6,D8,28103,54,OCCLUSION,79,False,True,TRANSLATE,TRANSLATE,True,True,"{""action"": ""TRANSLATE""}"
v26__scene_translate_v05__L4__C6_D8__r04_s28104,scene_translate_v05,TRANSLATE,C6,D8,28104,54,OCCLUSION,79,False,True,TRANSLATE,TRANSLATE,True,True,"{""action"": ""TRANSLATE""}"
v26__scene_translate_v05__L4__C6_D8__r05_s28105,scene_translate_v05,TRANSLATE,C6,D8,28105,54,OCCLUSION,79,False,True,TRANSLATE,TRANSLATE,True,True,"{""action"": ""TRANSLATE""}"
