path,bytes,sha256,jsonl_rows
README.md,7342,7b27b35b137ded07bd8ac525e363ab2e33bdd34a42aa03ab15c3082bfce8942b,
SOURCES.md,2909,67593411291fdf872e883b7790b2da4ad3146b83da0453fca561f478e8c0c385,
reproduction/README.md,1625,6f1976e1818b37696212c9aebe10bc85888ac9fedc4c319915253ada50e8d9ad,
reproduction/build_archive_manifest.py,1377,d64c00362da201dc6d03b699f3bd8133b04754a0dda753f4e1d0ca9d6efb3b21,
reproduction/scripts/analyze_l4_action_only_v26.py,7603,babaa303f17fc50beffe9ffcc130ed3d6f9cb99e241051ccdd78f080cb4a689b,
reproduction/scripts/analyze_l4_v25_c2_d8_failures.py,21991,e65b4c273db06e52ff4cd0408881d09ee5294c9a69fc398b513ffcd315b694df,
reproduction/scripts/analyze_vlm_action_geometry_single_info_v1.py,15517,732f4b1beca9d804499d4e4b270ad9e568f49e53fe101d5443a4704e8174783e,
reproduction/scripts/plot_l4_action_only_v26_dedup_conditions.py,4979,0caf664656f296a54463bbd985ea6701bc6bafa006a2f3f799a746d379c53ea3,
reproduction/scripts/plot_l4_action_only_v26_notion.py,14083,a7aed566bec88c485efed7ca98f55d786faacf74a3518539eb7a2cfdb80aa818,
reproduction/scripts/plot_l4_blocker_conditioned_v25_notion.py,15515,f090060213cb2bbf7705508f53c5ad29a95eae7f443b964b47a9f4a6fbc9dec4,
reproduction/scripts/plot_l4_full_from_v19_v24_notion.py,10402,1bee75d977c1f0f4d424ca6851bc7f5e8bd75dd9d24809b5ae727d89987bea74,
reproduction/scripts/prepare_l4_action_full_from_v19_v24.py,8322,9b7a8ee9ff7de0c1b19016601cdafde72a22adaaf7fb77983a97ed8eda17652f,
reproduction/scripts/prepare_l4_action_only_from_v25_v26.py,6528,0cdecc489cec0675815506b1620297e0b93ee226651c25e19208bb3500918265,
reproduction/scripts/prepare_l4_blocker_conditioned_from_l3_v19_v25.py,10031,fa20ffb5d9c7481a2582be424b3d82409ab3e09616d39191f10e64ed8be38e19,
reproduction/scripts/replay_vlm_action_geometry_single_info_v1.py,27201,6f8c6f87965d0c5d54a09866f13fab303bde8b1ae8fcbfafca2d9bd01dd1d273,
reproduction/scripts/run_vlm_action_geometry_single_info_v1.py,36217,bb5d07cd7544555e9061c9aa63721ebeb97fd25fc021233ba03490196ffa448e,
reproduction/scripts/vlm_action_geometry_v1_common.py,15714,baa071388ccb1d6560d679f9a00d46f2ba74ee4ffef1944e8ab95906d7c08f8b,
studies/action-only-v26/audit/frozen_file_hashes.json,53212,1626a4eed5c6826ead8b70e68a18606d4683d73b25bb5e392dbe35b468dd40ed,
studies/action-only-v26/audit/masks/scene_fc_blocked_v01_target_current.png,1627,b40ce4f4bf841bad98881f908464d3f2632f23b5733c95020ef58d26ac9b51d5,
studies/action-only-v26/audit/masks/scene_fc_blocked_v01_target_only.png,1627,b40ce4f4bf841bad98881f908464d3f2632f23b5733c95020ef58d26ac9b51d5,
studies/action-only-v26/audit/masks/scene_fc_blocked_v02_target_current.png,1639,43d30d9c573f17263047f36f277a1f126e9f96ce543f29677932f7d492517e8d,
studies/action-only-v26/audit/masks/scene_fc_blocked_v02_target_only.png,1639,43d30d9c573f17263047f36f277a1f126e9f96ce543f29677932f7d492517e8d,
studies/action-only-v26/audit/masks/scene_fc_blocked_v03_target_current.png,1636,09dee156c7b1488334adf71dc82289886b12e865a62e9a0ac98f346bead7c28a,
studies/action-only-v26/audit/masks/scene_fc_blocked_v03_target_only.png,1636,09dee156c7b1488334adf71dc82289886b12e865a62e9a0ac98f346bead7c28a,
studies/action-only-v26/audit/masks/scene_fc_blocked_v04_target_current.png,1647,dc12c85331d06af6850e7333a3e4ca8b9c075c08835fd2286074def8fa8c90c6,
studies/action-only-v26/audit/masks/scene_fc_blocked_v04_target_only.png,1647,dc12c85331d06af6850e7333a3e4ca8b9c075c08835fd2286074def8fa8c90c6,
studies/action-only-v26/audit/masks/scene_fc_blocked_v05_target_current.png,1655,ac2d9cadb519bff2d152728bd5b60aa5514bb7b794d7ef601314f07cea2f70e5,
studies/action-only-v26/audit/masks/scene_fc_blocked_v05_target_only.png,1629,aa4b42954951885a2ad4006d1674372a53ff03f0d146f9b50d1bf06cc2c86137,
studies/action-only-v26/audit/masks/scene_fc_clear_v01_target_current.png,1627,b40ce4f4bf841bad98881f908464d3f2632f23b5733c95020ef58d26ac9b51d5,
studies/action-only-v26/audit/masks/scene_fc_clear_v01_target_only.png,1627,b40ce4f4bf841bad98881f908464d3f2632f23b5733c95020ef58d26ac9b51d5,
studies/action-only-v26/audit/masks/scene_fc_clear_v02_target_current.png,1639,43d30d9c573f17263047f36f277a1f126e9f96ce543f29677932f7d492517e8d,
studies/action-only-v26/audit/masks/scene_fc_clear_v02_target_only.png,1639,43d30d9c573f17263047f36f277a1f126e9f96ce543f29677932f7d492517e8d,
studies/action-only-v26/audit/masks/scene_fc_clear_v03_target_current.png,1636,09dee156c7b1488334adf71dc82289886b12e865a62e9a0ac98f346bead7c28a,
studies/action-only-v26/audit/masks/scene_fc_clear_v03_target_only.png,1636,09dee156c7b1488334adf71dc82289886b12e865a62e9a0ac98f346bead7c28a,
studies/action-only-v26/audit/masks/scene_fc_clear_v04_target_current.png,1647,dc12c85331d06af6850e7333a3e4ca8b9c075c08835fd2286074def8fa8c90c6,
studies/action-only-v26/audit/masks/scene_fc_clear_v04_target_only.png,1647,dc12c85331d06af6850e7333a3e4ca8b9c075c08835fd2286074def8fa8c90c6,
studies/action-only-v26/audit/masks/scene_fc_clear_v05_target_current.png,1629,aa4b42954951885a2ad4006d1674372a53ff03f0d146f9b50d1bf06cc2c86137,
studies/action-only-v26/audit/masks/scene_fc_clear_v05_target_only.png,1629,aa4b42954951885a2ad4006d1674372a53ff03f0d146f9b50d1bf06cc2c86137,
studies/action-only-v26/audit/masks/scene_lift_and_relocate_v01_target_current.png,1608,2af8effecfcdb7f015e0ef6510a2658095993fce6e0d4f18ef5019f9b737a1db,
studies/action-only-v26/audit/masks/scene_lift_and_relocate_v01_target_only.png,1608,0c140469464df9f49a85b98d52c3eca3cf9137ae73bf8c7d0dbf8eeb51a0a1e8,
studies/action-only-v26/audit/masks/scene_lift_and_relocate_v02_target_current.png,1596,4ff359067459e5720cb403c349df97f19d0f85a70076ba0be07986e5151acc00,
studies/action-only-v26/audit/masks/scene_lift_and_relocate_v02_target_only.png,1602,30f24d22e21d69dc63d60cbc2914540faf3f07f2418bf93dcc70c9e7a2817877,
studies/action-only-v26/audit/masks/scene_lift_and_relocate_v03_target_current.png,1593,e22331df7d0432cb0569953027573f6a171b445732f49b048bf233eec3b70ae9,
studies/action-only-v26/audit/masks/scene_lift_and_relocate_v03_target_only.png,1594,2b5197b855d63df90069867af90386a532c432fb5af666a1f281c25752682638,
studies/action-only-v26/audit/masks/scene_lift_and_relocate_v04_target_current.png,1611,4cb50ef08358abe36be85e7a6125ef933fcb0a9886362f632731e9e187913c88,
studies/action-only-v26/audit/masks/scene_lift_and_relocate_v04_target_only.png,1609,41e1369c98d2261b6988351f690f7e2873c448041269538d996b97c6b06ce061,
studies/action-only-v26/audit/masks/scene_lift_and_relocate_v05_target_current.png,1612,e0b4873a1aaa248b5518e57d9614610b6af5ca1177fb7453d0c2ace577903420,
studies/action-only-v26/audit/masks/scene_lift_and_relocate_v05_target_only.png,1597,4059fe875041dda94da6c988f2a2daee84e75128173323a760ec93a2327a3e96,
studies/action-only-v26/audit/masks/scene_rotate_v01_target_current.png,1612,700ac293a89c7ad653a724d2853f5d26f738d5079f425dc51ac41b4d83ac8cb5,
studies/action-only-v26/audit/masks/scene_rotate_v01_target_only.png,1617,2056361a7af94c6562ac5533f3cfa959423e4b918493843bed5778556238e6db,
studies/action-only-v26/audit/masks/scene_rotate_v02_target_current.png,1601,d30e40d69c2417d8e720b3a7d3dcee8e46ad2a8ae8d2d1fe2ee988ac37d45992,
studies/action-only-v26/audit/masks/scene_rotate_v02_target_only.png,1609,eb3df090c0a50feaca2ccd5f45c299747575c7f672f8c7d9c82fe5e4a6a3c0c6,
studies/action-only-v26/audit/masks/scene_rotate_v03_target_current.png,1609,f83c29092fe3d812f235d924b8cd974be0e5ab3295e572de900838ed924e8993,
studies/action-only-v26/audit/masks/scene_rotate_v03_target_only.png,1617,2056361a7af94c6562ac5533f3cfa959423e4b918493843bed5778556238e6db,
studies/action-only-v26/audit/masks/scene_rotate_v04_target_current.png,1618,a9457712d83ac947716fb865a1a3d1003765e5a4c9fc4869fe21a2ca20d18e3d,
studies/action-only-v26/audit/masks/scene_rotate_v04_target_only.png,1609,eb3df090c0a50feaca2ccd5f45c299747575c7f672f8c7d9c82fe5e4a6a3c0c6,
studies/action-only-v26/audit/masks/scene_rotate_v05_target_current.png,1588,71f37b57c74742d5e4df501d19f3a3114c36d3f9852eb18642457e013a0808a3,
studies/action-only-v26/audit/masks/scene_rotate_v05_target_only.png,1585,16eea4c6d47178726613d8114f29954ed8a5050565d27db613c22fa70d2e2c6f,
studies/action-only-v26/audit/masks/scene_translate_v01_target_current.png,1610,6a66d411e7e766f1aff3e1673d167bff028ef5430abca22fafb42232bd3b4f94,
studies/action-only-v26/audit/masks/scene_translate_v01_target_only.png,1608,0c140469464df9f49a85b98d52c3eca3cf9137ae73bf8c7d0dbf8eeb51a0a1e8,
studies/action-only-v26/audit/masks/scene_translate_v02_target_current.png,1597,a48b0868bad947009c1a5ef14652dcf27a182ebcebc520eb1ab154c1be4b6555,
studies/action-only-v26/audit/masks/scene_translate_v02_target_only.png,1599,fb0f9fb207fcbec72b981d2c23f760a8411c11595c6cb9b7a4313e30db33f4aa,
studies/action-only-v26/audit/masks/scene_translate_v03_target_current.png,1585,1e7110fd4d85ddf0253e9d615b6d3d6fb0a47c966bf5a2a02a96b7cfaf61ccea,
studies/action-only-v26/audit/masks/scene_translate_v03_target_only.png,1594,06eb519e54fdbea8c6792e0e334d551b02705aa2b13ee1b78cfc3c8a0bdaa02b,
studies/action-only-v26/audit/masks/scene_translate_v04_target_current.png,1602,0b0be62d87ff3e4d91534ff3582a890c0732383aa466c0a2affa86b8ea9af074,
studies/action-only-v26/audit/masks/scene_translate_v04_target_only.png,1596,00f9cdfa2c97906e78c9b05e5ed80c461248a1823b36fcff486915c75cbe9d76,
studies/action-only-v26/audit/masks/scene_translate_v05_target_current.png,1618,d657e7f357c9a4d463badfd9e6e9f92205cc23a1e1fc1427537cbced521d29d2,
studies/action-only-v26/audit/masks/scene_translate_v05_target_only.png,1626,c9c166768ca25b41b0fc1a78506e7d561eb415abbc69674a1edc8c854bba0c53,
studies/action-only-v26/audit/preflight_report.json,497,00eeb5d890be38cc69b1d3b20e512c4f1f085feb43754e0fcb691395b8aef8e7,
studies/action-only-v26/audit/scene_geometry/scene_fc_blocked_v01.json,59591,d3fb37202fe7bb4910eab0ffabd4ca5f2306d40928c3c15e1b1fbd56ede5b5d5,
studies/action-only-v26/audit/scene_geometry/scene_fc_blocked_v02.json,52756,659e2edc657560a0407e7ead0333b89c6de2d1bb9c5651b7e0a8eb184a7058bc,
studies/action-only-v26/audit/scene_geometry/scene_fc_blocked_v03.json,60704,a17277f15155e7e30a4dbe8063fbb60218dfe3c0956aecca11d0a7fc68be8ef0,
studies/action-only-v26/audit/scene_geometry/scene_fc_blocked_v04.json,24142,9d3e728c0aa5fb5d1a04ea3404ca3bb811e4dd911d73a1f91bf91ee6a8136ff3,
studies/action-only-v26/audit/scene_geometry/scene_fc_blocked_v05.json,41477,a87a98539a06373b2f69522eb249d26ec5ab2f3ef386580bf4f7cd44f5d6686e,
studies/action-only-v26/audit/scene_geometry/scene_fc_clear_v01.json,59589,7f0a83469e73f51e73cb9cb0a16ebff479b032db39a024cd4a7cd4d31b293198,
studies/action-only-v26/audit/scene_geometry/scene_fc_clear_v02.json,52754,c0840ac780d2684003963797a3ef4eb4673e5b962051fbfbef64aee94f24b0bf,
studies/action-only-v26/audit/scene_geometry/scene_fc_clear_v03.json,60702,794bceed6dc36f1488f0575fe0c8ad387add011d4e793c8a3a29a9ccd9dd77b2,
studies/action-only-v26/audit/scene_geometry/scene_fc_clear_v04.json,24140,7f7be15651925011dffaa7d378a176fff2d31a88ae4eea0445f8c43a8b2cf686,
studies/action-only-v26/audit/scene_geometry/scene_fc_clear_v05.json,41475,cecdef111730959fd1be3b012068fa080a491838e88fb6d350b95db748145f3e,
studies/action-only-v26/audit/scene_geometry/scene_lift_and_relocate_v01.json,67105,0b6f94a03a55380e5134b8d0429a0bf4e3eb6f73dbf0b6af8ab30da69bc93d21,
studies/action-only-v26/audit/scene_geometry/scene_lift_and_relocate_v02.json,48983,fc824d12bf40ae5e721424565868c177d6810b9d7e0b8482c406f878c8d0c868,
studies/action-only-v26/audit/scene_geometry/scene_lift_and_relocate_v03.json,47773,f827eea7d2f9e5c1031435b62cfe1136b3e02172a49b8671eda9f5e70adbc0af,
studies/action-only-v26/audit/scene_geometry/scene_lift_and_relocate_v04.json,42088,b3979802f817e8d42110ffff4255f464a8ae5e7d3872d5056069947efe183ec5,
studies/action-only-v26/audit/scene_geometry/scene_lift_and_relocate_v05.json,38784,058c23e44ac69dd5868cc03b86ec6b264505d1a2f97d749e82823545ea4d7a9e,
studies/action-only-v26/audit/scene_geometry/scene_rotate_v01.json,44770,ce71a6549fa310291b4b0d436548a411355b8feae10c68e1c165e4e44c9dbe36,
studies/action-only-v26/audit/scene_geometry/scene_rotate_v02.json,24525,d036fcb5db8c87e2ede865f10891f48eb2c68b6eb0bfb60fa3765760cb12403b,
studies/action-only-v26/audit/scene_geometry/scene_rotate_v03.json,37339,c593808166528096a17623a89d3492a2ed4bfd6400d5ba33a2ba60f4ab79cbdf,
studies/action-only-v26/audit/scene_geometry/scene_rotate_v04.json,44213,91bccece8e4bd36516eba1ba136afff409d54d03499a6abf9825095198d54179,
studies/action-only-v26/audit/scene_geometry/scene_rotate_v05.json,75237,7c65e2a542d2ec3091a0c32bdcf33348e12fc58d9b5b09d086275edd9bf80d78,
studies/action-only-v26/audit/scene_geometry/scene_translate_v01.json,6264,bfbf8916d032b0b1f575a8d548dbe79b83c64bf302da13ac795b8bc1727fd40d,
studies/action-only-v26/audit/scene_geometry/scene_translate_v02.json,50940,b2a37dd6483771e4d63ab917edd2555f25f8d92f1ecfaddcbe7adeadc6d001a0,
studies/action-only-v26/audit/scene_geometry/scene_translate_v03.json,32276,de901bd4361cdd22ac23bed4d0f22155ba2921fd64a4a9045bf8181a9d44a6d5,
studies/action-only-v26/audit/scene_geometry/scene_translate_v04.json,22029,f8d787adf859629b0a1745522ea909ba5f5e3dd57fc37de42b415a2a379345ac,
studies/action-only-v26/audit/scene_geometry/scene_translate_v05.json,61496,423af2a9039d95f5f49ec830fc9d2a98896ae369a767fca465c14fe96620c535,
studies/action-only-v26/config/experiment_config.json,3839,9e782dd12c8f89a67c2a3051cbd5ddb9b1646775bf54dbb73ae7c2f989dc40b4,
studies/action-only-v26/config/frozen_scenes.json,88487,924df6026d496fd0fd5636c2819df2c1dbe629856619fae9a7ec151930a25cb4,
studies/action-only-v26/config/run_table.jsonl,3363455,7a171b0590fc928d3dfdc02d844979309c248ad9eebc7d7aad20ddac74759ec2,1750
studies/action-only-v26/logs/attempts.jsonl,565056,5f7ed42d393fe17afbfb59cbbfa627a1b6aab57d692b7a083acf7756275e4a32,1750
studies/action-only-v26/logs/last_invocation_summary.json,314,5ffb48d7694218a5f9fbc838a5a3b1cddeae6d296c815a3524c0aa641a8a2393,
studies/action-only-v26/logs/progress.json,301,c5204034f163f94f06b176c6b37887c768037030da1447579f27f81ae91a534f,
studies/action-only-v26/logs/runs.jsonl,11111375,f815a735713d6ac6e5b5eb8058f33e52ef21347a944b924703f14be302839602,1750
studies/action-only-v26/logs/runtime.json,487,d94b23fe66a332205233802eae0bedad67db4bc716c60ec30cf73935085fc454,
studies/action-only-v26/prompts/l1_en.txt,321,0c84bb9634656206db58eb8107f5978093fe6a2fad280a2c828bd6ba64da75a4,
studies/action-only-v26/prompts/l2_en.txt,267,0fe69e6bc7888c23ef1c625b922977b986e43596dc89f7197974c4112c068a99,
studies/action-only-v26/prompts/l3_en.txt,585,2a0f810242e9aef36184d1d0b52b4be866e87f777d2923f633aaa627cd43890e,
studies/action-only-v26/prompts/l4_en.txt,660,3ba07d9ce0445166eaba1bf7feb6d5e891ce5620d2df507d21ec47f1b5cc7eb8,
studies/action-only-v26/prompts/system_en.txt,506,3ed54135bce98adb7ed4c237b93bd244a5008758aefc104d5387e6d6e240b1b9,
studies/action-only-v26/results/action_confusion_matrix.png,111163,eda5ddfb2ae35da1e890911dc3d0769408427b41026aa2c5655f1ecd64221a5f,
studies/action-only-v26/results/condition_action_agreement.png,78719,288ffd41c6202e54c27a7bcd5f5664b7b88354d4eba8edd0969fdd1c3df61e50,
studies/action-only-v26/results/notion_visualizations/01_pipeline.png,118048,f8c5cc60c14db4ee6fd8a8a46223206985d1eb9542c646de4d83326adedce455,
studies/action-only-v26/results/notion_visualizations/02_action_distribution.png,65338,95a8e668b4925cb3cab15bfb49a8b211e786b3efd5413ffe160035d38809a233,
studies/action-only-v26/results/notion_visualizations/03_family_agreement.png,72895,c5195f32de9df172788c62ba51419508a77a4f42d2c028d88d40134ff1ba8a1b,
studies/action-only-v26/results/notion_visualizations/04_l3_correctness.png,73878,8ad9a5c76cdfc465a242d06f891a652c3dfb04baaf3b1a4635a18bccd5fdb853,
studies/action-only-v26/results/notion_visualizations/05_family_condition_baseline_plus_d4.png,140904,d1e59a1d534865bab68ea7b84c890383a3aa78b3caa7ce9ead63a0de27890c72,
studies/action-only-v26/results/notion_visualizations/05_family_condition_baseline_plus_d8.png,148683,27e7706de46cc8606e89bd719ecf46b9861ac7d64854712e61223fcd7ce178a0,
studies/action-only-v26/results/notion_visualizations/05_family_condition_d4.png,126162,7a5af572a628b5cf9a9fb5cf3def82812df8f21487740c62e89a6b3ef4cffceb,
studies/action-only-v26/results/notion_visualizations/05_family_condition_d8.png,130663,55ff700b2b7dab551b165078678ea170e700c94c1ea1208257bf9bb9d1453ce6,
studies/action-only-v26/results/notion_visualizations/05_family_condition_d8_c2c6.png,117480,deeb1dad37b296f648716f73ee4d05f598e950f2e878fa22c251257e4e8aad61,
studies/action-only-v26/results/notion_visualizations/07_l3_reason_action_matrix.png,105418,0e2e5c17d3077075e898d8922fa86261e6cd674fab0a12fa067c1eae510f36e3,
studies/action-only-v26/results/notion_visualizations/08_c2_d8_confusion.png,97802,ff876e5641465f07dcadbc17e694f8c321faf56c8abcb7855ef444b49bb7196f,
studies/action-only-v26/results/notion_visualizations/09_seed_action_diversity.png,63349,23871e93866a424e3c57530cea2cde20ddeb5dfd96f02f78670b1545b4af0a4c,
studies/action-only-v26/results/notion_visualizations/10_case_retrieve_match.png,762343,ec74c8634fff0a9421bc3d41cc7b7b8a4ac4bcb95ca000e5b1ebf14811ba70e1,
studies/action-only-v26/results/notion_visualizations/11_case_translate_match.png,760864,8d2b2b7fd8d2eaa6698cf57cca5c4786681eaad26b0da70ef9a6546c29da4f9f,
studies/action-only-v26/results/notion_visualizations/12_case_lift_match.png,804918,04af306540cc51f57ac0be6e6a09fb438a531f48fb18f6c56eec6500ca88a68b,
studies/action-only-v26/results/notion_visualizations/13_case_translate_lift_mismatch.png,795237,87c976ebd08db1fc19733528233cace6d0b730a4d1308b075836a285cccfe2b3,
studies/action-only-v26/results/notion_visualizations/14_case_rotate_lift_mismatch.png,801105,570c071f4b526e8665ef7034d9578cc26ebc9ecb0c7b07495b024f347c58c04e,
studies/action-only-v26/results/notion_visualizations/15_full_confusion_matrix.png,111163,eda5ddfb2ae35da1e890911dc3d0769408427b41026aa2c5655f1ecd64221a5f,
studies/action-only-v26/results/notion_visualizations/16_condition_agreement.png,78719,288ffd41c6202e54c27a7bcd5f5664b7b88354d4eba8edd0969fdd1c3df61e50,
studies/action-only-v26/results/notion_visualizations/16_condition_agreement_c0c1_single.png,129915,37527b4698671a87dbbbd7467529bcdf794f55216ead5bf340de07e91094d246,
studies/action-only-v26/results/notion_visualizations/v26_only_summary.json,4676,bb6d2b53bfadb091b330d515584c6117171c7ef1b7004ca6b4e4e11c17723e5d,
studies/action-only-v26/results/report.md,3786,747bc70f45719c41c81d83a74c9455aa799ebdd34f128c8dd99bff981912aa1b,
studies/action-only-v26/results/results.json,4328,99aa59927c48bda3122a9c0dfe5ac74939ec782980f56359af04d94a920e5d81,
studies/action-only-v26/results/run_outcomes.csv,334710,d90acc7c090611c503d6297b24dac92fd6b3d4df40970386a8f5f32a525d7d99,
studies/action-only-v26/schemas/l1.json,321,ae3c613a6b11761158224e646c55d0cdc6755fed6c67900dff87f9eafb83b8f0,
studies/action-only-v26/schemas/l2.json,179,b52078249525eb95642416abef899566e0e26c0589436b1eeda9752ba6edeea6,
studies/action-only-v26/schemas/l3.json,385,2ae269ae11f91d604dec703e884b71d6b8259b10cea395a09eb7154533d3acae,
studies/action-only-v26/schemas/l4_action_only.json,270,af2414141eb068b7bdfd7517a11da94857fafec7ae295c91eb30115d2e27a925,
studies/action-only-v26/schemas/l4_d4.json,2179,ac9dd4f86459656fac8859eb83bc3eed8cea7072ba691f92fef6373f0da848f0,
studies/action-only-v26/schemas/l4_d8.json,2283,1016d4f3c98ccb75acdad0741b26bc6f6c37cc37835c4da6cfb077b53fd7dc00,
studies/blocker-conditioned-v25/audit/final_artifact_hashes.json,173788,9fd17df6bb6932a5eb32e56d899b5f2d04ddf4c32080659f1b6de629354de534,
studies/blocker-conditioned-v25/audit/final_audit.json,1706,b4798bd10b5c0eccdf93e2eb34fd03889f6845ecb803de5bb4cae9b1b43c0de8,
studies/blocker-conditioned-v25/audit/frozen_file_hashes.json,53111,fb460795cb28837f15ba363a7d209e324d674615ef4e8b778a69c0236d2ed6ef,
studies/blocker-conditioned-v25/audit/masks/scene_fc_blocked_v01_target_current.png,1627,b40ce4f4bf841bad98881f908464d3f2632f23b5733c95020ef58d26ac9b51d5,
studies/blocker-conditioned-v25/audit/masks/scene_fc_blocked_v01_target_only.png,1627,b40ce4f4bf841bad98881f908464d3f2632f23b5733c95020ef58d26ac9b51d5,
studies/blocker-conditioned-v25/audit/masks/scene_fc_blocked_v02_target_current.png,1639,43d30d9c573f17263047f36f277a1f126e9f96ce543f29677932f7d492517e8d,
studies/blocker-conditioned-v25/audit/masks/scene_fc_blocked_v02_target_only.png,1639,43d30d9c573f17263047f36f277a1f126e9f96ce543f29677932f7d492517e8d,
studies/blocker-conditioned-v25/audit/masks/scene_fc_blocked_v03_target_current.png,1636,09dee156c7b1488334adf71dc82289886b12e865a62e9a0ac98f346bead7c28a,
studies/blocker-conditioned-v25/audit/masks/scene_fc_blocked_v03_target_only.png,1636,09dee156c7b1488334adf71dc82289886b12e865a62e9a0ac98f346bead7c28a,
studies/blocker-conditioned-v25/audit/masks/scene_fc_blocked_v04_target_current.png,1647,dc12c85331d06af6850e7333a3e4ca8b9c075c08835fd2286074def8fa8c90c6,
studies/blocker-conditioned-v25/audit/masks/scene_fc_blocked_v04_target_only.png,1647,dc12c85331d06af6850e7333a3e4ca8b9c075c08835fd2286074def8fa8c90c6,
studies/blocker-conditioned-v25/audit/masks/scene_fc_blocked_v05_target_current.png,1655,ac2d9cadb519bff2d152728bd5b60aa5514bb7b794d7ef601314f07cea2f70e5,
studies/blocker-conditioned-v25/audit/masks/scene_fc_blocked_v05_target_only.png,1629,aa4b42954951885a2ad4006d1674372a53ff03f0d146f9b50d1bf06cc2c86137,
studies/blocker-conditioned-v25/audit/masks/scene_fc_clear_v01_target_current.png,1627,b40ce4f4bf841bad98881f908464d3f2632f23b5733c95020ef58d26ac9b51d5,
studies/blocker-conditioned-v25/audit/masks/scene_fc_clear_v01_target_only.png,1627,b40ce4f4bf841bad98881f908464d3f2632f23b5733c95020ef58d26ac9b51d5,
studies/blocker-conditioned-v25/audit/masks/scene_fc_clear_v02_target_current.png,1639,43d30d9c573f17263047f36f277a1f126e9f96ce543f29677932f7d492517e8d,
studies/blocker-conditioned-v25/audit/masks/scene_fc_clear_v02_target_only.png,1639,43d30d9c573f17263047f36f277a1f126e9f96ce543f29677932f7d492517e8d,
studies/blocker-conditioned-v25/audit/masks/scene_fc_clear_v03_target_current.png,1636,09dee156c7b1488334adf71dc82289886b12e865a62e9a0ac98f346bead7c28a,
studies/blocker-conditioned-v25/audit/masks/scene_fc_clear_v03_target_only.png,1636,09dee156c7b1488334adf71dc82289886b12e865a62e9a0ac98f346bead7c28a,
studies/blocker-conditioned-v25/audit/masks/scene_fc_clear_v04_target_current.png,1647,dc12c85331d06af6850e7333a3e4ca8b9c075c08835fd2286074def8fa8c90c6,
studies/blocker-conditioned-v25/audit/masks/scene_fc_clear_v04_target_only.png,1647,dc12c85331d06af6850e7333a3e4ca8b9c075c08835fd2286074def8fa8c90c6,
studies/blocker-conditioned-v25/audit/masks/scene_fc_clear_v05_target_current.png,1629,aa4b42954951885a2ad4006d1674372a53ff03f0d146f9b50d1bf06cc2c86137,
studies/blocker-conditioned-v25/audit/masks/scene_fc_clear_v05_target_only.png,1629,aa4b42954951885a2ad4006d1674372a53ff03f0d146f9b50d1bf06cc2c86137,
studies/blocker-conditioned-v25/audit/masks/scene_lift_and_relocate_v01_target_current.png,1608,2af8effecfcdb7f015e0ef6510a2658095993fce6e0d4f18ef5019f9b737a1db,
studies/blocker-conditioned-v25/audit/masks/scene_lift_and_relocate_v01_target_only.png,1608,0c140469464df9f49a85b98d52c3eca3cf9137ae73bf8c7d0dbf8eeb51a0a1e8,
studies/blocker-conditioned-v25/audit/masks/scene_lift_and_relocate_v02_target_current.png,1596,4ff359067459e5720cb403c349df97f19d0f85a70076ba0be07986e5151acc00,
studies/blocker-conditioned-v25/audit/masks/scene_lift_and_relocate_v02_target_only.png,1602,30f24d22e21d69dc63d60cbc2914540faf3f07f2418bf93dcc70c9e7a2817877,
studies/blocker-conditioned-v25/audit/masks/scene_lift_and_relocate_v03_target_current.png,1593,e22331df7d0432cb0569953027573f6a171b445732f49b048bf233eec3b70ae9,
studies/blocker-conditioned-v25/audit/masks/scene_lift_and_relocate_v03_target_only.png,1594,2b5197b855d63df90069867af90386a532c432fb5af666a1f281c25752682638,
studies/blocker-conditioned-v25/audit/masks/scene_lift_and_relocate_v04_target_current.png,1611,4cb50ef08358abe36be85e7a6125ef933fcb0a9886362f632731e9e187913c88,
studies/blocker-conditioned-v25/audit/masks/scene_lift_and_relocate_v04_target_only.png,1609,41e1369c98d2261b6988351f690f7e2873c448041269538d996b97c6b06ce061,
studies/blocker-conditioned-v25/audit/masks/scene_lift_and_relocate_v05_target_current.png,1612,e0b4873a1aaa248b5518e57d9614610b6af5ca1177fb7453d0c2ace577903420,
studies/blocker-conditioned-v25/audit/masks/scene_lift_and_relocate_v05_target_only.png,1597,4059fe875041dda94da6c988f2a2daee84e75128173323a760ec93a2327a3e96,
studies/blocker-conditioned-v25/audit/masks/scene_rotate_v01_target_current.png,1612,700ac293a89c7ad653a724d2853f5d26f738d5079f425dc51ac41b4d83ac8cb5,
studies/blocker-conditioned-v25/audit/masks/scene_rotate_v01_target_only.png,1617,2056361a7af94c6562ac5533f3cfa959423e4b918493843bed5778556238e6db,
studies/blocker-conditioned-v25/audit/masks/scene_rotate_v02_target_current.png,1601,d30e40d69c2417d8e720b3a7d3dcee8e46ad2a8ae8d2d1fe2ee988ac37d45992,
studies/blocker-conditioned-v25/audit/masks/scene_rotate_v02_target_only.png,1609,eb3df090c0a50feaca2ccd5f45c299747575c7f672f8c7d9c82fe5e4a6a3c0c6,
studies/blocker-conditioned-v25/audit/masks/scene_rotate_v03_target_current.png,1609,f83c29092fe3d812f235d924b8cd974be0e5ab3295e572de900838ed924e8993,
studies/blocker-conditioned-v25/audit/masks/scene_rotate_v03_target_only.png,1617,2056361a7af94c6562ac5533f3cfa959423e4b918493843bed5778556238e6db,
studies/blocker-conditioned-v25/audit/masks/scene_rotate_v04_target_current.png,1618,a9457712d83ac947716fb865a1a3d1003765e5a4c9fc4869fe21a2ca20d18e3d,
studies/blocker-conditioned-v25/audit/masks/scene_rotate_v04_target_only.png,1609,eb3df090c0a50feaca2ccd5f45c299747575c7f672f8c7d9c82fe5e4a6a3c0c6,
studies/blocker-conditioned-v25/audit/masks/scene_rotate_v05_target_current.png,1588,71f37b57c74742d5e4df501d19f3a3114c36d3f9852eb18642457e013a0808a3,
studies/blocker-conditioned-v25/audit/masks/scene_rotate_v05_target_only.png,1585,16eea4c6d47178726613d8114f29954ed8a5050565d27db613c22fa70d2e2c6f,
studies/blocker-conditioned-v25/audit/masks/scene_translate_v01_target_current.png,1610,6a66d411e7e766f1aff3e1673d167bff028ef5430abca22fafb42232bd3b4f94,
studies/blocker-conditioned-v25/audit/masks/scene_translate_v01_target_only.png,1608,0c140469464df9f49a85b98d52c3eca3cf9137ae73bf8c7d0dbf8eeb51a0a1e8,
studies/blocker-conditioned-v25/audit/masks/scene_translate_v02_target_current.png,1597,a48b0868bad947009c1a5ef14652dcf27a182ebcebc520eb1ab154c1be4b6555,
studies/blocker-conditioned-v25/audit/masks/scene_translate_v02_target_only.png,1599,fb0f9fb207fcbec72b981d2c23f760a8411c11595c6cb9b7a4313e30db33f4aa,
studies/blocker-conditioned-v25/audit/masks/scene_translate_v03_target_current.png,1585,1e7110fd4d85ddf0253e9d615b6d3d6fb0a47c966bf5a2a02a96b7cfaf61ccea,
studies/blocker-conditioned-v25/audit/masks/scene_translate_v03_target_only.png,1594,06eb519e54fdbea8c6792e0e334d551b02705aa2b13ee1b78cfc3c8a0bdaa02b,
studies/blocker-conditioned-v25/audit/masks/scene_translate_v04_target_current.png,1602,0b0be62d87ff3e4d91534ff3582a890c0732383aa466c0a2affa86b8ea9af074,
studies/blocker-conditioned-v25/audit/masks/scene_translate_v04_target_only.png,1596,00f9cdfa2c97906e78c9b05e5ed80c461248a1823b36fcff486915c75cbe9d76,
studies/blocker-conditioned-v25/audit/masks/scene_translate_v05_target_current.png,1618,d657e7f357c9a4d463badfd9e6e9f92205cc23a1e1fc1427537cbced521d29d2,
studies/blocker-conditioned-v25/audit/masks/scene_translate_v05_target_only.png,1626,c9c166768ca25b41b0fc1a78506e7d561eb415abbc69674a1edc8c854bba0c53,
studies/blocker-conditioned-v25/audit/preflight_report.json,1047,625e603f28f539b6e015dc99785802e46a7fbb3c75a84fae4936aa135b5dd1d8,
studies/blocker-conditioned-v25/audit/scene_geometry/scene_fc_blocked_v01.json,59591,d3fb37202fe7bb4910eab0ffabd4ca5f2306d40928c3c15e1b1fbd56ede5b5d5,
studies/blocker-conditioned-v25/audit/scene_geometry/scene_fc_blocked_v02.json,52756,659e2edc657560a0407e7ead0333b89c6de2d1bb9c5651b7e0a8eb184a7058bc,
studies/blocker-conditioned-v25/audit/scene_geometry/scene_fc_blocked_v03.json,60704,a17277f15155e7e30a4dbe8063fbb60218dfe3c0956aecca11d0a7fc68be8ef0,
studies/blocker-conditioned-v25/audit/scene_geometry/scene_fc_blocked_v04.json,24142,9d3e728c0aa5fb5d1a04ea3404ca3bb811e4dd911d73a1f91bf91ee6a8136ff3,
studies/blocker-conditioned-v25/audit/scene_geometry/scene_fc_blocked_v05.json,41477,a87a98539a06373b2f69522eb249d26ec5ab2f3ef386580bf4f7cd44f5d6686e,
studies/blocker-conditioned-v25/audit/scene_geometry/scene_fc_clear_v01.json,59589,7f0a83469e73f51e73cb9cb0a16ebff479b032db39a024cd4a7cd4d31b293198,
studies/blocker-conditioned-v25/audit/scene_geometry/scene_fc_clear_v02.json,52754,c0840ac780d2684003963797a3ef4eb4673e5b962051fbfbef64aee94f24b0bf,
studies/blocker-conditioned-v25/audit/scene_geometry/scene_fc_clear_v03.json,60702,794bceed6dc36f1488f0575fe0c8ad387add011d4e793c8a3a29a9ccd9dd77b2,
studies/blocker-conditioned-v25/audit/scene_geometry/scene_fc_clear_v04.json,24140,7f7be15651925011dffaa7d378a176fff2d31a88ae4eea0445f8c43a8b2cf686,
studies/blocker-conditioned-v25/audit/scene_geometry/scene_fc_clear_v05.json,41475,cecdef111730959fd1be3b012068fa080a491838e88fb6d350b95db748145f3e,
studies/blocker-conditioned-v25/audit/scene_geometry/scene_lift_and_relocate_v01.json,67105,0b6f94a03a55380e5134b8d0429a0bf4e3eb6f73dbf0b6af8ab30da69bc93d21,
studies/blocker-conditioned-v25/audit/scene_geometry/scene_lift_and_relocate_v02.json,48983,fc824d12bf40ae5e721424565868c177d6810b9d7e0b8482c406f878c8d0c868,
studies/blocker-conditioned-v25/audit/scene_geometry/scene_lift_and_relocate_v03.json,47773,f827eea7d2f9e5c1031435b62cfe1136b3e02172a49b8671eda9f5e70adbc0af,
studies/blocker-conditioned-v25/audit/scene_geometry/scene_lift_and_relocate_v04.json,42088,b3979802f817e8d42110ffff4255f464a8ae5e7d3872d5056069947efe183ec5,
studies/blocker-conditioned-v25/audit/scene_geometry/scene_lift_and_relocate_v05.json,38784,058c23e44ac69dd5868cc03b86ec6b264505d1a2f97d749e82823545ea4d7a9e,
studies/blocker-conditioned-v25/audit/scene_geometry/scene_rotate_v01.json,44770,ce71a6549fa310291b4b0d436548a411355b8feae10c68e1c165e4e44c9dbe36,
studies/blocker-conditioned-v25/audit/scene_geometry/scene_rotate_v02.json,24525,d036fcb5db8c87e2ede865f10891f48eb2c68b6eb0bfb60fa3765760cb12403b,
studies/blocker-conditioned-v25/audit/scene_geometry/scene_rotate_v03.json,37339,c593808166528096a17623a89d3492a2ed4bfd6400d5ba33a2ba60f4ab79cbdf,
studies/blocker-conditioned-v25/audit/scene_geometry/scene_rotate_v04.json,44213,91bccece8e4bd36516eba1ba136afff409d54d03499a6abf9825095198d54179,
studies/blocker-conditioned-v25/audit/scene_geometry/scene_rotate_v05.json,75237,7c65e2a542d2ec3091a0c32bdcf33348e12fc58d9b5b09d086275edd9bf80d78,
studies/blocker-conditioned-v25/audit/scene_geometry/scene_translate_v01.json,6264,bfbf8916d032b0b1f575a8d548dbe79b83c64bf302da13ac795b8bc1727fd40d,
studies/blocker-conditioned-v25/audit/scene_geometry/scene_translate_v02.json,50940,b2a37dd6483771e4d63ab917edd2555f25f8d92f1ecfaddcbe7adeadc6d001a0,
studies/blocker-conditioned-v25/audit/scene_geometry/scene_translate_v03.json,32276,de901bd4361cdd22ac23bed4d0f22155ba2921fd64a4a9045bf8181a9d44a6d5,
studies/blocker-conditioned-v25/audit/scene_geometry/scene_translate_v04.json,22029,f8d787adf859629b0a1745522ea909ba5f5e3dd57fc37de42b415a2a379345ac,
studies/blocker-conditioned-v25/audit/scene_geometry/scene_translate_v05.json,61496,423af2a9039d95f5f49ec830fc9d2a98896ae369a767fca465c14fe96620c535,
studies/blocker-conditioned-v25/config/experiment_config.json,3929,7b13854eb9613578ee17f263f28cbd825da25a306e3f567dac0121dbdd1e7c1a,
studies/blocker-conditioned-v25/config/frozen_scenes.json,88487,924df6026d496fd0fd5636c2819df2c1dbe629856619fae9a7ec151930a25cb4,
studies/blocker-conditioned-v25/config/run_table.jsonl,3197205,dc1531fe66a98488de2ac44e50faa3e3a58f7c18ef8974635b31f16a6a4d86da,1750
studies/blocker-conditioned-v25/logs/attempts.jsonl,736561,9ff0dd3d0c4289d600f8151358b248060bc7c72fa2862afe56b0f980ea463371,1750
studies/blocker-conditioned-v25/logs/last_invocation_summary.json,322,d1aa903502cd423b46977fb923c4b7b58afed51611ced5681d62c0b739433e10,
studies/blocker-conditioned-v25/logs/progress.json,301,e4af6e159e5514ba454b5b992c7ffe183cab2d36ca4c18f8c278d31774e069b4,
studies/blocker-conditioned-v25/logs/replay.jsonl,1608063,5a49c8f09fd6bb11f4ee67c11ba93a1cb3aadf49e8d4a6a6334266bad6426612,1750
studies/blocker-conditioned-v25/logs/replay_attempts.jsonl,64870,48c7acd73105ebcb2bea868cde7b6a38c786da6b59d3dd5f4dde485265e90b5e,227
studies/blocker-conditioned-v25/logs/replay_last_invocation.json,326,6070cd73de7a56b2f8eba09cadc135b62b54ca6214d909e1cf06160cbaa140cc,
studies/blocker-conditioned-v25/logs/replay_progress.json,237,d509e9f75a5a7ba4b46aa142980d4b97f2205f53e240d16bb5bef8ec75fe9b39,
studies/blocker-conditioned-v25/logs/runs.jsonl,14307884,398dde1df1a6eefac3d3265e1f2905877b28e9ff796bd98c466202f2e7fcd702,1750
studies/blocker-conditioned-v25/logs/runtime.json,487,fb79d490fe5b80fa7a62d33572aace03298bfb8759ed5334762a0c94dd0d4e3b,
studies/blocker-conditioned-v25/prompts/l1_en.txt,321,0c84bb9634656206db58eb8107f5978093fe6a2fad280a2c828bd6ba64da75a4,
studies/blocker-conditioned-v25/prompts/l2_en.txt,267,0fe69e6bc7888c23ef1c625b922977b986e43596dc89f7197974c4112c068a99,
studies/blocker-conditioned-v25/prompts/l3_en.txt,585,2a0f810242e9aef36184d1d0b52b4be866e87f777d2923f633aaa627cd43890e,
studies/blocker-conditioned-v25/prompts/l4_en.txt,1382,9aaf50cb49e45a4e55203e429652510897f3bf4ef9b08fb6c5c2d67d41b82d03,
studies/blocker-conditioned-v25/prompts/system_en.txt,506,3ed54135bce98adb7ed4c237b93bd244a5008758aefc104d5387e6d6e240b1b9,
studies/blocker-conditioned-v25/results/c2_d8_failure_analysis/01_all_scene_seed_matrix.png,217535,5c198e0f180c064a72a3dff639f79494473f1290b39335ebd842b76624065121,
studies/blocker-conditioned-v25/results/c2_d8_failure_analysis/02_primary_failure_taxonomy.png,86081,09a47a6a19697753a85229a1c4426a1881704801df16ba97aae7c613049c1ed0,
studies/blocker-conditioned-v25/results/c2_d8_failure_analysis/03_family_failure_composition.png,79267,eeb42b7af4f6e05c463d93b655e1b6571d3495e628a746ac73e379d33becae17,
studies/blocker-conditioned-v25/results/c2_d8_failure_analysis/04_unique_failure_scenes.png,1437584,e2b2efcff447126c13a10f0458781deb54d1d1424e095f65686c975355670c8b,
studies/blocker-conditioned-v25/results/c2_d8_failure_analysis/c2_d8_failures.csv,41787,79a180f9a3c8c40f98780f2df6e95eae721547b181c59c52c2587ff4bb17de6f,
studies/blocker-conditioned-v25/results/c2_d8_failure_analysis/c2_d8_failures_detailed.json,165424,a141db6acb37fe6d8623c5f95fb5f2bf23f181a86a915d1f4772fbec647374f2,
studies/blocker-conditioned-v25/results/c2_d8_failure_analysis/case_01_precheck_error.png,652144,81d55cfbcd574eceaddffc38d41de402ded899b460d06b156453cd6062b2428f,
studies/blocker-conditioned-v25/results/c2_d8_failure_analysis/case_02_action_wrong.png,624441,a26abbe4d3793438051e4e7239fbed14ec3bc15d62dc54adacb4a115e57ba15a,
studies/blocker-conditioned-v25/results/c2_d8_failure_analysis/case_03_action_wrong.png,676220,3be345d21aaa0b302d56a1546e89d7a7305f03951a6883b79ab1731144063d37,
studies/blocker-conditioned-v25/results/c2_d8_failure_analysis/case_04_action_wrong.png,660267,9b093aafdc8e5a9088b5cdc389bf5761f4067272205be160c9e4b2cc8c655a35,
studies/blocker-conditioned-v25/results/c2_d8_failure_analysis/case_05_direction_wrong.png,654938,f0327cd19e383c48cfca8ce8e179577eaf3c8f969d76eec065f8507383879345,
studies/blocker-conditioned-v25/results/c2_d8_failure_analysis/case_06_distance_wrong.png,627836,741d02a255bb423ddc458995518498ca8ef5b23708b95d46805adca2e0980f39,
studies/blocker-conditioned-v25/results/c2_d8_failure_analysis/case_07_physical_failure_after_gt_match.png,629479,053b226dd66a776f1cc11d174baf4c9c09c4583b9e0b912bd45e0590889bbcce,
studies/blocker-conditioned-v25/results/c2_d8_failure_analysis/representative_cases.json,14035,6bd43cd697c3f5a7eba00f18cf531d5b34d76ee656d7503647e70103a4afe6dd,
studies/blocker-conditioned-v25/results/c2_d8_failure_analysis/summary.json,1105,0a958264e259599d32c19d049e40811b4f122a1f90224c6361d3bde647adfd89,
studies/blocker-conditioned-v25/results/condition_metrics.csv,1678,6c6f2b3ef415053ad8d436a43c6db921b757bbf8ffed670b5f24c50c29f2d5ea,
studies/blocker-conditioned-v25/results/notion_visualizations/01_pipeline.png,118611,a3fc1c7ec1ed32e45272915a293ab5450aab5bca84850b11f4facee9925e1a2a,
studies/blocker-conditioned-v25/results/notion_visualizations/02_funnel_vs_v24.png,103485,bb509a95a620b8c7478b8e5540127e34b7a8ef72e7204d849a1456fa4b790a5c,
studies/blocker-conditioned-v25/results/notion_visualizations/02_v25_evaluation_funnel.png,67018,031bfa1ff780e7ad2fd31b898e6cfbcc8b6af634f5831cb23456c35ae1a5f63c,
studies/blocker-conditioned-v25/results/notion_visualizations/03_condition_accuracy.png,116165,a3139a47c60bf338bfadd3a8dee028f5625fb574e15bfa35bf0fcfa74b543926,
studies/blocker-conditioned-v25/results/notion_visualizations/03_v25_condition_accuracy.png,94146,843fe6d1f309976858129080af6adc1fa55834bce9e958e73b701141ff712631,
studies/blocker-conditioned-v25/results/notion_visualizations/04_condition_family_heatmap.png,131169,1bdaa0d900ed7cffb39d1de24900fcecd3143f3a2556d63f708f6dafcef310f9,
studies/blocker-conditioned-v25/results/notion_visualizations/04_condition_family_heatmap_d4.png,135308,a3d783527d2528832bed2ab501522d029946afe8dbe451c36ca923605fae1895,
studies/blocker-conditioned-v25/results/notion_visualizations/04_condition_family_heatmap_d8.png,141034,61aff253f15f6eb677cb8d7b63d0ce8afc5ba50b220d3e6c85d06317ec507f35,
studies/blocker-conditioned-v25/results/notion_visualizations/05_family_vs_v24.png,89575,cf8f5a53311d07705687c9137366c240560a38be67fa8e6b2878f2e5c3c51c9b,
studies/blocker-conditioned-v25/results/notion_visualizations/05_v25_family_accuracy.png,77268,1c807a85a296d336ec4e7556fdd57b14596cd0f66220811b4cd6d9779c246e31,
studies/blocker-conditioned-v25/results/notion_visualizations/06_action_distribution.png,75600,6bc0f37fd1640c7320c377d806918a3548dac5a8547a001e80c81629c063b43a,
studies/blocker-conditioned-v25/results/notion_visualizations/07_l3_correctness_effect.png,75022,f2534e1a5cc6f062215d3adf35e72e1b0fbff55db8023a29bc65b94ff9d9aefc,
studies/blocker-conditioned-v25/results/notion_visualizations/08_resolution_and_failures.png,86014,9e2ab51f496dab0297f2077fae6c4a30dd8257f50b6f560e3c8dd63c0312b9b4,
studies/blocker-conditioned-v25/results/notion_visualizations/09_case_translate_success.png,520049,71943eeaf42ccefb218ac68a9e68ae58f325739f914ef88ffb2ec2b956d5a26b,
studies/blocker-conditioned-v25/results/notion_visualizations/10_case_translate_failure.png,542633,9d437adb049a37c7009301e58e84a97fc038c648b072ea96d7c5c467f6e9d74e,
studies/blocker-conditioned-v25/results/notion_visualizations/11_case_retrieve_success.png,518963,7a5a772535edbbe047d88f890245494561dbfed5683dfcd95f94e10b380f250f,
studies/blocker-conditioned-v25/results/notion_visualizations/notion_asset_summary.json,704,9731daee19178fd70e58990a949b9feecbea4f64da372e143344579d7e7e2063,
studies/blocker-conditioned-v25/results/paired_comparisons_vs_c0.csv,994,8a454e4301690513d4928b279782beefae1abe9ef4375cfb8ed837b61f1398e5,
studies/blocker-conditioned-v25/results/report.md,3526,ee26744e7a8fb0ca610f0211d663f72c8b8865656ab0237440c69d9846384699,
studies/blocker-conditioned-v25/results/results.json,17499,24d15a3899ac468494e9ba496e74798ffa45de1ba390ee63a82ec2bcd72be13c,
studies/blocker-conditioned-v25/schemas/l1.json,321,ae3c613a6b11761158224e646c55d0cdc6755fed6c67900dff87f9eafb83b8f0,
studies/blocker-conditioned-v25/schemas/l2.json,179,b52078249525eb95642416abef899566e0e26c0589436b1eeda9752ba6edeea6,
studies/blocker-conditioned-v25/schemas/l3.json,385,2ae269ae11f91d604dec703e884b71d6b8259b10cea395a09eb7154533d3acae,
studies/blocker-conditioned-v25/schemas/l4_d4.json,2179,ac9dd4f86459656fac8859eb83bc3eed8cea7072ba691f92fef6373f0da848f0,
studies/blocker-conditioned-v25/schemas/l4_d8.json,2283,1016d4f3c98ccb75acdad0741b26bc6f6c37cc37835c4da6cfb077b53fd7dc00,
studies/blocker-conditioned-v25/simulator_replay/cache/01840f2b1d4edd5931cc13973cb5bf79d2f8471382c6f338085d3e2f60e6e7e6.json,14146,8c40e76eaeee372d5e9d99b6e4c44ae7663450c28db8d33f3b3ce83fae1818bd,
studies/blocker-conditioned-v25/simulator_replay/cache/01f15edd166a1e4d2f242aa72809fc23594e2593776684a671cfcdaf5df31dd6.json,12426,eaaab660e3364d1c29777ef0b368ede098590af69377b9599055e50f17ac694b,
studies/blocker-conditioned-v25/simulator_replay/cache/022b0fcc6c30084f0a87ad24b0f29c26c052b2d346a99329c14ebc68c62774f6.json,5226,62216091d5bfe5ace3271fc4606ce3053c78d8f9fdbea2b95360a2e5bd35cd31,
studies/blocker-conditioned-v25/simulator_replay/cache/0262f7ae00c94eb383799a26ad5a700249cbbf759e15bec34f0af4e47845eb66.json,4985,d2c7ab0c0209112a4c1a8a25df3f917556f8986f89b1f69773dcd0b1a7a3794f,
studies/blocker-conditioned-v25/simulator_replay/cache/0305859fcd2da34b067bc65a8eea85ca706114281c6c98b780bf2d299cee0daf.json,5232,f20122a0f4ccf7f5b4565729d5b5d5738961c5994a0d16af070e2b30bbae1e57,
studies/blocker-conditioned-v25/simulator_replay/cache/03479c0f3c585bf1d47c7c6a536f1474121996e8ff5a467bd8a01dc715727bc4.json,5017,17596a6ac5c32894ff47d6bdeb4e4dc43eb9d507174608602281ade80a11e528,
studies/blocker-conditioned-v25/simulator_replay/cache/053ce237b64ddc0ca4a9b1a6327e0c9ff99494a374619986d7c083e4960ab5f3.json,5249,341136a79cace43af4efa2f6bc5877feb9a3b792ab53b1892400784425a184da,
studies/blocker-conditioned-v25/simulator_replay/cache/05a6350631e47b1ecf04595c8c2687c47ea1354becc3787d064b5567675357ef.json,16690,f29a7d3d367b1b9683e0852ac0a82cdd4c7b479d849066eb5620e9156e5b1cfd,
studies/blocker-conditioned-v25/simulator_replay/cache/05e4dbcae6ee2fff94c0ceae2e84c786964b818ade4d4a804138d71a99b40174.json,28694,f1fbea36d0cd7d39331dee639879e0871f6ce32605e8ab99caf69fab54cc90d6,
studies/blocker-conditioned-v25/simulator_replay/cache/05ff18a2723850f847fa19685f428476553e138f36ad258c89561bac60fdc1a0.json,14155,2381fed483387da62b9e0fa48f630e11865cc50a4afaff362a0a3db5fe703054,
studies/blocker-conditioned-v25/simulator_replay/cache/06715a21d3f65c332204753f018015ecd11a032a1417ea8ec1a5121231b69a57.json,12237,cacf0787f41d362d1fd1e664f2857e2238c4b57a41ae6734bf1f68da29b51319,
studies/blocker-conditioned-v25/simulator_replay/cache/06911bb2296e7faf77b7d40e92c8b2a86375216f20718e0ab7c340d8a52fdbb4.json,12248,eb297b3597ede8fe318afba158326381d556b13be7ca9e8acb33b31425f44ca1,
studies/blocker-conditioned-v25/simulator_replay/cache/0759b89f5d1198480d98f29331a8ed757279bd0ed9e87fb0d364f56b13271816.json,5227,44dabc5f7936b70baea5799fb4a36c810abab26aabba1de83aa0ff9e7c596351,
studies/blocker-conditioned-v25/simulator_replay/cache/09226a2368151d151f18bb326171cd08b81b3e5d623a02bb6ac8b2689bca40ad.json,12246,2f16dccfaec82b1571918ad1ae7d93e83231f15883156fc65e7a264951d766c9,
studies/blocker-conditioned-v25/simulator_replay/cache/0a357ac032b8b8b9b354604c5448a582300a7c2cf46bfc8e40dff420e326609f.json,16506,26f53db940b6019385f188356b5df2c3569d2444a73ea2c97605f5af0d175809,
studies/blocker-conditioned-v25/simulator_replay/cache/0ad901489ca3a0ee3fe0bc6115006274d29e6b0fae9583e9590b7170f5c89069.json,5251,b017d268fa550190fea5991bc10291c1fc09b2db76f4cb81693ea8e34a40d28e,
studies/blocker-conditioned-v25/simulator_replay/cache/0b8c3c490891053309710448fb7f051044ca1c84c3176366d830fa089779feb1.json,13380,930c8d8787eae8f29b08934059b00695254903243a4660d5f49c2c6152342911,
studies/blocker-conditioned-v25/simulator_replay/cache/0bb4d819fa50d03679298a7f2c5373a7fd0970ef36cd66bf4076f435d1e23764.json,4931,a2cd136a3c2111f352fb1e10b8b1208f3d4c556a24ac975d762077c18718ea73,
studies/blocker-conditioned-v25/simulator_replay/cache/0cc0ff835b611854b704ba7f454d81daf4616ef9705c83371463bcc08504588d.json,4996,506253a40d6dc6e9920acc23ab89fa13943034af9ad6ff33d8eaf578b4d54807,
studies/blocker-conditioned-v25/simulator_replay/cache/0d21c2d20fdc79a5f23b4356dabb4ff6f62f005acb8fb48321e458f82ea55de0.json,5208,1c7e00479aea2efc5e55f67dee791cb4da6769e80f84ec2a097c3ffe0249875d,
studies/blocker-conditioned-v25/simulator_replay/cache/0d26270bf52ebd35d5b16cdc45f9d5f410064790e30585059b38f208897e2a5c.json,5212,a2f1d6b0b7b9782a7ec6fb75a6434a3b650f2a9a9919b58208bfc9cb22d327b3,
studies/blocker-conditioned-v25/simulator_replay/cache/0d47cc2fed75cc62130887689175157ceb28fd2a1cb91e54ebb9054c5ebf4ccf.json,4944,86784d0042796b01bf0bd8de3f086f615d1bbd9aea5fcad053b51a1acff86120,
studies/blocker-conditioned-v25/simulator_replay/cache/0ff58e0e50d7bdb98fa481f58a60ebeba9474da6eaf80a289b143c483bd992a8.json,12234,6b84fcba6211feaf5180e2c960b1aa214d2b22aa96029324bbcf585c98d6b8bb,
studies/blocker-conditioned-v25/simulator_replay/cache/11b7131a201dde8b7312e894531a8f0b08a23a9eed13a096dab73c3c43bae4c0.json,14146,9e5241e61af7fd5b63cd54cda65d623aa664f3ac683f2ea0540b4512dd9ac267,
studies/blocker-conditioned-v25/simulator_replay/cache/14640099f8bbf49ec3480268d1cb505419f184651d52b57718e262e8d5ea2cc8.json,5249,fcb0495ccd48c6cd9162654d287f1362fd5a145f705a68464d536feea92b52fe,
studies/blocker-conditioned-v25/simulator_replay/cache/179551ebd128d9c2771c27874ef3e89d9903dca5aa049c0fdd8feb5f45427127.json,12448,bc549d854fb2ad46529707bed78d56ac25572b85c5767970cbaa5df78def704a,
studies/blocker-conditioned-v25/simulator_replay/cache/17f22685b304fecbbf6b49c4f477a56cc690e5ebc665e9205b47b6a047e009c5.json,5227,d15750ce1f204311781f24a80f52c75e4bbdd97c08209fb5c75cefba51553de8,
studies/blocker-conditioned-v25/simulator_replay/cache/18b3d567c1956f32e4def48b364fa6c0693923dc454ffa4ac6c0f5f5b2cb5875.json,12426,747b0d31d18762cfd8e49e3082b1420903f6d7b7fd309060cfde07d6a04552cd,
studies/blocker-conditioned-v25/simulator_replay/cache/1bc9f558bb923ad7a04698875a7e0a52dbefdf04cbff2255aea9ed0172f0b6d9.json,5224,34cb6765e59e14771e2230633b184a80932d23aaa7cba4a1f861bd46cc024230,
studies/blocker-conditioned-v25/simulator_replay/cache/1c75c2b633458c9d917af412fa5ab387cfa9037bc0da63aac68b54b01d860bc8.json,12236,93b21cc1307c2bd3ac91fd7db830e6ca2e2e9d352eb6c48b5fefca5ee692dee4,
studies/blocker-conditioned-v25/simulator_replay/cache/1dccb9edde0a8322cbbb22ff4485cd84921443d8619f30ea22bbaecf29a38c2e.json,12244,b09da2a0ebe7bb8aee65e2734eea060554838cda26affce030ba1fe410270b10,
studies/blocker-conditioned-v25/simulator_replay/cache/1edb98c6327d5b7368a9f9c38539a4de7331483c65bf5e7001cd273440711776.json,12247,75199e2942cd6b07900d92d6902258974e0f4ba629a87c2d7546389bd2dc4493,
studies/blocker-conditioned-v25/simulator_replay/cache/1f633376f942b9a2ca6c706bfcc2b38d93af63a5ce3a4bb050c0c0505b7a5773.json,5232,158444de474ab82289feef2bed9443c813e29eeb4d23b5511c61a5236faeb149,
studies/blocker-conditioned-v25/simulator_replay/cache/1fa5de2c175f9441ebc862874bee74b4fc345189cc540408415c1227ad4217b7.json,5185,271315aade965b33770f760912b8f2dcc433fe6057c01425db64e1cafb73ee48,
studies/blocker-conditioned-v25/simulator_replay/cache/209646956c8ee2b54bbd78550c640a201f2751eabb629f708073767b72c2864e.json,5011,2655359d6326449414625a730f34ee88abceb48e6af1fbdab6e3fe1594ff5a5e,
studies/blocker-conditioned-v25/simulator_replay/cache/234de20ddfed3accb313c722e19ef832f3c552b1d09d73ec15e79963815731bf.json,5232,4fd7800d7ac4961c968135aa113b66a6b10cd0c4615ffcedac070dd3cac7450d,
studies/blocker-conditioned-v25/simulator_replay/cache/24b62232cecd046adf00892f4036aef714c1af45b67c4457cc1d3c5a0129ff8d.json,12239,53041f23c03732c6b423b7b170a6162e6a5fb2451789c14f48e57bebdd3354ad,
studies/blocker-conditioned-v25/simulator_replay/cache/271928f9c9b08a1ad43c61f1376b29d45b5c81e2879e8540134fdb3571f8287a.json,14146,b5dae93b80da726bbbcb80208d492bdce04dea075d1b1f2f65c52258348f8036,
studies/blocker-conditioned-v25/simulator_replay/cache/28b588ef2aedba64a21a80ae97521016effe1ded736e1252ec1a39c56795ea2c.json,4958,dd5c2a50d676565eccebbe7890b1dafdc3f069224df3b7003d2a0f5417558147,
studies/blocker-conditioned-v25/simulator_replay/cache/29b3ab196d8716a475af8ff2e0fb4fc1b010717d665bf1bfde3d97b108b05292.json,5012,bacf378b5f7434352c9e98d4a2c56a75a31f0c3132a496c500500ff92ef1de5d,
studies/blocker-conditioned-v25/simulator_replay/cache/29d3812469350de1ccfcb782e9e59f0ffd16aa193405c2982f48342d5b396f84.json,5029,1a570738883415e4862cd8a95e81b4a4b3692aa05b61873330a2bcd801e184e5,
studies/blocker-conditioned-v25/simulator_replay/cache/2a2c105d78c9c1b1bcda10edcae5cdda9f92d3730b638e154ca068a7f1b5880a.json,2040,55b1f288ce2e4888a35eb0e946601d85a5720993b97ec430a682459ccc52ef3a,
studies/blocker-conditioned-v25/simulator_replay/cache/2a85340b11eab42077d2f2211bb4e32ce2d5cef69d434406ab91529d8b943e3b.json,4911,fdbbcd1fc879ae6c6e2f7c334e848ac03d93c80c7369171aa3c772ec2f97d84a,
studies/blocker-conditioned-v25/simulator_replay/cache/2aaa721fb42b68b621792912f123a5c10200a869bdcd77f41a81f3d4d55374ce.json,4999,d830388f0e2d5f92981b109de805baf1d357698ccdc40a7a29af49efdf49aed2,
studies/blocker-conditioned-v25/simulator_replay/cache/2b090012896480c28473c0b42e53a39c8f5216049ad7c1f4fcf32b37cea253bc.json,4957,1bcf47538638b67b66631e971953d4094babc41d6d790eee6a2614126f841bbf,
studies/blocker-conditioned-v25/simulator_replay/cache/2e80d67d7e53ed684929231e94b6c1a75d3095a9fa4ec79028031492e5598e3d.json,5260,09a2623e7e23f81cd5ae016205ca070717c5b8033067343881c83e2b6d25e3f0,
studies/blocker-conditioned-v25/simulator_replay/cache/322caa1d6901daf865bd07b2846c1f6302bac94cbce83abfac8f3857e35d88e6.json,5209,cb2e0ad95773c0b898e1751a23d3fa1ecbcb0226fc604dc40d07506f74fea2fc,
studies/blocker-conditioned-v25/simulator_replay/cache/3302f3f0ed810a5cf1e59c2a38087cf71ad2bbb185858e6fbe5e9e0616c5d770.json,12619,fa55e670ec8c5168ff71a2ee7c1905fc5f387717004a03d86393b39482527279,
studies/blocker-conditioned-v25/simulator_replay/cache/3413bcb2376ab4f86d68d854236190ee8c468e6413c357ca9bf4aa1b2cac64d0.json,5226,c27cde484ba21e82483aa8eb5c172defb9c76d01d82f7d92c12e78cb2b16b624,
studies/blocker-conditioned-v25/simulator_replay/cache/347e05a7930e97fe2092e7e2c1c66f50d3e4966e9e6a9990c73319a896370eb1.json,5000,5d1b05de0e0fea225d455ab87a083365045ad45da25bfce371bb38bfc35e6caa,
studies/blocker-conditioned-v25/simulator_replay/cache/36df7f3c97cdaf807b0716ad9b0640fbc3857bfe476e9938da0c45ec528aefae.json,5198,fb2e765dd369fda8176c13d468b5ec6c20ac741fba3ac1cba8d527eb475b80dd,
studies/blocker-conditioned-v25/simulator_replay/cache/401bea94740d363d0f6592b86387feacfd705debce98aa5ed6148b66b25e26b8.json,12245,131c67931f7cd0d5dbbb7132d4e1274dd8b6623e457a431cdd91bdfeb68ba00f,
studies/blocker-conditioned-v25/simulator_replay/cache/42a4b988f1e49caee65b88b0f30f4427a5925daf04d7556ad62adda670318b0d.json,16738,cc833a37670b44254028d078a6b01faf07fdb233775737c1e6c30b3302d71f97,
studies/blocker-conditioned-v25/simulator_replay/cache/43feba048962a52837ce975d7c145bddb9a4457f16bab93ce6b20ba08696cf96.json,5206,18deeaff677648d6a7b21f0d8a75936eebca059bc06d5a04f525bc2fc2b8bc2b,
studies/blocker-conditioned-v25/simulator_replay/cache/448013c244faa18cffac2c7f725105a5c2b71d0fef23e4ce5ccb01e0c1ac992f.json,5166,adf7990f38deee2676ca940dcb77e81ffe0b3c3d7b7e4cef3c2d0a6598f7133f,
studies/blocker-conditioned-v25/simulator_replay/cache/463c35fc16af786d77e8bcff1d4c3c92d1e22280cf85adf1b92447bc3ad082bf.json,12426,8910a73d39269829d45feb1482fbd9f6c8502fa22410f5f23287120b6039f61a,
studies/blocker-conditioned-v25/simulator_replay/cache/47809bf5757a205107ea03c7c44f9fbb39f6baadb08d6d37b530fc023dbb5407.json,28685,f0638e47513320cfa406b4d204a86eb5f52c6ecb27230a282bd26481b24ae764,
studies/blocker-conditioned-v25/simulator_replay/cache/4893df035b67a5c2b660ff5face6030ea1d25981d012a97c4c329ae0a0ced64d.json,12249,2e41078cbbd88300d2a186040e631335abebdf849e1c14ea4780a76333d55fe8,
studies/blocker-conditioned-v25/simulator_replay/cache/48bca491f6ba7b219624c147a3a8d7306f6a2396b3bfa350733bb3a4fb6032fc.json,4998,c0dc3c124732a1ba1c4fdebafded788df4f1fcbfa2a877203a30d8ee65164592,
studies/blocker-conditioned-v25/simulator_replay/cache/495b7f528d3c485fd735ca61f9ba894eef7c182cb46ccbdc99e752c839196b1d.json,5001,e9043eb99af1fafb4b5bd9d2d52517fc701c0e25b9983c7bfe0859394a736f65,
studies/blocker-conditioned-v25/simulator_replay/cache/49f9bb0eb620016a0d2556f767bdebca32786af641b721317f0a96b74da10994.json,5002,f96fd692e98a76f9963881882e1ba02aa784d12a46360717bf2d628b01529061,
studies/blocker-conditioned-v25/simulator_replay/cache/4b62ea6323417d5fda4efda676fa60649b0a8e477af96f6606f9d36ec7f84928.json,12243,baacbe57abc1caf06fcceebb037f7778ef20f86495a8e416fbdeffd897c6810c,
studies/blocker-conditioned-v25/simulator_replay/cache/4e58cc81ecc83df7697e714d8919896973a304b7231154620294d6851d6941b6.json,28709,87cc221731d97ee31a2aa374a077c6f24ec52cafee726527c27419a08cd0bee4,
studies/blocker-conditioned-v25/simulator_replay/cache/4fb1b1c0e066c9f0bf409fa8f8e9054a47b641292f46c8f690ad621d8194887b.json,4972,a14f93c7259bca39326ea1ad19d6f9840fdd25e51415ab4b43f7d3657504b099,
studies/blocker-conditioned-v25/simulator_replay/cache/514fd33c5dc96bf34a1e0da92f8725fcb6c29dee165de557053059b84771c05f.json,5000,fdf7eeb2db164f8cd776cc49b30f9a3702cba9551d32f6164297a895b006fd81,
studies/blocker-conditioned-v25/simulator_replay/cache/515764b84bde847ea4f36784bdf35b92c120e4fb625fc233fcefa70fa3e85326.json,5226,ba91c5fef4651a3bc82170cc8c7400076c57c6d35d35d03fc1989c5c27202f5b,
studies/blocker-conditioned-v25/simulator_replay/cache/51c3405f3d10c2ed9adfe26f3025189bb4ace9ba0f1be8fa92ee464bfb3ba512.json,5137,e4d1df514ace783a469bb8c4eb4cf016d02b160e290d7307f4b64e6a69153af0,
studies/blocker-conditioned-v25/simulator_replay/cache/530926add9a1edd0d65be3cea84c3a3df9f5d242406b381e4fbf6a71c0c0fb49.json,12259,98b16fb6d0678969c6e26219f03dc2e906dff18641805657ba07ecf0559a2f6c,
studies/blocker-conditioned-v25/simulator_replay/cache/534ce6e36f9ab1fe193cd1f23aa4000e24a4381e7821c2c6a67bbe8f584f6987.json,5210,45c865b2e7fd3f9a79298500727e99270951de7b8d8678f9fd620a299af75f60,
studies/blocker-conditioned-v25/simulator_replay/cache/53792460c2a74c3808b5b2a6ef5cb9d4f294ce6df30593b57f3ef0418dc0c6c4.json,4994,9ac59b290fd356aa0887a77382774d3f2b972bd311d485569704cbbc68679400,
studies/blocker-conditioned-v25/simulator_replay/cache/53bf2483aefeb3b81d0860837725c589f5c472bbc1e11d4a3e707b0cd4a8a542.json,28686,d2b8f0404c23d6007e1e37f30bce3fbe6d303bc41b78b85f0d5698de72763bd1,
studies/blocker-conditioned-v25/simulator_replay/cache/5405e1069005a421f9743b97d9755deec029318ee5469517f67b6926f9415378.json,5282,f8e85fcc826423a4e62db5c2d2d1c24bca82578a126e5a0bfdb33c20a6918695,
studies/blocker-conditioned-v25/simulator_replay/cache/543b26b7376d0d4a2e080984be6f762aed292bb6a1efcb610b35c3f898205c51.json,12248,8ba45efb27727d786cd3eea2c14031ff17d58d6c457cdf9b737b94df15162d91,
studies/blocker-conditioned-v25/simulator_replay/cache/54cdf25563d23be9899aed5bdfae16acfff678a19169ab49d1279779aaca4821.json,14155,95dc84abb0c5b82bb479acaa411020e14510b34914becadbf57acd65c0918335,
studies/blocker-conditioned-v25/simulator_replay/cache/54f629a9c2825c40e6ebf34f8585ff4a588f52ce521a91d20efe99de3095fe2c.json,5224,acbaf383234422e459f1d49c5e74865c9a0b42c877ea2e7d72e237157af41be7,
studies/blocker-conditioned-v25/simulator_replay/cache/55d803ade135df41ca4b362a00c4444a6a3a87658258c2599c408fe6bb59548e.json,12260,4f7fc98284dae629cdec37de8f01880baebe6c1cac12af57b2db79e34761b7fe,
studies/blocker-conditioned-v25/simulator_replay/cache/58004e8591275e6116d59624460b5f3751fe98b0dc98980b1fc50c5033254b78.json,12435,cc2e4d67beada94a10f5385229885b80fef8395776bc2ebe574c1332404f7462,
studies/blocker-conditioned-v25/simulator_replay/cache/5b457a81c860e03955a2f9f577856fc4b65d54b68925ed6767fdfca1d0d8f658.json,12245,dc2bdb4dc22d6dbe57258a284d282fb027ddda0de9d88fe908c3ffb3ff6ab0e3,
studies/blocker-conditioned-v25/simulator_replay/cache/5bba7396cbe5830502aa448e09dbf1f5b7148718875196fa41c36ac272217af3.json,16421,8f5d8ffd164be770514328eac29967bb803e7de5392f49ecad882a6eb94d931b,
studies/blocker-conditioned-v25/simulator_replay/cache/5c2c86615a09c3a4c74da711209ba856ba4707d63b05671eda5814a652964b0f.json,5226,f70da31ab39c135253992610c4a70304d532158fccaea2bc8faa24eafe4aad8e,
studies/blocker-conditioned-v25/simulator_replay/cache/5cae2688b28ee602ea1dbd033bd7be470fd885ccff22e10aefc6459123af00a8.json,4955,9fc48bc7567b579245c955dd86d55780c1e1033e21b1b9c7c533127917d1b1a7,
studies/blocker-conditioned-v25/simulator_replay/cache/5cc05b01aa6f092c5895795b96981a70aa6ac641431fdade94625317a4959638.json,5046,564756a46dcf78a7ddfd17529be37f51032d20defe57b91d7149f327950b9c94,
studies/blocker-conditioned-v25/simulator_replay/cache/5dc08aa669ddf018fbef13234084437a433a9c081a56c9aeaae47b88213a8cf9.json,12520,a8c49d6f8f6b2e53013bdff613d07671f21d8e192bce744ab8616879f1e567ad,
studies/blocker-conditioned-v25/simulator_replay/cache/5e58b31427c89f0673ebae95165c58d0ff65a7af7b301365e666d603adb9afe1.json,4998,88e23c26f2b1b2ebe2ce0d27c566987767b7c3fa0490effb4dc7149994cb7ffb,
studies/blocker-conditioned-v25/simulator_replay/cache/5f4ce18fd0066d309c0923e39b0f6f84ddca94c9f8d7b6dff821cafe9e19ec05.json,12522,68b45739fa98964c9a66101ca412c777f9a6e77eac17efab7d7044bd23083ba7,
studies/blocker-conditioned-v25/simulator_replay/cache/600d262aa8bc08548332d884ee6a3a0c03dc2558afb55001c94952850e63418f.json,5238,a935d5b4a1522f5536df19ed6ace8a1161f0c3c6bfbea29f52878a3297916954,
studies/blocker-conditioned-v25/simulator_replay/cache/63b0c0caf14460ea50b7f5efdd8da197db0f9b331cae083a10c5580ce428ce16.json,5232,0fcc73c0d460c319210cbed85370d9a03929a6ebdc23f682db1e79abdb345767,
studies/blocker-conditioned-v25/simulator_replay/cache/645f0434bdffc1a084114478d3c358f9fc13638905b88d8644d8b07fcad2c875.json,4994,75f48f80420b0dd38525c585cd6025f4339051bcabece0999530cc9d0c85a91d,
studies/blocker-conditioned-v25/simulator_replay/cache/6490f518d67d46e653dd6b916ab723653ab332141dafbb545ced51d7d89bd0e4.json,12245,4069f54e4c80ea24dc83280473561db7dbeb23d6e7deace7c29b9b87230d62b2,
studies/blocker-conditioned-v25/simulator_replay/cache/6720d7af98397b059adb31e07ba3b39078cf3692c3a385d0f688a2f668141ea3.json,5200,6d2b3a4845b807db20269f55fb4667c27107027ad8a9a7fbfa01ef64b663c724,
studies/blocker-conditioned-v25/simulator_replay/cache/68ff2341cb13e92c199e3d494dd79fc0c692428d871359da8b859d0b25036093.json,4911,abc7477ae4cee355a43dfc6c987943d41d48b6b495fd35d5296665218c7f3265,
studies/blocker-conditioned-v25/simulator_replay/cache/69cb9c82261fb39e3b4470ec6a0e6a556eed22e3424a547a4ccf66da88801fd2.json,28687,1383756c8150d381e293395202002298b62bb2ede50482428ee5ad9c4a63479c,
studies/blocker-conditioned-v25/simulator_replay/cache/6b249f4b65b8f34741fd759726d18cd835989e6b6b5cdc97885acfa1af656c55.json,12244,e8c5acd99d374fb0726d1fee0511c2f0ee416f38963b5cf201606692111d5554,
studies/blocker-conditioned-v25/simulator_replay/cache/6c03eb55741d0fce451abfaaf28b72f45c8d8b888e945244de4eab1cd0c56319.json,4938,12a7577dbb8fdb05eed13813fed5330f4284e755701342401e764608d163b503,
studies/blocker-conditioned-v25/simulator_replay/cache/6c1d9688eef6ba22e4c3bf9d24b98afeb893846a79e81f8edc74e36edb7be3d9.json,2042,b40d800c49b9c2297856344814032b8763382c0eaf32daae33cca0ba945bf6f9,
studies/blocker-conditioned-v25/simulator_replay/cache/6dbf2079ecf51f61d6181bfb15bdf7fc0f3cec835c521655a16b96fe122247a0.json,12418,c66f6809e84abdbe022d5e8237a523911c572f6001c942e8fa8ff077af14e6ae,
studies/blocker-conditioned-v25/simulator_replay/cache/6f0407fb8e6d236770120104b749bfca9ad03fba68ae94eb671129036cb559e3.json,4995,93658a5739cf5cfb0645ea53e2d555c8b24d22f1bcfd74620cb0105369e1b94d,
studies/blocker-conditioned-v25/simulator_replay/cache/6f4b681cd2a2d17f2f25ff8b42bb86163bc5ac5268ac91efbc04a9911d520512.json,14155,cce03c9591e3ce093f08dc8bc5fff31a6ca57efa6771f728cbb54ebadf7aa7a6,
studies/blocker-conditioned-v25/simulator_replay/cache/6fcfc4ae81788823ff462e953b8262fb00f316bc6d8244772b6b1c1662ad44a7.json,28707,81293ce9c73f7ee87f293fd36927c32c06d857bc9ed6b3080c3882195280f9ed,
studies/blocker-conditioned-v25/simulator_replay/cache/737fe6b90247a2e8cb502317453454bd4ef3039fa81cd41a589b174c02979ab2.json,12426,ab2090ab7479fac7e7110ea60785b58ae462db0d08ed6701aa63c0d96edfab69,
studies/blocker-conditioned-v25/simulator_replay/cache/73c90bfed0e717d909d675d79b34ff93f9de6617afb2a35d626318b5306582be.json,4904,5fb7f132674f7e0937a623bc6c85407fc3a68155246b490386a86140500c0377,
studies/blocker-conditioned-v25/simulator_replay/cache/73fc63f59599688c2a5c39f73fabbdd1008607b87ef077c56b1a550dedeaa60f.json,12426,909eb0bb7e5a3f07727e0ace9714f6f2aff89bb1a0531c0989f79ee3b3674c40,
studies/blocker-conditioned-v25/simulator_replay/cache/744df8acca1bd4b34c037193bed8292b810c0fae64fe2be9d5a955eb56cfc60d.json,5224,f7c97d05edbb4a41d69d92470c335e62874b2d966ef19e954cee7411cc0fd407,
studies/blocker-conditioned-v25/simulator_replay/cache/748dc5861fd698abe971ea25184a8eebd39619d271a72838ab6384cf0594237e.json,13171,65d45708170b29493682f77c2b7e8d3d5676ddc084ea379971625eea2bfa5a7c,
studies/blocker-conditioned-v25/simulator_replay/cache/767fb0363b3c6f3b6a4e93551acfcbd45dab33b696dfc0c5a8321f3443d84c18.json,4966,c28aa7cd382b962135b661a77cf809cd941a51416566be097d7e3c2c9d316e8c,
studies/blocker-conditioned-v25/simulator_replay/cache/76f74999f86f98f36f05389b1bb1cfef40b52a676510f2d4a7c0af7c1fa595cf.json,12521,14d37753ae7eec15c2560bca2a2dbc19128d09fc1d63455142906cfc9db23507,
studies/blocker-conditioned-v25/simulator_replay/cache/7945f5928539d19222c3832ab88811b4e2f83837032a567877d9737995b3eab2.json,4977,1c2ea2e79b9a7e10f5f6196d3730a2dbf49611162fa67cf22e6b0d00b9e4d5ca,
studies/blocker-conditioned-v25/simulator_replay/cache/795ca7f05a79c486f4dc0a6596772b87f939ab778e0c334188961e0383e21b33.json,28689,6e5360d91ec17ce8fd4602fd7ac6b2f00824c66cbe2ae2377f430583e9b6c7af,
studies/blocker-conditioned-v25/simulator_replay/cache/7e97d4b0a832a754fe49956e156bec527b21f6a06ba4e4b4ffd1c840e2ee0f12.json,5193,9faf614365563f5fe19a2ceb64d3e764e804e40e7db254e5eb16c6f2726d0cbf,
studies/blocker-conditioned-v25/simulator_replay/cache/7f7473b4621feb6b11d0d2d42a595afb33a002c007bf55d033ae5e7f16ffe7ac.json,14147,3a81b9203f5ac888a0c2706667d20c1df85a8af53163a0e11d94d16bed8e8cde,
studies/blocker-conditioned-v25/simulator_replay/cache/7fc10ab3e89a25bbff172e74c1e25730be870c35f0e76c1a639d5b91ca175d81.json,5247,ce78c61e5dc40f7f50e04a8f6df4b0732bce35e429b4c051842f32d697ffcbf3,
studies/blocker-conditioned-v25/simulator_replay/cache/8054a37b72a391455f74bc8f7308ec03f17f5a5fd748b5a0f2bf193fa010f9f3.json,12246,bfb0c1a2396d5625c3d33b3312c5e192ef24cd976d405dd08b01ffa41ae696e0,
studies/blocker-conditioned-v25/simulator_replay/cache/81c4e7fc5d369b731e7fca6b931baf02effc15a29574f416a3eaac7c17341a53.json,5284,d511c79da5add0d905f840b2a35fcf38eaebe6333e6b14afcdf8abc54dafc034,
studies/blocker-conditioned-v25/simulator_replay/cache/82be2646cf5609bae5eb2fbe4d23fb79268f56ca7d2f31bc231c696e44b33ec3.json,14141,288cdc03965107b5fa327090772e81b9788d7ecd3c654c9eaf102d1f38a44065,
studies/blocker-conditioned-v25/simulator_replay/cache/82d8cb1b6229312426af07819e9779422c1e1f07a14b5b086a68003dcb110095.json,12520,121ccffce84e2f94d230874fab9734eaa154000d62450d774a679a1c4f7b8d7a,
studies/blocker-conditioned-v25/simulator_replay/cache/8676bc53abed7fa71cc956f0e09d6cb3f6515a2f9aecd1fbce151805cb57ff50.json,4939,17f391eb949024689cd450cbcaa0fe79af06c5e1f7537db45d5abdd46b3f072a,
studies/blocker-conditioned-v25/simulator_replay/cache/870e680d3dde0be038564dcc08757c16ac81af7c3169b0598c7d7e0135d91f6f.json,2040,f6150e74c8983f497098cf896ed8bd2fbd68ddb65fc7ca2cde8c82192a68d89a,
studies/blocker-conditioned-v25/simulator_replay/cache/88189fa17db3ae7e028d3115b9a1e21ec93777bdd88fd680c6f99b7b41f97464.json,12248,96b1c260e5bbb64d9b1cbdba34d07bacfb95f582378ae72090c25a1c315edb9d,
studies/blocker-conditioned-v25/simulator_replay/cache/88cedcdf761e20855a1b868cef156bb19b7429687df48ad0a57a8816c91db300.json,12242,274a454c9657abaa75660f0b8f8c779bffa02409c367dea0417ce9ed20c05b08,
studies/blocker-conditioned-v25/simulator_replay/cache/8ae854f83b939ae2b4a6d421ad2774c7ab8e7f8bd2ae227fd7a214dca8485975.json,14149,f958930ef269aa1e452675e2dbcee9b70da07d944611da8addabcd913268e68a,
studies/blocker-conditioned-v25/simulator_replay/cache/8cd57660d2c0e567e89905bf0d55ba3910cd44fceeb5f3e0a06eb593adaa3d46.json,12249,7d6e5f0a9ef4a909cfc853d026cad991f5615167e87bbb9f8b4768ec5803c407,
studies/blocker-conditioned-v25/simulator_replay/cache/8cfa16c9f740933ab64fde9942f419f45be1297288745e65aabb5149056788f3.json,4994,cd574b48ebfb18286bb83dd2197e9b7c503c033f634205b0a51974965399f791,
studies/blocker-conditioned-v25/simulator_replay/cache/8d2e0ace97a39b7754bdf57ae5eda731fa3fb80386af0320ded773bfd0e08835.json,28705,2c5a3190214131d671cd12b4bd817c20127a34307345b1b955eba06a9ff5174d,
studies/blocker-conditioned-v25/simulator_replay/cache/8e0b02519484d8c03397fd9f756bef9adb4418e3af4668f666d51e99b5cd1731.json,16732,1475077a70261a2d859f1fa8dab164e183a2315b0e002a807d6f5dca7db1c4db,
studies/blocker-conditioned-v25/simulator_replay/cache/8e3e5276fed67626f7157b938224c404604fcb420ab34564149e9ec948a58863.json,5245,c1b9e7219932946f1179ca82e2e1c52a78c837f5aa5558245551456c860b417c,
studies/blocker-conditioned-v25/simulator_replay/cache/8f4412d8246e885260b4defe6d131cbab7da7b739caa38be5af485a8ac80f351.json,4960,f788122d2a52bee2b9142df82549ee7cd7a258d47814e747fd2f7016770857e0,
studies/blocker-conditioned-v25/simulator_replay/cache/8f5608ff4a4f42c7bf9549ecb94eaa076da86e77039171ffa2546971e6bb07aa.json,5229,9580571c37d48f79f3405985b7239b3ec94ac4f48d2022b4267d022ba76ad516,
studies/blocker-conditioned-v25/simulator_replay/cache/90b731f606781911764c1044ecea55b6339bbb93496762661502327dbf0a819c.json,4991,96e3ff5a34b735b9e510052142d4ef3a6a1478a75e11a0cfc7fbbcd177b69c63,
studies/blocker-conditioned-v25/simulator_replay/cache/917bd2aaa7b2804f0e0dd93c4679b0d369bf38e9724c74ab77bd3e3e82be65d9.json,5138,c5aa8b0d4f7e7e3312d4b60347eb8edd681d8c55e20d64baf9ae38e0deafdd3b,
studies/blocker-conditioned-v25/simulator_replay/cache/91857c903ad295a4ef24f1927f5636dbb50170846b14dcefedd0ea435a26c648.json,4972,2fd315e4501c23ff9f35796055a17cc1fd789a8e486c2430a6374324f6fba795,
studies/blocker-conditioned-v25/simulator_replay/cache/9349354917cb5d20abd868a9c1eecfd0df87d4870d1ad020e82f05037b590e3b.json,12243,269ddab1d2a688a2204c2046846b4e9f3080ecc4f98e0ee5afbd77c1157893f0,
studies/blocker-conditioned-v25/simulator_replay/cache/934e75ab3ed8166ab3bbeb6e9d57e9a5f12d4086c2e0583ec118837a528f14c0.json,5140,f5050b3fd545499f8e4b9834cfd2ea8bd0ceccba604d1cdcc55fddd8ff9744d9,
studies/blocker-conditioned-v25/simulator_replay/cache/935cc75aebdd7dbaa18a425d33b1a095c292d077a20406b833d7e4f20c944955.json,14150,6ce8f6f26fa63fcbe61e7a43f06af474966b10791605275b8dc8e4a4ca7062b3,
studies/blocker-conditioned-v25/simulator_replay/cache/94019c35e38e63c4f786876ac7b3f2e12178aa54252b6a4c56cae5a9612df1c9.json,5198,68a06498daedebaaf9985348f60da9adef54e2239de3edac48bcefbbcfa18cf7,
studies/blocker-conditioned-v25/simulator_replay/cache/95ade488c753ee97d2f52685f070d09dfe0b99623d96e6bcd1ff7a90cb7ad677.json,5198,b4e08e2eb0ecd5420bdc420d6b50698f02d2254dca6b860471b59bf3d83ed93c,
studies/blocker-conditioned-v25/simulator_replay/cache/97e2571e2d687e4c252947f89f18e39cf4b2440c98bcd24f59b14904be34dea7.json,5227,313cd604801cbb2fdc18545df74017e345bda6b61231c17f4912c90f43f7600f,
studies/blocker-conditioned-v25/simulator_replay/cache/98ec6f6c242aec3b0b1352acd9f658fc7c62d0d4c0419ef162fb71aa146b3a11.json,12517,f6e068bbb50f806ce7b1fc9462178bb3aef159cd0d6b4eca9aa8e6e2418d33d8,
studies/blocker-conditioned-v25/simulator_replay/cache/99b090b22c824f25803d2183712f07240939a3ca5ab0a6bf6cd61ea2f7dcbf0c.json,5009,9d725ea5254bec1794895cade0bc393fe4be8f5feac4149b870b246bc879e18c,
studies/blocker-conditioned-v25/simulator_replay/cache/9b0736d9e891d5ed74d04fa9137ec05f605356ad17be004645ff21afd57f3a0b.json,12521,23006fdc93981e8c48586e2fe029fa2fac1eeb7f0228d72b3aa1363f58d15272,
studies/blocker-conditioned-v25/simulator_replay/cache/9bc4ef364722abb99627a0c6265327ea83bf07095fea5fe9155db293802caeb7.json,4995,9f538961af9e8162e80e7f809b01aa2cf48f551ba576f795b970ea0180fa49b5,
studies/blocker-conditioned-v25/simulator_replay/cache/9be8a72a0f20c9bbef5b880fd2e6365cfa636ecc54893cc37b8a91c720930b08.json,5135,1b487f9d6e8c6d11a3ec2b409af3058de0e6c21d367a795a363ed9b55a51ad81,
studies/blocker-conditioned-v25/simulator_replay/cache/9cd88392b96ae45c55a48942b0cebcf8e252858ba0b46e01cbc7364657343f32.json,13380,2850997270e6bd5ef6cc237ec74806db226fb1d5ef9b05f924f3d312906898b6,
studies/blocker-conditioned-v25/simulator_replay/cache/9e41bcc1e5aa271b05f0460931ae8c1f244e3b90543ffff969558396d397842c.json,12244,1f5ffab2a2511f98c2d43b08fd880d74c100c2c9924cbd05aaf58eb35df59e32,
studies/blocker-conditioned-v25/simulator_replay/cache/9e56fe31e7a195927eb85052818d228656566fd1cef62693df63eb1b84e620ef.json,2040,01d9e989b2fc8788dd404441847bde98c1ecd4a5040619a89d30f7b9a0ee756d,
studies/blocker-conditioned-v25/simulator_replay/cache/9f327a60f87aaab98286375430cf50954f2aaa101de1ecabacb76c12272c6496.json,12520,2e6244382bb0c05b1ac812d168df92e857d9f94159759854b1c622b8b33dcc39,
studies/blocker-conditioned-v25/simulator_replay/cache/9fde4a6a8f74cb76f09170c8e9448d93bb3838faf8745bccb754536a536a050a.json,4902,65dc4dddfad9d15d84e9e15cee85a7eacdf4094420ddba085e0a92ec1852025c,
studies/blocker-conditioned-v25/simulator_replay/cache/a088e8b0114bf8a8ced0f92ff0d5129ac8f665cb0e8ad99cadd2aad961944183.json,12239,e29a0ca11f683a3b88994c5203501f53ed493dda3c67052eec71327e15311e6d,
studies/blocker-conditioned-v25/simulator_replay/cache/a1a3cea3d7dd5e677dbde62900216ab225849bbb77855c5c4141ba7619444864.json,5207,4c735633aa3b08e7647b3f4237efd8ccd798726a007ac0da45f7265e11af4710,
studies/blocker-conditioned-v25/simulator_replay/cache/a2c2eecec63eeb116cafdc6d8976a13fdea3b2df3630ff7e05a4d3fc77e66680.json,12430,e7aacb1ebc298096488e3feaa68e008d7c7c69adbe106e606b8f0b4a74a2413e,
studies/blocker-conditioned-v25/simulator_replay/cache/a2dd03b6e7a6afabec448d64efd56b5b668576c420bacbe256524f2b1db9837f.json,28688,ac329d3690c8a006b5254a27f4c3d978de49f70f79431ac317f28e552e0356bd,
studies/blocker-conditioned-v25/simulator_replay/cache/a2f30c8cd97e32cc49af4499fa9d45a4b726c59473fca02092a2e05a0ff9108e.json,17007,409eda4f16608c8d3fe60551b83123fe45ba0638b5ddfb1a5c04defb430e06ed,
studies/blocker-conditioned-v25/simulator_replay/cache/a36bf20750c87353b290c31059a282d4eabbd728d0eb4d949b7b4a36b84b231f.json,14149,73aa6179aff7bb29815ea2146d5e098cc038603c4ec052ae9f8690dd56f83804,
studies/blocker-conditioned-v25/simulator_replay/cache/a5537f8b1d4753a3f026e79e26570502254c213cde70c63138f426f82ee01bc5.json,12248,e0384d8e557b1c31fa4a8d1996b948e7a115215f30c330c3b1c542f534abe6f4,
studies/blocker-conditioned-v25/simulator_replay/cache/a6d40639719b5af41db90329aa4caf32d96b5560df902886ffad58183aa0a356.json,5001,2f72e7bc90a97da4d1c5b1b4ce3714530880778c3168edcf04836a613819239d,
studies/blocker-conditioned-v25/simulator_replay/cache/a9d4aedc59a450abd2459db4a309f3ce612a70d88c4800058ec9eed43afc12d4.json,5216,2468a6b9ea33309625c72ed165a1da3b2d4a6ef2756f736c396e98720f77dbae,
studies/blocker-conditioned-v25/simulator_replay/cache/ab5eaaa214ddda370dcc2407f3158e7e749d5396c22d54883572a754be7ece65.json,4998,e5259431526db6715fcd3326ea98e49fe72235b8eebe77edc72068d3835cc6ce,
studies/blocker-conditioned-v25/simulator_replay/cache/af24e4720895084bac4233d6c27fac0550d49a914572652d96638de9569694fd.json,5228,f0ded4d85acc0a348e695a22140a8b2ab7688c15b02194d618a6affd5f0e5137,
studies/blocker-conditioned-v25/simulator_replay/cache/b065fbf620a06237e8ff912a0de29c6b52664d5d61d4d5214bfbcf7089925c29.json,5229,df6dcb9e8aa15f0410793dbf2ada3319a88f24a7964a737afdf9e46abcc36990,
studies/blocker-conditioned-v25/simulator_replay/cache/b14a449489dbf541954c448376890c33b656cd620afe2388712b0998564f3727.json,2030,c8920e225b5de9c486f8bae2c19787379462e395ea4eefb3d5d40dd921cd8e8a,
studies/blocker-conditioned-v25/simulator_replay/cache/b30809cbfcd1156433fdb068f045d6822857d86095c32b3b9f9c26f28664d022.json,5270,57104f231af7fd6aeb6a87f5433a87381b863abc63b2432acd087dff7cf23d07,
studies/blocker-conditioned-v25/simulator_replay/cache/b374b321cc900df47b28e0ced871b3784da5889d8abb5316e8a875333f66980e.json,5220,a680ed8dd11e40a34714814da115a768548efd28c4384650df53e071e276963f,
studies/blocker-conditioned-v25/simulator_replay/cache/b6e7f86af2540fb46ef2820ad6f46ba84f03e2b128f7c1942896c8c6e289b99c.json,5229,5d9ed1d536348fa01cf431d8aee35e7b87cb733552dc0650f7ce6096eedda95b,
studies/blocker-conditioned-v25/simulator_replay/cache/b83744156c29695c3120b884c8bedec7e42189a01ff39faa4469b5c636cd7e38.json,4906,fcb9de61765ec595c596717c7286264fed8440d3bf824cd6b6145a77c97ddb2a,
studies/blocker-conditioned-v25/simulator_replay/cache/ba08301380c64316617a0e3ba2f261ae096eb707992984d431a5f9d38b6e8d80.json,12716,38dc72dc922efeb5e749db0478e16adb7ec5bf6c1cd78e79819767586eb763e8,
studies/blocker-conditioned-v25/simulator_replay/cache/bbf0c530c7651fdbbd68bd6218eecf3420baa55a80d46d8307b9bb5eb39343dc.json,28689,37c2f38dc178176fce478d72c378287c9e79078becff15cec42a4825d47ee1a3,
studies/blocker-conditioned-v25/simulator_replay/cache/bccb5a5b7ae4989c0d9dab56c12ea221eefc5fbbc53a8aa06822c089af57c1ea.json,5237,4084358b937b4688d2b9e45470f308ad695ade8e54da59f0cdc5c7b3892f4e2d,
studies/blocker-conditioned-v25/simulator_replay/cache/bd0f33f6ddb8daa4fb99e229d2490c52f60ecdd4043fe9381f1aab84627a32a7.json,4942,112497b7f96b1d86dfdf353e34dc00354fbdbd9c273eb9928ab33628d320e19d,
studies/blocker-conditioned-v25/simulator_replay/cache/be0f2119e1a4589455be1009b0a7d2b96b163791fb48a356e33e8ab7315456e3.json,12427,fe4d43302409440c90114e9f1478358820985750109c7710c4ebe1183a099b7c,
studies/blocker-conditioned-v25/simulator_replay/cache/be89a3547b6cc271ee62121dc7e6e9dbc10f2c97f2e2d1f13ec26a5c41a9ea04.json,4939,ca0eca6b431c2c891fd54035b3ce1d6fc282c3ac95e88e4702552584fc2f70bd,
studies/blocker-conditioned-v25/simulator_replay/cache/be9b26254082e82c684deeaa3583c4625f374976142766e732297c59eeb708b8.json,4914,722c706b1dbbc15c0b167bdb3f57e8557d225c038f6ae5d3f2b9cfc8ab2cadb0,
studies/blocker-conditioned-v25/simulator_replay/cache/c00541e9ff7e5f4ad92d1a0a2a81f7a512d72f8c7536427da407790134d0374d.json,5225,c61b03c507eda90c3011f76d274e10837f53f27c75647dd163b3b2923e890a33,
studies/blocker-conditioned-v25/simulator_replay/cache/c0482c5a449fce7c80ac5233f2a2bb069b7be7db04939f8db9bd7ed97ff11f57.json,4963,d3fc110446df318dfc2fae59ab07cc4b89f978b6319d33e7f0076dbc1e009fb5,
studies/blocker-conditioned-v25/simulator_replay/cache/c0feeef7af040b8c15b38fb4e33f7ee1265ed56415f0097bcab314ea4a028f9f.json,12243,0d6d5b9707cc3f3646d683c62f64b736fba872d887d482816f47f34ec7b93212,
studies/blocker-conditioned-v25/simulator_replay/cache/c1969c2f532212de005cb05b40df42f9dabd374ee5ae5ee0ad393925e29b4935.json,4930,5fc49d6c22b63479eab1e4f2eea139f00b0da701bec9eaafc859f39b00629e93,
studies/blocker-conditioned-v25/simulator_replay/cache/c1d4f3eac53e3de92ce9fcee78c9d4853ee4201ce701be8238a5a20f290727b6.json,5244,786b2da90b75a0edd1f1b6897f1e42a38ae06591350aa43d97bfd3e4721faabf,
studies/blocker-conditioned-v25/simulator_replay/cache/c3bf515d17ce09f3e1faa6fe81e3fb645dddeb6c0483648fc931605985b4beed.json,5222,36c28dd95fe8e8a4653ee0efcc44fc72d9c0c9f843e38ff163a0d06e65b9cce4,
studies/blocker-conditioned-v25/simulator_replay/cache/c5f68d689b99dd77e4b99cc1e7bac979d40211fb140cba627bac34cd7376964e.json,12237,138901e84dcb9a4db88280a1e9618634bc2b21717af854c27450d0c0dd7f7b6e,
studies/blocker-conditioned-v25/simulator_replay/cache/c62dd62132d3a0096fe2c5612d2a0af75e57cf90d8735e40819389f3551f1492.json,2047,2c1fea7a4d9db9d709f0c76c21ad7f86a7164c4c1b7698ad01bcf3c3e39593d4,
studies/blocker-conditioned-v25/simulator_replay/cache/c6aa24b33166e726c712e4e28aeaba60306296d7bee6b41924f87f1a32b888df.json,4909,6ed48f3904b54183b2d486461b2d860197aba3b9b5930e4665b2eb7def969ef1,
studies/blocker-conditioned-v25/simulator_replay/cache/c7fb645db0b1a4374679704a9484aec41dc251e305e2681147cf0eeb931bf0c0.json,28690,bc041075e556cdea3e7d001b00485a1f4617a30c5118a926185868938f59a860,
studies/blocker-conditioned-v25/simulator_replay/cache/c9bf803447c4418b8c19c6961cb67699c141ec90d75a9a1d2db89ae6a67930ad.json,5185,2806b43b4a8ca4ea12a4e6a76a9dc688e095ddc88ed7641bfbf06305f49ab23e,
studies/blocker-conditioned-v25/simulator_replay/cache/cbee98638dc1e882b1a8cecce13fcf63c5a0e72447fb7ce3cde7f88b4fb54851.json,14148,55205f320fc59d675d0985d0e7ab932a6ce20f4dc0eba40a5bb4e04d799c95fb,
studies/blocker-conditioned-v25/simulator_replay/cache/cc36e040a32864d561c7503820fcb6f847c556b6c11ded5d3d37170e478b369b.json,5001,e43f516d2596243fe5cfcb0abe1e6c96d827ff697cfb72dc7a9bf71e6be6f3cf,
studies/blocker-conditioned-v25/simulator_replay/cache/cf6d08f74c20878c9b4b70216fe759ae7667fe27d1046f2c8b01279821bbf685.json,5198,7c2dc50177ff3d2ca620d111dde8641d8205e3361ef425298aa056fb63b0608e,
studies/blocker-conditioned-v25/simulator_replay/cache/cfab668bedbac0f6cc10e949fd131b255d215955ed0205af235ba10551b14f04.json,4973,811f7ebcdd933ef45a3b91fe0b59d12406b92e79bcce7aba31da83438f101a6c,
studies/blocker-conditioned-v25/simulator_replay/cache/cffc6bc85afc20267f9a3c66eb05ad4fcf18366a783207857787b4b298d96261.json,14146,6791d830b20cd1ee2bc464738bd72bead0a8dfeb659ddda49e14f2399a445eb2,
studies/blocker-conditioned-v25/simulator_replay/cache/d08c2381042d27a1276df9eae3e9c05aaf1c948d4efd2c9f963ab00f8c99e94d.json,5212,056954a9e9f3971c357c0a2553620b735069d0e2b467422cfcc6d37922533593,
studies/blocker-conditioned-v25/simulator_replay/cache/d4af7f6a4a511d25c6c3cb62ff7b15dd4e0dab412fa245c8538d4d59f4ee12b9.json,5213,f0f22a9d16c0b82524f6fdbfae401ac2dcfa5daa285d2cceaaff41bb73c9a7e7,
studies/blocker-conditioned-v25/simulator_replay/cache/d4d0ba4313d5fa45796b08da57d1e33000acc21ef4e0cc02dbe18985405e0376.json,4959,9d9ba5fac9ff9f66b0ad8f8e820f4de0a4e9036547e8b9fbf3fd80f2c86e85ce,
studies/blocker-conditioned-v25/simulator_replay/cache/d7032147468867a1d15ecad25251d0b00291fcd0632fc8c4cad0c5ded118265d.json,14151,d42667be0e9c134f9839efa0ba3a5993eb805a1c8bea495f4acc62099c9ba704,
studies/blocker-conditioned-v25/simulator_replay/cache/d7dd52fab9b8d1877efa3b4df27f9a2c9f5191c2d89edf276b63e1fdc52a5c7d.json,12433,e1b82438a978dd92267a7531941a95d2155e6add3aac9ba6a0c7b37d6ae3d875,
studies/blocker-conditioned-v25/simulator_replay/cache/d838dd2b44a5c0d4e50c78db9a0ef8e4ff6793811e1fc2ab274c680e6dc2e1a5.json,12438,5edcdde8afda100cbef5197a5507ef529c3b5b8cd69ab36a6cfab8494c1283b4,
studies/blocker-conditioned-v25/simulator_replay/cache/d8e4142a19e26f74e397bad643f3475e0613c5d3fd8f9d539e7f9dd46143c634.json,5182,126cbd914e5b81bb427f5d33287e17d71bb1c034dbfdd489a1a32c9bab2802ba,
studies/blocker-conditioned-v25/simulator_replay/cache/d98cfb2ccaa7270c023c71faba1fb99ef77f1ebaf55fbff18a9d5c8217d0a64a.json,4935,d7d6c91680cedc1f025578e2da5f45ef41b9776f1144c81f8ee01b2fb087359f,
studies/blocker-conditioned-v25/simulator_replay/cache/d9fc8f6b50fdb8f820b6723b46581ca940c1d8c6dba0eef80341c74fbe14ac8a.json,5215,5e8eebd63429c140cd341b4b6e94104dde9b144ae17203a44ad9dd136ac52a0d,
studies/blocker-conditioned-v25/simulator_replay/cache/de605f6ba57f6f16f4edd62f320a99ff15a6469d126d42a43706e5b457ca9340.json,4995,c63b3b804ebd0da75967e3d9625f023aa737c46dbc880896dd645490c7b87978,
studies/blocker-conditioned-v25/simulator_replay/cache/e010bdbb023dc0bf8622c9eb21eb37db3999f086a9c5fc50b31c4f947df74102.json,5000,a236b7fbceae3219a8af233b0450dbcd73bf080d75246e04ebb4d7f9ba6d6d6e,
studies/blocker-conditioned-v25/simulator_replay/cache/e06aa0a12d924329be2975712217fd7cdc4f33321ced4362f0aed3eb478c8e2c.json,5231,2740cb53725e6df13e12ffc892efde0a611bbaad7c8e91c4f9d0f824832d6646,
studies/blocker-conditioned-v25/simulator_replay/cache/e070157127a93c55e9264b9634115f742e062eda8b0050813694d487be213a30.json,5139,ef6d1081aba52763747af1dafd72e7168c77afafb8015b0c52d3afeb64d72394,
studies/blocker-conditioned-v25/simulator_replay/cache/e30e3070272a5b4cbd91f8e3e3f4c624bcb4f4f5373575bdb70725d139ef44ff.json,4999,27515239c93b91d650cc773ac7412d246bc435140b88948df6303fb8a407dee5,
studies/blocker-conditioned-v25/simulator_replay/cache/e360b11008634deb8a495d10478d4d2a88493e3eebda10137af2b31279f53407.json,5208,2deba358bbd107489070cf205457b4c61aed27c0de1237efbfe3b44938461594,
studies/blocker-conditioned-v25/simulator_replay/cache/e3eb2a184ed3586eb995333dc4e9b7fc6087499041a118bdbbbfd2571ba97edb.json,4906,d889b5f2c4b400bfd01e1f0975a2c5e9c3d0bbd722b255d57a67639ecfda2b88,
studies/blocker-conditioned-v25/simulator_replay/cache/e43a9980167c4e82a1dfcff524788736758d14c51287c1936b36f0657791a86c.json,16734,9c04759a4550e07a3f0d2471ce5befc29bf6042f85b6c3f042e2254fe135a87a,
studies/blocker-conditioned-v25/simulator_replay/cache/e4abe5e2408ee99dd683f9264f17532fbb592ed5a5c4f5b212d382bdb4b109cb.json,12424,47172a7a8a296a880f1123e4e9ab9bdfa5c36426d3fa186e3b264b0b91af6939,
studies/blocker-conditioned-v25/simulator_replay/cache/e4bd201af4d5fa253518b519713018f763a9f10189f7211ded7c2660c6619cb5.json,5246,112c18adf9ac857b9a6ef720c52a4a4232c0ab1eaa04e679016fda2db5046852,
studies/blocker-conditioned-v25/simulator_replay/cache/e4fa3c6acf6fb97216bf1f40e944f8fe14c5a2db83ea67db3af863bf1175f1b6.json,14152,796a16d93f16c460187fe33d549094d68f80ff21441dd78d5c8f7c0dfa86ffdf,
studies/blocker-conditioned-v25/simulator_replay/cache/e6190a29ac929809b827263c453224f901d0dc645bc213532a8c3ee7b22d6d0a.json,12248,6adc1ee53032dec1b2624c19e0031f6ab99df3269b1c45047b4f2bf73e20338b,
studies/blocker-conditioned-v25/simulator_replay/cache/e6260709e4c3fecbfe9c7d8d90bfd6705ab7803c95c5ec7906a184c2bd2a154b.json,5185,5bde587c0f2e21f3055c10c47a53ddb4dc75fec6901804a32cf5687d230ab899,
studies/blocker-conditioned-v25/simulator_replay/cache/e68b5a5e81d458409e819c0763b1d10f04390320684839da58ab36ccac5520a5.json,5007,a130484520cc158a0a02f2f384c99f2165278cb23367be27760f44647ef37c4d,
studies/blocker-conditioned-v25/simulator_replay/cache/e9421c6431fa5c662223b80b737b8cbc1a14dd4b20683fa8789cfd23ea2cbb93.json,5205,d47cfef4faa18cb2de517f8cb289c7b741d0697e0f0b67e144d266d08f50042b,
studies/blocker-conditioned-v25/simulator_replay/cache/ea840507bd61bd1d7e31ef2d78dbec5111583082d01633bfb4aa537067e8d61e.json,12244,807940b1c6bb92ce105951844c1ff7438c9f78bd252b0b21d9f9d7619afc7cf8,
studies/blocker-conditioned-v25/simulator_replay/cache/eb3ffecb10fc03e3ec102961f25147d245e3b4ba4d908031853752bb8e577f06.json,12374,4769e30fe2f2a17399bc15b8324e406eadfab2af1bad737dca27a3b82c47544b,
studies/blocker-conditioned-v25/simulator_replay/cache/ed3572b0bcd6f29ee6d880b58b45a45d040973c26b3eee8103c8a5da75503209.json,4995,65337261f9fc037a985243a5cce84bc9f5659551187f43d47a2a01e5fb3204ae,
studies/blocker-conditioned-v25/simulator_replay/cache/f09982f804eef51b58f56fd0ceefc2d92e4394cc32d98e63e4e0c20da0ee42c1.json,5226,2b351af9526c99dde8f6e7db0666bd8432bf7684dd5f7056c6ecd171a7f0d702,
studies/blocker-conditioned-v25/simulator_replay/cache/f0e3720777ae6209e7fc3ae577403dd5a8719de4c09b45417ac01d199a5ad655.json,5245,4b03c63fcf4c20d91addbb3e31a50389569a1e289a80699d125cab6dd755885a,
studies/blocker-conditioned-v25/simulator_replay/cache/f10920d6bda05bfa4da37c62e515bfa4944b7da2aa5852d148e5d7365634ae6f.json,4958,4824e04393c05aeb5f674ae93c867722d8a80b5724ed9dcfea58c1795f872a56,
studies/blocker-conditioned-v25/simulator_replay/cache/f1cdf1ec7dc4539b819df72e41fe081c2fcbf6634f7bf33ccdb3bed30a6228f3.json,4999,86469ef3097ad7ac9c3d5367ef70da83b1200ca25bc1ac8a03b4b7f51f3085a2,
studies/blocker-conditioned-v25/simulator_replay/cache/f428c28b9d7190b4a51e6a96d4f9f9206e449df42146232577fe52c9aa4c2e90.json,5245,b684017bc0ee6e9a69e44e745e8f925f68325db9faecd8cb44b59ab9b9130303,
studies/blocker-conditioned-v25/simulator_replay/cache/f6a6e14e2284e5a7f291d328125e1396a527f07b8edd091c94d4311cc096239a.json,5000,869a66a9efa4d05bc809c4656b48dc2dca97b6542bb85482adaaa91e3e57f294,
studies/blocker-conditioned-v25/simulator_replay/cache/f73f31fac0677f0445636c000dc2d222d43a904348a75c4fde0940ea5b6b7065.json,5211,c1c694915ac61982c7b1862a6cf0e80026cae998f7b33359b6ffe17c6565d718,
studies/blocker-conditioned-v25/simulator_replay/cache/f769ec0e90622b4d898f9f42c6573e5a97415614593a027bb24892df134f65d8.json,5206,78e10aaf7d7c7ac483bc7364a9d927761224a73f570639acc524881076c9dd31,
studies/blocker-conditioned-v25/simulator_replay/cache/f79a8e5939a281c7705b17e9d6ab9aba7e56c5b50099c6a47d6c15c398e98f8b.json,12517,113aecdb8a74823527776cbb5744dfa6084eec7b3f6b3ba14b23faf58222b6e3,
studies/blocker-conditioned-v25/simulator_replay/cache/f8d653e2455b4879496e6bb0a4e6034fa8fa98e65bbcb1a6860295af5a6f0a72.json,5018,654d8f1410d90bf2a572e4ebcd68a1096eaa5fbb4498f3a2f8f4452684b3db07,
studies/blocker-conditioned-v25/simulator_replay/cache/f9deb42fdd6920071deb16033902e353a063428557f69512ec9c5d3af5cbdbd6.json,5280,bc8d96daff96fbbb00d8b3e62612eb6595c46682db15e39904ddddc272741393,
studies/blocker-conditioned-v25/simulator_replay/cache/fb5d5e42159e147194756c8e67666b2d44726a3868fea44e4d1c07e88c1bf2a4.json,28685,3bc5d8a4c850a2c60e1c3c0227bb49372bae6f8689a920d9438829fd064f54c0,
studies/blocker-conditioned-v25/simulator_replay/cache/fc88a90c747a42bc532e68b14da92c9871fba7ee1682040dc5081895925c886d.json,4956,c387db94964d70dff32914094c0c54be249be24753911d3e3c312186deb294ee,
studies/blocker-conditioned-v25/simulator_replay/cache/fe758dc325d3adb442b4b53d099f6e12d17034a1aa2fe436cec66aafd0d2bbdb.json,4940,326d9f38d60401820cc346bdc5865a40d4391652d2d6185fd80d651843efc223,
studies/blocker-conditioned-v25/simulator_replay/post_masks/01840f2b1d4edd5931cc13973cb5bf79d2f8471382c6f338085d3e2f60e6e7e6.png,1627,b40ce4f4bf841bad98881f908464d3f2632f23b5733c95020ef58d26ac9b51d5,
studies/blocker-conditioned-v25/simulator_replay/post_masks/01f15edd166a1e4d2f242aa72809fc23594e2593776684a671cfcdaf5df31dd6.png,1639,43d30d9c573f17263047f36f277a1f126e9f96ce543f29677932f7d492517e8d,
studies/blocker-conditioned-v25/simulator_replay/post_masks/022b0fcc6c30084f0a87ad24b0f29c26c052b2d346a99329c14ebc68c62774f6.png,1647,dc12c85331d06af6850e7333a3e4ca8b9c075c08835fd2286074def8fa8c90c6,
studies/blocker-conditioned-v25/simulator_replay/post_masks/0262f7ae00c94eb383799a26ad5a700249cbbf759e15bec34f0af4e47845eb66.png,1594,2b5197b855d63df90069867af90386a532c432fb5af666a1f281c25752682638,
studies/blocker-conditioned-v25/simulator_replay/post_masks/0305859fcd2da34b067bc65a8eea85ca706114281c6c98b780bf2d299cee0daf.png,1663,945e349099ebdc8b949b51ce1249c9f09d6e8abe4a3f4be47934cf387a7accbe,
studies/blocker-conditioned-v25/simulator_replay/post_masks/03479c0f3c585bf1d47c7c6a536f1474121996e8ff5a467bd8a01dc715727bc4.png,1271,4da2c43dc24453c334dbca90c632c8e410110ea8e5e575d437e5a7b0695d8fa7,
studies/blocker-conditioned-v25/simulator_replay/post_masks/053ce237b64ddc0ca4a9b1a6327e0c9ff99494a374619986d7c083e4960ab5f3.png,1671,f98d12205e240846fdc35ceea9c2d30cc07390d1666fd042f1a7685be2c42b59,
studies/blocker-conditioned-v25/simulator_replay/post_masks/05a6350631e47b1ecf04595c8c2687c47ea1354becc3787d064b5567675357ef.png,1618,a9457712d83ac947716fb865a1a3d1003765e5a4c9fc4869fe21a2ca20d18e3d,
studies/blocker-conditioned-v25/simulator_replay/post_masks/05e4dbcae6ee2fff94c0ceae2e84c786964b818ade4d4a804138d71a99b40174.png,1655,8603bd071f239d8151ffd29486515e7520dc11a7861bd323a41ba03f44357a42,
studies/blocker-conditioned-v25/simulator_replay/post_masks/05ff18a2723850f847fa19685f428476553e138f36ad258c89561bac60fdc1a0.png,1639,511b75de5d66c71dff06c4415ce9548deca7b1466f856fa37d3054bad3996a64,
studies/blocker-conditioned-v25/simulator_replay/post_masks/06715a21d3f65c332204753f018015ecd11a032a1417ea8ec1a5121231b69a57.png,1629,aa4b42954951885a2ad4006d1674372a53ff03f0d146f9b50d1bf06cc2c86137,
studies/blocker-conditioned-v25/simulator_replay/post_masks/06911bb2296e7faf77b7d40e92c8b2a86375216f20718e0ab7c340d8a52fdbb4.png,1639,f3a998498b5bd753f6605322db8980cff5bb039011931df6e603d093b65a4103,
studies/blocker-conditioned-v25/simulator_replay/post_masks/0759b89f5d1198480d98f29331a8ed757279bd0ed9e87fb0d364f56b13271816.png,1610,3880f17ecd81ffa4c3847c75dae395a046de6a6e9e7dad379064c96917e11682,
studies/blocker-conditioned-v25/simulator_replay/post_masks/09226a2368151d151f18bb326171cd08b81b3e5d623a02bb6ac8b2689bca40ad.png,1609,f83c29092fe3d812f235d924b8cd974be0e5ab3295e572de900838ed924e8993,
studies/blocker-conditioned-v25/simulator_replay/post_masks/0a357ac032b8b8b9b354604c5448a582300a7c2cf46bfc8e40dff420e326609f.png,1618,a9457712d83ac947716fb865a1a3d1003765e5a4c9fc4869fe21a2ca20d18e3d,
studies/blocker-conditioned-v25/simulator_replay/post_masks/0ad901489ca3a0ee3fe0bc6115006274d29e6b0fae9583e9590b7170f5c89069.png,1593,e22331df7d0432cb0569953027573f6a171b445732f49b048bf233eec3b70ae9,
studies/blocker-conditioned-v25/simulator_replay/post_masks/0b8c3c490891053309710448fb7f051044ca1c84c3176366d830fa089779feb1.png,1601,d30e40d69c2417d8e720b3a7d3dcee8e46ad2a8ae8d2d1fe2ee988ac37d45992,
studies/blocker-conditioned-v25/simulator_replay/post_masks/0bb4d819fa50d03679298a7f2c5373a7fd0970ef36cd66bf4076f435d1e23764.png,1595,8c4c85ed902e6dde3edbe15f94dd3a93fe6244b8c820598ff2d3339b0e0e4b6e,
studies/blocker-conditioned-v25/simulator_replay/post_masks/0cc0ff835b611854b704ba7f454d81daf4616ef9705c83371463bcc08504588d.png,1618,eb69f79cff2b0aa02907c2940a9b56861f86d7c94bf4132d8776a34e6047869f,
studies/blocker-conditioned-v25/simulator_replay/post_masks/0d21c2d20fdc79a5f23b4356dabb4ff6f62f005acb8fb48321e458f82ea55de0.png,1602,ecb2023c88b461391ab8ebf4039c60f0ec94775d3681ad3537bf7efdc90dd1d3,
studies/blocker-conditioned-v25/simulator_replay/post_masks/0d26270bf52ebd35d5b16cdc45f9d5f410064790e30585059b38f208897e2a5c.png,1592,5642eb4a1a1bb7b1b00f2623ec29b742c3032bb9085a46865e0d74a821ebc237,
studies/blocker-conditioned-v25/simulator_replay/post_masks/0d47cc2fed75cc62130887689175157ceb28fd2a1cb91e54ebb9054c5ebf4ccf.png,1271,4da2c43dc24453c334dbca90c632c8e410110ea8e5e575d437e5a7b0695d8fa7,
studies/blocker-conditioned-v25/simulator_replay/post_masks/0ff58e0e50d7bdb98fa481f58a60ebeba9474da6eaf80a289b143c483bd992a8.png,1629,aa4b42954951885a2ad4006d1674372a53ff03f0d146f9b50d1bf06cc2c86137,
studies/blocker-conditioned-v25/simulator_replay/post_masks/11b7131a201dde8b7312e894531a8f0b08a23a9eed13a096dab73c3c43bae4c0.png,1627,b40ce4f4bf841bad98881f908464d3f2632f23b5733c95020ef58d26ac9b51d5,
studies/blocker-conditioned-v25/simulator_replay/post_masks/14640099f8bbf49ec3480268d1cb505419f184651d52b57718e262e8d5ea2cc8.png,1671,f98d12205e240846fdc35ceea9c2d30cc07390d1666fd042f1a7685be2c42b59,
studies/blocker-conditioned-v25/simulator_replay/post_masks/179551ebd128d9c2771c27874ef3e89d9903dca5aa049c0fdd8feb5f45427127.png,1675,16a37a7508175c26c21291cf55de707f22ab780d23f6ee71f46a2619ba71a9f9,
studies/blocker-conditioned-v25/simulator_replay/post_masks/17f22685b304fecbbf6b49c4f477a56cc690e5ebc665e9205b47b6a047e009c5.png,1602,0b0be62d87ff3e4d91534ff3582a890c0732383aa466c0a2affa86b8ea9af074,
studies/blocker-conditioned-v25/simulator_replay/post_masks/18b3d567c1956f32e4def48b364fa6c0693923dc454ffa4ac6c0f5f5b2cb5875.png,1639,43d30d9c573f17263047f36f277a1f126e9f96ce543f29677932f7d492517e8d,
studies/blocker-conditioned-v25/simulator_replay/post_masks/1bc9f558bb923ad7a04698875a7e0a52dbefdf04cbff2255aea9ed0172f0b6d9.png,1602,0b0be62d87ff3e4d91534ff3582a890c0732383aa466c0a2affa86b8ea9af074,
studies/blocker-conditioned-v25/simulator_replay/post_masks/1c75c2b633458c9d917af412fa5ab387cfa9037bc0da63aac68b54b01d860bc8.png,1629,aa4b42954951885a2ad4006d1674372a53ff03f0d146f9b50d1bf06cc2c86137,
studies/blocker-conditioned-v25/simulator_replay/post_masks/1dccb9edde0a8322cbbb22ff4485cd84921443d8619f30ea22bbaecf29a38c2e.png,1657,6dc08f483ab86b3fbe256cfb80c9ea14404c6b39f8a0fcc054590c2f63e414d1,
studies/blocker-conditioned-v25/simulator_replay/post_masks/1edb98c6327d5b7368a9f9c38539a4de7331483c65bf5e7001cd273440711776.png,1657,6dc08f483ab86b3fbe256cfb80c9ea14404c6b39f8a0fcc054590c2f63e414d1,
studies/blocker-conditioned-v25/simulator_replay/post_masks/1f633376f942b9a2ca6c706bfcc2b38d93af63a5ce3a4bb050c0c0505b7a5773.png,1647,dc12c85331d06af6850e7333a3e4ca8b9c075c08835fd2286074def8fa8c90c6,
studies/blocker-conditioned-v25/simulator_replay/post_masks/1fa5de2c175f9441ebc862874bee74b4fc345189cc540408415c1227ad4217b7.png,1271,4da2c43dc24453c334dbca90c632c8e410110ea8e5e575d437e5a7b0695d8fa7,
studies/blocker-conditioned-v25/simulator_replay/post_masks/209646956c8ee2b54bbd78550c640a201f2751eabb629f708073767b72c2864e.png,1616,2bc9d4875a4dd026a26206e2d26e32b41d23a846a791bb0a40987de628f942e1,
studies/blocker-conditioned-v25/simulator_replay/post_masks/234de20ddfed3accb313c722e19ef832f3c552b1d09d73ec15e79963815731bf.png,1618,a9457712d83ac947716fb865a1a3d1003765e5a4c9fc4869fe21a2ca20d18e3d,
studies/blocker-conditioned-v25/simulator_replay/post_masks/24b62232cecd046adf00892f4036aef714c1af45b67c4457cc1d3c5a0129ff8d.png,1629,aa4b42954951885a2ad4006d1674372a53ff03f0d146f9b50d1bf06cc2c86137,
studies/blocker-conditioned-v25/simulator_replay/post_masks/271928f9c9b08a1ad43c61f1376b29d45b5c81e2879e8540134fdb3571f8287a.png,1627,b40ce4f4bf841bad98881f908464d3f2632f23b5733c95020ef58d26ac9b51d5,
studies/blocker-conditioned-v25/simulator_replay/post_masks/28b588ef2aedba64a21a80ae97521016effe1ded736e1252ec1a39c56795ea2c.png,1271,4da2c43dc24453c334dbca90c632c8e410110ea8e5e575d437e5a7b0695d8fa7,
studies/blocker-conditioned-v25/simulator_replay/post_masks/29b3ab196d8716a475af8ff2e0fb4fc1b010717d665bf1bfde3d97b108b05292.png,1271,4da2c43dc24453c334dbca90c632c8e410110ea8e5e575d437e5a7b0695d8fa7,
studies/blocker-conditioned-v25/simulator_replay/post_masks/29d3812469350de1ccfcb782e9e59f0ffd16aa193405c2982f48342d5b396f84.png,1271,4da2c43dc24453c334dbca90c632c8e410110ea8e5e575d437e5a7b0695d8fa7,
studies/blocker-conditioned-v25/simulator_replay/post_masks/2a2c105d78c9c1b1bcda10edcae5cdda9f92d3730b638e154ca068a7f1b5880a.png,1271,4da2c43dc24453c334dbca90c632c8e410110ea8e5e575d437e5a7b0695d8fa7,
studies/blocker-conditioned-v25/simulator_replay/post_masks/2a85340b11eab42077d2f2211bb4e32ce2d5cef69d434406ab91529d8b943e3b.png,1271,4da2c43dc24453c334dbca90c632c8e410110ea8e5e575d437e5a7b0695d8fa7,
studies/blocker-conditioned-v25/simulator_replay/post_masks/2aaa721fb42b68b621792912f123a5c10200a869bdcd77f41a81f3d4d55374ce.png,1271,4da2c43dc24453c334dbca90c632c8e410110ea8e5e575d437e5a7b0695d8fa7,
studies/blocker-conditioned-v25/simulator_replay/post_masks/2b090012896480c28473c0b42e53a39c8f5216049ad7c1f4fcf32b37cea253bc.png,1594,06eb519e54fdbea8c6792e0e334d551b02705aa2b13ee1b78cfc3c8a0bdaa02b,
studies/blocker-conditioned-v25/simulator_replay/post_masks/2e80d67d7e53ed684929231e94b6c1a75d3095a9fa4ec79028031492e5598e3d.png,1593,e22331df7d0432cb0569953027573f6a171b445732f49b048bf233eec3b70ae9,
studies/blocker-conditioned-v25/simulator_replay/post_masks/322caa1d6901daf865bd07b2846c1f6302bac94cbce83abfac8f3857e35d88e6.png,1596,4ff359067459e5720cb403c349df97f19d0f85a70076ba0be07986e5151acc00,
studies/blocker-conditioned-v25/simulator_replay/post_masks/3302f3f0ed810a5cf1e59c2a38087cf71ad2bbb185858e6fbe5e9e0616c5d770.png,1639,43d30d9c573f17263047f36f277a1f126e9f96ce543f29677932f7d492517e8d,
studies/blocker-conditioned-v25/simulator_replay/post_masks/3413bcb2376ab4f86d68d854236190ee8c468e6413c357ca9bf4aa1b2cac64d0.png,1271,4da2c43dc24453c334dbca90c632c8e410110ea8e5e575d437e5a7b0695d8fa7,
studies/blocker-conditioned-v25/simulator_replay/post_masks/347e05a7930e97fe2092e7e2c1c66f50d3e4966e9e6a9990c73319a896370eb1.png,1271,4da2c43dc24453c334dbca90c632c8e410110ea8e5e575d437e5a7b0695d8fa7,
studies/blocker-conditioned-v25/simulator_replay/post_masks/36df7f3c97cdaf807b0716ad9b0640fbc3857bfe476e9938da0c45ec528aefae.png,1705,075ba6083221ef3fb72a77be931cf547acfd61a69ce1858363d8178626a62c5c,
studies/blocker-conditioned-v25/simulator_replay/post_masks/401bea94740d363d0f6592b86387feacfd705debce98aa5ed6148b66b25e26b8.png,1657,6dc08f483ab86b3fbe256cfb80c9ea14404c6b39f8a0fcc054590c2f63e414d1,
studies/blocker-conditioned-v25/simulator_replay/post_masks/42a4b988f1e49caee65b88b0f30f4427a5925daf04d7556ad62adda670318b0d.png,1611,4cb50ef08358abe36be85e7a6125ef933fcb0a9886362f632731e9e187913c88,
studies/blocker-conditioned-v25/simulator_replay/post_masks/43feba048962a52837ce975d7c145bddb9a4457f16bab93ce6b20ba08696cf96.png,1618,a9457712d83ac947716fb865a1a3d1003765e5a4c9fc4869fe21a2ca20d18e3d,
studies/blocker-conditioned-v25/simulator_replay/post_masks/448013c244faa18cffac2c7f725105a5c2b71d0fef23e4ce5ccb01e0c1ac992f.png,1271,4da2c43dc24453c334dbca90c632c8e410110ea8e5e575d437e5a7b0695d8fa7,
studies/blocker-conditioned-v25/simulator_replay/post_masks/463c35fc16af786d77e8bcff1d4c3c92d1e22280cf85adf1b92447bc3ad082bf.png,1639,43d30d9c573f17263047f36f277a1f126e9f96ce543f29677932f7d492517e8d,
studies/blocker-conditioned-v25/simulator_replay/post_masks/47809bf5757a205107ea03c7c44f9fbb39f6baadb08d6d37b530fc023dbb5407.png,1636,09dee156c7b1488334adf71dc82289886b12e865a62e9a0ac98f346bead7c28a,
studies/blocker-conditioned-v25/simulator_replay/post_masks/4893df035b67a5c2b660ff5face6030ea1d25981d012a97c4c329ae0a0ced64d.png,1627,cbfe8500ebe38fb502de73945060caa1ebdb099b6e8478d9aae745fe46023ba6,
studies/blocker-conditioned-v25/simulator_replay/post_masks/48bca491f6ba7b219624c147a3a8d7306f6a2396b3bfa350733bb3a4fb6032fc.png,1562,e433d09c6cf6cf6a7d1ef7ad75b6af2179ae561f2ba3ce76cc889c99f3ee37b5,
studies/blocker-conditioned-v25/simulator_replay/post_masks/495b7f528d3c485fd735ca61f9ba894eef7c182cb46ccbdc99e752c839196b1d.png,1597,4059fe875041dda94da6c988f2a2daee84e75128173323a760ec93a2327a3e96,
studies/blocker-conditioned-v25/simulator_replay/post_masks/49f9bb0eb620016a0d2556f767bdebca32786af641b721317f0a96b74da10994.png,1271,4da2c43dc24453c334dbca90c632c8e410110ea8e5e575d437e5a7b0695d8fa7,
studies/blocker-conditioned-v25/simulator_replay/post_masks/4b62ea6323417d5fda4efda676fa60649b0a8e477af96f6606f9d36ec7f84928.png,1609,f83c29092fe3d812f235d924b8cd974be0e5ab3295e572de900838ed924e8993,
studies/blocker-conditioned-v25/simulator_replay/post_masks/4e58cc81ecc83df7697e714d8919896973a304b7231154620294d6851d6941b6.png,1655,8603bd071f239d8151ffd29486515e7520dc11a7861bd323a41ba03f44357a42,
studies/blocker-conditioned-v25/simulator_replay/post_masks/4fb1b1c0e066c9f0bf409fa8f8e9054a47b641292f46c8f690ad621d8194887b.png,1594,2b5197b855d63df90069867af90386a532c432fb5af666a1f281c25752682638,
studies/blocker-conditioned-v25/simulator_replay/post_masks/514fd33c5dc96bf34a1e0da92f8725fcb6c29dee165de557053059b84771c05f.png,1271,4da2c43dc24453c334dbca90c632c8e410110ea8e5e575d437e5a7b0695d8fa7,
studies/blocker-conditioned-v25/simulator_replay/post_masks/515764b84bde847ea4f36784bdf35b92c120e4fb625fc233fcefa70fa3e85326.png,1271,4da2c43dc24453c334dbca90c632c8e410110ea8e5e575d437e5a7b0695d8fa7,
studies/blocker-conditioned-v25/simulator_replay/post_masks/51c3405f3d10c2ed9adfe26f3025189bb4ace9ba0f1be8fa92ee464bfb3ba512.png,1609,f83c29092fe3d812f235d924b8cd974be0e5ab3295e572de900838ed924e8993,
studies/blocker-conditioned-v25/simulator_replay/post_masks/530926add9a1edd0d65be3cea84c3a3df9f5d242406b381e4fbf6a71c0c0fb49.png,1655,0ed67c01cc0bf5acb919154aa20562fe63c11a744430ca7f5696df9418abeb20,
studies/blocker-conditioned-v25/simulator_replay/post_masks/534ce6e36f9ab1fe193cd1f23aa4000e24a4381e7821c2c6a67bbe8f584f6987.png,1602,ecb2023c88b461391ab8ebf4039c60f0ec94775d3681ad3537bf7efdc90dd1d3,
studies/blocker-conditioned-v25/simulator_replay/post_masks/53792460c2a74c3808b5b2a6ef5cb9d4f294ce6df30593b57f3ef0418dc0c6c4.png,1594,06eb519e54fdbea8c6792e0e334d551b02705aa2b13ee1b78cfc3c8a0bdaa02b,
studies/blocker-conditioned-v25/simulator_replay/post_masks/53bf2483aefeb3b81d0860837725c589f5c472bbc1e11d4a3e707b0cd4a8a542.png,1636,09dee156c7b1488334adf71dc82289886b12e865a62e9a0ac98f346bead7c28a,
studies/blocker-conditioned-v25/simulator_replay/post_masks/5405e1069005a421f9743b97d9755deec029318ee5469517f67b6926f9415378.png,1271,4da2c43dc24453c334dbca90c632c8e410110ea8e5e575d437e5a7b0695d8fa7,
studies/blocker-conditioned-v25/simulator_replay/post_masks/543b26b7376d0d4a2e080984be6f762aed292bb6a1efcb610b35c3f898205c51.png,1609,f83c29092fe3d812f235d924b8cd974be0e5ab3295e572de900838ed924e8993,
studies/blocker-conditioned-v25/simulator_replay/post_masks/54cdf25563d23be9899aed5bdfae16acfff678a19169ab49d1279779aaca4821.png,1627,b40ce4f4bf841bad98881f908464d3f2632f23b5733c95020ef58d26ac9b51d5,
studies/blocker-conditioned-v25/simulator_replay/post_masks/54f629a9c2825c40e6ebf34f8585ff4a588f52ce521a91d20efe99de3095fe2c.png,1602,ecb2023c88b461391ab8ebf4039c60f0ec94775d3681ad3537bf7efdc90dd1d3,
studies/blocker-conditioned-v25/simulator_replay/post_masks/55d803ade135df41ca4b362a00c4444a6a3a87658258c2599c408fe6bb59548e.png,1657,6dc08f483ab86b3fbe256cfb80c9ea14404c6b39f8a0fcc054590c2f63e414d1,
studies/blocker-conditioned-v25/simulator_replay/post_masks/58004e8591275e6116d59624460b5f3751fe98b0dc98980b1fc50c5033254b78.png,1687,6cad8ee7db958bd50309d1df457a1eff9eccebb61d9abefa93fd62daa89f08b9,
studies/blocker-conditioned-v25/simulator_replay/post_masks/5b457a81c860e03955a2f9f577856fc4b65d54b68925ed6767fdfca1d0d8f658.png,1612,700ac293a89c7ad653a724d2853f5d26f738d5079f425dc51ac41b4d83ac8cb5,
studies/blocker-conditioned-v25/simulator_replay/post_masks/5bba7396cbe5830502aa448e09dbf1f5b7148718875196fa41c36ac272217af3.png,1618,a9457712d83ac947716fb865a1a3d1003765e5a4c9fc4869fe21a2ca20d18e3d,
studies/blocker-conditioned-v25/simulator_replay/post_masks/5c2c86615a09c3a4c74da711209ba856ba4707d63b05671eda5814a652964b0f.png,1647,dc12c85331d06af6850e7333a3e4ca8b9c075c08835fd2286074def8fa8c90c6,
studies/blocker-conditioned-v25/simulator_replay/post_masks/5cae2688b28ee602ea1dbd033bd7be470fd885ccff22e10aefc6459123af00a8.png,1594,06eb519e54fdbea8c6792e0e334d551b02705aa2b13ee1b78cfc3c8a0bdaa02b,
studies/blocker-conditioned-v25/simulator_replay/post_masks/5cc05b01aa6f092c5895795b96981a70aa6ac641431fdade94625317a4959638.png,1607,8cd652650d1cf1317cce85a61e1cbc9208f9a5327a41a692830ea7e25f3586d0,
studies/blocker-conditioned-v25/simulator_replay/post_masks/5dc08aa669ddf018fbef13234084437a433a9c081a56c9aeaae47b88213a8cf9.png,1612,700ac293a89c7ad653a724d2853f5d26f738d5079f425dc51ac41b4d83ac8cb5,
studies/blocker-conditioned-v25/simulator_replay/post_masks/5e58b31427c89f0673ebae95165c58d0ff65a7af7b301365e666d603adb9afe1.png,1602,30f24d22e21d69dc63d60cbc2914540faf3f07f2418bf93dcc70c9e7a2817877,
studies/blocker-conditioned-v25/simulator_replay/post_masks/5f4ce18fd0066d309c0923e39b0f6f84ddca94c9f8d7b6dff821cafe9e19ec05.png,1621,71c8e7ecce22696d84642adeae42ec2357688e45a93d9fb9035e149fe1be5e18,
studies/blocker-conditioned-v25/simulator_replay/post_masks/600d262aa8bc08548332d884ee6a3a0c03dc2558afb55001c94952850e63418f.png,1585,16eea4c6d47178726613d8114f29954ed8a5050565d27db613c22fa70d2e2c6f,
studies/blocker-conditioned-v25/simulator_replay/post_masks/63b0c0caf14460ea50b7f5efdd8da197db0f9b331cae083a10c5580ce428ce16.png,1618,a9457712d83ac947716fb865a1a3d1003765e5a4c9fc4869fe21a2ca20d18e3d,
studies/blocker-conditioned-v25/simulator_replay/post_masks/645f0434bdffc1a084114478d3c358f9fc13638905b88d8644d8b07fcad2c875.png,1604,d82bbd4c9221e766c514959aa3209cf49aa0e65535deeb5b2c35c39fa232403e,
studies/blocker-conditioned-v25/simulator_replay/post_masks/6490f518d67d46e653dd6b916ab723653ab332141dafbb545ced51d7d89bd0e4.png,1657,6dc08f483ab86b3fbe256cfb80c9ea14404c6b39f8a0fcc054590c2f63e414d1,
studies/blocker-conditioned-v25/simulator_replay/post_masks/6720d7af98397b059adb31e07ba3b39078cf3692c3a385d0f688a2f668141ea3.png,1592,8d2904767145600fb642bb8f6d517e204ee7448b311a5d81a4a3e05176238cc7,
studies/blocker-conditioned-v25/simulator_replay/post_masks/68ff2341cb13e92c199e3d494dd79fc0c692428d871359da8b859d0b25036093.png,1271,4da2c43dc24453c334dbca90c632c8e410110ea8e5e575d437e5a7b0695d8fa7,
studies/blocker-conditioned-v25/simulator_replay/post_masks/69cb9c82261fb39e3b4470ec6a0e6a556eed22e3424a547a4ccf66da88801fd2.png,1636,09dee156c7b1488334adf71dc82289886b12e865a62e9a0ac98f346bead7c28a,
studies/blocker-conditioned-v25/simulator_replay/post_masks/6b249f4b65b8f34741fd759726d18cd835989e6b6b5cdc97885acfa1af656c55.png,1655,0ed67c01cc0bf5acb919154aa20562fe63c11a744430ca7f5696df9418abeb20,
studies/blocker-conditioned-v25/simulator_replay/post_masks/6c03eb55741d0fce451abfaaf28b72f45c8d8b888e945244de4eab1cd0c56319.png,1575,b74bce707a8c5318ede57bd29b961993ea9138a4fa4e60202c81aba36ef2f6f5,
studies/blocker-conditioned-v25/simulator_replay/post_masks/6c1d9688eef6ba22e4c3bf9d24b98afeb893846a79e81f8edc74e36edb7be3d9.png,1271,4da2c43dc24453c334dbca90c632c8e410110ea8e5e575d437e5a7b0695d8fa7,
studies/blocker-conditioned-v25/simulator_replay/post_masks/6dbf2079ecf51f61d6181bfb15bdf7fc0f3cec835c521655a16b96fe122247a0.png,1639,43d30d9c573f17263047f36f277a1f126e9f96ce543f29677932f7d492517e8d,
studies/blocker-conditioned-v25/simulator_replay/post_masks/6f0407fb8e6d236770120104b749bfca9ad03fba68ae94eb671129036cb559e3.png,1598,4312a7c6d1e747146879b30f9a67e71bc400742d4ac8519647679c2a78730741,
studies/blocker-conditioned-v25/simulator_replay/post_masks/6f4b681cd2a2d17f2f25ff8b42bb86163bc5ac5268ac91efbc04a9911d520512.png,1648,bc508dd42d07d28b5725d44683ec685e0f1663e9ee7b34c1c36b50d727c8171d,
studies/blocker-conditioned-v25/simulator_replay/post_masks/6fcfc4ae81788823ff462e953b8262fb00f316bc6d8244772b6b1c1662ad44a7.png,1655,8603bd071f239d8151ffd29486515e7520dc11a7861bd323a41ba03f44357a42,
studies/blocker-conditioned-v25/simulator_replay/post_masks/737fe6b90247a2e8cb502317453454bd4ef3039fa81cd41a589b174c02979ab2.png,1639,43d30d9c573f17263047f36f277a1f126e9f96ce543f29677932f7d492517e8d,
studies/blocker-conditioned-v25/simulator_replay/post_masks/73c90bfed0e717d909d675d79b34ff93f9de6617afb2a35d626318b5306582be.png,1608,0c140469464df9f49a85b98d52c3eca3cf9137ae73bf8c7d0dbf8eeb51a0a1e8,
studies/blocker-conditioned-v25/simulator_replay/post_masks/73fc63f59599688c2a5c39f73fabbdd1008607b87ef077c56b1a550dedeaa60f.png,1639,43d30d9c573f17263047f36f277a1f126e9f96ce543f29677932f7d492517e8d,
studies/blocker-conditioned-v25/simulator_replay/post_masks/744df8acca1bd4b34c037193bed8292b810c0fae64fe2be9d5a955eb56cfc60d.png,1271,4da2c43dc24453c334dbca90c632c8e410110ea8e5e575d437e5a7b0695d8fa7,
studies/blocker-conditioned-v25/simulator_replay/post_masks/748dc5861fd698abe971ea25184a8eebd39619d271a72838ab6384cf0594237e.png,1601,d30e40d69c2417d8e720b3a7d3dcee8e46ad2a8ae8d2d1fe2ee988ac37d45992,
studies/blocker-conditioned-v25/simulator_replay/post_masks/767fb0363b3c6f3b6a4e93551acfcbd45dab33b696dfc0c5a8321f3443d84c18.png,1592,a854ee0d3b39e229cbedf32d76b87e5c50ed806f0f808653a3852f4e434da2db,
studies/blocker-conditioned-v25/simulator_replay/post_masks/76f74999f86f98f36f05389b1bb1cfef40b52a676510f2d4a7c0af7c1fa595cf.png,1612,700ac293a89c7ad653a724d2853f5d26f738d5079f425dc51ac41b4d83ac8cb5,
studies/blocker-conditioned-v25/simulator_replay/post_masks/7945f5928539d19222c3832ab88811b4e2f83837032a567877d9737995b3eab2.png,1594,2b5197b855d63df90069867af90386a532c432fb5af666a1f281c25752682638,
studies/blocker-conditioned-v25/simulator_replay/post_masks/795ca7f05a79c486f4dc0a6596772b87f939ab778e0c334188961e0383e21b33.png,1655,8603bd071f239d8151ffd29486515e7520dc11a7861bd323a41ba03f44357a42,
studies/blocker-conditioned-v25/simulator_replay/post_masks/7e97d4b0a832a754fe49956e156bec527b21f6a06ba4e4b4ffd1c840e2ee0f12.png,1615,202fcd87b55a5c14c6b70ed058ea096b9285059b5cbf427ffccf90e4e76fbf9c,
studies/blocker-conditioned-v25/simulator_replay/post_masks/7f7473b4621feb6b11d0d2d42a595afb33a002c007bf55d033ae5e7f16ffe7ac.png,1627,b40ce4f4bf841bad98881f908464d3f2632f23b5733c95020ef58d26ac9b51d5,
studies/blocker-conditioned-v25/simulator_replay/post_masks/7fc10ab3e89a25bbff172e74c1e25730be870c35f0e76c1a639d5b91ca175d81.png,1657,b6627a1aeda6433106d1e97951f30db74d58c191b48140d893790842b6cfc05a,
studies/blocker-conditioned-v25/simulator_replay/post_masks/8054a37b72a391455f74bc8f7308ec03f17f5a5fd748b5a0f2bf193fa010f9f3.png,1612,700ac293a89c7ad653a724d2853f5d26f738d5079f425dc51ac41b4d83ac8cb5,
studies/blocker-conditioned-v25/simulator_replay/post_masks/81c4e7fc5d369b731e7fca6b931baf02effc15a29574f416a3eaac7c17341a53.png,1593,e22331df7d0432cb0569953027573f6a171b445732f49b048bf233eec3b70ae9,
studies/blocker-conditioned-v25/simulator_replay/post_masks/82be2646cf5609bae5eb2fbe4d23fb79268f56ca7d2f31bc231c696e44b33ec3.png,1627,b40ce4f4bf841bad98881f908464d3f2632f23b5733c95020ef58d26ac9b51d5,
studies/blocker-conditioned-v25/simulator_replay/post_masks/82d8cb1b6229312426af07819e9779422c1e1f07a14b5b086a68003dcb110095.png,1612,700ac293a89c7ad653a724d2853f5d26f738d5079f425dc51ac41b4d83ac8cb5,
studies/blocker-conditioned-v25/simulator_replay/post_masks/8676bc53abed7fa71cc956f0e09d6cb3f6515a2f9aecd1fbce151805cb57ff50.png,1594,b8922d4716765cb6abe1e5eaa9119dd6aec9e759f48ad50b88ef933da89ba88c,
studies/blocker-conditioned-v25/simulator_replay/post_masks/870e680d3dde0be038564dcc08757c16ac81af7c3169b0598c7d7e0135d91f6f.png,1271,4da2c43dc24453c334dbca90c632c8e410110ea8e5e575d437e5a7b0695d8fa7,
studies/blocker-conditioned-v25/simulator_replay/post_masks/88189fa17db3ae7e028d3115b9a1e21ec93777bdd88fd680c6f99b7b41f97464.png,1609,f83c29092fe3d812f235d924b8cd974be0e5ab3295e572de900838ed924e8993,
studies/blocker-conditioned-v25/simulator_replay/post_masks/88cedcdf761e20855a1b868cef156bb19b7429687df48ad0a57a8816c91db300.png,1612,700ac293a89c7ad653a724d2853f5d26f738d5079f425dc51ac41b4d83ac8cb5,
studies/blocker-conditioned-v25/simulator_replay/post_masks/8ae854f83b939ae2b4a6d421ad2774c7ab8e7f8bd2ae227fd7a214dca8485975.png,1648,bc508dd42d07d28b5725d44683ec685e0f1663e9ee7b34c1c36b50d727c8171d,
studies/blocker-conditioned-v25/simulator_replay/post_masks/8cd57660d2c0e567e89905bf0d55ba3910cd44fceeb5f3e0a06eb593adaa3d46.png,1609,f83c29092fe3d812f235d924b8cd974be0e5ab3295e572de900838ed924e8993,
studies/blocker-conditioned-v25/simulator_replay/post_masks/8cfa16c9f740933ab64fde9942f419f45be1297288745e65aabb5149056788f3.png,1603,299694a94f301e791aeb001e3032c4e1aae350b382af963b0fda0f72ee51fa8a,
studies/blocker-conditioned-v25/simulator_replay/post_masks/8d2e0ace97a39b7754bdf57ae5eda731fa3fb80386af0320ded773bfd0e08835.png,1655,8603bd071f239d8151ffd29486515e7520dc11a7861bd323a41ba03f44357a42,
studies/blocker-conditioned-v25/simulator_replay/post_masks/8e0b02519484d8c03397fd9f756bef9adb4418e3af4668f666d51e99b5cd1731.png,1611,4cb50ef08358abe36be85e7a6125ef933fcb0a9886362f632731e9e187913c88,
studies/blocker-conditioned-v25/simulator_replay/post_masks/8e3e5276fed67626f7157b938224c404604fcb420ab34564149e9ec948a58863.png,1671,f98d12205e240846fdc35ceea9c2d30cc07390d1666fd042f1a7685be2c42b59,
studies/blocker-conditioned-v25/simulator_replay/post_masks/8f4412d8246e885260b4defe6d131cbab7da7b739caa38be5af485a8ac80f351.png,1594,06eb519e54fdbea8c6792e0e334d551b02705aa2b13ee1b78cfc3c8a0bdaa02b,
studies/blocker-conditioned-v25/simulator_replay/post_masks/8f5608ff4a4f42c7bf9549ecb94eaa076da86e77039171ffa2546971e6bb07aa.png,1647,dc12c85331d06af6850e7333a3e4ca8b9c075c08835fd2286074def8fa8c90c6,
studies/blocker-conditioned-v25/simulator_replay/post_masks/90b731f606781911764c1044ecea55b6339bbb93496762661502327dbf0a819c.png,1597,4059fe875041dda94da6c988f2a2daee84e75128173323a760ec93a2327a3e96,
studies/blocker-conditioned-v25/simulator_replay/post_masks/917bd2aaa7b2804f0e0dd93c4679b0d369bf38e9724c74ab77bd3e3e82be65d9.png,1609,f83c29092fe3d812f235d924b8cd974be0e5ab3295e572de900838ed924e8993,
studies/blocker-conditioned-v25/simulator_replay/post_masks/91857c903ad295a4ef24f1927f5636dbb50170846b14dcefedd0ea435a26c648.png,1626,c9c166768ca25b41b0fc1a78506e7d561eb415abbc69674a1edc8c854bba0c53,
studies/blocker-conditioned-v25/simulator_replay/post_masks/9349354917cb5d20abd868a9c1eecfd0df87d4870d1ad020e82f05037b590e3b.png,1655,0ed67c01cc0bf5acb919154aa20562fe63c11a744430ca7f5696df9418abeb20,
studies/blocker-conditioned-v25/simulator_replay/post_masks/934e75ab3ed8166ab3bbeb6e9d57e9a5f12d4086c2e0583ec118837a528f14c0.png,1609,f83c29092fe3d812f235d924b8cd974be0e5ab3295e572de900838ed924e8993,
studies/blocker-conditioned-v25/simulator_replay/post_masks/935cc75aebdd7dbaa18a425d33b1a095c292d077a20406b833d7e4f20c944955.png,1648,bc508dd42d07d28b5725d44683ec685e0f1663e9ee7b34c1c36b50d727c8171d,
studies/blocker-conditioned-v25/simulator_replay/post_masks/94019c35e38e63c4f786876ac7b3f2e12178aa54252b6a4c56cae5a9612df1c9.png,1271,4da2c43dc24453c334dbca90c632c8e410110ea8e5e575d437e5a7b0695d8fa7,
studies/blocker-conditioned-v25/simulator_replay/post_masks/95ade488c753ee97d2f52685f070d09dfe0b99623d96e6bcd1ff7a90cb7ad677.png,1616,c77ee6955a8e0ba2ec08d5d87e3b93122afb08f5583cd1b1f306cb93fb3fc5f7,
studies/blocker-conditioned-v25/simulator_replay/post_masks/97e2571e2d687e4c252947f89f18e39cf4b2440c98bcd24f59b14904be34dea7.png,1602,0b0be62d87ff3e4d91534ff3582a890c0732383aa466c0a2affa86b8ea9af074,
studies/blocker-conditioned-v25/simulator_replay/post_masks/98ec6f6c242aec3b0b1352acd9f658fc7c62d0d4c0419ef162fb71aa146b3a11.png,1612,700ac293a89c7ad653a724d2853f5d26f738d5079f425dc51ac41b4d83ac8cb5,
studies/blocker-conditioned-v25/simulator_replay/post_masks/99b090b22c824f25803d2183712f07240939a3ca5ab0a6bf6cd61ea2f7dcbf0c.png,1616,2bc9d4875a4dd026a26206e2d26e32b41d23a846a791bb0a40987de628f942e1,
studies/blocker-conditioned-v25/simulator_replay/post_masks/9b0736d9e891d5ed74d04fa9137ec05f605356ad17be004645ff21afd57f3a0b.png,1612,700ac293a89c7ad653a724d2853f5d26f738d5079f425dc51ac41b4d83ac8cb5,
studies/blocker-conditioned-v25/simulator_replay/post_masks/9bc4ef364722abb99627a0c6265327ea83bf07095fea5fe9155db293802caeb7.png,1620,f17d99ef4ec9d59521c3ad565cd4c55195d2e554f7877be850dfcdf9f7e8bae2,
studies/blocker-conditioned-v25/simulator_replay/post_masks/9be8a72a0f20c9bbef5b880fd2e6365cfa636ecc54893cc37b8a91c720930b08.png,1609,f83c29092fe3d812f235d924b8cd974be0e5ab3295e572de900838ed924e8993,
studies/blocker-conditioned-v25/simulator_replay/post_masks/9cd88392b96ae45c55a48942b0cebcf8e252858ba0b46e01cbc7364657343f32.png,1601,d30e40d69c2417d8e720b3a7d3dcee8e46ad2a8ae8d2d1fe2ee988ac37d45992,
studies/blocker-conditioned-v25/simulator_replay/post_masks/9e41bcc1e5aa271b05f0460931ae8c1f244e3b90543ffff969558396d397842c.png,1655,0ed67c01cc0bf5acb919154aa20562fe63c11a744430ca7f5696df9418abeb20,
studies/blocker-conditioned-v25/simulator_replay/post_masks/9e56fe31e7a195927eb85052818d228656566fd1cef62693df63eb1b84e620ef.png,1271,4da2c43dc24453c334dbca90c632c8e410110ea8e5e575d437e5a7b0695d8fa7,
studies/blocker-conditioned-v25/simulator_replay/post_masks/9f327a60f87aaab98286375430cf50954f2aaa101de1ecabacb76c12272c6496.png,1612,700ac293a89c7ad653a724d2853f5d26f738d5079f425dc51ac41b4d83ac8cb5,
studies/blocker-conditioned-v25/simulator_replay/post_masks/9fde4a6a8f74cb76f09170c8e9448d93bb3838faf8745bccb754536a536a050a.png,1608,0c140469464df9f49a85b98d52c3eca3cf9137ae73bf8c7d0dbf8eeb51a0a1e8,
studies/blocker-conditioned-v25/simulator_replay/post_masks/a088e8b0114bf8a8ced0f92ff0d5129ac8f665cb0e8ad99cadd2aad961944183.png,1629,aa4b42954951885a2ad4006d1674372a53ff03f0d146f9b50d1bf06cc2c86137,
studies/blocker-conditioned-v25/simulator_replay/post_masks/a1a3cea3d7dd5e677dbde62900216ab225849bbb77855c5c4141ba7619444864.png,1271,4da2c43dc24453c334dbca90c632c8e410110ea8e5e575d437e5a7b0695d8fa7,
studies/blocker-conditioned-v25/simulator_replay/post_masks/a2c2eecec63eeb116cafdc6d8976a13fdea3b2df3630ff7e05a4d3fc77e66680.png,1627,b40ce4f4bf841bad98881f908464d3f2632f23b5733c95020ef58d26ac9b51d5,
studies/blocker-conditioned-v25/simulator_replay/post_masks/a2dd03b6e7a6afabec448d64efd56b5b668576c420bacbe256524f2b1db9837f.png,1655,8603bd071f239d8151ffd29486515e7520dc11a7861bd323a41ba03f44357a42,
studies/blocker-conditioned-v25/simulator_replay/post_masks/a2f30c8cd97e32cc49af4499fa9d45a4b726c59473fca02092a2e05a0ff9108e.png,1611,4cb50ef08358abe36be85e7a6125ef933fcb0a9886362f632731e9e187913c88,
studies/blocker-conditioned-v25/simulator_replay/post_masks/a36bf20750c87353b290c31059a282d4eabbd728d0eb4d949b7b4a36b84b231f.png,1648,bc508dd42d07d28b5725d44683ec685e0f1663e9ee7b34c1c36b50d727c8171d,
studies/blocker-conditioned-v25/simulator_replay/post_masks/a5537f8b1d4753a3f026e79e26570502254c213cde70c63138f426f82ee01bc5.png,1655,0ed67c01cc0bf5acb919154aa20562fe63c11a744430ca7f5696df9418abeb20,
studies/blocker-conditioned-v25/simulator_replay/post_masks/a6d40639719b5af41db90329aa4caf32d96b5560df902886ffad58183aa0a356.png,1271,4da2c43dc24453c334dbca90c632c8e410110ea8e5e575d437e5a7b0695d8fa7,
studies/blocker-conditioned-v25/simulator_replay/post_masks/a9d4aedc59a450abd2459db4a309f3ce612a70d88c4800058ec9eed43afc12d4.png,1610,3880f17ecd81ffa4c3847c75dae395a046de6a6e9e7dad379064c96917e11682,
studies/blocker-conditioned-v25/simulator_replay/post_masks/ab5eaaa214ddda370dcc2407f3158e7e749d5396c22d54883572a754be7ece65.png,1613,c5a0399c99c352ca8ae0a61bf221b95815e19863a84deebc84a91b9a571cf38f,
studies/blocker-conditioned-v25/simulator_replay/post_masks/af24e4720895084bac4233d6c27fac0550d49a914572652d96638de9569694fd.png,1271,4da2c43dc24453c334dbca90c632c8e410110ea8e5e575d437e5a7b0695d8fa7,
studies/blocker-conditioned-v25/simulator_replay/post_masks/b065fbf620a06237e8ff912a0de29c6b52664d5d61d4d5214bfbcf7089925c29.png,1647,dc12c85331d06af6850e7333a3e4ca8b9c075c08835fd2286074def8fa8c90c6,
studies/blocker-conditioned-v25/simulator_replay/post_masks/b14a449489dbf541954c448376890c33b656cd620afe2388712b0998564f3727.png,1271,4da2c43dc24453c334dbca90c632c8e410110ea8e5e575d437e5a7b0695d8fa7,
studies/blocker-conditioned-v25/simulator_replay/post_masks/b30809cbfcd1156433fdb068f045d6822857d86095c32b3b9f9c26f28664d022.png,1593,e22331df7d0432cb0569953027573f6a171b445732f49b048bf233eec3b70ae9,
studies/blocker-conditioned-v25/simulator_replay/post_masks/b374b321cc900df47b28e0ced871b3784da5889d8abb5316e8a875333f66980e.png,1585,16eea4c6d47178726613d8114f29954ed8a5050565d27db613c22fa70d2e2c6f,
studies/blocker-conditioned-v25/simulator_replay/post_masks/b6e7f86af2540fb46ef2820ad6f46ba84f03e2b128f7c1942896c8c6e289b99c.png,1647,dc12c85331d06af6850e7333a3e4ca8b9c075c08835fd2286074def8fa8c90c6,
studies/blocker-conditioned-v25/simulator_replay/post_masks/b83744156c29695c3120b884c8bedec7e42189a01ff39faa4469b5c636cd7e38.png,1608,64e1a5c6e094f458dd4ad4ae42b3c7407c360838bf5140655bb7fbbca73bfcc7,
studies/blocker-conditioned-v25/simulator_replay/post_masks/ba08301380c64316617a0e3ba2f261ae096eb707992984d431a5f9d38b6e8d80.png,1612,700ac293a89c7ad653a724d2853f5d26f738d5079f425dc51ac41b4d83ac8cb5,
studies/blocker-conditioned-v25/simulator_replay/post_masks/bbf0c530c7651fdbbd68bd6218eecf3420baa55a80d46d8307b9bb5eb39343dc.png,1655,8603bd071f239d8151ffd29486515e7520dc11a7861bd323a41ba03f44357a42,
studies/blocker-conditioned-v25/simulator_replay/post_masks/bccb5a5b7ae4989c0d9dab56c12ea221eefc5fbbc53a8aa06822c089af57c1ea.png,1593,e22331df7d0432cb0569953027573f6a171b445732f49b048bf233eec3b70ae9,
studies/blocker-conditioned-v25/simulator_replay/post_masks/bd0f33f6ddb8daa4fb99e229d2490c52f60ecdd4043fe9381f1aab84627a32a7.png,1271,4da2c43dc24453c334dbca90c632c8e410110ea8e5e575d437e5a7b0695d8fa7,
studies/blocker-conditioned-v25/simulator_replay/post_masks/be0f2119e1a4589455be1009b0a7d2b96b163791fb48a356e33e8ab7315456e3.png,1639,43d30d9c573f17263047f36f277a1f126e9f96ce543f29677932f7d492517e8d,
studies/blocker-conditioned-v25/simulator_replay/post_masks/be89a3547b6cc271ee62121dc7e6e9dbc10f2c97f2e2d1f13ec26a5c41a9ea04.png,1271,4da2c43dc24453c334dbca90c632c8e410110ea8e5e575d437e5a7b0695d8fa7,
studies/blocker-conditioned-v25/simulator_replay/post_masks/be9b26254082e82c684deeaa3583c4625f374976142766e732297c59eeb708b8.png,1271,4da2c43dc24453c334dbca90c632c8e410110ea8e5e575d437e5a7b0695d8fa7,
studies/blocker-conditioned-v25/simulator_replay/post_masks/c00541e9ff7e5f4ad92d1a0a2a81f7a512d72f8c7536427da407790134d0374d.png,1618,a9457712d83ac947716fb865a1a3d1003765e5a4c9fc4869fe21a2ca20d18e3d,
studies/blocker-conditioned-v25/simulator_replay/post_masks/c0482c5a449fce7c80ac5233f2a2bb069b7be7db04939f8db9bd7ed97ff11f57.png,1271,4da2c43dc24453c334dbca90c632c8e410110ea8e5e575d437e5a7b0695d8fa7,
studies/blocker-conditioned-v25/simulator_replay/post_masks/c0feeef7af040b8c15b38fb4e33f7ee1265ed56415f0097bcab314ea4a028f9f.png,1639,f3a998498b5bd753f6605322db8980cff5bb039011931df6e603d093b65a4103,
studies/blocker-conditioned-v25/simulator_replay/post_masks/c1969c2f532212de005cb05b40df42f9dabd374ee5ae5ee0ad393925e29b4935.png,1608,0c140469464df9f49a85b98d52c3eca3cf9137ae73bf8c7d0dbf8eeb51a0a1e8,
studies/blocker-conditioned-v25/simulator_replay/post_masks/c1d4f3eac53e3de92ce9fcee78c9d4853ee4201ce701be8238a5a20f290727b6.png,1671,f98d12205e240846fdc35ceea9c2d30cc07390d1666fd042f1a7685be2c42b59,
studies/blocker-conditioned-v25/simulator_replay/post_masks/c3bf515d17ce09f3e1faa6fe81e3fb645dddeb6c0483648fc931605985b4beed.png,1647,dc12c85331d06af6850e7333a3e4ca8b9c075c08835fd2286074def8fa8c90c6,
studies/blocker-conditioned-v25/simulator_replay/post_masks/c5f68d689b99dd77e4b99cc1e7bac979d40211fb140cba627bac34cd7376964e.png,1629,aa4b42954951885a2ad4006d1674372a53ff03f0d146f9b50d1bf06cc2c86137,
studies/blocker-conditioned-v25/simulator_replay/post_masks/c62dd62132d3a0096fe2c5612d2a0af75e57cf90d8735e40819389f3551f1492.png,1271,4da2c43dc24453c334dbca90c632c8e410110ea8e5e575d437e5a7b0695d8fa7,
studies/blocker-conditioned-v25/simulator_replay/post_masks/c6aa24b33166e726c712e4e28aeaba60306296d7bee6b41924f87f1a32b888df.png,1611,5ec121d51b1b0571d0e409efc8a86b9f071eae7313969731497e2b053d7e5be5,
studies/blocker-conditioned-v25/simulator_replay/post_masks/c7fb645db0b1a4374679704a9484aec41dc251e305e2681147cf0eeb931bf0c0.png,1636,09dee156c7b1488334adf71dc82289886b12e865a62e9a0ac98f346bead7c28a,
studies/blocker-conditioned-v25/simulator_replay/post_masks/c9bf803447c4418b8c19c6961cb67699c141ec90d75a9a1d2db89ae6a67930ad.png,1271,4da2c43dc24453c334dbca90c632c8e410110ea8e5e575d437e5a7b0695d8fa7,
studies/blocker-conditioned-v25/simulator_replay/post_masks/cbee98638dc1e882b1a8cecce13fcf63c5a0e72447fb7ce3cde7f88b4fb54851.png,1627,b40ce4f4bf841bad98881f908464d3f2632f23b5733c95020ef58d26ac9b51d5,
studies/blocker-conditioned-v25/simulator_replay/post_masks/cc36e040a32864d561c7503820fcb6f847c556b6c11ded5d3d37170e478b369b.png,1271,4da2c43dc24453c334dbca90c632c8e410110ea8e5e575d437e5a7b0695d8fa7,
studies/blocker-conditioned-v25/simulator_replay/post_masks/cf6d08f74c20878c9b4b70216fe759ae7667fe27d1046f2c8b01279821bbf685.png,1618,a9457712d83ac947716fb865a1a3d1003765e5a4c9fc4869fe21a2ca20d18e3d,
studies/blocker-conditioned-v25/simulator_replay/post_masks/cfab668bedbac0f6cc10e949fd131b255d215955ed0205af235ba10551b14f04.png,1626,66bc0ebad5e965f6d7688dfb3c96e4ffbae0628db0a27e1d64980022541f1101,
studies/blocker-conditioned-v25/simulator_replay/post_masks/cffc6bc85afc20267f9a3c66eb05ad4fcf18366a783207857787b4b298d96261.png,1627,b40ce4f4bf841bad98881f908464d3f2632f23b5733c95020ef58d26ac9b51d5,
studies/blocker-conditioned-v25/simulator_replay/post_masks/d08c2381042d27a1276df9eae3e9c05aaf1c948d4efd2c9f963ab00f8c99e94d.png,1618,a9457712d83ac947716fb865a1a3d1003765e5a4c9fc4869fe21a2ca20d18e3d,
studies/blocker-conditioned-v25/simulator_replay/post_masks/d4af7f6a4a511d25c6c3cb62ff7b15dd4e0dab412fa245c8538d4d59f4ee12b9.png,1602,ecb2023c88b461391ab8ebf4039c60f0ec94775d3681ad3537bf7efdc90dd1d3,
studies/blocker-conditioned-v25/simulator_replay/post_masks/d4d0ba4313d5fa45796b08da57d1e33000acc21ef4e0cc02dbe18985405e0376.png,1271,4da2c43dc24453c334dbca90c632c8e410110ea8e5e575d437e5a7b0695d8fa7,
studies/blocker-conditioned-v25/simulator_replay/post_masks/d7032147468867a1d15ecad25251d0b00291fcd0632fc8c4cad0c5ded118265d.png,1627,b40ce4f4bf841bad98881f908464d3f2632f23b5733c95020ef58d26ac9b51d5,
studies/blocker-conditioned-v25/simulator_replay/post_masks/d7dd52fab9b8d1877efa3b4df27f9a2c9f5191c2d89edf276b63e1fdc52a5c7d.png,1675,16a37a7508175c26c21291cf55de707f22ab780d23f6ee71f46a2619ba71a9f9,
studies/blocker-conditioned-v25/simulator_replay/post_masks/d838dd2b44a5c0d4e50c78db9a0ef8e4ff6793811e1fc2ab274c680e6dc2e1a5.png,1675,16a37a7508175c26c21291cf55de707f22ab780d23f6ee71f46a2619ba71a9f9,
studies/blocker-conditioned-v25/simulator_replay/post_masks/d8e4142a19e26f74e397bad643f3475e0613c5d3fd8f9d539e7f9dd46143c634.png,1271,4da2c43dc24453c334dbca90c632c8e410110ea8e5e575d437e5a7b0695d8fa7,
studies/blocker-conditioned-v25/simulator_replay/post_masks/d98cfb2ccaa7270c023c71faba1fb99ef77f1ebaf55fbff18a9d5c8217d0a64a.png,1271,4da2c43dc24453c334dbca90c632c8e410110ea8e5e575d437e5a7b0695d8fa7,
studies/blocker-conditioned-v25/simulator_replay/post_masks/d9fc8f6b50fdb8f820b6723b46581ca940c1d8c6dba0eef80341c74fbe14ac8a.png,1602,0b0be62d87ff3e4d91534ff3582a890c0732383aa466c0a2affa86b8ea9af074,
studies/blocker-conditioned-v25/simulator_replay/post_masks/de605f6ba57f6f16f4edd62f320a99ff15a6469d126d42a43706e5b457ca9340.png,1599,fb6f725d78bd926733055ee36b0f4793297e3f7f6ee4b05bb49e478ec2c59554,
studies/blocker-conditioned-v25/simulator_replay/post_masks/e010bdbb023dc0bf8622c9eb21eb37db3999f086a9c5fc50b31c4f947df74102.png,1271,4da2c43dc24453c334dbca90c632c8e410110ea8e5e575d437e5a7b0695d8fa7,
studies/blocker-conditioned-v25/simulator_replay/post_masks/e06aa0a12d924329be2975712217fd7cdc4f33321ced4362f0aed3eb478c8e2c.png,1602,0b0be62d87ff3e4d91534ff3582a890c0732383aa466c0a2affa86b8ea9af074,
studies/blocker-conditioned-v25/simulator_replay/post_masks/e070157127a93c55e9264b9634115f742e062eda8b0050813694d487be213a30.png,1609,f83c29092fe3d812f235d924b8cd974be0e5ab3295e572de900838ed924e8993,
studies/blocker-conditioned-v25/simulator_replay/post_masks/e30e3070272a5b4cbd91f8e3e3f4c624bcb4f4f5373575bdb70725d139ef44ff.png,1271,4da2c43dc24453c334dbca90c632c8e410110ea8e5e575d437e5a7b0695d8fa7,
studies/blocker-conditioned-v25/simulator_replay/post_masks/e360b11008634deb8a495d10478d4d2a88493e3eebda10137af2b31279f53407.png,1596,4ff359067459e5720cb403c349df97f19d0f85a70076ba0be07986e5151acc00,
studies/blocker-conditioned-v25/simulator_replay/post_masks/e3eb2a184ed3586eb995333dc4e9b7fc6087499041a118bdbbbfd2571ba97edb.png,1514,540c644acbe4da0b9b00a35989f2329518f32333596d6ed4dc5511c6bf645c5f,
studies/blocker-conditioned-v25/simulator_replay/post_masks/e43a9980167c4e82a1dfcff524788736758d14c51287c1936b36f0657791a86c.png,1676,0b99cb0965d2f1585021841e62f47ab9b7188bb8abec369760a58f0bfc39344d,
studies/blocker-conditioned-v25/simulator_replay/post_masks/e4abe5e2408ee99dd683f9264f17532fbb592ed5a5c4f5b212d382bdb4b109cb.png,1639,43d30d9c573f17263047f36f277a1f126e9f96ce543f29677932f7d492517e8d,
studies/blocker-conditioned-v25/simulator_replay/post_masks/e4bd201af4d5fa253518b519713018f763a9f10189f7211ded7c2660c6619cb5.png,1271,4da2c43dc24453c334dbca90c632c8e410110ea8e5e575d437e5a7b0695d8fa7,
studies/blocker-conditioned-v25/simulator_replay/post_masks/e4fa3c6acf6fb97216bf1f40e944f8fe14c5a2db83ea67db3af863bf1175f1b6.png,1648,bc508dd42d07d28b5725d44683ec685e0f1663e9ee7b34c1c36b50d727c8171d,
studies/blocker-conditioned-v25/simulator_replay/post_masks/e6190a29ac929809b827263c453224f901d0dc645bc213532a8c3ee7b22d6d0a.png,1609,f83c29092fe3d812f235d924b8cd974be0e5ab3295e572de900838ed924e8993,
studies/blocker-conditioned-v25/simulator_replay/post_masks/e6260709e4c3fecbfe9c7d8d90bfd6705ab7803c95c5ec7906a184c2bd2a154b.png,1596,4ff359067459e5720cb403c349df97f19d0f85a70076ba0be07986e5151acc00,
studies/blocker-conditioned-v25/simulator_replay/post_masks/e68b5a5e81d458409e819c0763b1d10f04390320684839da58ab36ccac5520a5.png,1602,30f24d22e21d69dc63d60cbc2914540faf3f07f2418bf93dcc70c9e7a2817877,
studies/blocker-conditioned-v25/simulator_replay/post_masks/e9421c6431fa5c662223b80b737b8cbc1a14dd4b20683fa8789cfd23ea2cbb93.png,1596,4ff359067459e5720cb403c349df97f19d0f85a70076ba0be07986e5151acc00,
studies/blocker-conditioned-v25/simulator_replay/post_masks/ea840507bd61bd1d7e31ef2d78dbec5111583082d01633bfb4aa537067e8d61e.png,1609,f83c29092fe3d812f235d924b8cd974be0e5ab3295e572de900838ed924e8993,
studies/blocker-conditioned-v25/simulator_replay/post_masks/eb3ffecb10fc03e3ec102961f25147d245e3b4ba4d908031853752bb8e577f06.png,1588,71f37b57c74742d5e4df501d19f3a3114c36d3f9852eb18642457e013a0808a3,
studies/blocker-conditioned-v25/simulator_replay/post_masks/ed3572b0bcd6f29ee6d880b58b45a45d040973c26b3eee8103c8a5da75503209.png,1607,6a7d4432be58ed4cd23aac03709500dd2dc09832d6c8e8f31b8b78db6c866e2b,
studies/blocker-conditioned-v25/simulator_replay/post_masks/f09982f804eef51b58f56fd0ceefc2d92e4394cc32d98e63e4e0c20da0ee42c1.png,1592,a84f7c866e2cb907abb564e077db959fa346154cd32b43f7dc70fb0f86d54430,
studies/blocker-conditioned-v25/simulator_replay/post_masks/f0e3720777ae6209e7fc3ae577403dd5a8719de4c09b45417ac01d199a5ad655.png,1671,f98d12205e240846fdc35ceea9c2d30cc07390d1666fd042f1a7685be2c42b59,
studies/blocker-conditioned-v25/simulator_replay/post_masks/f10920d6bda05bfa4da37c62e515bfa4944b7da2aa5852d148e5d7365634ae6f.png,1599,fb0f9fb207fcbec72b981d2c23f760a8411c11595c6cb9b7a4313e30db33f4aa,
studies/blocker-conditioned-v25/simulator_replay/post_masks/f1cdf1ec7dc4539b819df72e41fe081c2fcbf6634f7bf33ccdb3bed30a6228f3.png,1271,4da2c43dc24453c334dbca90c632c8e410110ea8e5e575d437e5a7b0695d8fa7,
studies/blocker-conditioned-v25/simulator_replay/post_masks/f428c28b9d7190b4a51e6a96d4f9f9206e449df42146232577fe52c9aa4c2e90.png,1671,f98d12205e240846fdc35ceea9c2d30cc07390d1666fd042f1a7685be2c42b59,
studies/blocker-conditioned-v25/simulator_replay/post_masks/f6a6e14e2284e5a7f291d328125e1396a527f07b8edd091c94d4311cc096239a.png,1594,cd50df9f478eee7414b6e55b614ea1418f0269f315ed6523724dce33973dbc99,
studies/blocker-conditioned-v25/simulator_replay/post_masks/f73f31fac0677f0445636c000dc2d222d43a904348a75c4fde0940ea5b6b7065.png,1610,3880f17ecd81ffa4c3847c75dae395a046de6a6e9e7dad379064c96917e11682,
studies/blocker-conditioned-v25/simulator_replay/post_masks/f769ec0e90622b4d898f9f42c6573e5a97415614593a027bb24892df134f65d8.png,1602,ecb2023c88b461391ab8ebf4039c60f0ec94775d3681ad3537bf7efdc90dd1d3,
studies/blocker-conditioned-v25/simulator_replay/post_masks/f79a8e5939a281c7705b17e9d6ab9aba7e56c5b50099c6a47d6c15c398e98f8b.png,1612,700ac293a89c7ad653a724d2853f5d26f738d5079f425dc51ac41b4d83ac8cb5,
studies/blocker-conditioned-v25/simulator_replay/post_masks/f8d653e2455b4879496e6bb0a4e6034fa8fa98e65bbcb1a6860295af5a6f0a72.png,1271,4da2c43dc24453c334dbca90c632c8e410110ea8e5e575d437e5a7b0695d8fa7,
studies/blocker-conditioned-v25/simulator_replay/post_masks/f9deb42fdd6920071deb16033902e353a063428557f69512ec9c5d3af5cbdbd6.png,1596,4ff359067459e5720cb403c349df97f19d0f85a70076ba0be07986e5151acc00,
studies/blocker-conditioned-v25/simulator_replay/post_masks/fb5d5e42159e147194756c8e67666b2d44726a3868fea44e4d1c07e88c1bf2a4.png,1636,09dee156c7b1488334adf71dc82289886b12e865a62e9a0ac98f346bead7c28a,
studies/blocker-conditioned-v25/simulator_replay/post_masks/fc88a90c747a42bc532e68b14da92c9871fba7ee1682040dc5081895925c886d.png,1626,c9c166768ca25b41b0fc1a78506e7d561eb415abbc69674a1edc8c854bba0c53,
studies/blocker-conditioned-v25/simulator_replay/post_masks/fe758dc325d3adb442b4b53d099f6e12d17034a1aa2fe436cec66aafd0d2bbdb.png,1271,4da2c43dc24453c334dbca90c632c8e410110ea8e5e575d437e5a7b0695d8fa7,
studies/full-action-v24/audit/final_artifact_hashes.json,86405,6d6c72109562fe746d933c5ba0abcb1e12235034687df55ebd47fbafd4ec5962,
studies/full-action-v24/audit/final_audit.json,1630,bafe152f7514314d30c248cedadad10087d3528b5acac118457ad768c6599599,
studies/full-action-v24/audit/frozen_file_hashes.json,53111,d54a6f5ddf2b9b81f40feb6d86519917e5c33a6282daf48940d33a070fed53a7,
studies/full-action-v24/audit/masks/scene_fc_blocked_v01_target_current.png,1627,b40ce4f4bf841bad98881f908464d3f2632f23b5733c95020ef58d26ac9b51d5,
studies/full-action-v24/audit/masks/scene_fc_blocked_v01_target_only.png,1627,b40ce4f4bf841bad98881f908464d3f2632f23b5733c95020ef58d26ac9b51d5,
studies/full-action-v24/audit/masks/scene_fc_blocked_v02_target_current.png,1639,43d30d9c573f17263047f36f277a1f126e9f96ce543f29677932f7d492517e8d,
studies/full-action-v24/audit/masks/scene_fc_blocked_v02_target_only.png,1639,43d30d9c573f17263047f36f277a1f126e9f96ce543f29677932f7d492517e8d,
studies/full-action-v24/audit/masks/scene_fc_blocked_v03_target_current.png,1636,09dee156c7b1488334adf71dc82289886b12e865a62e9a0ac98f346bead7c28a,
studies/full-action-v24/audit/masks/scene_fc_blocked_v03_target_only.png,1636,09dee156c7b1488334adf71dc82289886b12e865a62e9a0ac98f346bead7c28a,
studies/full-action-v24/audit/masks/scene_fc_blocked_v04_target_current.png,1647,dc12c85331d06af6850e7333a3e4ca8b9c075c08835fd2286074def8fa8c90c6,
studies/full-action-v24/audit/masks/scene_fc_blocked_v04_target_only.png,1647,dc12c85331d06af6850e7333a3e4ca8b9c075c08835fd2286074def8fa8c90c6,
studies/full-action-v24/audit/masks/scene_fc_blocked_v05_target_current.png,1655,ac2d9cadb519bff2d152728bd5b60aa5514bb7b794d7ef601314f07cea2f70e5,
studies/full-action-v24/audit/masks/scene_fc_blocked_v05_target_only.png,1629,aa4b42954951885a2ad4006d1674372a53ff03f0d146f9b50d1bf06cc2c86137,
studies/full-action-v24/audit/masks/scene_fc_clear_v01_target_current.png,1627,b40ce4f4bf841bad98881f908464d3f2632f23b5733c95020ef58d26ac9b51d5,
studies/full-action-v24/audit/masks/scene_fc_clear_v01_target_only.png,1627,b40ce4f4bf841bad98881f908464d3f2632f23b5733c95020ef58d26ac9b51d5,
studies/full-action-v24/audit/masks/scene_fc_clear_v02_target_current.png,1639,43d30d9c573f17263047f36f277a1f126e9f96ce543f29677932f7d492517e8d,
studies/full-action-v24/audit/masks/scene_fc_clear_v02_target_only.png,1639,43d30d9c573f17263047f36f277a1f126e9f96ce543f29677932f7d492517e8d,
studies/full-action-v24/audit/masks/scene_fc_clear_v03_target_current.png,1636,09dee156c7b1488334adf71dc82289886b12e865a62e9a0ac98f346bead7c28a,
studies/full-action-v24/audit/masks/scene_fc_clear_v03_target_only.png,1636,09dee156c7b1488334adf71dc82289886b12e865a62e9a0ac98f346bead7c28a,
studies/full-action-v24/audit/masks/scene_fc_clear_v04_target_current.png,1647,dc12c85331d06af6850e7333a3e4ca8b9c075c08835fd2286074def8fa8c90c6,
studies/full-action-v24/audit/masks/scene_fc_clear_v04_target_only.png,1647,dc12c85331d06af6850e7333a3e4ca8b9c075c08835fd2286074def8fa8c90c6,
studies/full-action-v24/audit/masks/scene_fc_clear_v05_target_current.png,1629,aa4b42954951885a2ad4006d1674372a53ff03f0d146f9b50d1bf06cc2c86137,
studies/full-action-v24/audit/masks/scene_fc_clear_v05_target_only.png,1629,aa4b42954951885a2ad4006d1674372a53ff03f0d146f9b50d1bf06cc2c86137,
studies/full-action-v24/audit/masks/scene_lift_and_relocate_v01_target_current.png,1608,2af8effecfcdb7f015e0ef6510a2658095993fce6e0d4f18ef5019f9b737a1db,
studies/full-action-v24/audit/masks/scene_lift_and_relocate_v01_target_only.png,1608,0c140469464df9f49a85b98d52c3eca3cf9137ae73bf8c7d0dbf8eeb51a0a1e8,
studies/full-action-v24/audit/masks/scene_lift_and_relocate_v02_target_current.png,1596,4ff359067459e5720cb403c349df97f19d0f85a70076ba0be07986e5151acc00,
studies/full-action-v24/audit/masks/scene_lift_and_relocate_v02_target_only.png,1602,30f24d22e21d69dc63d60cbc2914540faf3f07f2418bf93dcc70c9e7a2817877,
studies/full-action-v24/audit/masks/scene_lift_and_relocate_v03_target_current.png,1593,e22331df7d0432cb0569953027573f6a171b445732f49b048bf233eec3b70ae9,
studies/full-action-v24/audit/masks/scene_lift_and_relocate_v03_target_only.png,1594,2b5197b855d63df90069867af90386a532c432fb5af666a1f281c25752682638,
studies/full-action-v24/audit/masks/scene_lift_and_relocate_v04_target_current.png,1611,4cb50ef08358abe36be85e7a6125ef933fcb0a9886362f632731e9e187913c88,
studies/full-action-v24/audit/masks/scene_lift_and_relocate_v04_target_only.png,1609,41e1369c98d2261b6988351f690f7e2873c448041269538d996b97c6b06ce061,
studies/full-action-v24/audit/masks/scene_lift_and_relocate_v05_target_current.png,1612,e0b4873a1aaa248b5518e57d9614610b6af5ca1177fb7453d0c2ace577903420,
studies/full-action-v24/audit/masks/scene_lift_and_relocate_v05_target_only.png,1597,4059fe875041dda94da6c988f2a2daee84e75128173323a760ec93a2327a3e96,
studies/full-action-v24/audit/masks/scene_rotate_v01_target_current.png,1612,700ac293a89c7ad653a724d2853f5d26f738d5079f425dc51ac41b4d83ac8cb5,
studies/full-action-v24/audit/masks/scene_rotate_v01_target_only.png,1617,2056361a7af94c6562ac5533f3cfa959423e4b918493843bed5778556238e6db,
studies/full-action-v24/audit/masks/scene_rotate_v02_target_current.png,1601,d30e40d69c2417d8e720b3a7d3dcee8e46ad2a8ae8d2d1fe2ee988ac37d45992,
studies/full-action-v24/audit/masks/scene_rotate_v02_target_only.png,1609,eb3df090c0a50feaca2ccd5f45c299747575c7f672f8c7d9c82fe5e4a6a3c0c6,
studies/full-action-v24/audit/masks/scene_rotate_v03_target_current.png,1609,f83c29092fe3d812f235d924b8cd974be0e5ab3295e572de900838ed924e8993,
studies/full-action-v24/audit/masks/scene_rotate_v03_target_only.png,1617,2056361a7af94c6562ac5533f3cfa959423e4b918493843bed5778556238e6db,
studies/full-action-v24/audit/masks/scene_rotate_v04_target_current.png,1618,a9457712d83ac947716fb865a1a3d1003765e5a4c9fc4869fe21a2ca20d18e3d,
studies/full-action-v24/audit/masks/scene_rotate_v04_target_only.png,1609,eb3df090c0a50feaca2ccd5f45c299747575c7f672f8c7d9c82fe5e4a6a3c0c6,
studies/full-action-v24/audit/masks/scene_rotate_v05_target_current.png,1588,71f37b57c74742d5e4df501d19f3a3114c36d3f9852eb18642457e013a0808a3,
studies/full-action-v24/audit/masks/scene_rotate_v05_target_only.png,1585,16eea4c6d47178726613d8114f29954ed8a5050565d27db613c22fa70d2e2c6f,
studies/full-action-v24/audit/masks/scene_translate_v01_target_current.png,1610,6a66d411e7e766f1aff3e1673d167bff028ef5430abca22fafb42232bd3b4f94,
studies/full-action-v24/audit/masks/scene_translate_v01_target_only.png,1608,0c140469464df9f49a85b98d52c3eca3cf9137ae73bf8c7d0dbf8eeb51a0a1e8,
studies/full-action-v24/audit/masks/scene_translate_v02_target_current.png,1597,a48b0868bad947009c1a5ef14652dcf27a182ebcebc520eb1ab154c1be4b6555,
studies/full-action-v24/audit/masks/scene_translate_v02_target_only.png,1599,fb0f9fb207fcbec72b981d2c23f760a8411c11595c6cb9b7a4313e30db33f4aa,
studies/full-action-v24/audit/masks/scene_translate_v03_target_current.png,1585,1e7110fd4d85ddf0253e9d615b6d3d6fb0a47c966bf5a2a02a96b7cfaf61ccea,
studies/full-action-v24/audit/masks/scene_translate_v03_target_only.png,1594,06eb519e54fdbea8c6792e0e334d551b02705aa2b13ee1b78cfc3c8a0bdaa02b,
studies/full-action-v24/audit/masks/scene_translate_v04_target_current.png,1602,0b0be62d87ff3e4d91534ff3582a890c0732383aa466c0a2affa86b8ea9af074,
studies/full-action-v24/audit/masks/scene_translate_v04_target_only.png,1596,00f9cdfa2c97906e78c9b05e5ed80c461248a1823b36fcff486915c75cbe9d76,
studies/full-action-v24/audit/masks/scene_translate_v05_target_current.png,1618,d657e7f357c9a4d463badfd9e6e9f92205cc23a1e1fc1427537cbced521d29d2,
studies/full-action-v24/audit/masks/scene_translate_v05_target_only.png,1626,c9c166768ca25b41b0fc1a78506e7d561eb415abbc69674a1edc8c854bba0c53,
studies/full-action-v24/audit/preflight_report.json,927,6f1092aae0fe5304aeddb604f955f865404ba550590e5cc37d72558feac18fc6,
studies/full-action-v24/audit/scene_geometry/scene_fc_blocked_v01.json,59591,d3fb37202fe7bb4910eab0ffabd4ca5f2306d40928c3c15e1b1fbd56ede5b5d5,
studies/full-action-v24/audit/scene_geometry/scene_fc_blocked_v02.json,52756,659e2edc657560a0407e7ead0333b89c6de2d1bb9c5651b7e0a8eb184a7058bc,
studies/full-action-v24/audit/scene_geometry/scene_fc_blocked_v03.json,60704,a17277f15155e7e30a4dbe8063fbb60218dfe3c0956aecca11d0a7fc68be8ef0,
studies/full-action-v24/audit/scene_geometry/scene_fc_blocked_v04.json,24142,9d3e728c0aa5fb5d1a04ea3404ca3bb811e4dd911d73a1f91bf91ee6a8136ff3,
studies/full-action-v24/audit/scene_geometry/scene_fc_blocked_v05.json,41477,a87a98539a06373b2f69522eb249d26ec5ab2f3ef386580bf4f7cd44f5d6686e,
studies/full-action-v24/audit/scene_geometry/scene_fc_clear_v01.json,59589,7f0a83469e73f51e73cb9cb0a16ebff479b032db39a024cd4a7cd4d31b293198,
studies/full-action-v24/audit/scene_geometry/scene_fc_clear_v02.json,52754,c0840ac780d2684003963797a3ef4eb4673e5b962051fbfbef64aee94f24b0bf,
studies/full-action-v24/audit/scene_geometry/scene_fc_clear_v03.json,60702,794bceed6dc36f1488f0575fe0c8ad387add011d4e793c8a3a29a9ccd9dd77b2,
studies/full-action-v24/audit/scene_geometry/scene_fc_clear_v04.json,24140,7f7be15651925011dffaa7d378a176fff2d31a88ae4eea0445f8c43a8b2cf686,
studies/full-action-v24/audit/scene_geometry/scene_fc_clear_v05.json,41475,cecdef111730959fd1be3b012068fa080a491838e88fb6d350b95db748145f3e,
studies/full-action-v24/audit/scene_geometry/scene_lift_and_relocate_v01.json,67105,0b6f94a03a55380e5134b8d0429a0bf4e3eb6f73dbf0b6af8ab30da69bc93d21,
studies/full-action-v24/audit/scene_geometry/scene_lift_and_relocate_v02.json,48983,fc824d12bf40ae5e721424565868c177d6810b9d7e0b8482c406f878c8d0c868,
studies/full-action-v24/audit/scene_geometry/scene_lift_and_relocate_v03.json,47773,f827eea7d2f9e5c1031435b62cfe1136b3e02172a49b8671eda9f5e70adbc0af,
studies/full-action-v24/audit/scene_geometry/scene_lift_and_relocate_v04.json,42088,b3979802f817e8d42110ffff4255f464a8ae5e7d3872d5056069947efe183ec5,
studies/full-action-v24/audit/scene_geometry/scene_lift_and_relocate_v05.json,38784,058c23e44ac69dd5868cc03b86ec6b264505d1a2f97d749e82823545ea4d7a9e,
studies/full-action-v24/audit/scene_geometry/scene_rotate_v01.json,44770,ce71a6549fa310291b4b0d436548a411355b8feae10c68e1c165e4e44c9dbe36,
studies/full-action-v24/audit/scene_geometry/scene_rotate_v02.json,24525,d036fcb5db8c87e2ede865f10891f48eb2c68b6eb0bfb60fa3765760cb12403b,
studies/full-action-v24/audit/scene_geometry/scene_rotate_v03.json,37339,c593808166528096a17623a89d3492a2ed4bfd6400d5ba33a2ba60f4ab79cbdf,
studies/full-action-v24/audit/scene_geometry/scene_rotate_v04.json,44213,91bccece8e4bd36516eba1ba136afff409d54d03499a6abf9825095198d54179,
studies/full-action-v24/audit/scene_geometry/scene_rotate_v05.json,75237,7c65e2a542d2ec3091a0c32bdcf33348e12fc58d9b5b09d086275edd9bf80d78,
studies/full-action-v24/audit/scene_geometry/scene_translate_v01.json,6264,bfbf8916d032b0b1f575a8d548dbe79b83c64bf302da13ac795b8bc1727fd40d,
studies/full-action-v24/audit/scene_geometry/scene_translate_v02.json,50940,b2a37dd6483771e4d63ab917edd2555f25f8d92f1ecfaddcbe7adeadc6d001a0,
studies/full-action-v24/audit/scene_geometry/scene_translate_v03.json,32276,de901bd4361cdd22ac23bed4d0f22155ba2921fd64a4a9045bf8181a9d44a6d5,
studies/full-action-v24/audit/scene_geometry/scene_translate_v04.json,22029,f8d787adf859629b0a1745522ea909ba5f5e3dd57fc37de42b415a2a379345ac,
studies/full-action-v24/audit/scene_geometry/scene_translate_v05.json,61496,423af2a9039d95f5f49ec830fc9d2a98896ae369a767fca465c14fe96620c535,
studies/full-action-v24/config/experiment_config.json,3346,dbb19a2f72af95d9a874b79afff314115bcacdd7f2491de85bde6c6266e93dcc,
studies/full-action-v24/config/frozen_scenes.json,88487,924df6026d496fd0fd5636c2819df2c1dbe629856619fae9a7ec151930a25cb4,
studies/full-action-v24/config/run_table.jsonl,2465250,0d28e1c6613f94ba9b33f08714f1b14852e3ddf543e2bfa5f8abd972bb0e9511,1750
studies/full-action-v24/logs/attempts.jsonl,693669,e24396e4162f308363a4ff92f7bc71b241922b933b51c437386639276ead6f21,1750
studies/full-action-v24/logs/last_invocation_summary.json,316,d16b2e7ca0711f92650cfa1a70eb0bcf91771a850213e73f807d8a46434ef4fd,
studies/full-action-v24/logs/progress.json,302,a51e343880acf23dba9e1ffb436d9326eb5852fe13e25a1688866c34443aff16,
studies/full-action-v24/logs/replay.jsonl,1290442,48f6e2d9a64423fc3fb17a41af1c6da042f0af0eb83952d5b14d1cda2a2977f3,1750
studies/full-action-v24/logs/replay_attempts.jsonl,6856,5768b9e90eb532890fa5f5160703ee68ec6655f095f48ab27d316ee52e2bdb8b,24
studies/full-action-v24/logs/replay_last_invocation.json,325,2c68b5bfc0a186a954812eeac79c62f069964d4beec666dc07e1c16860d38d83,
studies/full-action-v24/logs/replay_progress.json,236,0e41e457fa86c9e5c8798f2db720e749a3e10660513c1fe7276a66578b18221a,
studies/full-action-v24/logs/runs.jsonl,12876295,44a2491386ebcb4071791df68b36d5267ff98ad658a1370f66b43d2d61018162,1750
studies/full-action-v24/logs/runtime.json,487,aa7cfde4278dd633a8a946521c56f445dd88cb02089f8ad5dc3b6a468dd88ccc,
studies/full-action-v24/prompts/l1_en.txt,321,0c84bb9634656206db58eb8107f5978093fe6a2fad280a2c828bd6ba64da75a4,
studies/full-action-v24/prompts/l2_en.txt,267,0fe69e6bc7888c23ef1c625b922977b986e43596dc89f7197974c4112c068a99,
studies/full-action-v24/prompts/l3_en.txt,585,2a0f810242e9aef36184d1d0b52b4be866e87f777d2923f633aaa627cd43890e,
studies/full-action-v24/prompts/l4_en.txt,944,159b9f6d872b563d1dedf504d2dcc44b618afa118bf8442e0fb20975339f6f69,
studies/full-action-v24/prompts/system_en.txt,506,3ed54135bce98adb7ed4c237b93bd244a5008758aefc104d5387e6d6e240b1b9,
studies/full-action-v24/results/condition_metrics.csv,1607,97e7cd7bab1af253b6362728c6f0ef2ad1a93b30bcbaece36da421000b3e39bf,
studies/full-action-v24/results/notion_visualizations/01_why_1750_calls.png,86371,66d70ffbcdc061285c5ab1563a07af5aa8e39630bd4eb1f66d106fa47385cf93,
studies/full-action-v24/results/notion_visualizations/02_evaluation_funnel.png,60003,e3cf9d57f48461971c1f0cd90230d24271fd25c8da0fd7df4583c4e27bf0c792,
studies/full-action-v24/results/notion_visualizations/03_condition_accuracy_heatmap.png,119051,190350142bd93b50ef8ad9c1a4642eeeb7603576d1c30f83cb8d370d415d7718,
studies/full-action-v24/results/notion_visualizations/04_validity_vs_success.png,83884,aa286b344445714bbc7830b32436594124b843d16528cbf5d6085f3dc8bde6f7,
studies/full-action-v24/results/notion_visualizations/05_family_accuracy.png,72731,e7664388761c134d6624af97b70e141e4d07abfd7ec03389bb6794fe72c2c608,
studies/full-action-v24/results/notion_visualizations/06_action_distribution.png,69169,e2f983a639376558c2cd14ce806baff40086561a0e03a60c2d91ab92cea247c0,
studies/full-action-v24/results/notion_visualizations/07_d4_vs_d8.png,42429,f9a4be6a8697bcc8332029540a64b56a734f52d69fd3c82d0d031b332a301a43,
studies/full-action-v24/results/notion_visualizations/08_failure_flow.png,114609,3fb8a0f074e85ff0e542b67aca2878bf4e332d68221afa7f3d75bc9d5953406b,
studies/full-action-v24/results/paired_comparisons_vs_c0.csv,917,1273a3ba27c06feed1ebe55b61293aa69cec4b6ae6ac7b1d6be45122d233b149,
studies/full-action-v24/results/report.md,3433,83a6f9a2a73c0289e6d1da43a62ddf6b77252243b0d0214e51c12a7ae39c637e,
studies/full-action-v24/results/results.json,17250,29a26409683e374a8d4307cc266eb9ecc0dd23ca40c74da7afb5df366f273d56,
studies/full-action-v24/schemas/l1.json,321,ae3c613a6b11761158224e646c55d0cdc6755fed6c67900dff87f9eafb83b8f0,
studies/full-action-v24/schemas/l2.json,179,b52078249525eb95642416abef899566e0e26c0589436b1eeda9752ba6edeea6,
studies/full-action-v24/schemas/l3.json,385,2ae269ae11f91d604dec703e884b71d6b8259b10cea395a09eb7154533d3acae,
studies/full-action-v24/schemas/l4_d4.json,2179,ac9dd4f86459656fac8859eb83bc3eed8cea7072ba691f92fef6373f0da848f0,
studies/full-action-v24/schemas/l4_d8.json,2283,1016d4f3c98ccb75acdad0741b26bc6f6c37cc37835c4da6cfb077b53fd7dc00,
studies/full-action-v24/simulator_replay/cache/077462c78b6d4446e40fa0befe22bf14e499e38f42c41f0e0eb1dd62fe974820.json,2045,eea937898cf36aedb2c8c848edbd46220595f8043e4c53ff10bf0a849a6d913c,
studies/full-action-v24/simulator_replay/cache/1e7a39512af93409dc95f0b5a3c61cdae6e2a629595e7a5e00320f1bbdd7f5ae.json,2101,8f1cf381888b804c508f5949baf539a1997531ea9be2794df0cbf514f90ecc4c,
studies/full-action-v24/simulator_replay/cache/2a2c105d78c9c1b1bcda10edcae5cdda9f92d3730b638e154ca068a7f1b5880a.json,2040,d0d8e98d51ac91f3c722fe26502e1a7ec6b0cb9436abf5b4d976c9cd8e2378df,
studies/full-action-v24/simulator_replay/cache/33ae7503f473b77b1708740049b5ba42ca287564bd6eb8b5fa7acc9186c7cebd.json,2060,8f37016de9ee754e56993f7b59162906870596542bff99d8409794c4f747b2e5,
studies/full-action-v24/simulator_replay/cache/46a1dd6bf923668fa78b194f395037c0d1871d8ff5b25d827eb31fd6b240a90e.json,2044,34fa67dc96904c2b8fafc809f5d24bd1f49aee23bbdf5b8dd431e144fa1806e2,
studies/full-action-v24/simulator_replay/cache/5a3bb36cf50c861938f1df69b0bd46e54fb1324921d2b4e6da6f2227def4f102.json,2061,d2914b894918408da5fe3ec56e9ed9ef4e2a27bd64d1d954a959efb2d4b34121,
studies/full-action-v24/simulator_replay/cache/5f75717bcaa80c8b9b0122262139b03192f4faa02c7c420e0b39ee6789bf2b8d.json,2047,38b9e7abbfad6f893c99a7e9918a242468a2398b593d33485653a7d9b1030db6,
studies/full-action-v24/simulator_replay/cache/6c1d9688eef6ba22e4c3bf9d24b98afeb893846a79e81f8edc74e36edb7be3d9.json,2042,57d4aa585f730dba780adaa1404bce39b9278e69a7f22b41816a842a404fe1c2,
studies/full-action-v24/simulator_replay/cache/780e20f5f56ece89b2c5a7414f1a6ae28fe137c0d27b7b43f519f4f0c72bec26.json,2103,114f957c65fafdca35a6c6e5dde9031920b8fde2387ba218da180f6c2a968740,
studies/full-action-v24/simulator_replay/cache/80642d9eb6bb008ba936c0c65567ea17aa7891d0168525c08bbd282a18f34195.json,2036,df8c9c83f60c96b2a02d4a937d8eab281a6d2feafc60ae44e8930951eb879e93,
studies/full-action-v24/simulator_replay/cache/870e680d3dde0be038564dcc08757c16ac81af7c3169b0598c7d7e0135d91f6f.json,2040,998d2be692fe7bd6586769ccd424890347b2fac12cf90adb1b11e012d1ddf362,
studies/full-action-v24/simulator_replay/cache/8d4b3efbdad4be9110222ec1d006c20c275eff39a57c0c45e0324fa4906833ea.json,2037,e54489a0dc83569e0faa6edc4f3bd3deddd2024b1e6606265ddeb7094450a526,
studies/full-action-v24/simulator_replay/cache/90d6df9af9c72f69a96f0630fcde8a956d9d2f6a3df20f02ef7dcf44fdd8ebc1.json,2044,9cc102a5e0d2de54d2d4df0515352bda56e4d14de4903828f5842747d6dd8503,
studies/full-action-v24/simulator_replay/cache/96cb531c0720cdf42759b1992235ec943f003c8b38d22aca1a7fc73c591fa1b0.json,2067,92432e5a51ce20a26b776fc0d9d69d1cd2e2b99726eb037a89cd7b3f42055a89,
studies/full-action-v24/simulator_replay/cache/99c739138351fc382c800c453350bf23020ea817c9c858c864445217f423b738.json,2061,74f06ca6bf634b718f659ead2173ac0c8b51e6aca6acd1e07d320ce36ae2e99f,
studies/full-action-v24/simulator_replay/cache/9e56fe31e7a195927eb85052818d228656566fd1cef62693df63eb1b84e620ef.json,2040,bc4c367973a6b8de035248f2e5594511fe6490d9e508b2c3d08ed6bd22d3651a,
studies/full-action-v24/simulator_replay/cache/b0fbe4cde398c5690a4d9b29b807921319b73854df4047b38e2ac7e9c267b220.json,2104,84dd1ccd3c3794f7a95808f1a1ba27ba410027af9b695b82393edd36ab21d93e,
studies/full-action-v24/simulator_replay/cache/b1379e478b54bae02a3e7d8b4a6fe85336bb90799e556e3a00781cdd2a854a25.json,2085,a6b3ac4273547608d7f3dad4424b8c0312c2b0ccdba104379a4c50d4579a99bf,
studies/full-action-v24/simulator_replay/cache/b14a449489dbf541954c448376890c33b656cd620afe2388712b0998564f3727.json,2030,0e2b1d230b928ecd58a4082dc5cbb7c602aa9b0a22c3962c3ba11e1e469c0a94,
studies/full-action-v24/simulator_replay/cache/b96d61f9c3fe12edeef894a3e2e568121e51b6abb0d46433f6d2befe414f25b7.json,2105,eff385f79809248fafcf6890fecf8543066c572c17da4661bfea4acd34b51f4e,
studies/full-action-v24/simulator_replay/cache/c62dd62132d3a0096fe2c5612d2a0af75e57cf90d8735e40819389f3551f1492.json,2047,0ae535179b975ddc6886e12da9a18c15bc017e53f53f707987e25b8beb47e173,
studies/full-action-v24/simulator_replay/cache/cd00dd0b78dd101b458c631be50fd69051b6033f5c65a7983ada04e585dff03a.json,2047,0caf6d1cb236ca1e2e9d1e127a6efac7067705d3627fc5b054db8d45c6ef809c,
studies/full-action-v24/simulator_replay/cache/e74f7bb22d373556f344c5abcccc7f6b3810ce951507177e9895ec633df21164.json,1995,796a631f502a811ac0e984e9365673f8305dde27f525ced00dfc76b930fa813b,
studies/full-action-v24/simulator_replay/cache/efa38114e3278c1b34e28d7f1c90772939deb06fd9b2ae771efe4f5b451c6b33.json,2060,791944467f99371547cc453867ba87eb0c9fdc5eca5abf4004c489a88dca540c,
studies/full-action-v24/simulator_replay/post_masks/077462c78b6d4446e40fa0befe22bf14e499e38f42c41f0e0eb1dd62fe974820.png,1271,4da2c43dc24453c334dbca90c632c8e410110ea8e5e575d437e5a7b0695d8fa7,
studies/full-action-v24/simulator_replay/post_masks/1e7a39512af93409dc95f0b5a3c61cdae6e2a629595e7a5e00320f1bbdd7f5ae.png,1271,4da2c43dc24453c334dbca90c632c8e410110ea8e5e575d437e5a7b0695d8fa7,
studies/full-action-v24/simulator_replay/post_masks/2a2c105d78c9c1b1bcda10edcae5cdda9f92d3730b638e154ca068a7f1b5880a.png,1271,4da2c43dc24453c334dbca90c632c8e410110ea8e5e575d437e5a7b0695d8fa7,
studies/full-action-v24/simulator_replay/post_masks/33ae7503f473b77b1708740049b5ba42ca287564bd6eb8b5fa7acc9186c7cebd.png,1271,4da2c43dc24453c334dbca90c632c8e410110ea8e5e575d437e5a7b0695d8fa7,
studies/full-action-v24/simulator_replay/post_masks/46a1dd6bf923668fa78b194f395037c0d1871d8ff5b25d827eb31fd6b240a90e.png,1271,4da2c43dc24453c334dbca90c632c8e410110ea8e5e575d437e5a7b0695d8fa7,
studies/full-action-v24/simulator_replay/post_masks/5a3bb36cf50c861938f1df69b0bd46e54fb1324921d2b4e6da6f2227def4f102.png,1271,4da2c43dc24453c334dbca90c632c8e410110ea8e5e575d437e5a7b0695d8fa7,
studies/full-action-v24/simulator_replay/post_masks/5f75717bcaa80c8b9b0122262139b03192f4faa02c7c420e0b39ee6789bf2b8d.png,1271,4da2c43dc24453c334dbca90c632c8e410110ea8e5e575d437e5a7b0695d8fa7,
studies/full-action-v24/simulator_replay/post_masks/6c1d9688eef6ba22e4c3bf9d24b98afeb893846a79e81f8edc74e36edb7be3d9.png,1271,4da2c43dc24453c334dbca90c632c8e410110ea8e5e575d437e5a7b0695d8fa7,
studies/full-action-v24/simulator_replay/post_masks/780e20f5f56ece89b2c5a7414f1a6ae28fe137c0d27b7b43f519f4f0c72bec26.png,1271,4da2c43dc24453c334dbca90c632c8e410110ea8e5e575d437e5a7b0695d8fa7,
studies/full-action-v24/simulator_replay/post_masks/80642d9eb6bb008ba936c0c65567ea17aa7891d0168525c08bbd282a18f34195.png,1271,4da2c43dc24453c334dbca90c632c8e410110ea8e5e575d437e5a7b0695d8fa7,
studies/full-action-v24/simulator_replay/post_masks/870e680d3dde0be038564dcc08757c16ac81af7c3169b0598c7d7e0135d91f6f.png,1271,4da2c43dc24453c334dbca90c632c8e410110ea8e5e575d437e5a7b0695d8fa7,
studies/full-action-v24/simulator_replay/post_masks/8d4b3efbdad4be9110222ec1d006c20c275eff39a57c0c45e0324fa4906833ea.png,1271,4da2c43dc24453c334dbca90c632c8e410110ea8e5e575d437e5a7b0695d8fa7,
studies/full-action-v24/simulator_replay/post_masks/90d6df9af9c72f69a96f0630fcde8a956d9d2f6a3df20f02ef7dcf44fdd8ebc1.png,1271,4da2c43dc24453c334dbca90c632c8e410110ea8e5e575d437e5a7b0695d8fa7,
studies/full-action-v24/simulator_replay/post_masks/96cb531c0720cdf42759b1992235ec943f003c8b38d22aca1a7fc73c591fa1b0.png,1271,4da2c43dc24453c334dbca90c632c8e410110ea8e5e575d437e5a7b0695d8fa7,
studies/full-action-v24/simulator_replay/post_masks/99c739138351fc382c800c453350bf23020ea817c9c858c864445217f423b738.png,1271,4da2c43dc24453c334dbca90c632c8e410110ea8e5e575d437e5a7b0695d8fa7,
studies/full-action-v24/simulator_replay/post_masks/9e56fe31e7a195927eb85052818d228656566fd1cef62693df63eb1b84e620ef.png,1271,4da2c43dc24453c334dbca90c632c8e410110ea8e5e575d437e5a7b0695d8fa7,
studies/full-action-v24/simulator_replay/post_masks/b0fbe4cde398c5690a4d9b29b807921319b73854df4047b38e2ac7e9c267b220.png,1271,4da2c43dc24453c334dbca90c632c8e410110ea8e5e575d437e5a7b0695d8fa7,
studies/full-action-v24/simulator_replay/post_masks/b1379e478b54bae02a3e7d8b4a6fe85336bb90799e556e3a00781cdd2a854a25.png,1271,4da2c43dc24453c334dbca90c632c8e410110ea8e5e575d437e5a7b0695d8fa7,
studies/full-action-v24/simulator_replay/post_masks/b14a449489dbf541954c448376890c33b656cd620afe2388712b0998564f3727.png,1271,4da2c43dc24453c334dbca90c632c8e410110ea8e5e575d437e5a7b0695d8fa7,
studies/full-action-v24/simulator_replay/post_masks/b96d61f9c3fe12edeef894a3e2e568121e51b6abb0d46433f6d2befe414f25b7.png,1271,4da2c43dc24453c334dbca90c632c8e410110ea8e5e575d437e5a7b0695d8fa7,
studies/full-action-v24/simulator_replay/post_masks/c62dd62132d3a0096fe2c5612d2a0af75e57cf90d8735e40819389f3551f1492.png,1271,4da2c43dc24453c334dbca90c632c8e410110ea8e5e575d437e5a7b0695d8fa7,
studies/full-action-v24/simulator_replay/post_masks/cd00dd0b78dd101b458c631be50fd69051b6033f5c65a7983ada04e585dff03a.png,1271,4da2c43dc24453c334dbca90c632c8e410110ea8e5e575d437e5a7b0695d8fa7,
studies/full-action-v24/simulator_replay/post_masks/e74f7bb22d373556f344c5abcccc7f6b3810ce951507177e9895ec633df21164.png,1271,4da2c43dc24453c334dbca90c632c8e410110ea8e5e575d437e5a7b0695d8fa7,
studies/full-action-v24/simulator_replay/post_masks/efa38114e3278c1b34e28d7f1c90772939deb06fd9b2ae771efe4f5b451c6b33.png,1271,4da2c43dc24453c334dbca90c632c8e410110ea8e5e575d437e5a7b0695d8fa7,
