run_id,scene_id,scene_family,condition,resolution,seed,target_id,object_id,candidate_occlusion_pixels,candidate_occlusion_ratio,truth_relation,predicted_relation,truth_interferes,predicted_interferes,correct
v1__scene_fc_blocked_v01__L2__C0_NA__r01_s28101,scene_fc_blocked_v01,FC_BLOCKED,C0,,28101,64,40,0,0.0,DOES_NOT_INTERFERE,INTERFERES,False,True,False
v1__scene_fc_blocked_v01__L2__C0_NA__r01_s28101,scene_fc_blocked_v01,FC_BLOCKED,C0,,28101,64,46,0,0.0,DOES_NOT_INTERFERE,DOES_NOT_INTERFERE,False,False,True
v1__scene_fc_blocked_v01__L2__C0_NA__r01_s28101,scene_fc_blocked_v01,FC_BLOCKED,C0,,28101,64,59,0,0.0,DOES_NOT_INTERFERE,DOES_NOT_INTERFERE,False,False,True
v1__scene_fc_blocked_v01__L2__C0_NA__r02_s28102,scene_fc_blocked_v01,FC_BLOCKED,C0,,28102,64,40,0,0.0,DOES_NOT_INTERFERE,INTERFERES,False,True,False
v1__scene_fc_blocked_v01__L2__C0_NA__r02_s28102,scene_fc_blocked_v01,FC_BLOCKED,C0,,28102,64,46,0,0.0,DOES_NOT_INTERFERE,DOES_NOT_INTERFERE,False,False,True
v1__scene_fc_blocked_v01__L2__C0_NA__r02_s28102,scene_fc_blocked_v01,FC_BLOCKED,C0,,28102,64,59,0,0.0,DOES_NOT_INTERFERE,DOES_NOT_INTERFERE,False,False,True
v1__scene_fc_blocked_v01__L2__C0_NA__r03_s28103,scene_fc_blocked_v01,FC_BLOCKED,C0,,28103,64,40,0,0.0,DOES_NOT_INTERFERE,INTERFERES,False,True,False
v1__scene_fc_blocked_v01__L2__C0_NA__r03_s28103,scene_fc_blocked_v01,FC_BLOCKED,C0,,28103,64,46,0,0.0,DOES_NOT_INTERFERE,DOES_NOT_INTERFERE,False,False,True
v1__scene_fc_blocked_v01__L2__C0_NA__r03_s28103,scene_fc_blocked_v01,FC_BLOCKED,C0,,28103,64,59,0,0.0,DOES_NOT_INTERFERE,DOES_NOT_INTERFERE,False,False,True
v1__scene_fc_blocked_v01__L2__C0_NA__r04_s28104,scene_fc_blocked_v01,FC_BLOCKED,C0,,28104,64,40,0,0.0,DOES_NOT_INTERFERE,INTERFERES,False,True,False
v1__scene_fc_blocked_v01__L2__C0_NA__r04_s28104,scene_fc_blocked_v01,FC_BLOCKED,C0,,28104,64,46,0,0.0,DOES_NOT_INTERFERE,DOES_NOT_INTERFERE,False,False,True
v1__scene_fc_blocked_v01__L2__C0_NA__r04_s28104,scene_fc_blocked_v01,FC_BLOCKED,C0,,28104,64,59,0,0.0,DOES_NOT_INTERFERE,DOES_NOT_INTERFERE,False,False,True
v1__scene_fc_blocked_v01__L2__C0_NA__r05_s28105,scene_fc_blocked_v01,FC_BLOCKED,C0,,28105,64,40,0,0.0,DOES_NOT_INTERFERE,INTERFERES,False,True,False
v1__scene_fc_blocked_v01__L2__C0_NA__r05_s28105,scene_fc_blocked_v01,FC_BLOCKED,C0,,28105,64,46,0,0.0,DOES_NOT_INTERFERE,DOES_NOT_INTERFERE,False,False,True
v1__scene_fc_blocked_v01__L2__C0_NA__r05_s28105,scene_fc_blocked_v01,FC_BLOCKED,C0,,28105,64,59,0,0.0,DOES_NOT_INTERFERE,DOES_NOT_INTERFERE,False,False,True
v1__scene_fc_blocked_v01__L2__C1_NA__r01_s28101,scene_fc_blocked_v01,FC_BLOCKED,C1,,28101,64,40,0,0.0,DOES_NOT_INTERFERE,INTERFERES,False,True,False
v1__scene_fc_blocked_v01__L2__C1_NA__r01_s28101,scene_fc_blocked_v01,FC_BLOCKED,C1,,28101,64,46,0,0.0,DOES_NOT_INTERFERE,DOES_NOT_INTERFERE,False,False,True
v1__scene_fc_blocked_v01__L2__C1_NA__r01_s28101,scene_fc_blocked_v01,FC_BLOCKED,C1,,28101,64,59,0,0.0,DOES_NOT_INTERFERE,DOES_NOT_INTERFERE,False,False,True
v1__scene_fc_blocked_v01__L2__C1_NA__r02_s28102,scene_fc_blocked_v01,FC_BLOCKED,C1,,28102,64,40,0,0.0,DOES_NOT_INTERFERE,INTERFERES,False,True,False
v1__scene_fc_blocked_v01__L2__C1_NA__r02_s28102,scene_fc_blocked_v01,FC_BLOCKED,C1,,28102,64,46,0,0.0,DOES_NOT_INTERFERE,DOES_NOT_INTERFERE,False,False,True
v1__scene_fc_blocked_v01__L2__C1_NA__r02_s28102,scene_fc_blocked_v01,FC_BLOCKED,C1,,28102,64,59,0,0.0,DOES_NOT_INTERFERE,DOES_NOT_INTERFERE,False,False,True
v1__scene_fc_blocked_v01__L2__C1_NA__r03_s28103,scene_fc_blocked_v01,FC_BLOCKED,C1,,28103,64,40,0,0.0,DOES_NOT_INTERFERE,INTERFERES,False,True,False
v1__scene_fc_blocked_v01__L2__C1_NA__r03_s28103,scene_fc_blocked_v01,FC_BLOCKED,C1,,28103,64,46,0,0.0,DOES_NOT_INTERFERE,DOES_NOT_INTERFERE,False,False,True
v1__scene_fc_blocked_v01__L2__C1_NA__r03_s28103,scene_fc_blocked_v01,FC_BLOCKED,C1,,28103,64,59,0,0.0,DOES_NOT_INTERFERE,DOES_NOT_INTERFERE,False,False,True
v1__scene_fc_blocked_v01__L2__C1_NA__r04_s28104,scene_fc_blocked_v01,FC_BLOCKED,C1,,28104,64,40,0,0.0,DOES_NOT_INTERFERE,INTERFERES,False,True,False
v1__scene_fc_blocked_v01__L2__C1_NA__r04_s28104,scene_fc_blocked_v01,FC_BLOCKED,C1,,28104,64,46,0,0.0,DOES_NOT_INTERFERE,DOES_NOT_INTERFERE,False,False,True
v1__scene_fc_blocked_v01__L2__C1_NA__r04_s28104,scene_fc_blocked_v01,FC_BLOCKED,C1,,28104,64,59,0,0.0,DOES_NOT_INTERFERE,DOES_NOT_INTERFERE,False,False,True
v1__scene_fc_blocked_v01__L2__C1_NA__r05_s28105,scene_fc_blocked_v01,FC_BLOCKED,C1,,28105,64,40,0,0.0,DOES_NOT_INTERFERE,INTERFERES,False,True,False
v1__scene_fc_blocked_v01__L2__C1_NA__r05_s28105,scene_fc_blocked_v01,FC_BLOCKED,C1,,28105,64,46,0,0.0,DOES_NOT_INTERFERE,DOES_NOT_INTERFERE,False,False,True
v1__scene_fc_blocked_v01__L2__C1_NA__r05_s28105,scene_fc_blocked_v01,FC_BLOCKED,C1,,28105,64,59,0,0.0,DOES_NOT_INTERFERE,DOES_NOT_INTERFERE,False,False,True
v1__scene_fc_blocked_v01__L2__C2_D4__r01_s28101,scene_fc_blocked_v01,FC_BLOCKED,C2,D4,28101,64,40,0,0.0,DOES_NOT_INTERFERE,INTERFERES,False,True,False
v1__scene_fc_blocked_v01__L2__C2_D4__r01_s28101,scene_fc_blocked_v01,FC_BLOCKED,C2,D4,28101,64,46,0,0.0,DOES_NOT_INTERFERE,DOES_NOT_INTERFERE,False,False,True
v1__scene_fc_blocked_v01__L2__C2_D4__r01_s28101,scene_fc_blocked_v01,FC_BLOCKED,C2,D4,28101,64,59,0,0.0,DOES_NOT_INTERFERE,DOES_NOT_INTERFERE,False,False,True
v1__scene_fc_blocked_v01__L2__C2_D4__r02_s28102,scene_fc_blocked_v01,FC_BLOCKED,C2,D4,28102,64,40,0,0.0,DOES_NOT_INTERFERE,INTERFERES,False,True,False
v1__scene_fc_blocked_v01__L2__C2_D4__r02_s28102,scene_fc_blocked_v01,FC_BLOCKED,C2,D4,28102,64,46,0,0.0,DOES_NOT_INTERFERE,DOES_NOT_INTERFERE,False,False,True
v1__scene_fc_blocked_v01__L2__C2_D4__r02_s28102,scene_fc_blocked_v01,FC_BLOCKED,C2,D4,28102,64,59,0,0.0,DOES_NOT_INTERFERE,DOES_NOT_INTERFERE,False,False,True
v1__scene_fc_blocked_v01__L2__C2_D4__r03_s28103,scene_fc_blocked_v01,FC_BLOCKED,C2,D4,28103,64,40,0,0.0,DOES_NOT_INTERFERE,INTERFERES,False,True,False
v1__scene_fc_blocked_v01__L2__C2_D4__r03_s28103,scene_fc_blocked_v01,FC_BLOCKED,C2,D4,28103,64,46,0,0.0,DOES_NOT_INTERFERE,DOES_NOT_INTERFERE,False,False,True
v1__scene_fc_blocked_v01__L2__C2_D4__r03_s28103,scene_fc_blocked_v01,FC_BLOCKED,C2,D4,28103,64,59,0,0.0,DOES_NOT_INTERFERE,DOES_NOT_INTERFERE,False,False,True
v1__scene_fc_blocked_v01__L2__C2_D4__r04_s28104,scene_fc_blocked_v01,FC_BLOCKED,C2,D4,28104,64,40,0,0.0,DOES_NOT_INTERFERE,INTERFERES,False,True,False
v1__scene_fc_blocked_v01__L2__C2_D4__r04_s28104,scene_fc_blocked_v01,FC_BLOCKED,C2,D4,28104,64,46,0,0.0,DOES_NOT_INTERFERE,DOES_NOT_INTERFERE,False,False,True
v1__scene_fc_blocked_v01__L2__C2_D4__r04_s28104,scene_fc_blocked_v01,FC_BLOCKED,C2,D4,28104,64,59,0,0.0,DOES_NOT_INTERFERE,DOES_NOT_INTERFERE,False,False,True
v1__scene_fc_blocked_v01__L2__C2_D4__r05_s28105,scene_fc_blocked_v01,FC_BLOCKED,C2,D4,28105,64,40,0,0.0,DOES_NOT_INTERFERE,INTERFERES,False,True,False
v1__scene_fc_blocked_v01__L2__C2_D4__r05_s28105,scene_fc_blocked_v01,FC_BLOCKED,C2,D4,28105,64,46,0,0.0,DOES_NOT_INTERFERE,DOES_NOT_INTERFERE,False,False,True
v1__scene_fc_blocked_v01__L2__C2_D4__r05_s28105,scene_fc_blocked_v01,FC_BLOCKED,C2,D4,28105,64,59,0,0.0,DOES_NOT_INTERFERE,DOES_NOT_INTERFERE,False,False,True
v1__scene_fc_blocked_v01__L2__C2_D8__r01_s28101,scene_fc_blocked_v01,FC_BLOCKED,C2,D8,28101,64,40,0,0.0,DOES_NOT_INTERFERE,INTERFERES,False,True,False
v1__scene_fc_blocked_v01__L2__C2_D8__r01_s28101,scene_fc_blocked_v01,FC_BLOCKED,C2,D8,28101,64,46,0,0.0,DOES_NOT_INTERFERE,DOES_NOT_INTERFERE,False,False,True
v1__scene_fc_blocked_v01__L2__C2_D8__r01_s28101,scene_fc_blocked_v01,FC_BLOCKED,C2,D8,28101,64,59,0,0.0,DOES_NOT_INTERFERE,DOES_NOT_INTERFERE,False,False,True
v1__scene_fc_blocked_v01__L2__C2_D8__r02_s28102,scene_fc_blocked_v01,FC_BLOCKED,C2,D8,28102,64,40,0,0.0,DOES_NOT_INTERFERE,INTERFERES,False,True,False
v1__scene_fc_blocked_v01__L2__C2_D8__r02_s28102,scene_fc_blocked_v01,FC_BLOCKED,C2,D8,28102,64,46,0,0.0,DOES_NOT_INTERFERE,DOES_NOT_INTERFERE,False,False,True
v1__scene_fc_blocked_v01__L2__C2_D8__r02_s28102,scene_fc_blocked_v01,FC_BLOCKED,C2,D8,28102,64,59,0,0.0,DOES_NOT_INTERFERE,DOES_NOT_INTERFERE,False,False,True
v1__scene_fc_blocked_v01__L2__C2_D8__r03_s28103,scene_fc_blocked_v01,FC_BLOCKED,C2,D8,28103,64,40,0,0.0,DOES_NOT_INTERFERE,INTERFERES,False,True,False
v1__scene_fc_blocked_v01__L2__C2_D8__r03_s28103,scene_fc_blocked_v01,FC_BLOCKED,C2,D8,28103,64,46,0,0.0,DOES_NOT_INTERFERE,DOES_NOT_INTERFERE,False,False,True
v1__scene_fc_blocked_v01__L2__C2_D8__r03_s28103,scene_fc_blocked_v01,FC_BLOCKED,C2,D8,28103,64,59,0,0.0,DOES_NOT_INTERFERE,DOES_NOT_INTERFERE,False,False,True
v1__scene_fc_blocked_v01__L2__C2_D8__r04_s28104,scene_fc_blocked_v01,FC_BLOCKED,C2,D8,28104,64,40,0,0.0,DOES_NOT_INTERFERE,INTERFERES,False,True,False
v1__scene_fc_blocked_v01__L2__C2_D8__r04_s28104,scene_fc_blocked_v01,FC_BLOCKED,C2,D8,28104,64,46,0,0.0,DOES_NOT_INTERFERE,DOES_NOT_INTERFERE,False,False,True
v1__scene_fc_blocked_v01__L2__C2_D8__r04_s28104,scene_fc_blocked_v01,FC_BLOCKED,C2,D8,28104,64,59,0,0.0,DOES_NOT_INTERFERE,DOES_NOT_INTERFERE,False,False,True
v1__scene_fc_blocked_v01__L2__C2_D8__r05_s28105,scene_fc_blocked_v01,FC_BLOCKED,C2,D8,28105,64,40,0,0.0,DOES_NOT_INTERFERE,INTERFERES,False,True,False
v1__scene_fc_blocked_v01__L2__C2_D8__r05_s28105,scene_fc_blocked_v01,FC_BLOCKED,C2,D8,28105,64,46,0,0.0,DOES_NOT_INTERFERE,DOES_NOT_INTERFERE,False,False,True
v1__scene_fc_blocked_v01__L2__C2_D8__r05_s28105,scene_fc_blocked_v01,FC_BLOCKED,C2,D8,28105,64,59,0,0.0,DOES_NOT_INTERFERE,DOES_NOT_INTERFERE,False,False,True
v1__scene_fc_blocked_v01__L2__C3_D4__r01_s28101,scene_fc_blocked_v01,FC_BLOCKED,C3,D4,28101,64,40,0,0.0,DOES_NOT_INTERFERE,INTERFERES,False,True,False
v1__scene_fc_blocked_v01__L2__C3_D4__r01_s28101,scene_fc_blocked_v01,FC_BLOCKED,C3,D4,28101,64,46,0,0.0,DOES_NOT_INTERFERE,DOES_NOT_INTERFERE,False,False,True
v1__scene_fc_blocked_v01__L2__C3_D4__r01_s28101,scene_fc_blocked_v01,FC_BLOCKED,C3,D4,28101,64,59,0,0.0,DOES_NOT_INTERFERE,DOES_NOT_INTERFERE,False,False,True
v1__scene_fc_blocked_v01__L2__C3_D4__r02_s28102,scene_fc_blocked_v01,FC_BLOCKED,C3,D4,28102,64,40,0,0.0,DOES_NOT_INTERFERE,INTERFERES,False,True,False
v1__scene_fc_blocked_v01__L2__C3_D4__r02_s28102,scene_fc_blocked_v01,FC_BLOCKED,C3,D4,28102,64,46,0,0.0,DOES_NOT_INTERFERE,DOES_NOT_INTERFERE,False,False,True
v1__scene_fc_blocked_v01__L2__C3_D4__r02_s28102,scene_fc_blocked_v01,FC_BLOCKED,C3,D4,28102,64,59,0,0.0,DOES_NOT_INTERFERE,DOES_NOT_INTERFERE,False,False,True
v1__scene_fc_blocked_v01__L2__C3_D4__r03_s28103,scene_fc_blocked_v01,FC_BLOCKED,C3,D4,28103,64,40,0,0.0,DOES_NOT_INTERFERE,INTERFERES,False,True,False
v1__scene_fc_blocked_v01__L2__C3_D4__r03_s28103,scene_fc_blocked_v01,FC_BLOCKED,C3,D4,28103,64,46,0,0.0,DOES_NOT_INTERFERE,DOES_NOT_INTERFERE,False,False,True
v1__scene_fc_blocked_v01__L2__C3_D4__r03_s28103,scene_fc_blocked_v01,FC_BLOCKED,C3,D4,28103,64,59,0,0.0,DOES_NOT_INTERFERE,DOES_NOT_INTERFERE,False,False,True
v1__scene_fc_blocked_v01__L2__C3_D4__r04_s28104,scene_fc_blocked_v01,FC_BLOCKED,C3,D4,28104,64,40,0,0.0,DOES_NOT_INTERFERE,INTERFERES,False,True,False
v1__scene_fc_blocked_v01__L2__C3_D4__r04_s28104,scene_fc_blocked_v01,FC_BLOCKED,C3,D4,28104,64,46,0,0.0,DOES_NOT_INTERFERE,DOES_NOT_INTERFERE,False,False,True
v1__scene_fc_blocked_v01__L2__C3_D4__r04_s28104,scene_fc_blocked_v01,FC_BLOCKED,C3,D4,28104,64,59,0,0.0,DOES_NOT_INTERFERE,DOES_NOT_INTERFERE,False,False,True
v1__scene_fc_blocked_v01__L2__C3_D4__r05_s28105,scene_fc_blocked_v01,FC_BLOCKED,C3,D4,28105,64,40,0,0.0,DOES_NOT_INTERFERE,INTERFERES,False,True,False
v1__scene_fc_blocked_v01__L2__C3_D4__r05_s28105,scene_fc_blocked_v01,FC_BLOCKED,C3,D4,28105,64,46,0,0.0,DOES_NOT_INTERFERE,DOES_NOT_INTERFERE,False,False,True
v1__scene_fc_blocked_v01__L2__C3_D4__r05_s28105,scene_fc_blocked_v01,FC_BLOCKED,C3,D4,28105,64,59,0,0.0,DOES_NOT_INTERFERE,DOES_NOT_INTERFERE,False,False,True
v1__scene_fc_blocked_v01__L2__C3_D8__r01_s28101,scene_fc_blocked_v01,FC_BLOCKED,C3,D8,28101,64,40,0,0.0,DOES_NOT_INTERFERE,INTERFERES,False,True,False
v1__scene_fc_blocked_v01__L2__C3_D8__r01_s28101,scene_fc_blocked_v01,FC_BLOCKED,C3,D8,28101,64,46,0,0.0,DOES_NOT_INTERFERE,DOES_NOT_INTERFERE,False,False,True
v1__scene_fc_blocked_v01__L2__C3_D8__r01_s28101,scene_fc_blocked_v01,FC_BLOCKED,C3,D8,28101,64,59,0,0.0,DOES_NOT_INTERFERE,DOES_NOT_INTERFERE,False,False,True
v1__scene_fc_blocked_v01__L2__C3_D8__r02_s28102,scene_fc_blocked_v01,FC_BLOCKED,C3,D8,28102,64,40,0,0.0,DOES_NOT_INTERFERE,INTERFERES,False,True,False
v1__scene_fc_blocked_v01__L2__C3_D8__r02_s28102,scene_fc_blocked_v01,FC_BLOCKED,C3,D8,28102,64,46,0,0.0,DOES_NOT_INTERFERE,DOES_NOT_INTERFERE,False,False,True
v1__scene_fc_blocked_v01__L2__C3_D8__r02_s28102,scene_fc_blocked_v01,FC_BLOCKED,C3,D8,28102,64,59,0,0.0,DOES_NOT_INTERFERE,DOES_NOT_INTERFERE,False,False,True
v1__scene_fc_blocked_v01__L2__C3_D8__r03_s28103,scene_fc_blocked_v01,FC_BLOCKED,C3,D8,28103,64,40,0,0.0,DOES_NOT_INTERFERE,INTERFERES,False,True,False
v1__scene_fc_blocked_v01__L2__C3_D8__r03_s28103,scene_fc_blocked_v01,FC_BLOCKED,C3,D8,28103,64,46,0,0.0,DOES_NOT_INTERFERE,DOES_NOT_INTERFERE,False,False,True
v1__scene_fc_blocked_v01__L2__C3_D8__r03_s28103,scene_fc_blocked_v01,FC_BLOCKED,C3,D8,28103,64,59,0,0.0,DOES_NOT_INTERFERE,DOES_NOT_INTERFERE,False,False,True
v1__scene_fc_blocked_v01__L2__C3_D8__r04_s28104,scene_fc_blocked_v01,FC_BLOCKED,C3,D8,28104,64,40,0,0.0,DOES_NOT_INTERFERE,INTERFERES,False,True,False
v1__scene_fc_blocked_v01__L2__C3_D8__r04_s28104,scene_fc_blocked_v01,FC_BLOCKED,C3,D8,28104,64,46,0,0.0,DOES_NOT_INTERFERE,DOES_NOT_INTERFERE,False,False,True
v1__scene_fc_blocked_v01__L2__C3_D8__r04_s28104,scene_fc_blocked_v01,FC_BLOCKED,C3,D8,28104,64,59,0,0.0,DOES_NOT_INTERFERE,DOES_NOT_INTERFERE,False,False,True
v1__scene_fc_blocked_v01__L2__C3_D8__r05_s28105,scene_fc_blocked_v01,FC_BLOCKED,C3,D8,28105,64,40,0,0.0,DOES_NOT_INTERFERE,INTERFERES,False,True,False
v1__scene_fc_blocked_v01__L2__C3_D8__r05_s28105,scene_fc_blocked_v01,FC_BLOCKED,C3,D8,28105,64,46,0,0.0,DOES_NOT_INTERFERE,DOES_NOT_INTERFERE,False,False,True
v1__scene_fc_blocked_v01__L2__C3_D8__r05_s28105,scene_fc_blocked_v01,FC_BLOCKED,C3,D8,28105,64,59,0,0.0,DOES_NOT_INTERFERE,DOES_NOT_INTERFERE,False,False,True
v1__scene_fc_blocked_v01__L2__C4_D4__r01_s28101,scene_fc_blocked_v01,FC_BLOCKED,C4,D4,28101,64,40,0,0.0,DOES_NOT_INTERFERE,INTERFERES,False,True,False
v1__scene_fc_blocked_v01__L2__C4_D4__r01_s28101,scene_fc_blocked_v01,FC_BLOCKED,C4,D4,28101,64,46,0,0.0,DOES_NOT_INTERFERE,DOES_NOT_INTERFERE,False,False,True
v1__scene_fc_blocked_v01__L2__C4_D4__r01_s28101,scene_fc_blocked_v01,FC_BLOCKED,C4,D4,28101,64,59,0,0.0,DOES_NOT_INTERFERE,DOES_NOT_INTERFERE,False,False,True
v1__scene_fc_blocked_v01__L2__C4_D4__r02_s28102,scene_fc_blocked_v01,FC_BLOCKED,C4,D4,28102,64,40,0,0.0,DOES_NOT_INTERFERE,INTERFERES,False,True,False
v1__scene_fc_blocked_v01__L2__C4_D4__r02_s28102,scene_fc_blocked_v01,FC_BLOCKED,C4,D4,28102,64,46,0,0.0,DOES_NOT_INTERFERE,DOES_NOT_INTERFERE,False,False,True
v1__scene_fc_blocked_v01__L2__C4_D4__r02_s28102,scene_fc_blocked_v01,FC_BLOCKED,C4,D4,28102,64,59,0,0.0,DOES_NOT_INTERFERE,DOES_NOT_INTERFERE,False,False,True
v1__scene_fc_blocked_v01__L2__C4_D4__r03_s28103,scene_fc_blocked_v01,FC_BLOCKED,C4,D4,28103,64,40,0,0.0,DOES_NOT_INTERFERE,INTERFERES,False,True,False
v1__scene_fc_blocked_v01__L2__C4_D4__r03_s28103,scene_fc_blocked_v01,FC_BLOCKED,C4,D4,28103,64,46,0,0.0,DOES_NOT_INTERFERE,DOES_NOT_INTERFERE,False,False,True
v1__scene_fc_blocked_v01__L2__C4_D4__r03_s28103,scene_fc_blocked_v01,FC_BLOCKED,C4,D4,28103,64,59,0,0.0,DOES_NOT_INTERFERE,DOES_NOT_INTERFERE,False,False,True
v1__scene_fc_blocked_v01__L2__C4_D4__r04_s28104,scene_fc_blocked_v01,FC_BLOCKED,C4,D4,28104,64,40,0,0.0,DOES_NOT_INTERFERE,INTERFERES,False,True,False
v1__scene_fc_blocked_v01__L2__C4_D4__r04_s28104,scene_fc_blocked_v01,FC_BLOCKED,C4,D4,28104,64,46,0,0.0,DOES_NOT_INTERFERE,DOES_NOT_INTERFERE,False,False,True
v1__scene_fc_blocked_v01__L2__C4_D4__r04_s28104,scene_fc_blocked_v01,FC_BLOCKED,C4,D4,28104,64,59,0,0.0,DOES_NOT_INTERFERE,DOES_NOT_INTERFERE,False,False,True
v1__scene_fc_blocked_v01__L2__C4_D4__r05_s28105,scene_fc_blocked_v01,FC_BLOCKED,C4,D4,28105,64,40,0,0.0,DOES_NOT_INTERFERE,INTERFERES,False,True,False
v1__scene_fc_blocked_v01__L2__C4_D4__r05_s28105,scene_fc_blocked_v01,FC_BLOCKED,C4,D4,28105,64,46,0,0.0,DOES_NOT_INTERFERE,DOES_NOT_INTERFERE,False,False,True
v1__scene_fc_blocked_v01__L2__C4_D4__r05_s28105,scene_fc_blocked_v01,FC_BLOCKED,C4,D4,28105,64,59,0,0.0,DOES_NOT_INTERFERE,DOES_NOT_INTERFERE,False,False,True
v1__scene_fc_blocked_v01__L2__C4_D8__r01_s28101,scene_fc_blocked_v01,FC_BLOCKED,C4,D8,28101,64,40,0,0.0,DOES_NOT_INTERFERE,INTERFERES,False,True,False
v1__scene_fc_blocked_v01__L2__C4_D8__r01_s28101,scene_fc_blocked_v01,FC_BLOCKED,C4,D8,28101,64,46,0,0.0,DOES_NOT_INTERFERE,DOES_NOT_INTERFERE,False,False,True
v1__scene_fc_blocked_v01__L2__C4_D8__r01_s28101,scene_fc_blocked_v01,FC_BLOCKED,C4,D8,28101,64,59,0,0.0,DOES_NOT_INTERFERE,DOES_NOT_INTERFERE,False,False,True
v1__scene_fc_blocked_v01__L2__C4_D8__r02_s28102,scene_fc_blocked_v01,FC_BLOCKED,C4,D8,28102,64,40,0,0.0,DOES_NOT_INTERFERE,INTERFERES,False,True,False
v1__scene_fc_blocked_v01__L2__C4_D8__r02_s28102,scene_fc_blocked_v01,FC_BLOCKED,C4,D8,28102,64,46,0,0.0,DOES_NOT_INTERFERE,DOES_NOT_INTERFERE,False,False,True
v1__scene_fc_blocked_v01__L2__C4_D8__r02_s28102,scene_fc_blocked_v01,FC_BLOCKED,C4,D8,28102,64,59,0,0.0,DOES_NOT_INTERFERE,DOES_NOT_INTERFERE,False,False,True
v1__scene_fc_blocked_v01__L2__C4_D8__r03_s28103,scene_fc_blocked_v01,FC_BLOCKED,C4,D8,28103,64,40,0,0.0,DOES_NOT_INTERFERE,INTERFERES,False,True,False
v1__scene_fc_blocked_v01__L2__C4_D8__r03_s28103,scene_fc_blocked_v01,FC_BLOCKED,C4,D8,28103,64,46,0,0.0,DOES_NOT_INTERFERE,DOES_NOT_INTERFERE,False,False,True
v1__scene_fc_blocked_v01__L2__C4_D8__r03_s28103,scene_fc_blocked_v01,FC_BLOCKED,C4,D8,28103,64,59,0,0.0,DOES_NOT_INTERFERE,DOES_NOT_INTERFERE,False,False,True
v1__scene_fc_blocked_v01__L2__C4_D8__r04_s28104,scene_fc_blocked_v01,FC_BLOCKED,C4,D8,28104,64,40,0,0.0,DOES_NOT_INTERFERE,INTERFERES,False,True,False
v1__scene_fc_blocked_v01__L2__C4_D8__r04_s28104,scene_fc_blocked_v01,FC_BLOCKED,C4,D8,28104,64,46,0,0.0,DOES_NOT_INTERFERE,DOES_NOT_INTERFERE,False,False,True
v1__scene_fc_blocked_v01__L2__C4_D8__r04_s28104,scene_fc_blocked_v01,FC_BLOCKED,C4,D8,28104,64,59,0,0.0,DOES_NOT_INTERFERE,DOES_NOT_INTERFERE,False,False,True
v1__scene_fc_blocked_v01__L2__C4_D8__r05_s28105,scene_fc_blocked_v01,FC_BLOCKED,C4,D8,28105,64,40,0,0.0,DOES_NOT_INTERFERE,INTERFERES,False,True,False
v1__scene_fc_blocked_v01__L2__C4_D8__r05_s28105,scene_fc_blocked_v01,FC_BLOCKED,C4,D8,28105,64,46,0,0.0,DOES_NOT_INTERFERE,DOES_NOT_INTERFERE,False,False,True
v1__scene_fc_blocked_v01__L2__C4_D8__r05_s28105,scene_fc_blocked_v01,FC_BLOCKED,C4,D8,28105,64,59,0,0.0,DOES_NOT_INTERFERE,DOES_NOT_INTERFERE,False,False,True
v1__scene_fc_blocked_v01__L2__C5_D4__r01_s28101,scene_fc_blocked_v01,FC_BLOCKED,C5,D4,28101,64,40,0,0.0,DOES_NOT_INTERFERE,INTERFERES,False,True,False
v1__scene_fc_blocked_v01__L2__C5_D4__r01_s28101,scene_fc_blocked_v01,FC_BLOCKED,C5,D4,28101,64,46,0,0.0,DOES_NOT_INTERFERE,DOES_NOT_INTERFERE,False,False,True
v1__scene_fc_blocked_v01__L2__C5_D4__r01_s28101,scene_fc_blocked_v01,FC_BLOCKED,C5,D4,28101,64,59,0,0.0,DOES_NOT_INTERFERE,DOES_NOT_INTERFERE,False,False,True
v1__scene_fc_blocked_v01__L2__C5_D4__r02_s28102,scene_fc_blocked_v01,FC_BLOCKED,C5,D4,28102,64,40,0,0.0,DOES_NOT_INTERFERE,INTERFERES,False,True,False
v1__scene_fc_blocked_v01__L2__C5_D4__r02_s28102,scene_fc_blocked_v01,FC_BLOCKED,C5,D4,28102,64,46,0,0.0,DOES_NOT_INTERFERE,DOES_NOT_INTERFERE,False,False,True
v1__scene_fc_blocked_v01__L2__C5_D4__r02_s28102,scene_fc_blocked_v01,FC_BLOCKED,C5,D4,28102,64,59,0,0.0,DOES_NOT_INTERFERE,DOES_NOT_INTERFERE,False,False,True
v1__scene_fc_blocked_v01__L2__C5_D4__r03_s28103,scene_fc_blocked_v01,FC_BLOCKED,C5,D4,28103,64,40,0,0.0,DOES_NOT_INTERFERE,INTERFERES,False,True,False
v1__scene_fc_blocked_v01__L2__C5_D4__r03_s28103,scene_fc_blocked_v01,FC_BLOCKED,C5,D4,28103,64,46,0,0.0,DOES_NOT_INTERFERE,DOES_NOT_INTERFERE,False,False,True
v1__scene_fc_blocked_v01__L2__C5_D4__r03_s28103,scene_fc_blocked_v01,FC_BLOCKED,C5,D4,28103,64,59,0,0.0,DOES_NOT_INTERFERE,DOES_NOT_INTERFERE,False,False,True
v1__scene_fc_blocked_v01__L2__C5_D4__r04_s28104,scene_fc_blocked_v01,FC_BLOCKED,C5,D4,28104,64,40,0,0.0,DOES_NOT_INTERFERE,INTERFERES,False,True,False
v1__scene_fc_blocked_v01__L2__C5_D4__r04_s28104,scene_fc_blocked_v01,FC_BLOCKED,C5,D4,28104,64,46,0,0.0,DOES_NOT_INTERFERE,DOES_NOT_INTERFERE,False,False,True
v1__scene_fc_blocked_v01__L2__C5_D4__r04_s28104,scene_fc_blocked_v01,FC_BLOCKED,C5,D4,28104,64,59,0,0.0,DOES_NOT_INTERFERE,DOES_NOT_INTERFERE,False,False,True
v1__scene_fc_blocked_v01__L2__C5_D4__r05_s28105,scene_fc_blocked_v01,FC_BLOCKED,C5,D4,28105,64,40,0,0.0,DOES_NOT_INTERFERE,INTERFERES,False,True,False
v1__scene_fc_blocked_v01__L2__C5_D4__r05_s28105,scene_fc_blocked_v01,FC_BLOCKED,C5,D4,28105,64,46,0,0.0,DOES_NOT_INTERFERE,DOES_NOT_INTERFERE,False,False,True
v1__scene_fc_blocked_v01__L2__C5_D4__r05_s28105,scene_fc_blocked_v01,FC_BLOCKED,C5,D4,28105,64,59,0,0.0,DOES_NOT_INTERFERE,DOES_NOT_INTERFERE,False,False,True
v1__scene_fc_blocked_v01__L2__C5_D8__r01_s28101,scene_fc_blocked_v01,FC_BLOCKED,C5,D8,28101,64,40,0,0.0,DOES_NOT_INTERFERE,INTERFERES,False,True,False
v1__scene_fc_blocked_v01__L2__C5_D8__r01_s28101,scene_fc_blocked_v01,FC_BLOCKED,C5,D8,28101,64,46,0,0.0,DOES_NOT_INTERFERE,DOES_NOT_INTERFERE,False,False,True
v1__scene_fc_blocked_v01__L2__C5_D8__r01_s28101,scene_fc_blocked_v01,FC_BLOCKED,C5,D8,28101,64,59,0,0.0,DOES_NOT_INTERFERE,DOES_NOT_INTERFERE,False,False,True
v1__scene_fc_blocked_v01__L2__C5_D8__r02_s28102,scene_fc_blocked_v01,FC_BLOCKED,C5,D8,28102,64,40,0,0.0,DOES_NOT_INTERFERE,INTERFERES,False,True,False
v1__scene_fc_blocked_v01__L2__C5_D8__r02_s28102,scene_fc_blocked_v01,FC_BLOCKED,C5,D8,28102,64,46,0,0.0,DOES_NOT_INTERFERE,DOES_NOT_INTERFERE,False,False,True
v1__scene_fc_blocked_v01__L2__C5_D8__r02_s28102,scene_fc_blocked_v01,FC_BLOCKED,C5,D8,28102,64,59,0,0.0,DOES_NOT_INTERFERE,DOES_NOT_INTERFERE,False,False,True
v1__scene_fc_blocked_v01__L2__C5_D8__r03_s28103,scene_fc_blocked_v01,FC_BLOCKED,C5,D8,28103,64,40,0,0.0,DOES_NOT_INTERFERE,INTERFERES,False,True,False
v1__scene_fc_blocked_v01__L2__C5_D8__r03_s28103,scene_fc_blocked_v01,FC_BLOCKED,C5,D8,28103,64,46,0,0.0,DOES_NOT_INTERFERE,DOES_NOT_INTERFERE,False,False,True
v1__scene_fc_blocked_v01__L2__C5_D8__r03_s28103,scene_fc_blocked_v01,FC_BLOCKED,C5,D8,28103,64,59,0,0.0,DOES_NOT_INTERFERE,DOES_NOT_INTERFERE,False,False,True
v1__scene_fc_blocked_v01__L2__C5_D8__r04_s28104,scene_fc_blocked_v01,FC_BLOCKED,C5,D8,28104,64,40,0,0.0,DOES_NOT_INTERFERE,INTERFERES,False,True,False
v1__scene_fc_blocked_v01__L2__C5_D8__r04_s28104,scene_fc_blocked_v01,FC_BLOCKED,C5,D8,28104,64,46,0,0.0,DOES_NOT_INTERFERE,DOES_NOT_INTERFERE,False,False,True
v1__scene_fc_blocked_v01__L2__C5_D8__r04_s28104,scene_fc_blocked_v01,FC_BLOCKED,C5,D8,28104,64,59,0,0.0,DOES_NOT_INTERFERE,DOES_NOT_INTERFERE,False,False,True
v1__scene_fc_blocked_v01__L2__C5_D8__r05_s28105,scene_fc_blocked_v01,FC_BLOCKED,C5,D8,28105,64,40,0,0.0,DOES_NOT_INTERFERE,INTERFERES,False,True,False
v1__scene_fc_blocked_v01__L2__C5_D8__r05_s28105,scene_fc_blocked_v01,FC_BLOCKED,C5,D8,28105,64,46,0,0.0,DOES_NOT_INTERFERE,DOES_NOT_INTERFERE,False,False,True
v1__scene_fc_blocked_v01__L2__C5_D8__r05_s28105,scene_fc_blocked_v01,FC_BLOCKED,C5,D8,28105,64,59,0,0.0,DOES_NOT_INTERFERE,DOES_NOT_INTERFERE,False,False,True
v1__scene_fc_blocked_v01__L2__C6_D4__r01_s28101,scene_fc_blocked_v01,FC_BLOCKED,C6,D4,28101,64,40,0,0.0,DOES_NOT_INTERFERE,INTERFERES,False,True,False
v1__scene_fc_blocked_v01__L2__C6_D4__r01_s28101,scene_fc_blocked_v01,FC_BLOCKED,C6,D4,28101,64,46,0,0.0,DOES_NOT_INTERFERE,DOES_NOT_INTERFERE,False,False,True
v1__scene_fc_blocked_v01__L2__C6_D4__r01_s28101,scene_fc_blocked_v01,FC_BLOCKED,C6,D4,28101,64,59,0,0.0,DOES_NOT_INTERFERE,DOES_NOT_INTERFERE,False,False,True
v1__scene_fc_blocked_v01__L2__C6_D4__r02_s28102,scene_fc_blocked_v01,FC_BLOCKED,C6,D4,28102,64,40,0,0.0,DOES_NOT_INTERFERE,INTERFERES,False,True,False
v1__scene_fc_blocked_v01__L2__C6_D4__r02_s28102,scene_fc_blocked_v01,FC_BLOCKED,C6,D4,28102,64,46,0,0.0,DOES_NOT_INTERFERE,DOES_NOT_INTERFERE,False,False,True
v1__scene_fc_blocked_v01__L2__C6_D4__r02_s28102,scene_fc_blocked_v01,FC_BLOCKED,C6,D4,28102,64,59,0,0.0,DOES_NOT_INTERFERE,DOES_NOT_INTERFERE,False,False,True
v1__scene_fc_blocked_v01__L2__C6_D4__r03_s28103,scene_fc_blocked_v01,FC_BLOCKED,C6,D4,28103,64,40,0,0.0,DOES_NOT_INTERFERE,INTERFERES,False,True,False
v1__scene_fc_blocked_v01__L2__C6_D4__r03_s28103,scene_fc_blocked_v01,FC_BLOCKED,C6,D4,28103,64,46,0,0.0,DOES_NOT_INTERFERE,DOES_NOT_INTERFERE,False,False,True
v1__scene_fc_blocked_v01__L2__C6_D4__r03_s28103,scene_fc_blocked_v01,FC_BLOCKED,C6,D4,28103,64,59,0,0.0,DOES_NOT_INTERFERE,DOES_NOT_INTERFERE,False,False,True
v1__scene_fc_blocked_v01__L2__C6_D4__r04_s28104,scene_fc_blocked_v01,FC_BLOCKED,C6,D4,28104,64,40,0,0.0,DOES_NOT_INTERFERE,INTERFERES,False,True,False
v1__scene_fc_blocked_v01__L2__C6_D4__r04_s28104,scene_fc_blocked_v01,FC_BLOCKED,C6,D4,28104,64,46,0,0.0,DOES_NOT_INTERFERE,DOES_NOT_INTERFERE,False,False,True
v1__scene_fc_blocked_v01__L2__C6_D4__r04_s28104,scene_fc_blocked_v01,FC_BLOCKED,C6,D4,28104,64,59,0,0.0,DOES_NOT_INTERFERE,DOES_NOT_INTERFERE,False,False,True
v1__scene_fc_blocked_v01__L2__C6_D4__r05_s28105,scene_fc_blocked_v01,FC_BLOCKED,C6,D4,28105,64,40,0,0.0,DOES_NOT_INTERFERE,INTERFERES,False,True,False
v1__scene_fc_blocked_v01__L2__C6_D4__r05_s28105,scene_fc_blocked_v01,FC_BLOCKED,C6,D4,28105,64,46,0,0.0,DOES_NOT_INTERFERE,DOES_NOT_INTERFERE,False,False,True
v1__scene_fc_blocked_v01__L2__C6_D4__r05_s28105,scene_fc_blocked_v01,FC_BLOCKED,C6,D4,28105,64,59,0,0.0,DOES_NOT_INTERFERE,DOES_NOT_INTERFERE,False,False,True
v1__scene_fc_blocked_v01__L2__C6_D8__r01_s28101,scene_fc_blocked_v01,FC_BLOCKED,C6,D8,28101,64,40,0,0.0,DOES_NOT_INTERFERE,INTERFERES,False,True,False
v1__scene_fc_blocked_v01__L2__C6_D8__r01_s28101,scene_fc_blocked_v01,FC_BLOCKED,C6,D8,28101,64,46,0,0.0,DOES_NOT_INTERFERE,DOES_NOT_INTERFERE,False,False,True
v1__scene_fc_blocked_v01__L2__C6_D8__r01_s28101,scene_fc_blocked_v01,FC_BLOCKED,C6,D8,28101,64,59,0,0.0,DOES_NOT_INTERFERE,DOES_NOT_INTERFERE,False,False,True
v1__scene_fc_blocked_v01__L2__C6_D8__r02_s28102,scene_fc_blocked_v01,FC_BLOCKED,C6,D8,28102,64,40,0,0.0,DOES_NOT_INTERFERE,INTERFERES,False,True,False
v1__scene_fc_blocked_v01__L2__C6_D8__r02_s28102,scene_fc_blocked_v01,FC_BLOCKED,C6,D8,28102,64,46,0,0.0,DOES_NOT_INTERFERE,DOES_NOT_INTERFERE,False,False,True
v1__scene_fc_blocked_v01__L2__C6_D8__r02_s28102,scene_fc_blocked_v01,FC_BLOCKED,C6,D8,28102,64,59,0,0.0,DOES_NOT_INTERFERE,DOES_NOT_INTERFERE,False,False,True
v1__scene_fc_blocked_v01__L2__C6_D8__r03_s28103,scene_fc_blocked_v01,FC_BLOCKED,C6,D8,28103,64,40,0,0.0,DOES_NOT_INTERFERE,INTERFERES,False,True,False
v1__scene_fc_blocked_v01__L2__C6_D8__r03_s28103,scene_fc_blocked_v01,FC_BLOCKED,C6,D8,28103,64,46,0,0.0,DOES_NOT_INTERFERE,DOES_NOT_INTERFERE,False,False,True
v1__scene_fc_blocked_v01__L2__C6_D8__r03_s28103,scene_fc_blocked_v01,FC_BLOCKED,C6,D8,28103,64,59,0,0.0,DOES_NOT_INTERFERE,DOES_NOT_INTERFERE,False,False,True
v1__scene_fc_blocked_v01__L2__C6_D8__r04_s28104,scene_fc_blocked_v01,FC_BLOCKED,C6,D8,28104,64,40,0,0.0,DOES_NOT_INTERFERE,INTERFERES,False,True,False
v1__scene_fc_blocked_v01__L2__C6_D8__r04_s28104,scene_fc_blocked_v01,FC_BLOCKED,C6,D8,28104,64,46,0,0.0,DOES_NOT_INTERFERE,DOES_NOT_INTERFERE,False,False,True
v1__scene_fc_blocked_v01__L2__C6_D8__r04_s28104,scene_fc_blocked_v01,FC_BLOCKED,C6,D8,28104,64,59,0,0.0,DOES_NOT_INTERFERE,DOES_NOT_INTERFERE,False,False,True
v1__scene_fc_blocked_v01__L2__C6_D8__r05_s28105,scene_fc_blocked_v01,FC_BLOCKED,C6,D8,28105,64,40,0,0.0,DOES_NOT_INTERFERE,INTERFERES,False,True,False
v1__scene_fc_blocked_v01__L2__C6_D8__r05_s28105,scene_fc_blocked_v01,FC_BLOCKED,C6,D8,28105,64,46,0,0.0,DOES_NOT_INTERFERE,DOES_NOT_INTERFERE,False,False,True
v1__scene_fc_blocked_v01__L2__C6_D8__r05_s28105,scene_fc_blocked_v01,FC_BLOCKED,C6,D8,28105,64,59,0,0.0,DOES_NOT_INTERFERE,DOES_NOT_INTERFERE,False,False,True
v1__scene_fc_blocked_v02__L2__C0_NA__r01_s28101,scene_fc_blocked_v02,FC_BLOCKED,C0,,28101,53,49,0,0.0,DOES_NOT_INTERFERE,INTERFERES,False,True,False
v1__scene_fc_blocked_v02__L2__C0_NA__r01_s28101,scene_fc_blocked_v02,FC_BLOCKED,C0,,28101,53,60,0,0.0,DOES_NOT_INTERFERE,DOES_NOT_INTERFERE,False,False,True
v1__scene_fc_blocked_v02__L2__C0_NA__r01_s28101,scene_fc_blocked_v02,FC_BLOCKED,C0,,28101,53,78,0,0.0,DOES_NOT_INTERFERE,DOES_NOT_INTERFERE,False,False,True
v1__scene_fc_blocked_v02__L2__C0_NA__r02_s28102,scene_fc_blocked_v02,FC_BLOCKED,C0,,28102,53,49,0,0.0,DOES_NOT_INTERFERE,INTERFERES,False,True,False
v1__scene_fc_blocked_v02__L2__C0_NA__r02_s28102,scene_fc_blocked_v02,FC_BLOCKED,C0,,28102,53,60,0,0.0,DOES_NOT_INTERFERE,DOES_NOT_INTERFERE,False,False,True
v1__scene_fc_blocked_v02__L2__C0_NA__r02_s28102,scene_fc_blocked_v02,FC_BLOCKED,C0,,28102,53,78,0,0.0,DOES_NOT_INTERFERE,DOES_NOT_INTERFERE,False,False,True
v1__scene_fc_blocked_v02__L2__C0_NA__r03_s28103,scene_fc_blocked_v02,FC_BLOCKED,C0,,28103,53,49,0,0.0,DOES_NOT_INTERFERE,INTERFERES,False,True,False
v1__scene_fc_blocked_v02__L2__C0_NA__r03_s28103,scene_fc_blocked_v02,FC_BLOCKED,C0,,28103,53,60,0,0.0,DOES_NOT_INTERFERE,DOES_NOT_INTERFERE,False,False,True
v1__scene_fc_blocked_v02__L2__C0_NA__r03_s28103,scene_fc_blocked_v02,FC_BLOCKED,C0,,28103,53,78,0,0.0,DOES_NOT_INTERFERE,DOES_NOT_INTERFERE,False,False,True
v1__scene_fc_blocked_v02__L2__C0_NA__r04_s28104,scene_fc_blocked_v02,FC_BLOCKED,C0,,28104,53,49,0,0.0,DOES_NOT_INTERFERE,INTERFERES,False,True,False
v1__scene_fc_blocked_v02__L2__C0_NA__r04_s28104,scene_fc_blocked_v02,FC_BLOCKED,C0,,28104,53,60,0,0.0,DOES_NOT_INTERFERE,DOES_NOT_INTERFERE,False,False,True
v1__scene_fc_blocked_v02__L2__C0_NA__r04_s28104,scene_fc_blocked_v02,FC_BLOCKED,C0,,28104,53,78,0,0.0,DOES_NOT_INTERFERE,DOES_NOT_INTERFERE,False,False,True
v1__scene_fc_blocked_v02__L2__C0_NA__r05_s28105,scene_fc_blocked_v02,FC_BLOCKED,C0,,28105,53,49,0,0.0,DOES_NOT_INTERFERE,INTERFERES,False,True,False
v1__scene_fc_blocked_v02__L2__C0_NA__r05_s28105,scene_fc_blocked_v02,FC_BLOCKED,C0,,28105,53,60,0,0.0,DOES_NOT_INTERFERE,DOES_NOT_INTERFERE,False,False,True
v1__scene_fc_blocked_v02__L2__C0_NA__r05_s28105,scene_fc_blocked_v02,FC_BLOCKED,C0,,28105,53,78,0,0.0,DOES_NOT_INTERFERE,DOES_NOT_INTERFERE,False,False,True
v1__scene_fc_blocked_v02__L2__C1_NA__r01_s28101,scene_fc_blocked_v02,FC_BLOCKED,C1,,28101,53,49,0,0.0,DOES_NOT_INTERFERE,INTERFERES,False,True,False
v1__scene_fc_blocked_v02__L2__C1_NA__r01_s28101,scene_fc_blocked_v02,FC_BLOCKED,C1,,28101,53,60,0,0.0,DOES_NOT_INTERFERE,DOES_NOT_INTERFERE,False,False,True
v1__scene_fc_blocked_v02__L2__C1_NA__r01_s28101,scene_fc_blocked_v02,FC_BLOCKED,C1,,28101,53,78,0,0.0,DOES_NOT_INTERFERE,DOES_NOT_INTERFERE,False,False,True
v1__scene_fc_blocked_v02__L2__C1_NA__r02_s28102,scene_fc_blocked_v02,FC_BLOCKED,C1,,28102,53,49,0,0.0,DOES_NOT_INTERFERE,INTERFERES,False,True,False
v1__scene_fc_blocked_v02__L2__C1_NA__r02_s28102,scene_fc_blocked_v02,FC_BLOCKED,C1,,28102,53,60,0,0.0,DOES_NOT_INTERFERE,DOES_NOT_INTERFERE,False,False,True
v1__scene_fc_blocked_v02__L2__C1_NA__r02_s28102,scene_fc_blocked_v02,FC_BLOCKED,C1,,28102,53,78,0,0.0,DOES_NOT_INTERFERE,DOES_NOT_INTERFERE,False,False,True
v1__scene_fc_blocked_v02__L2__C1_NA__r03_s28103,scene_fc_blocked_v02,FC_BLOCKED,C1,,28103,53,49,0,0.0,DOES_NOT_INTERFERE,INTERFERES,False,True,False
v1__scene_fc_blocked_v02__L2__C1_NA__r03_s28103,scene_fc_blocked_v02,FC_BLOCKED,C1,,28103,53,60,0,0.0,DOES_NOT_INTERFERE,DOES_NOT_INTERFERE,False,False,True
v1__scene_fc_blocked_v02__L2__C1_NA__r03_s28103,scene_fc_blocked_v02,FC_BLOCKED,C1,,28103,53,78,0,0.0,DOES_NOT_INTERFERE,DOES_NOT_INTERFERE,False,False,True
v1__scene_fc_blocked_v02__L2__C1_NA__r04_s28104,scene_fc_blocked_v02,FC_BLOCKED,C1,,28104,53,49,0,0.0,DOES_NOT_INTERFERE,INTERFERES,False,True,False
v1__scene_fc_blocked_v02__L2__C1_NA__r04_s28104,scene_fc_blocked_v02,FC_BLOCKED,C1,,28104,53,60,0,0.0,DOES_NOT_INTERFERE,DOES_NOT_INTERFERE,False,False,True
v1__scene_fc_blocked_v02__L2__C1_NA__r04_s28104,scene_fc_blocked_v02,FC_BLOCKED,C1,,28104,53,78,0,0.0,DOES_NOT_INTERFERE,DOES_NOT_INTERFERE,False,False,True
v1__scene_fc_blocked_v02__L2__C1_NA__r05_s28105,scene_fc_blocked_v02,FC_BLOCKED,C1,,28105,53,49,0,0.0,DOES_NOT_INTERFERE,INTERFERES,False,True,False
v1__scene_fc_blocked_v02__L2__C1_NA__r05_s28105,scene_fc_blocked_v02,FC_BLOCKED,C1,,28105,53,60,0,0.0,DOES_NOT_INTERFERE,DOES_NOT_INTERFERE,False,False,True
v1__scene_fc_blocked_v02__L2__C1_NA__r05_s28105,scene_fc_blocked_v02,FC_BLOCKED,C1,,28105,53,78,0,0.0,DOES_NOT_INTERFERE,DOES_NOT_INTERFERE,False,False,True
v1__scene_fc_blocked_v02__L2__C2_D4__r01_s28101,scene_fc_blocked_v02,FC_BLOCKED,C2,D4,28101,53,49,0,0.0,DOES_NOT_INTERFERE,INTERFERES,False,True,False
v1__scene_fc_blocked_v02__L2__C2_D4__r01_s28101,scene_fc_blocked_v02,FC_BLOCKED,C2,D4,28101,53,60,0,0.0,DOES_NOT_INTERFERE,DOES_NOT_INTERFERE,False,False,True
v1__scene_fc_blocked_v02__L2__C2_D4__r01_s28101,scene_fc_blocked_v02,FC_BLOCKED,C2,D4,28101,53,78,0,0.0,DOES_NOT_INTERFERE,DOES_NOT_INTERFERE,False,False,True
v1__scene_fc_blocked_v02__L2__C2_D4__r02_s28102,scene_fc_blocked_v02,FC_BLOCKED,C2,D4,28102,53,49,0,0.0,DOES_NOT_INTERFERE,INTERFERES,False,True,False
v1__scene_fc_blocked_v02__L2__C2_D4__r02_s28102,scene_fc_blocked_v02,FC_BLOCKED,C2,D4,28102,53,60,0,0.0,DOES_NOT_INTERFERE,DOES_NOT_INTERFERE,False,False,True
v1__scene_fc_blocked_v02__L2__C2_D4__r02_s28102,scene_fc_blocked_v02,FC_BLOCKED,C2,D4,28102,53,78,0,0.0,DOES_NOT_INTERFERE,DOES_NOT_INTERFERE,False,False,True
v1__scene_fc_blocked_v02__L2__C2_D4__r03_s28103,scene_fc_blocked_v02,FC_BLOCKED,C2,D4,28103,53,49,0,0.0,DOES_NOT_INTERFERE,INTERFERES,False,True,False
v1__scene_fc_blocked_v02__L2__C2_D4__r03_s28103,scene_fc_blocked_v02,FC_BLOCKED,C2,D4,28103,53,60,0,0.0,DOES_NOT_INTERFERE,DOES_NOT_INTERFERE,False,False,True
v1__scene_fc_blocked_v02__L2__C2_D4__r03_s28103,scene_fc_blocked_v02,FC_BLOCKED,C2,D4,28103,53,78,0,0.0,DOES_NOT_INTERFERE,DOES_NOT_INTERFERE,False,False,True
v1__scene_fc_blocked_v02__L2__C2_D4__r04_s28104,scene_fc_blocked_v02,FC_BLOCKED,C2,D4,28104,53,49,0,0.0,DOES_NOT_INTERFERE,INTERFERES,False,True,False
v1__scene_fc_blocked_v02__L2__C2_D4__r04_s28104,scene_fc_blocked_v02,FC_BLOCKED,C2,D4,28104,53,60,0,0.0,DOES_NOT_INTERFERE,DOES_NOT_INTERFERE,False,False,True
v1__scene_fc_blocked_v02__L2__C2_D4__r04_s28104,scene_fc_blocked_v02,FC_BLOCKED,C2,D4,28104,53,78,0,0.0,DOES_NOT_INTERFERE,DOES_NOT_INTERFERE,False,False,True
v1__scene_fc_blocked_v02__L2__C2_D4__r05_s28105,scene_fc_blocked_v02,FC_BLOCKED,C2,D4,28105,53,49,0,0.0,DOES_NOT_INTERFERE,INTERFERES,False,True,False
v1__scene_fc_blocked_v02__L2__C2_D4__r05_s28105,scene_fc_blocked_v02,FC_BLOCKED,C2,D4,28105,53,60,0,0.0,DOES_NOT_INTERFERE,DOES_NOT_INTERFERE,False,False,True
v1__scene_fc_blocked_v02__L2__C2_D4__r05_s28105,scene_fc_blocked_v02,FC_BLOCKED,C2,D4,28105,53,78,0,0.0,DOES_NOT_INTERFERE,DOES_NOT_INTERFERE,False,False,True
v1__scene_fc_blocked_v02__L2__C2_D8__r01_s28101,scene_fc_blocked_v02,FC_BLOCKED,C2,D8,28101,53,49,0,0.0,DOES_NOT_INTERFERE,INTERFERES,False,True,False
v1__scene_fc_blocked_v02__L2__C2_D8__r01_s28101,scene_fc_blocked_v02,FC_BLOCKED,C2,D8,28101,53,60,0,0.0,DOES_NOT_INTERFERE,DOES_NOT_INTERFERE,False,False,True
v1__scene_fc_blocked_v02__L2__C2_D8__r01_s28101,scene_fc_blocked_v02,FC_BLOCKED,C2,D8,28101,53,78,0,0.0,DOES_NOT_INTERFERE,DOES_NOT_INTERFERE,False,False,True
v1__scene_fc_blocked_v02__L2__C2_D8__r02_s28102,scene_fc_blocked_v02,FC_BLOCKED,C2,D8,28102,53,49,0,0.0,DOES_NOT_INTERFERE,INTERFERES,False,True,False
v1__scene_fc_blocked_v02__L2__C2_D8__r02_s28102,scene_fc_blocked_v02,FC_BLOCKED,C2,D8,28102,53,60,0,0.0,DOES_NOT_INTERFERE,DOES_NOT_INTERFERE,False,False,True
v1__scene_fc_blocked_v02__L2__C2_D8__r02_s28102,scene_fc_blocked_v02,FC_BLOCKED,C2,D8,28102,53,78,0,0.0,DOES_NOT_INTERFERE,DOES_NOT_INTERFERE,False,False,True
v1__scene_fc_blocked_v02__L2__C2_D8__r03_s28103,scene_fc_blocked_v02,FC_BLOCKED,C2,D8,28103,53,49,0,0.0,DOES_NOT_INTERFERE,INTERFERES,False,True,False
v1__scene_fc_blocked_v02__L2__C2_D8__r03_s28103,scene_fc_blocked_v02,FC_BLOCKED,C2,D8,28103,53,60,0,0.0,DOES_NOT_INTERFERE,DOES_NOT_INTERFERE,False,False,True
v1__scene_fc_blocked_v02__L2__C2_D8__r03_s28103,scene_fc_blocked_v02,FC_BLOCKED,C2,D8,28103,53,78,0,0.0,DOES_NOT_INTERFERE,DOES_NOT_INTERFERE,False,False,True
v1__scene_fc_blocked_v02__L2__C2_D8__r04_s28104,scene_fc_blocked_v02,FC_BLOCKED,C2,D8,28104,53,49,0,0.0,DOES_NOT_INTERFERE,INTERFERES,False,True,False
v1__scene_fc_blocked_v02__L2__C2_D8__r04_s28104,scene_fc_blocked_v02,FC_BLOCKED,C2,D8,28104,53,60,0,0.0,DOES_NOT_INTERFERE,DOES_NOT_INTERFERE,False,False,True
v1__scene_fc_blocked_v02__L2__C2_D8__r04_s28104,scene_fc_blocked_v02,FC_BLOCKED,C2,D8,28104,53,78,0,0.0,DOES_NOT_INTERFERE,DOES_NOT_INTERFERE,False,False,True
v1__scene_fc_blocked_v02__L2__C2_D8__r05_s28105,scene_fc_blocked_v02,FC_BLOCKED,C2,D8,28105,53,49,0,0.0,DOES_NOT_INTERFERE,INTERFERES,False,True,False
v1__scene_fc_blocked_v02__L2__C2_D8__r05_s28105,scene_fc_blocked_v02,FC_BLOCKED,C2,D8,28105,53,60,0,0.0,DOES_NOT_INTERFERE,DOES_NOT_INTERFERE,False,False,True
v1__scene_fc_blocked_v02__L2__C2_D8__r05_s28105,scene_fc_blocked_v02,FC_BLOCKED,C2,D8,28105,53,78,0,0.0,DOES_NOT_INTERFERE,DOES_NOT_INTERFERE,False,False,True
v1__scene_fc_blocked_v02__L2__C3_D4__r01_s28101,scene_fc_blocked_v02,FC_BLOCKED,C3,D4,28101,53,49,0,0.0,DOES_NOT_INTERFERE,INTERFERES,False,True,False
v1__scene_fc_blocked_v02__L2__C3_D4__r01_s28101,scene_fc_blocked_v02,FC_BLOCKED,C3,D4,28101,53,60,0,0.0,DOES_NOT_INTERFERE,DOES_NOT_INTERFERE,False,False,True
v1__scene_fc_blocked_v02__L2__C3_D4__r01_s28101,scene_fc_blocked_v02,FC_BLOCKED,C3,D4,28101,53,78,0,0.0,DOES_NOT_INTERFERE,DOES_NOT_INTERFERE,False,False,True
v1__scene_fc_blocked_v02__L2__C3_D4__r02_s28102,scene_fc_blocked_v02,FC_BLOCKED,C3,D4,28102,53,49,0,0.0,DOES_NOT_INTERFERE,INTERFERES,False,True,False
v1__scene_fc_blocked_v02__L2__C3_D4__r02_s28102,scene_fc_blocked_v02,FC_BLOCKED,C3,D4,28102,53,60,0,0.0,DOES_NOT_INTERFERE,DOES_NOT_INTERFERE,False,False,True
v1__scene_fc_blocked_v02__L2__C3_D4__r02_s28102,scene_fc_blocked_v02,FC_BLOCKED,C3,D4,28102,53,78,0,0.0,DOES_NOT_INTERFERE,DOES_NOT_INTERFERE,False,False,True
v1__scene_fc_blocked_v02__L2__C3_D4__r03_s28103,scene_fc_blocked_v02,FC_BLOCKED,C3,D4,28103,53,49,0,0.0,DOES_NOT_INTERFERE,INTERFERES,False,True,False
v1__scene_fc_blocked_v02__L2__C3_D4__r03_s28103,scene_fc_blocked_v02,FC_BLOCKED,C3,D4,28103,53,60,0,0.0,DOES_NOT_INTERFERE,DOES_NOT_INTERFERE,False,False,True
v1__scene_fc_blocked_v02__L2__C3_D4__r03_s28103,scene_fc_blocked_v02,FC_BLOCKED,C3,D4,28103,53,78,0,0.0,DOES_NOT_INTERFERE,DOES_NOT_INTERFERE,False,False,True
v1__scene_fc_blocked_v02__L2__C3_D4__r04_s28104,scene_fc_blocked_v02,FC_BLOCKED,C3,D4,28104,53,49,0,0.0,DOES_NOT_INTERFERE,INTERFERES,False,True,False
v1__scene_fc_blocked_v02__L2__C3_D4__r04_s28104,scene_fc_blocked_v02,FC_BLOCKED,C3,D4,28104,53,60,0,0.0,DOES_NOT_INTERFERE,DOES_NOT_INTERFERE,False,False,True
v1__scene_fc_blocked_v02__L2__C3_D4__r04_s28104,scene_fc_blocked_v02,FC_BLOCKED,C3,D4,28104,53,78,0,0.0,DOES_NOT_INTERFERE,DOES_NOT_INTERFERE,False,False,True
v1__scene_fc_blocked_v02__L2__C3_D4__r05_s28105,scene_fc_blocked_v02,FC_BLOCKED,C3,D4,28105,53,49,0,0.0,DOES_NOT_INTERFERE,INTERFERES,False,True,False
v1__scene_fc_blocked_v02__L2__C3_D4__r05_s28105,scene_fc_blocked_v02,FC_BLOCKED,C3,D4,28105,53,60,0,0.0,DOES_NOT_INTERFERE,DOES_NOT_INTERFERE,False,False,True
v1__scene_fc_blocked_v02__L2__C3_D4__r05_s28105,scene_fc_blocked_v02,FC_BLOCKED,C3,D4,28105,53,78,0,0.0,DOES_NOT_INTERFERE,DOES_NOT_INTERFERE,False,False,True
v1__scene_fc_blocked_v02__L2__C3_D8__r01_s28101,scene_fc_blocked_v02,FC_BLOCKED,C3,D8,28101,53,49,0,0.0,DOES_NOT_INTERFERE,INTERFERES,False,True,False
v1__scene_fc_blocked_v02__L2__C3_D8__r01_s28101,scene_fc_blocked_v02,FC_BLOCKED,C3,D8,28101,53,60,0,0.0,DOES_NOT_INTERFERE,DOES_NOT_INTERFERE,False,False,True
v1__scene_fc_blocked_v02__L2__C3_D8__r01_s28101,scene_fc_blocked_v02,FC_BLOCKED,C3,D8,28101,53,78,0,0.0,DOES_NOT_INTERFERE,DOES_NOT_INTERFERE,False,False,True
v1__scene_fc_blocked_v02__L2__C3_D8__r02_s28102,scene_fc_blocked_v02,FC_BLOCKED,C3,D8,28102,53,49,0,0.0,DOES_NOT_INTERFERE,INTERFERES,False,True,False
v1__scene_fc_blocked_v02__L2__C3_D8__r02_s28102,scene_fc_blocked_v02,FC_BLOCKED,C3,D8,28102,53,60,0,0.0,DOES_NOT_INTERFERE,DOES_NOT_INTERFERE,False,False,True
v1__scene_fc_blocked_v02__L2__C3_D8__r02_s28102,scene_fc_blocked_v02,FC_BLOCKED,C3,D8,28102,53,78,0,0.0,DOES_NOT_INTERFERE,DOES_NOT_INTERFERE,False,False,True
v1__scene_fc_blocked_v02__L2__C3_D8__r03_s28103,scene_fc_blocked_v02,FC_BLOCKED,C3,D8,28103,53,49,0,0.0,DOES_NOT_INTERFERE,INTERFERES,False,True,False
v1__scene_fc_blocked_v02__L2__C3_D8__r03_s28103,scene_fc_blocked_v02,FC_BLOCKED,C3,D8,28103,53,60,0,0.0,DOES_NOT_INTERFERE,DOES_NOT_INTERFERE,False,False,True
v1__scene_fc_blocked_v02__L2__C3_D8__r03_s28103,scene_fc_blocked_v02,FC_BLOCKED,C3,D8,28103,53,78,0,0.0,DOES_NOT_INTERFERE,DOES_NOT_INTERFERE,False,False,True
v1__scene_fc_blocked_v02__L2__C3_D8__r04_s28104,scene_fc_blocked_v02,FC_BLOCKED,C3,D8,28104,53,49,0,0.0,DOES_NOT_INTERFERE,INTERFERES,False,True,False
v1__scene_fc_blocked_v02__L2__C3_D8__r04_s28104,scene_fc_blocked_v02,FC_BLOCKED,C3,D8,28104,53,60,0,0.0,DOES_NOT_INTERFERE,DOES_NOT_INTERFERE,False,False,True
v1__scene_fc_blocked_v02__L2__C3_D8__r04_s28104,scene_fc_blocked_v02,FC_BLOCKED,C3,D8,28104,53,78,0,0.0,DOES_NOT_INTERFERE,DOES_NOT_INTERFERE,False,False,True
v1__scene_fc_blocked_v02__L2__C3_D8__r05_s28105,scene_fc_blocked_v02,FC_BLOCKED,C3,D8,28105,53,49,0,0.0,DOES_NOT_INTERFERE,INTERFERES,False,True,False
v1__scene_fc_blocked_v02__L2__C3_D8__r05_s28105,scene_fc_blocked_v02,FC_BLOCKED,C3,D8,28105,53,60,0,0.0,DOES_NOT_INTERFERE,DOES_NOT_INTERFERE,False,False,True
v1__scene_fc_blocked_v02__L2__C3_D8__r05_s28105,scene_fc_blocked_v02,FC_BLOCKED,C3,D8,28105,53,78,0,0.0,DOES_NOT_INTERFERE,DOES_NOT_INTERFERE,False,False,True
v1__scene_fc_blocked_v02__L2__C4_D4__r01_s28101,scene_fc_blocked_v02,FC_BLOCKED,C4,D4,28101,53,49,0,0.0,DOES_NOT_INTERFERE,INTERFERES,False,True,False
v1__scene_fc_blocked_v02__L2__C4_D4__r01_s28101,scene_fc_blocked_v02,FC_BLOCKED,C4,D4,28101,53,60,0,0.0,DOES_NOT_INTERFERE,DOES_NOT_INTERFERE,False,False,True
v1__scene_fc_blocked_v02__L2__C4_D4__r01_s28101,scene_fc_blocked_v02,FC_BLOCKED,C4,D4,28101,53,78,0,0.0,DOES_NOT_INTERFERE,DOES_NOT_INTERFERE,False,False,True
v1__scene_fc_blocked_v02__L2__C4_D4__r02_s28102,scene_fc_blocked_v02,FC_BLOCKED,C4,D4,28102,53,49,0,0.0,DOES_NOT_INTERFERE,INTERFERES,False,True,False
v1__scene_fc_blocked_v02__L2__C4_D4__r02_s28102,scene_fc_blocked_v02,FC_BLOCKED,C4,D4,28102,53,60,0,0.0,DOES_NOT_INTERFERE,DOES_NOT_INTERFERE,False,False,True
v1__scene_fc_blocked_v02__L2__C4_D4__r02_s28102,scene_fc_blocked_v02,FC_BLOCKED,C4,D4,28102,53,78,0,0.0,DOES_NOT_INTERFERE,DOES_NOT_INTERFERE,False,False,True
v1__scene_fc_blocked_v02__L2__C4_D4__r03_s28103,scene_fc_blocked_v02,FC_BLOCKED,C4,D4,28103,53,49,0,0.0,DOES_NOT_INTERFERE,INTERFERES,False,True,False
v1__scene_fc_blocked_v02__L2__C4_D4__r03_s28103,scene_fc_blocked_v02,FC_BLOCKED,C4,D4,28103,53,60,0,0.0,DOES_NOT_INTERFERE,DOES_NOT_INTERFERE,False,False,True
v1__scene_fc_blocked_v02__L2__C4_D4__r03_s28103,scene_fc_blocked_v02,FC_BLOCKED,C4,D4,28103,53,78,0,0.0,DOES_NOT_INTERFERE,DOES_NOT_INTERFERE,False,False,True
v1__scene_fc_blocked_v02__L2__C4_D4__r04_s28104,scene_fc_blocked_v02,FC_BLOCKED,C4,D4,28104,53,49,0,0.0,DOES_NOT_INTERFERE,INTERFERES,False,True,False
v1__scene_fc_blocked_v02__L2__C4_D4__r04_s28104,scene_fc_blocked_v02,FC_BLOCKED,C4,D4,28104,53,60,0,0.0,DOES_NOT_INTERFERE,DOES_NOT_INTERFERE,False,False,True
v1__scene_fc_blocked_v02__L2__C4_D4__r04_s28104,scene_fc_blocked_v02,FC_BLOCKED,C4,D4,28104,53,78,0,0.0,DOES_NOT_INTERFERE,DOES_NOT_INTERFERE,False,False,True
v1__scene_fc_blocked_v02__L2__C4_D4__r05_s28105,scene_fc_blocked_v02,FC_BLOCKED,C4,D4,28105,53,49,0,0.0,DOES_NOT_INTERFERE,INTERFERES,False,True,False
v1__scene_fc_blocked_v02__L2__C4_D4__r05_s28105,scene_fc_blocked_v02,FC_BLOCKED,C4,D4,28105,53,60,0,0.0,DOES_NOT_INTERFERE,DOES_NOT_INTERFERE,False,False,True
v1__scene_fc_blocked_v02__L2__C4_D4__r05_s28105,scene_fc_blocked_v02,FC_BLOCKED,C4,D4,28105,53,78,0,0.0,DOES_NOT_INTERFERE,DOES_NOT_INTERFERE,False,False,True
v1__scene_fc_blocked_v02__L2__C4_D8__r01_s28101,scene_fc_blocked_v02,FC_BLOCKED,C4,D8,28101,53,49,0,0.0,DOES_NOT_INTERFERE,INTERFERES,False,True,False
v1__scene_fc_blocked_v02__L2__C4_D8__r01_s28101,scene_fc_blocked_v02,FC_BLOCKED,C4,D8,28101,53,60,0,0.0,DOES_NOT_INTERFERE,DOES_NOT_INTERFERE,False,False,True
v1__scene_fc_blocked_v02__L2__C4_D8__r01_s28101,scene_fc_blocked_v02,FC_BLOCKED,C4,D8,28101,53,78,0,0.0,DOES_NOT_INTERFERE,DOES_NOT_INTERFERE,False,False,True
v1__scene_fc_blocked_v02__L2__C4_D8__r02_s28102,scene_fc_blocked_v02,FC_BLOCKED,C4,D8,28102,53,49,0,0.0,DOES_NOT_INTERFERE,INTERFERES,False,True,False
v1__scene_fc_blocked_v02__L2__C4_D8__r02_s28102,scene_fc_blocked_v02,FC_BLOCKED,C4,D8,28102,53,60,0,0.0,DOES_NOT_INTERFERE,DOES_NOT_INTERFERE,False,False,True
v1__scene_fc_blocked_v02__L2__C4_D8__r02_s28102,scene_fc_blocked_v02,FC_BLOCKED,C4,D8,28102,53,78,0,0.0,DOES_NOT_INTERFERE,DOES_NOT_INTERFERE,False,False,True
v1__scene_fc_blocked_v02__L2__C4_D8__r03_s28103,scene_fc_blocked_v02,FC_BLOCKED,C4,D8,28103,53,49,0,0.0,DOES_NOT_INTERFERE,INTERFERES,False,True,False
v1__scene_fc_blocked_v02__L2__C4_D8__r03_s28103,scene_fc_blocked_v02,FC_BLOCKED,C4,D8,28103,53,60,0,0.0,DOES_NOT_INTERFERE,DOES_NOT_INTERFERE,False,False,True
v1__scene_fc_blocked_v02__L2__C4_D8__r03_s28103,scene_fc_blocked_v02,FC_BLOCKED,C4,D8,28103,53,78,0,0.0,DOES_NOT_INTERFERE,DOES_NOT_INTERFERE,False,False,True
v1__scene_fc_blocked_v02__L2__C4_D8__r04_s28104,scene_fc_blocked_v02,FC_BLOCKED,C4,D8,28104,53,49,0,0.0,DOES_NOT_INTERFERE,INTERFERES,False,True,False
v1__scene_fc_blocked_v02__L2__C4_D8__r04_s28104,scene_fc_blocked_v02,FC_BLOCKED,C4,D8,28104,53,60,0,0.0,DOES_NOT_INTERFERE,DOES_NOT_INTERFERE,False,False,True
v1__scene_fc_blocked_v02__L2__C4_D8__r04_s28104,scene_fc_blocked_v02,FC_BLOCKED,C4,D8,28104,53,78,0,0.0,DOES_NOT_INTERFERE,DOES_NOT_INTERFERE,False,False,True
v1__scene_fc_blocked_v02__L2__C4_D8__r05_s28105,scene_fc_blocked_v02,FC_BLOCKED,C4,D8,28105,53,49,0,0.0,DOES_NOT_INTERFERE,INTERFERES,False,True,False
v1__scene_fc_blocked_v02__L2__C4_D8__r05_s28105,scene_fc_blocked_v02,FC_BLOCKED,C4,D8,28105,53,60,0,0.0,DOES_NOT_INTERFERE,DOES_NOT_INTERFERE,False,False,True
v1__scene_fc_blocked_v02__L2__C4_D8__r05_s28105,scene_fc_blocked_v02,FC_BLOCKED,C4,D8,28105,53,78,0,0.0,DOES_NOT_INTERFERE,DOES_NOT_INTERFERE,False,False,True
v1__scene_fc_blocked_v02__L2__C5_D4__r01_s28101,scene_fc_blocked_v02,FC_BLOCKED,C5,D4,28101,53,49,0,0.0,DOES_NOT_INTERFERE,INTERFERES,False,True,False
v1__scene_fc_blocked_v02__L2__C5_D4__r01_s28101,scene_fc_blocked_v02,FC_BLOCKED,C5,D4,28101,53,60,0,0.0,DOES_NOT_INTERFERE,DOES_NOT_INTERFERE,False,False,True
v1__scene_fc_blocked_v02__L2__C5_D4__r01_s28101,scene_fc_blocked_v02,FC_BLOCKED,C5,D4,28101,53,78,0,0.0,DOES_NOT_INTERFERE,DOES_NOT_INTERFERE,False,False,True
v1__scene_fc_blocked_v02__L2__C5_D4__r02_s28102,scene_fc_blocked_v02,FC_BLOCKED,C5,D4,28102,53,49,0,0.0,DOES_NOT_INTERFERE,INTERFERES,False,True,False
v1__scene_fc_blocked_v02__L2__C5_D4__r02_s28102,scene_fc_blocked_v02,FC_BLOCKED,C5,D4,28102,53,60,0,0.0,DOES_NOT_INTERFERE,DOES_NOT_INTERFERE,False,False,True
v1__scene_fc_blocked_v02__L2__C5_D4__r02_s28102,scene_fc_blocked_v02,FC_BLOCKED,C5,D4,28102,53,78,0,0.0,DOES_NOT_INTERFERE,DOES_NOT_INTERFERE,False,False,True
v1__scene_fc_blocked_v02__L2__C5_D4__r03_s28103,scene_fc_blocked_v02,FC_BLOCKED,C5,D4,28103,53,49,0,0.0,DOES_NOT_INTERFERE,INTERFERES,False,True,False
v1__scene_fc_blocked_v02__L2__C5_D4__r03_s28103,scene_fc_blocked_v02,FC_BLOCKED,C5,D4,28103,53,60,0,0.0,DOES_NOT_INTERFERE,DOES_NOT_INTERFERE,False,False,True
v1__scene_fc_blocked_v02__L2__C5_D4__r03_s28103,scene_fc_blocked_v02,FC_BLOCKED,C5,D4,28103,53,78,0,0.0,DOES_NOT_INTERFERE,DOES_NOT_INTERFERE,False,False,True
v1__scene_fc_blocked_v02__L2__C5_D4__r04_s28104,scene_fc_blocked_v02,FC_BLOCKED,C5,D4,28104,53,49,0,0.0,DOES_NOT_INTERFERE,INTERFERES,False,True,False
v1__scene_fc_blocked_v02__L2__C5_D4__r04_s28104,scene_fc_blocked_v02,FC_BLOCKED,C5,D4,28104,53,60,0,0.0,DOES_NOT_INTERFERE,DOES_NOT_INTERFERE,False,False,True
v1__scene_fc_blocked_v02__L2__C5_D4__r04_s28104,scene_fc_blocked_v02,FC_BLOCKED,C5,D4,28104,53,78,0,0.0,DOES_NOT_INTERFERE,DOES_NOT_INTERFERE,False,False,True
v1__scene_fc_blocked_v02__L2__C5_D4__r05_s28105,scene_fc_blocked_v02,FC_BLOCKED,C5,D4,28105,53,49,0,0.0,DOES_NOT_INTERFERE,INTERFERES,False,True,False
v1__scene_fc_blocked_v02__L2__C5_D4__r05_s28105,scene_fc_blocked_v02,FC_BLOCKED,C5,D4,28105,53,60,0,0.0,DOES_NOT_INTERFERE,DOES_NOT_INTERFERE,False,False,True
v1__scene_fc_blocked_v02__L2__C5_D4__r05_s28105,scene_fc_blocked_v02,FC_BLOCKED,C5,D4,28105,53,78,0,0.0,DOES_NOT_INTERFERE,DOES_NOT_INTERFERE,False,False,True
v1__scene_fc_blocked_v02__L2__C5_D8__r01_s28101,scene_fc_blocked_v02,FC_BLOCKED,C5,D8,28101,53,49,0,0.0,DOES_NOT_INTERFERE,INTERFERES,False,True,False
v1__scene_fc_blocked_v02__L2__C5_D8__r01_s28101,scene_fc_blocked_v02,FC_BLOCKED,C5,D8,28101,53,60,0,0.0,DOES_NOT_INTERFERE,DOES_NOT_INTERFERE,False,False,True
v1__scene_fc_blocked_v02__L2__C5_D8__r01_s28101,scene_fc_blocked_v02,FC_BLOCKED,C5,D8,28101,53,78,0,0.0,DOES_NOT_INTERFERE,DOES_NOT_INTERFERE,False,False,True
v1__scene_fc_blocked_v02__L2__C5_D8__r02_s28102,scene_fc_blocked_v02,FC_BLOCKED,C5,D8,28102,53,49,0,0.0,DOES_NOT_INTERFERE,INTERFERES,False,True,False
v1__scene_fc_blocked_v02__L2__C5_D8__r02_s28102,scene_fc_blocked_v02,FC_BLOCKED,C5,D8,28102,53,60,0,0.0,DOES_NOT_INTERFERE,DOES_NOT_INTERFERE,False,False,True
v1__scene_fc_blocked_v02__L2__C5_D8__r02_s28102,scene_fc_blocked_v02,FC_BLOCKED,C5,D8,28102,53,78,0,0.0,DOES_NOT_INTERFERE,DOES_NOT_INTERFERE,False,False,True
v1__scene_fc_blocked_v02__L2__C5_D8__r03_s28103,scene_fc_blocked_v02,FC_BLOCKED,C5,D8,28103,53,49,0,0.0,DOES_NOT_INTERFERE,INTERFERES,False,True,False
v1__scene_fc_blocked_v02__L2__C5_D8__r03_s28103,scene_fc_blocked_v02,FC_BLOCKED,C5,D8,28103,53,60,0,0.0,DOES_NOT_INTERFERE,DOES_NOT_INTERFERE,False,False,True
v1__scene_fc_blocked_v02__L2__C5_D8__r03_s28103,scene_fc_blocked_v02,FC_BLOCKED,C5,D8,28103,53,78,0,0.0,DOES_NOT_INTERFERE,DOES_NOT_INTERFERE,False,False,True
v1__scene_fc_blocked_v02__L2__C5_D8__r04_s28104,scene_fc_blocked_v02,FC_BLOCKED,C5,D8,28104,53,49,0,0.0,DOES_NOT_INTERFERE,INTERFERES,False,True,False
v1__scene_fc_blocked_v02__L2__C5_D8__r04_s28104,scene_fc_blocked_v02,FC_BLOCKED,C5,D8,28104,53,60,0,0.0,DOES_NOT_INTERFERE,DOES_NOT_INTERFERE,False,False,True
v1__scene_fc_blocked_v02__L2__C5_D8__r04_s28104,scene_fc_blocked_v02,FC_BLOCKED,C5,D8,28104,53,78,0,0.0,DOES_NOT_INTERFERE,DOES_NOT_INTERFERE,False,False,True
v1__scene_fc_blocked_v02__L2__C5_D8__r05_s28105,scene_fc_blocked_v02,FC_BLOCKED,C5,D8,28105,53,49,0,0.0,DOES_NOT_INTERFERE,INTERFERES,False,True,False
v1__scene_fc_blocked_v02__L2__C5_D8__r05_s28105,scene_fc_blocked_v02,FC_BLOCKED,C5,D8,28105,53,60,0,0.0,DOES_NOT_INTERFERE,DOES_NOT_INTERFERE,False,False,True
v1__scene_fc_blocked_v02__L2__C5_D8__r05_s28105,scene_fc_blocked_v02,FC_BLOCKED,C5,D8,28105,53,78,0,0.0,DOES_NOT_INTERFERE,DOES_NOT_INTERFERE,False,False,True
v1__scene_fc_blocked_v02__L2__C6_D4__r01_s28101,scene_fc_blocked_v02,FC_BLOCKED,C6,D4,28101,53,49,0,0.0,DOES_NOT_INTERFERE,INTERFERES,False,True,False
v1__scene_fc_blocked_v02__L2__C6_D4__r01_s28101,scene_fc_blocked_v02,FC_BLOCKED,C6,D4,28101,53,60,0,0.0,DOES_NOT_INTERFERE,DOES_NOT_INTERFERE,False,False,True
v1__scene_fc_blocked_v02__L2__C6_D4__r01_s28101,scene_fc_blocked_v02,FC_BLOCKED,C6,D4,28101,53,78,0,0.0,DOES_NOT_INTERFERE,DOES_NOT_INTERFERE,False,False,True
v1__scene_fc_blocked_v02__L2__C6_D4__r02_s28102,scene_fc_blocked_v02,FC_BLOCKED,C6,D4,28102,53,49,0,0.0,DOES_NOT_INTERFERE,INTERFERES,False,True,False
v1__scene_fc_blocked_v02__L2__C6_D4__r02_s28102,scene_fc_blocked_v02,FC_BLOCKED,C6,D4,28102,53,60,0,0.0,DOES_NOT_INTERFERE,DOES_NOT_INTERFERE,False,False,True
v1__scene_fc_blocked_v02__L2__C6_D4__r02_s28102,scene_fc_blocked_v02,FC_BLOCKED,C6,D4,28102,53,78,0,0.0,DOES_NOT_INTERFERE,DOES_NOT_INTERFERE,False,False,True
v1__scene_fc_blocked_v02__L2__C6_D4__r03_s28103,scene_fc_blocked_v02,FC_BLOCKED,C6,D4,28103,53,49,0,0.0,DOES_NOT_INTERFERE,INTERFERES,False,True,False
v1__scene_fc_blocked_v02__L2__C6_D4__r03_s28103,scene_fc_blocked_v02,FC_BLOCKED,C6,D4,28103,53,60,0,0.0,DOES_NOT_INTERFERE,DOES_NOT_INTERFERE,False,False,True
v1__scene_fc_blocked_v02__L2__C6_D4__r03_s28103,scene_fc_blocked_v02,FC_BLOCKED,C6,D4,28103,53,78,0,0.0,DOES_NOT_INTERFERE,DOES_NOT_INTERFERE,False,False,True
v1__scene_fc_blocked_v02__L2__C6_D4__r04_s28104,scene_fc_blocked_v02,FC_BLOCKED,C6,D4,28104,53,49,0,0.0,DOES_NOT_INTERFERE,INTERFERES,False,True,False
v1__scene_fc_blocked_v02__L2__C6_D4__r04_s28104,scene_fc_blocked_v02,FC_BLOCKED,C6,D4,28104,53,60,0,0.0,DOES_NOT_INTERFERE,DOES_NOT_INTERFERE,False,False,True
v1__scene_fc_blocked_v02__L2__C6_D4__r04_s28104,scene_fc_blocked_v02,FC_BLOCKED,C6,D4,28104,53,78,0,0.0,DOES_NOT_INTERFERE,DOES_NOT_INTERFERE,False,False,True
v1__scene_fc_blocked_v02__L2__C6_D4__r05_s28105,scene_fc_blocked_v02,FC_BLOCKED,C6,D4,28105,53,49,0,0.0,DOES_NOT_INTERFERE,INTERFERES,False,True,False
v1__scene_fc_blocked_v02__L2__C6_D4__r05_s28105,scene_fc_blocked_v02,FC_BLOCKED,C6,D4,28105,53,60,0,0.0,DOES_NOT_INTERFERE,DOES_NOT_INTERFERE,False,False,True
v1__scene_fc_blocked_v02__L2__C6_D4__r05_s28105,scene_fc_blocked_v02,FC_BLOCKED,C6,D4,28105,53,78,0,0.0,DOES_NOT_INTERFERE,DOES_NOT_INTERFERE,False,False,True
v1__scene_fc_blocked_v02__L2__C6_D8__r01_s28101,scene_fc_blocked_v02,FC_BLOCKED,C6,D8,28101,53,49,0,0.0,DOES_NOT_INTERFERE,INTERFERES,False,True,False
v1__scene_fc_blocked_v02__L2__C6_D8__r01_s28101,scene_fc_blocked_v02,FC_BLOCKED,C6,D8,28101,53,60,0,0.0,DOES_NOT_INTERFERE,DOES_NOT_INTERFERE,False,False,True
v1__scene_fc_blocked_v02__L2__C6_D8__r01_s28101,scene_fc_blocked_v02,FC_BLOCKED,C6,D8,28101,53,78,0,0.0,DOES_NOT_INTERFERE,DOES_NOT_INTERFERE,False,False,True
v1__scene_fc_blocked_v02__L2__C6_D8__r02_s28102,scene_fc_blocked_v02,FC_BLOCKED,C6,D8,28102,53,49,0,0.0,DOES_NOT_INTERFERE,INTERFERES,False,True,False
v1__scene_fc_blocked_v02__L2__C6_D8__r02_s28102,scene_fc_blocked_v02,FC_BLOCKED,C6,D8,28102,53,60,0,0.0,DOES_NOT_INTERFERE,DOES_NOT_INTERFERE,False,False,True
v1__scene_fc_blocked_v02__L2__C6_D8__r02_s28102,scene_fc_blocked_v02,FC_BLOCKED,C6,D8,28102,53,78,0,0.0,DOES_NOT_INTERFERE,DOES_NOT_INTERFERE,False,False,True
v1__scene_fc_blocked_v02__L2__C6_D8__r03_s28103,scene_fc_blocked_v02,FC_BLOCKED,C6,D8,28103,53,49,0,0.0,DOES_NOT_INTERFERE,INTERFERES,False,True,False
v1__scene_fc_blocked_v02__L2__C6_D8__r03_s28103,scene_fc_blocked_v02,FC_BLOCKED,C6,D8,28103,53,60,0,0.0,DOES_NOT_INTERFERE,DOES_NOT_INTERFERE,False,False,True
v1__scene_fc_blocked_v02__L2__C6_D8__r03_s28103,scene_fc_blocked_v02,FC_BLOCKED,C6,D8,28103,53,78,0,0.0,DOES_NOT_INTERFERE,DOES_NOT_INTERFERE,False,False,True
v1__scene_fc_blocked_v02__L2__C6_D8__r04_s28104,scene_fc_blocked_v02,FC_BLOCKED,C6,D8,28104,53,49,0,0.0,DOES_NOT_INTERFERE,INTERFERES,False,True,False
v1__scene_fc_blocked_v02__L2__C6_D8__r04_s28104,scene_fc_blocked_v02,FC_BLOCKED,C6,D8,28104,53,60,0,0.0,DOES_NOT_INTERFERE,DOES_NOT_INTERFERE,False,False,True
v1__scene_fc_blocked_v02__L2__C6_D8__r04_s28104,scene_fc_blocked_v02,FC_BLOCKED,C6,D8,28104,53,78,0,0.0,DOES_NOT_INTERFERE,DOES_NOT_INTERFERE,False,False,True
v1__scene_fc_blocked_v02__L2__C6_D8__r05_s28105,scene_fc_blocked_v02,FC_BLOCKED,C6,D8,28105,53,49,0,0.0,DOES_NOT_INTERFERE,INTERFERES,False,True,False
v1__scene_fc_blocked_v02__L2__C6_D8__r05_s28105,scene_fc_blocked_v02,FC_BLOCKED,C6,D8,28105,53,60,0,0.0,DOES_NOT_INTERFERE,DOES_NOT_INTERFERE,False,False,True
v1__scene_fc_blocked_v02__L2__C6_D8__r05_s28105,scene_fc_blocked_v02,FC_BLOCKED,C6,D8,28105,53,78,0,0.0,DOES_NOT_INTERFERE,DOES_NOT_INTERFERE,False,False,True
v1__scene_fc_blocked_v03__L2__C0_NA__r01_s28101,scene_fc_blocked_v03,FC_BLOCKED,C0,,28101,12,30,0,0.0,DOES_NOT_INTERFERE,DOES_NOT_INTERFERE,False,False,True
v1__scene_fc_blocked_v03__L2__C0_NA__r01_s28101,scene_fc_blocked_v03,FC_BLOCKED,C0,,28101,12,33,0,0.0,DOES_NOT_INTERFERE,INTERFERES,False,True,False
v1__scene_fc_blocked_v03__L2__C0_NA__r01_s28101,scene_fc_blocked_v03,FC_BLOCKED,C0,,28101,12,68,0,0.0,DOES_NOT_INTERFERE,DOES_NOT_INTERFERE,False,False,True
v1__scene_fc_blocked_v03__L2__C0_NA__r02_s28102,scene_fc_blocked_v03,FC_BLOCKED,C0,,28102,12,30,0,0.0,DOES_NOT_INTERFERE,DOES_NOT_INTERFERE,False,False,True
v1__scene_fc_blocked_v03__L2__C0_NA__r02_s28102,scene_fc_blocked_v03,FC_BLOCKED,C0,,28102,12,33,0,0.0,DOES_NOT_INTERFERE,INTERFERES,False,True,False
v1__scene_fc_blocked_v03__L2__C0_NA__r02_s28102,scene_fc_blocked_v03,FC_BLOCKED,C0,,28102,12,68,0,0.0,DOES_NOT_INTERFERE,DOES_NOT_INTERFERE,False,False,True
v1__scene_fc_blocked_v03__L2__C0_NA__r03_s28103,scene_fc_blocked_v03,FC_BLOCKED,C0,,28103,12,30,0,0.0,DOES_NOT_INTERFERE,DOES_NOT_INTERFERE,False,False,True
v1__scene_fc_blocked_v03__L2__C0_NA__r03_s28103,scene_fc_blocked_v03,FC_BLOCKED,C0,,28103,12,33,0,0.0,DOES_NOT_INTERFERE,INTERFERES,False,True,False
v1__scene_fc_blocked_v03__L2__C0_NA__r03_s28103,scene_fc_blocked_v03,FC_BLOCKED,C0,,28103,12,68,0,0.0,DOES_NOT_INTERFERE,DOES_NOT_INTERFERE,False,False,True
v1__scene_fc_blocked_v03__L2__C0_NA__r04_s28104,scene_fc_blocked_v03,FC_BLOCKED,C0,,28104,12,30,0,0.0,DOES_NOT_INTERFERE,DOES_NOT_INTERFERE,False,False,True
v1__scene_fc_blocked_v03__L2__C0_NA__r04_s28104,scene_fc_blocked_v03,FC_BLOCKED,C0,,28104,12,33,0,0.0,DOES_NOT_INTERFERE,INTERFERES,False,True,False
v1__scene_fc_blocked_v03__L2__C0_NA__r04_s28104,scene_fc_blocked_v03,FC_BLOCKED,C0,,28104,12,68,0,0.0,DOES_NOT_INTERFERE,DOES_NOT_INTERFERE,False,False,True
v1__scene_fc_blocked_v03__L2__C0_NA__r05_s28105,scene_fc_blocked_v03,FC_BLOCKED,C0,,28105,12,30,0,0.0,DOES_NOT_INTERFERE,DOES_NOT_INTERFERE,False,False,True
v1__scene_fc_blocked_v03__L2__C0_NA__r05_s28105,scene_fc_blocked_v03,FC_BLOCKED,C0,,28105,12,33,0,0.0,DOES_NOT_INTERFERE,INTERFERES,False,True,False
v1__scene_fc_blocked_v03__L2__C0_NA__r05_s28105,scene_fc_blocked_v03,FC_BLOCKED,C0,,28105,12,68,0,0.0,DOES_NOT_INTERFERE,DOES_NOT_INTERFERE,False,False,True
v1__scene_fc_blocked_v03__L2__C1_NA__r01_s28101,scene_fc_blocked_v03,FC_BLOCKED,C1,,28101,12,30,0,0.0,DOES_NOT_INTERFERE,DOES_NOT_INTERFERE,False,False,True
v1__scene_fc_blocked_v03__L2__C1_NA__r01_s28101,scene_fc_blocked_v03,FC_BLOCKED,C1,,28101,12,33,0,0.0,DOES_NOT_INTERFERE,INTERFERES,False,True,False
v1__scene_fc_blocked_v03__L2__C1_NA__r01_s28101,scene_fc_blocked_v03,FC_BLOCKED,C1,,28101,12,68,0,0.0,DOES_NOT_INTERFERE,DOES_NOT_INTERFERE,False,False,True
v1__scene_fc_blocked_v03__L2__C1_NA__r02_s28102,scene_fc_blocked_v03,FC_BLOCKED,C1,,28102,12,30,0,0.0,DOES_NOT_INTERFERE,DOES_NOT_INTERFERE,False,False,True
v1__scene_fc_blocked_v03__L2__C1_NA__r02_s28102,scene_fc_blocked_v03,FC_BLOCKED,C1,,28102,12,33,0,0.0,DOES_NOT_INTERFERE,INTERFERES,False,True,False
v1__scene_fc_blocked_v03__L2__C1_NA__r02_s28102,scene_fc_blocked_v03,FC_BLOCKED,C1,,28102,12,68,0,0.0,DOES_NOT_INTERFERE,DOES_NOT_INTERFERE,False,False,True
v1__scene_fc_blocked_v03__L2__C1_NA__r03_s28103,scene_fc_blocked_v03,FC_BLOCKED,C1,,28103,12,30,0,0.0,DOES_NOT_INTERFERE,DOES_NOT_INTERFERE,False,False,True
v1__scene_fc_blocked_v03__L2__C1_NA__r03_s28103,scene_fc_blocked_v03,FC_BLOCKED,C1,,28103,12,33,0,0.0,DOES_NOT_INTERFERE,INTERFERES,False,True,False
v1__scene_fc_blocked_v03__L2__C1_NA__r03_s28103,scene_fc_blocked_v03,FC_BLOCKED,C1,,28103,12,68,0,0.0,DOES_NOT_INTERFERE,DOES_NOT_INTERFERE,False,False,True
v1__scene_fc_blocked_v03__L2__C1_NA__r04_s28104,scene_fc_blocked_v03,FC_BLOCKED,C1,,28104,12,30,0,0.0,DOES_NOT_INTERFERE,DOES_NOT_INTERFERE,False,False,True
v1__scene_fc_blocked_v03__L2__C1_NA__r04_s28104,scene_fc_blocked_v03,FC_BLOCKED,C1,,28104,12,33,0,0.0,DOES_NOT_INTERFERE,INTERFERES,False,True,False
v1__scene_fc_blocked_v03__L2__C1_NA__r04_s28104,scene_fc_blocked_v03,FC_BLOCKED,C1,,28104,12,68,0,0.0,DOES_NOT_INTERFERE,DOES_NOT_INTERFERE,False,False,True
v1__scene_fc_blocked_v03__L2__C1_NA__r05_s28105,scene_fc_blocked_v03,FC_BLOCKED,C1,,28105,12,30,0,0.0,DOES_NOT_INTERFERE,DOES_NOT_INTERFERE,False,False,True
v1__scene_fc_blocked_v03__L2__C1_NA__r05_s28105,scene_fc_blocked_v03,FC_BLOCKED,C1,,28105,12,33,0,0.0,DOES_NOT_INTERFERE,INTERFERES,False,True,False
v1__scene_fc_blocked_v03__L2__C1_NA__r05_s28105,scene_fc_blocked_v03,FC_BLOCKED,C1,,28105,12,68,0,0.0,DOES_NOT_INTERFERE,DOES_NOT_INTERFERE,False,False,True
v1__scene_fc_blocked_v03__L2__C2_D4__r01_s28101,scene_fc_blocked_v03,FC_BLOCKED,C2,D4,28101,12,30,0,0.0,DOES_NOT_INTERFERE,DOES_NOT_INTERFERE,False,False,True
v1__scene_fc_blocked_v03__L2__C2_D4__r01_s28101,scene_fc_blocked_v03,FC_BLOCKED,C2,D4,28101,12,33,0,0.0,DOES_NOT_INTERFERE,INTERFERES,False,True,False
v1__scene_fc_blocked_v03__L2__C2_D4__r01_s28101,scene_fc_blocked_v03,FC_BLOCKED,C2,D4,28101,12,68,0,0.0,DOES_NOT_INTERFERE,DOES_NOT_INTERFERE,False,False,True
v1__scene_fc_blocked_v03__L2__C2_D4__r02_s28102,scene_fc_blocked_v03,FC_BLOCKED,C2,D4,28102,12,30,0,0.0,DOES_NOT_INTERFERE,DOES_NOT_INTERFERE,False,False,True
v1__scene_fc_blocked_v03__L2__C2_D4__r02_s28102,scene_fc_blocked_v03,FC_BLOCKED,C2,D4,28102,12,33,0,0.0,DOES_NOT_INTERFERE,DOES_NOT_INTERFERE,False,False,True
v1__scene_fc_blocked_v03__L2__C2_D4__r02_s28102,scene_fc_blocked_v03,FC_BLOCKED,C2,D4,28102,12,68,0,0.0,DOES_NOT_INTERFERE,DOES_NOT_INTERFERE,False,False,True
v1__scene_fc_blocked_v03__L2__C2_D4__r03_s28103,scene_fc_blocked_v03,FC_BLOCKED,C2,D4,28103,12,30,0,0.0,DOES_NOT_INTERFERE,DOES_NOT_INTERFERE,False,False,True
v1__scene_fc_blocked_v03__L2__C2_D4__r03_s28103,scene_fc_blocked_v03,FC_BLOCKED,C2,D4,28103,12,33,0,0.0,DOES_NOT_INTERFERE,DOES_NOT_INTERFERE,False,False,True
v1__scene_fc_blocked_v03__L2__C2_D4__r03_s28103,scene_fc_blocked_v03,FC_BLOCKED,C2,D4,28103,12,68,0,0.0,DOES_NOT_INTERFERE,DOES_NOT_INTERFERE,False,False,True
v1__scene_fc_blocked_v03__L2__C2_D4__r04_s28104,scene_fc_blocked_v03,FC_BLOCKED,C2,D4,28104,12,30,0,0.0,DOES_NOT_INTERFERE,DOES_NOT_INTERFERE,False,False,True
v1__scene_fc_blocked_v03__L2__C2_D4__r04_s28104,scene_fc_blocked_v03,FC_BLOCKED,C2,D4,28104,12,33,0,0.0,DOES_NOT_INTERFERE,DOES_NOT_INTERFERE,False,False,True
v1__scene_fc_blocked_v03__L2__C2_D4__r04_s28104,scene_fc_blocked_v03,FC_BLOCKED,C2,D4,28104,12,68,0,0.0,DOES_NOT_INTERFERE,DOES_NOT_INTERFERE,False,False,True
v1__scene_fc_blocked_v03__L2__C2_D4__r05_s28105,scene_fc_blocked_v03,FC_BLOCKED,C2,D4,28105,12,30,0,0.0,DOES_NOT_INTERFERE,DOES_NOT_INTERFERE,False,False,True
v1__scene_fc_blocked_v03__L2__C2_D4__r05_s28105,scene_fc_blocked_v03,FC_BLOCKED,C2,D4,28105,12,33,0,0.0,DOES_NOT_INTERFERE,DOES_NOT_INTERFERE,False,False,True
v1__scene_fc_blocked_v03__L2__C2_D4__r05_s28105,scene_fc_blocked_v03,FC_BLOCKED,C2,D4,28105,12,68,0,0.0,DOES_NOT_INTERFERE,DOES_NOT_INTERFERE,False,False,True
v1__scene_fc_blocked_v03__L2__C2_D8__r01_s28101,scene_fc_blocked_v03,FC_BLOCKED,C2,D8,28101,12,30,0,0.0,DOES_NOT_INTERFERE,DOES_NOT_INTERFERE,False,False,True
v1__scene_fc_blocked_v03__L2__C2_D8__r01_s28101,scene_fc_blocked_v03,FC_BLOCKED,C2,D8,28101,12,33,0,0.0,DOES_NOT_INTERFERE,INTERFERES,False,True,False
v1__scene_fc_blocked_v03__L2__C2_D8__r01_s28101,scene_fc_blocked_v03,FC_BLOCKED,C2,D8,28101,12,68,0,0.0,DOES_NOT_INTERFERE,DOES_NOT_INTERFERE,False,False,True
v1__scene_fc_blocked_v03__L2__C2_D8__r02_s28102,scene_fc_blocked_v03,FC_BLOCKED,C2,D8,28102,12,30,0,0.0,DOES_NOT_INTERFERE,DOES_NOT_INTERFERE,False,False,True
v1__scene_fc_blocked_v03__L2__C2_D8__r02_s28102,scene_fc_blocked_v03,FC_BLOCKED,C2,D8,28102,12,33,0,0.0,DOES_NOT_INTERFERE,INTERFERES,False,True,False
v1__scene_fc_blocked_v03__L2__C2_D8__r02_s28102,scene_fc_blocked_v03,FC_BLOCKED,C2,D8,28102,12,68,0,0.0,DOES_NOT_INTERFERE,DOES_NOT_INTERFERE,False,False,True
v1__scene_fc_blocked_v03__L2__C2_D8__r03_s28103,scene_fc_blocked_v03,FC_BLOCKED,C2,D8,28103,12,30,0,0.0,DOES_NOT_INTERFERE,DOES_NOT_INTERFERE,False,False,True
v1__scene_fc_blocked_v03__L2__C2_D8__r03_s28103,scene_fc_blocked_v03,FC_BLOCKED,C2,D8,28103,12,33,0,0.0,DOES_NOT_INTERFERE,INTERFERES,False,True,False
v1__scene_fc_blocked_v03__L2__C2_D8__r03_s28103,scene_fc_blocked_v03,FC_BLOCKED,C2,D8,28103,12,68,0,0.0,DOES_NOT_INTERFERE,DOES_NOT_INTERFERE,False,False,True
v1__scene_fc_blocked_v03__L2__C2_D8__r04_s28104,scene_fc_blocked_v03,FC_BLOCKED,C2,D8,28104,12,30,0,0.0,DOES_NOT_INTERFERE,DOES_NOT_INTERFERE,False,False,True
v1__scene_fc_blocked_v03__L2__C2_D8__r04_s28104,scene_fc_blocked_v03,FC_BLOCKED,C2,D8,28104,12,33,0,0.0,DOES_NOT_INTERFERE,INTERFERES,False,True,False
v1__scene_fc_blocked_v03__L2__C2_D8__r04_s28104,scene_fc_blocked_v03,FC_BLOCKED,C2,D8,28104,12,68,0,0.0,DOES_NOT_INTERFERE,DOES_NOT_INTERFERE,False,False,True
v1__scene_fc_blocked_v03__L2__C2_D8__r05_s28105,scene_fc_blocked_v03,FC_BLOCKED,C2,D8,28105,12,30,0,0.0,DOES_NOT_INTERFERE,DOES_NOT_INTERFERE,False,False,True
v1__scene_fc_blocked_v03__L2__C2_D8__r05_s28105,scene_fc_blocked_v03,FC_BLOCKED,C2,D8,28105,12,33,0,0.0,DOES_NOT_INTERFERE,INTERFERES,False,True,False
v1__scene_fc_blocked_v03__L2__C2_D8__r05_s28105,scene_fc_blocked_v03,FC_BLOCKED,C2,D8,28105,12,68,0,0.0,DOES_NOT_INTERFERE,DOES_NOT_INTERFERE,False,False,True
v1__scene_fc_blocked_v03__L2__C3_D4__r01_s28101,scene_fc_blocked_v03,FC_BLOCKED,C3,D4,28101,12,30,0,0.0,DOES_NOT_INTERFERE,DOES_NOT_INTERFERE,False,False,True
v1__scene_fc_blocked_v03__L2__C3_D4__r01_s28101,scene_fc_blocked_v03,FC_BLOCKED,C3,D4,28101,12,33,0,0.0,DOES_NOT_INTERFERE,INTERFERES,False,True,False
v1__scene_fc_blocked_v03__L2__C3_D4__r01_s28101,scene_fc_blocked_v03,FC_BLOCKED,C3,D4,28101,12,68,0,0.0,DOES_NOT_INTERFERE,DOES_NOT_INTERFERE,False,False,True
v1__scene_fc_blocked_v03__L2__C3_D4__r02_s28102,scene_fc_blocked_v03,FC_BLOCKED,C3,D4,28102,12,30,0,0.0,DOES_NOT_INTERFERE,DOES_NOT_INTERFERE,False,False,True
v1__scene_fc_blocked_v03__L2__C3_D4__r02_s28102,scene_fc_blocked_v03,FC_BLOCKED,C3,D4,28102,12,33,0,0.0,DOES_NOT_INTERFERE,INTERFERES,False,True,False
v1__scene_fc_blocked_v03__L2__C3_D4__r02_s28102,scene_fc_blocked_v03,FC_BLOCKED,C3,D4,28102,12,68,0,0.0,DOES_NOT_INTERFERE,DOES_NOT_INTERFERE,False,False,True
v1__scene_fc_blocked_v03__L2__C3_D4__r03_s28103,scene_fc_blocked_v03,FC_BLOCKED,C3,D4,28103,12,30,0,0.0,DOES_NOT_INTERFERE,DOES_NOT_INTERFERE,False,False,True
v1__scene_fc_blocked_v03__L2__C3_D4__r03_s28103,scene_fc_blocked_v03,FC_BLOCKED,C3,D4,28103,12,33,0,0.0,DOES_NOT_INTERFERE,INTERFERES,False,True,False
v1__scene_fc_blocked_v03__L2__C3_D4__r03_s28103,scene_fc_blocked_v03,FC_BLOCKED,C3,D4,28103,12,68,0,0.0,DOES_NOT_INTERFERE,DOES_NOT_INTERFERE,False,False,True
v1__scene_fc_blocked_v03__L2__C3_D4__r04_s28104,scene_fc_blocked_v03,FC_BLOCKED,C3,D4,28104,12,30,0,0.0,DOES_NOT_INTERFERE,DOES_NOT_INTERFERE,False,False,True
v1__scene_fc_blocked_v03__L2__C3_D4__r04_s28104,scene_fc_blocked_v03,FC_BLOCKED,C3,D4,28104,12,33,0,0.0,DOES_NOT_INTERFERE,DOES_NOT_INTERFERE,False,False,True
v1__scene_fc_blocked_v03__L2__C3_D4__r04_s28104,scene_fc_blocked_v03,FC_BLOCKED,C3,D4,28104,12,68,0,0.0,DOES_NOT_INTERFERE,DOES_NOT_INTERFERE,False,False,True
v1__scene_fc_blocked_v03__L2__C3_D4__r05_s28105,scene_fc_blocked_v03,FC_BLOCKED,C3,D4,28105,12,30,0,0.0,DOES_NOT_INTERFERE,DOES_NOT_INTERFERE,False,False,True
v1__scene_fc_blocked_v03__L2__C3_D4__r05_s28105,scene_fc_blocked_v03,FC_BLOCKED,C3,D4,28105,12,33,0,0.0,DOES_NOT_INTERFERE,DOES_NOT_INTERFERE,False,False,True
v1__scene_fc_blocked_v03__L2__C3_D4__r05_s28105,scene_fc_blocked_v03,FC_BLOCKED,C3,D4,28105,12,68,0,0.0,DOES_NOT_INTERFERE,DOES_NOT_INTERFERE,False,False,True
v1__scene_fc_blocked_v03__L2__C3_D8__r01_s28101,scene_fc_blocked_v03,FC_BLOCKED,C3,D8,28101,12,30,0,0.0,DOES_NOT_INTERFERE,DOES_NOT_INTERFERE,False,False,True
v1__scene_fc_blocked_v03__L2__C3_D8__r01_s28101,scene_fc_blocked_v03,FC_BLOCKED,C3,D8,28101,12,33,0,0.0,DOES_NOT_INTERFERE,DOES_NOT_INTERFERE,False,False,True
v1__scene_fc_blocked_v03__L2__C3_D8__r01_s28101,scene_fc_blocked_v03,FC_BLOCKED,C3,D8,28101,12,68,0,0.0,DOES_NOT_INTERFERE,DOES_NOT_INTERFERE,False,False,True
v1__scene_fc_blocked_v03__L2__C3_D8__r02_s28102,scene_fc_blocked_v03,FC_BLOCKED,C3,D8,28102,12,30,0,0.0,DOES_NOT_INTERFERE,DOES_NOT_INTERFERE,False,False,True
v1__scene_fc_blocked_v03__L2__C3_D8__r02_s28102,scene_fc_blocked_v03,FC_BLOCKED,C3,D8,28102,12,33,0,0.0,DOES_NOT_INTERFERE,INTERFERES,False,True,False
v1__scene_fc_blocked_v03__L2__C3_D8__r02_s28102,scene_fc_blocked_v03,FC_BLOCKED,C3,D8,28102,12,68,0,0.0,DOES_NOT_INTERFERE,DOES_NOT_INTERFERE,False,False,True
v1__scene_fc_blocked_v03__L2__C3_D8__r03_s28103,scene_fc_blocked_v03,FC_BLOCKED,C3,D8,28103,12,30,0,0.0,DOES_NOT_INTERFERE,DOES_NOT_INTERFERE,False,False,True
v1__scene_fc_blocked_v03__L2__C3_D8__r03_s28103,scene_fc_blocked_v03,FC_BLOCKED,C3,D8,28103,12,33,0,0.0,DOES_NOT_INTERFERE,DOES_NOT_INTERFERE,False,False,True
v1__scene_fc_blocked_v03__L2__C3_D8__r03_s28103,scene_fc_blocked_v03,FC_BLOCKED,C3,D8,28103,12,68,0,0.0,DOES_NOT_INTERFERE,DOES_NOT_INTERFERE,False,False,True
v1__scene_fc_blocked_v03__L2__C3_D8__r04_s28104,scene_fc_blocked_v03,FC_BLOCKED,C3,D8,28104,12,30,0,0.0,DOES_NOT_INTERFERE,DOES_NOT_INTERFERE,False,False,True
v1__scene_fc_blocked_v03__L2__C3_D8__r04_s28104,scene_fc_blocked_v03,FC_BLOCKED,C3,D8,28104,12,33,0,0.0,DOES_NOT_INTERFERE,DOES_NOT_INTERFERE,False,False,True
v1__scene_fc_blocked_v03__L2__C3_D8__r04_s28104,scene_fc_blocked_v03,FC_BLOCKED,C3,D8,28104,12,68,0,0.0,DOES_NOT_INTERFERE,DOES_NOT_INTERFERE,False,False,True
v1__scene_fc_blocked_v03__L2__C3_D8__r05_s28105,scene_fc_blocked_v03,FC_BLOCKED,C3,D8,28105,12,30,0,0.0,DOES_NOT_INTERFERE,DOES_NOT_INTERFERE,False,False,True
v1__scene_fc_blocked_v03__L2__C3_D8__r05_s28105,scene_fc_blocked_v03,FC_BLOCKED,C3,D8,28105,12,33,0,0.0,DOES_NOT_INTERFERE,DOES_NOT_INTERFERE,False,False,True
v1__scene_fc_blocked_v03__L2__C3_D8__r05_s28105,scene_fc_blocked_v03,FC_BLOCKED,C3,D8,28105,12,68,0,0.0,DOES_NOT_INTERFERE,DOES_NOT_INTERFERE,False,False,True
v1__scene_fc_blocked_v03__L2__C4_D4__r01_s28101,scene_fc_blocked_v03,FC_BLOCKED,C4,D4,28101,12,30,0,0.0,DOES_NOT_INTERFERE,DOES_NOT_INTERFERE,False,False,True
v1__scene_fc_blocked_v03__L2__C4_D4__r01_s28101,scene_fc_blocked_v03,FC_BLOCKED,C4,D4,28101,12,33,0,0.0,DOES_NOT_INTERFERE,DOES_NOT_INTERFERE,False,False,True
v1__scene_fc_blocked_v03__L2__C4_D4__r01_s28101,scene_fc_blocked_v03,FC_BLOCKED,C4,D4,28101,12,68,0,0.0,DOES_NOT_INTERFERE,DOES_NOT_INTERFERE,False,False,True
v1__scene_fc_blocked_v03__L2__C4_D4__r02_s28102,scene_fc_blocked_v03,FC_BLOCKED,C4,D4,28102,12,30,0,0.0,DOES_NOT_INTERFERE,DOES_NOT_INTERFERE,False,False,True
v1__scene_fc_blocked_v03__L2__C4_D4__r02_s28102,scene_fc_blocked_v03,FC_BLOCKED,C4,D4,28102,12,33,0,0.0,DOES_NOT_INTERFERE,DOES_NOT_INTERFERE,False,False,True
v1__scene_fc_blocked_v03__L2__C4_D4__r02_s28102,scene_fc_blocked_v03,FC_BLOCKED,C4,D4,28102,12,68,0,0.0,DOES_NOT_INTERFERE,DOES_NOT_INTERFERE,False,False,True
v1__scene_fc_blocked_v03__L2__C4_D4__r03_s28103,scene_fc_blocked_v03,FC_BLOCKED,C4,D4,28103,12,30,0,0.0,DOES_NOT_INTERFERE,DOES_NOT_INTERFERE,False,False,True
v1__scene_fc_blocked_v03__L2__C4_D4__r03_s28103,scene_fc_blocked_v03,FC_BLOCKED,C4,D4,28103,12,33,0,0.0,DOES_NOT_INTERFERE,DOES_NOT_INTERFERE,False,False,True
v1__scene_fc_blocked_v03__L2__C4_D4__r03_s28103,scene_fc_blocked_v03,FC_BLOCKED,C4,D4,28103,12,68,0,0.0,DOES_NOT_INTERFERE,DOES_NOT_INTERFERE,False,False,True
v1__scene_fc_blocked_v03__L2__C4_D4__r04_s28104,scene_fc_blocked_v03,FC_BLOCKED,C4,D4,28104,12,30,0,0.0,DOES_NOT_INTERFERE,DOES_NOT_INTERFERE,False,False,True
v1__scene_fc_blocked_v03__L2__C4_D4__r04_s28104,scene_fc_blocked_v03,FC_BLOCKED,C4,D4,28104,12,33,0,0.0,DOES_NOT_INTERFERE,DOES_NOT_INTERFERE,False,False,True
v1__scene_fc_blocked_v03__L2__C4_D4__r04_s28104,scene_fc_blocked_v03,FC_BLOCKED,C4,D4,28104,12,68,0,0.0,DOES_NOT_INTERFERE,DOES_NOT_INTERFERE,False,False,True
v1__scene_fc_blocked_v03__L2__C4_D4__r05_s28105,scene_fc_blocked_v03,FC_BLOCKED,C4,D4,28105,12,30,0,0.0,DOES_NOT_INTERFERE,DOES_NOT_INTERFERE,False,False,True
v1__scene_fc_blocked_v03__L2__C4_D4__r05_s28105,scene_fc_blocked_v03,FC_BLOCKED,C4,D4,28105,12,33,0,0.0,DOES_NOT_INTERFERE,DOES_NOT_INTERFERE,False,False,True
v1__scene_fc_blocked_v03__L2__C4_D4__r05_s28105,scene_fc_blocked_v03,FC_BLOCKED,C4,D4,28105,12,68,0,0.0,DOES_NOT_INTERFERE,DOES_NOT_INTERFERE,False,False,True
v1__scene_fc_blocked_v03__L2__C4_D8__r01_s28101,scene_fc_blocked_v03,FC_BLOCKED,C4,D8,28101,12,30,0,0.0,DOES_NOT_INTERFERE,DOES_NOT_INTERFERE,False,False,True
v1__scene_fc_blocked_v03__L2__C4_D8__r01_s28101,scene_fc_blocked_v03,FC_BLOCKED,C4,D8,28101,12,33,0,0.0,DOES_NOT_INTERFERE,DOES_NOT_INTERFERE,False,False,True
v1__scene_fc_blocked_v03__L2__C4_D8__r01_s28101,scene_fc_blocked_v03,FC_BLOCKED,C4,D8,28101,12,68,0,0.0,DOES_NOT_INTERFERE,DOES_NOT_INTERFERE,False,False,True
v1__scene_fc_blocked_v03__L2__C4_D8__r02_s28102,scene_fc_blocked_v03,FC_BLOCKED,C4,D8,28102,12,30,0,0.0,DOES_NOT_INTERFERE,DOES_NOT_INTERFERE,False,False,True
v1__scene_fc_blocked_v03__L2__C4_D8__r02_s28102,scene_fc_blocked_v03,FC_BLOCKED,C4,D8,28102,12,33,0,0.0,DOES_NOT_INTERFERE,DOES_NOT_INTERFERE,False,False,True
v1__scene_fc_blocked_v03__L2__C4_D8__r02_s28102,scene_fc_blocked_v03,FC_BLOCKED,C4,D8,28102,12,68,0,0.0,DOES_NOT_INTERFERE,DOES_NOT_INTERFERE,False,False,True
v1__scene_fc_blocked_v03__L2__C4_D8__r03_s28103,scene_fc_blocked_v03,FC_BLOCKED,C4,D8,28103,12,30,0,0.0,DOES_NOT_INTERFERE,DOES_NOT_INTERFERE,False,False,True
v1__scene_fc_blocked_v03__L2__C4_D8__r03_s28103,scene_fc_blocked_v03,FC_BLOCKED,C4,D8,28103,12,33,0,0.0,DOES_NOT_INTERFERE,DOES_NOT_INTERFERE,False,False,True
v1__scene_fc_blocked_v03__L2__C4_D8__r03_s28103,scene_fc_blocked_v03,FC_BLOCKED,C4,D8,28103,12,68,0,0.0,DOES_NOT_INTERFERE,DOES_NOT_INTERFERE,False,False,True
v1__scene_fc_blocked_v03__L2__C4_D8__r04_s28104,scene_fc_blocked_v03,FC_BLOCKED,C4,D8,28104,12,30,0,0.0,DOES_NOT_INTERFERE,DOES_NOT_INTERFERE,False,False,True
v1__scene_fc_blocked_v03__L2__C4_D8__r04_s28104,scene_fc_blocked_v03,FC_BLOCKED,C4,D8,28104,12,33,0,0.0,DOES_NOT_INTERFERE,DOES_NOT_INTERFERE,False,False,True
v1__scene_fc_blocked_v03__L2__C4_D8__r04_s28104,scene_fc_blocked_v03,FC_BLOCKED,C4,D8,28104,12,68,0,0.0,DOES_NOT_INTERFERE,DOES_NOT_INTERFERE,False,False,True
v1__scene_fc_blocked_v03__L2__C4_D8__r05_s28105,scene_fc_blocked_v03,FC_BLOCKED,C4,D8,28105,12,30,0,0.0,DOES_NOT_INTERFERE,DOES_NOT_INTERFERE,False,False,True
v1__scene_fc_blocked_v03__L2__C4_D8__r05_s28105,scene_fc_blocked_v03,FC_BLOCKED,C4,D8,28105,12,33,0,0.0,DOES_NOT_INTERFERE,DOES_NOT_INTERFERE,False,False,True
v1__scene_fc_blocked_v03__L2__C4_D8__r05_s28105,scene_fc_blocked_v03,FC_BLOCKED,C4,D8,28105,12,68,0,0.0,DOES_NOT_INTERFERE,DOES_NOT_INTERFERE,False,False,True
v1__scene_fc_blocked_v03__L2__C5_D4__r01_s28101,scene_fc_blocked_v03,FC_BLOCKED,C5,D4,28101,12,30,0,0.0,DOES_NOT_INTERFERE,DOES_NOT_INTERFERE,False,False,True
v1__scene_fc_blocked_v03__L2__C5_D4__r01_s28101,scene_fc_blocked_v03,FC_BLOCKED,C5,D4,28101,12,33,0,0.0,DOES_NOT_INTERFERE,INTERFERES,False,True,False
v1__scene_fc_blocked_v03__L2__C5_D4__r01_s28101,scene_fc_blocked_v03,FC_BLOCKED,C5,D4,28101,12,68,0,0.0,DOES_NOT_INTERFERE,DOES_NOT_INTERFERE,False,False,True
v1__scene_fc_blocked_v03__L2__C5_D4__r02_s28102,scene_fc_blocked_v03,FC_BLOCKED,C5,D4,28102,12,30,0,0.0,DOES_NOT_INTERFERE,DOES_NOT_INTERFERE,False,False,True
v1__scene_fc_blocked_v03__L2__C5_D4__r02_s28102,scene_fc_blocked_v03,FC_BLOCKED,C5,D4,28102,12,33,0,0.0,DOES_NOT_INTERFERE,INTERFERES,False,True,False
v1__scene_fc_blocked_v03__L2__C5_D4__r02_s28102,scene_fc_blocked_v03,FC_BLOCKED,C5,D4,28102,12,68,0,0.0,DOES_NOT_INTERFERE,DOES_NOT_INTERFERE,False,False,True
v1__scene_fc_blocked_v03__L2__C5_D4__r03_s28103,scene_fc_blocked_v03,FC_BLOCKED,C5,D4,28103,12,30,0,0.0,DOES_NOT_INTERFERE,DOES_NOT_INTERFERE,False,False,True
v1__scene_fc_blocked_v03__L2__C5_D4__r03_s28103,scene_fc_blocked_v03,FC_BLOCKED,C5,D4,28103,12,33,0,0.0,DOES_NOT_INTERFERE,INTERFERES,False,True,False
v1__scene_fc_blocked_v03__L2__C5_D4__r03_s28103,scene_fc_blocked_v03,FC_BLOCKED,C5,D4,28103,12,68,0,0.0,DOES_NOT_INTERFERE,DOES_NOT_INTERFERE,False,False,True
v1__scene_fc_blocked_v03__L2__C5_D4__r04_s28104,scene_fc_blocked_v03,FC_BLOCKED,C5,D4,28104,12,30,0,0.0,DOES_NOT_INTERFERE,DOES_NOT_INTERFERE,False,False,True
v1__scene_fc_blocked_v03__L2__C5_D4__r04_s28104,scene_fc_blocked_v03,FC_BLOCKED,C5,D4,28104,12,33,0,0.0,DOES_NOT_INTERFERE,DOES_NOT_INTERFERE,False,False,True
v1__scene_fc_blocked_v03__L2__C5_D4__r04_s28104,scene_fc_blocked_v03,FC_BLOCKED,C5,D4,28104,12,68,0,0.0,DOES_NOT_INTERFERE,DOES_NOT_INTERFERE,False,False,True
v1__scene_fc_blocked_v03__L2__C5_D4__r05_s28105,scene_fc_blocked_v03,FC_BLOCKED,C5,D4,28105,12,30,0,0.0,DOES_NOT_INTERFERE,DOES_NOT_INTERFERE,False,False,True
v1__scene_fc_blocked_v03__L2__C5_D4__r05_s28105,scene_fc_blocked_v03,FC_BLOCKED,C5,D4,28105,12,33,0,0.0,DOES_NOT_INTERFERE,INTERFERES,False,True,False
v1__scene_fc_blocked_v03__L2__C5_D4__r05_s28105,scene_fc_blocked_v03,FC_BLOCKED,C5,D4,28105,12,68,0,0.0,DOES_NOT_INTERFERE,DOES_NOT_INTERFERE,False,False,True
v1__scene_fc_blocked_v03__L2__C5_D8__r01_s28101,scene_fc_blocked_v03,FC_BLOCKED,C5,D8,28101,12,30,0,0.0,DOES_NOT_INTERFERE,DOES_NOT_INTERFERE,False,False,True
v1__scene_fc_blocked_v03__L2__C5_D8__r01_s28101,scene_fc_blocked_v03,FC_BLOCKED,C5,D8,28101,12,33,0,0.0,DOES_NOT_INTERFERE,INTERFERES,False,True,False
v1__scene_fc_blocked_v03__L2__C5_D8__r01_s28101,scene_fc_blocked_v03,FC_BLOCKED,C5,D8,28101,12,68,0,0.0,DOES_NOT_INTERFERE,DOES_NOT_INTERFERE,False,False,True
v1__scene_fc_blocked_v03__L2__C5_D8__r02_s28102,scene_fc_blocked_v03,FC_BLOCKED,C5,D8,28102,12,30,0,0.0,DOES_NOT_INTERFERE,DOES_NOT_INTERFERE,False,False,True
v1__scene_fc_blocked_v03__L2__C5_D8__r02_s28102,scene_fc_blocked_v03,FC_BLOCKED,C5,D8,28102,12,33,0,0.0,DOES_NOT_INTERFERE,INTERFERES,False,True,False
v1__scene_fc_blocked_v03__L2__C5_D8__r02_s28102,scene_fc_blocked_v03,FC_BLOCKED,C5,D8,28102,12,68,0,0.0,DOES_NOT_INTERFERE,DOES_NOT_INTERFERE,False,False,True
v1__scene_fc_blocked_v03__L2__C5_D8__r03_s28103,scene_fc_blocked_v03,FC_BLOCKED,C5,D8,28103,12,30,0,0.0,DOES_NOT_INTERFERE,DOES_NOT_INTERFERE,False,False,True
v1__scene_fc_blocked_v03__L2__C5_D8__r03_s28103,scene_fc_blocked_v03,FC_BLOCKED,C5,D8,28103,12,33,0,0.0,DOES_NOT_INTERFERE,INTERFERES,False,True,False
v1__scene_fc_blocked_v03__L2__C5_D8__r03_s28103,scene_fc_blocked_v03,FC_BLOCKED,C5,D8,28103,12,68,0,0.0,DOES_NOT_INTERFERE,DOES_NOT_INTERFERE,False,False,True
v1__scene_fc_blocked_v03__L2__C5_D8__r04_s28104,scene_fc_blocked_v03,FC_BLOCKED,C5,D8,28104,12,30,0,0.0,DOES_NOT_INTERFERE,DOES_NOT_INTERFERE,False,False,True
v1__scene_fc_blocked_v03__L2__C5_D8__r04_s28104,scene_fc_blocked_v03,FC_BLOCKED,C5,D8,28104,12,33,0,0.0,DOES_NOT_INTERFERE,INTERFERES,False,True,False
v1__scene_fc_blocked_v03__L2__C5_D8__r04_s28104,scene_fc_blocked_v03,FC_BLOCKED,C5,D8,28104,12,68,0,0.0,DOES_NOT_INTERFERE,DOES_NOT_INTERFERE,False,False,True
v1__scene_fc_blocked_v03__L2__C5_D8__r05_s28105,scene_fc_blocked_v03,FC_BLOCKED,C5,D8,28105,12,30,0,0.0,DOES_NOT_INTERFERE,DOES_NOT_INTERFERE,False,False,True
v1__scene_fc_blocked_v03__L2__C5_D8__r05_s28105,scene_fc_blocked_v03,FC_BLOCKED,C5,D8,28105,12,33,0,0.0,DOES_NOT_INTERFERE,INTERFERES,False,True,False
v1__scene_fc_blocked_v03__L2__C5_D8__r05_s28105,scene_fc_blocked_v03,FC_BLOCKED,C5,D8,28105,12,68,0,0.0,DOES_NOT_INTERFERE,DOES_NOT_INTERFERE,False,False,True
v1__scene_fc_blocked_v03__L2__C6_D4__r01_s28101,scene_fc_blocked_v03,FC_BLOCKED,C6,D4,28101,12,30,0,0.0,DOES_NOT_INTERFERE,DOES_NOT_INTERFERE,False,False,True
v1__scene_fc_blocked_v03__L2__C6_D4__r01_s28101,scene_fc_blocked_v03,FC_BLOCKED,C6,D4,28101,12,33,0,0.0,DOES_NOT_INTERFERE,DOES_NOT_INTERFERE,False,False,True
v1__scene_fc_blocked_v03__L2__C6_D4__r01_s28101,scene_fc_blocked_v03,FC_BLOCKED,C6,D4,28101,12,68,0,0.0,DOES_NOT_INTERFERE,DOES_NOT_INTERFERE,False,False,True
v1__scene_fc_blocked_v03__L2__C6_D4__r02_s28102,scene_fc_blocked_v03,FC_BLOCKED,C6,D4,28102,12,30,0,0.0,DOES_NOT_INTERFERE,DOES_NOT_INTERFERE,False,False,True
v1__scene_fc_blocked_v03__L2__C6_D4__r02_s28102,scene_fc_blocked_v03,FC_BLOCKED,C6,D4,28102,12,33,0,0.0,DOES_NOT_INTERFERE,INTERFERES,False,True,False
v1__scene_fc_blocked_v03__L2__C6_D4__r02_s28102,scene_fc_blocked_v03,FC_BLOCKED,C6,D4,28102,12,68,0,0.0,DOES_NOT_INTERFERE,DOES_NOT_INTERFERE,False,False,True
v1__scene_fc_blocked_v03__L2__C6_D4__r03_s28103,scene_fc_blocked_v03,FC_BLOCKED,C6,D4,28103,12,30,0,0.0,DOES_NOT_INTERFERE,DOES_NOT_INTERFERE,False,False,True
v1__scene_fc_blocked_v03__L2__C6_D4__r03_s28103,scene_fc_blocked_v03,FC_BLOCKED,C6,D4,28103,12,33,0,0.0,DOES_NOT_INTERFERE,INTERFERES,False,True,False
v1__scene_fc_blocked_v03__L2__C6_D4__r03_s28103,scene_fc_blocked_v03,FC_BLOCKED,C6,D4,28103,12,68,0,0.0,DOES_NOT_INTERFERE,DOES_NOT_INTERFERE,False,False,True
v1__scene_fc_blocked_v03__L2__C6_D4__r04_s28104,scene_fc_blocked_v03,FC_BLOCKED,C6,D4,28104,12,30,0,0.0,DOES_NOT_INTERFERE,DOES_NOT_INTERFERE,False,False,True
v1__scene_fc_blocked_v03__L2__C6_D4__r04_s28104,scene_fc_blocked_v03,FC_BLOCKED,C6,D4,28104,12,33,0,0.0,DOES_NOT_INTERFERE,INTERFERES,False,True,False
v1__scene_fc_blocked_v03__L2__C6_D4__r04_s28104,scene_fc_blocked_v03,FC_BLOCKED,C6,D4,28104,12,68,0,0.0,DOES_NOT_INTERFERE,DOES_NOT_INTERFERE,False,False,True
v1__scene_fc_blocked_v03__L2__C6_D4__r05_s28105,scene_fc_blocked_v03,FC_BLOCKED,C6,D4,28105,12,30,0,0.0,DOES_NOT_INTERFERE,DOES_NOT_INTERFERE,False,False,True
v1__scene_fc_blocked_v03__L2__C6_D4__r05_s28105,scene_fc_blocked_v03,FC_BLOCKED,C6,D4,28105,12,33,0,0.0,DOES_NOT_INTERFERE,DOES_NOT_INTERFERE,False,False,True
v1__scene_fc_blocked_v03__L2__C6_D4__r05_s28105,scene_fc_blocked_v03,FC_BLOCKED,C6,D4,28105,12,68,0,0.0,DOES_NOT_INTERFERE,DOES_NOT_INTERFERE,False,False,True
v1__scene_fc_blocked_v03__L2__C6_D8__r01_s28101,scene_fc_blocked_v03,FC_BLOCKED,C6,D8,28101,12,30,0,0.0,DOES_NOT_INTERFERE,DOES_NOT_INTERFERE,False,False,True
v1__scene_fc_blocked_v03__L2__C6_D8__r01_s28101,scene_fc_blocked_v03,FC_BLOCKED,C6,D8,28101,12,33,0,0.0,DOES_NOT_INTERFERE,INTERFERES,False,True,False
v1__scene_fc_blocked_v03__L2__C6_D8__r01_s28101,scene_fc_blocked_v03,FC_BLOCKED,C6,D8,28101,12,68,0,0.0,DOES_NOT_INTERFERE,DOES_NOT_INTERFERE,False,False,True
v1__scene_fc_blocked_v03__L2__C6_D8__r02_s28102,scene_fc_blocked_v03,FC_BLOCKED,C6,D8,28102,12,30,0,0.0,DOES_NOT_INTERFERE,DOES_NOT_INTERFERE,False,False,True
v1__scene_fc_blocked_v03__L2__C6_D8__r02_s28102,scene_fc_blocked_v03,FC_BLOCKED,C6,D8,28102,12,33,0,0.0,DOES_NOT_INTERFERE,INTERFERES,False,True,False
v1__scene_fc_blocked_v03__L2__C6_D8__r02_s28102,scene_fc_blocked_v03,FC_BLOCKED,C6,D8,28102,12,68,0,0.0,DOES_NOT_INTERFERE,DOES_NOT_INTERFERE,False,False,True
v1__scene_fc_blocked_v03__L2__C6_D8__r03_s28103,scene_fc_blocked_v03,FC_BLOCKED,C6,D8,28103,12,30,0,0.0,DOES_NOT_INTERFERE,DOES_NOT_INTERFERE,False,False,True
v1__scene_fc_blocked_v03__L2__C6_D8__r03_s28103,scene_fc_blocked_v03,FC_BLOCKED,C6,D8,28103,12,33,0,0.0,DOES_NOT_INTERFERE,INTERFERES,False,True,False
v1__scene_fc_blocked_v03__L2__C6_D8__r03_s28103,scene_fc_blocked_v03,FC_BLOCKED,C6,D8,28103,12,68,0,0.0,DOES_NOT_INTERFERE,DOES_NOT_INTERFERE,False,False,True
v1__scene_fc_blocked_v03__L2__C6_D8__r04_s28104,scene_fc_blocked_v03,FC_BLOCKED,C6,D8,28104,12,30,0,0.0,DOES_NOT_INTERFERE,DOES_NOT_INTERFERE,False,False,True
v1__scene_fc_blocked_v03__L2__C6_D8__r04_s28104,scene_fc_blocked_v03,FC_BLOCKED,C6,D8,28104,12,33,0,0.0,DOES_NOT_INTERFERE,INTERFERES,False,True,False
v1__scene_fc_blocked_v03__L2__C6_D8__r04_s28104,scene_fc_blocked_v03,FC_BLOCKED,C6,D8,28104,12,68,0,0.0,DOES_NOT_INTERFERE,DOES_NOT_INTERFERE,False,False,True
v1__scene_fc_blocked_v03__L2__C6_D8__r05_s28105,scene_fc_blocked_v03,FC_BLOCKED,C6,D8,28105,12,30,0,0.0,DOES_NOT_INTERFERE,DOES_NOT_INTERFERE,False,False,True
v1__scene_fc_blocked_v03__L2__C6_D8__r05_s28105,scene_fc_blocked_v03,FC_BLOCKED,C6,D8,28105,12,33,0,0.0,DOES_NOT_INTERFERE,INTERFERES,False,True,False
v1__scene_fc_blocked_v03__L2__C6_D8__r05_s28105,scene_fc_blocked_v03,FC_BLOCKED,C6,D8,28105,12,68,0,0.0,DOES_NOT_INTERFERE,DOES_NOT_INTERFERE,False,False,True
v1__scene_fc_blocked_v04__L2__C0_NA__r01_s28101,scene_fc_blocked_v04,FC_BLOCKED,C0,,28101,89,19,0,0.0,DOES_NOT_INTERFERE,INTERFERES,False,True,False
v1__scene_fc_blocked_v04__L2__C0_NA__r01_s28101,scene_fc_blocked_v04,FC_BLOCKED,C0,,28101,89,44,0,0.0,DOES_NOT_INTERFERE,INTERFERES,False,True,False
v1__scene_fc_blocked_v04__L2__C0_NA__r01_s28101,scene_fc_blocked_v04,FC_BLOCKED,C0,,28101,89,77,0,0.0,DOES_NOT_INTERFERE,DOES_NOT_INTERFERE,False,False,True
v1__scene_fc_blocked_v04__L2__C0_NA__r02_s28102,scene_fc_blocked_v04,FC_BLOCKED,C0,,28102,89,19,0,0.0,DOES_NOT_INTERFERE,INTERFERES,False,True,False
v1__scene_fc_blocked_v04__L2__C0_NA__r02_s28102,scene_fc_blocked_v04,FC_BLOCKED,C0,,28102,89,44,0,0.0,DOES_NOT_INTERFERE,INTERFERES,False,True,False
v1__scene_fc_blocked_v04__L2__C0_NA__r02_s28102,scene_fc_blocked_v04,FC_BLOCKED,C0,,28102,89,77,0,0.0,DOES_NOT_INTERFERE,DOES_NOT_INTERFERE,False,False,True
v1__scene_fc_blocked_v04__L2__C0_NA__r03_s28103,scene_fc_blocked_v04,FC_BLOCKED,C0,,28103,89,19,0,0.0,DOES_NOT_INTERFERE,INTERFERES,False,True,False
v1__scene_fc_blocked_v04__L2__C0_NA__r03_s28103,scene_fc_blocked_v04,FC_BLOCKED,C0,,28103,89,44,0,0.0,DOES_NOT_INTERFERE,INTERFERES,False,True,False
v1__scene_fc_blocked_v04__L2__C0_NA__r03_s28103,scene_fc_blocked_v04,FC_BLOCKED,C0,,28103,89,77,0,0.0,DOES_NOT_INTERFERE,DOES_NOT_INTERFERE,False,False,True
v1__scene_fc_blocked_v04__L2__C0_NA__r04_s28104,scene_fc_blocked_v04,FC_BLOCKED,C0,,28104,89,19,0,0.0,DOES_NOT_INTERFERE,INTERFERES,False,True,False
v1__scene_fc_blocked_v04__L2__C0_NA__r04_s28104,scene_fc_blocked_v04,FC_BLOCKED,C0,,28104,89,44,0,0.0,DOES_NOT_INTERFERE,INTERFERES,False,True,False
v1__scene_fc_blocked_v04__L2__C0_NA__r04_s28104,scene_fc_blocked_v04,FC_BLOCKED,C0,,28104,89,77,0,0.0,DOES_NOT_INTERFERE,DOES_NOT_INTERFERE,False,False,True
v1__scene_fc_blocked_v04__L2__C0_NA__r05_s28105,scene_fc_blocked_v04,FC_BLOCKED,C0,,28105,89,19,0,0.0,DOES_NOT_INTERFERE,INTERFERES,False,True,False
v1__scene_fc_blocked_v04__L2__C0_NA__r05_s28105,scene_fc_blocked_v04,FC_BLOCKED,C0,,28105,89,44,0,0.0,DOES_NOT_INTERFERE,INTERFERES,False,True,False
v1__scene_fc_blocked_v04__L2__C0_NA__r05_s28105,scene_fc_blocked_v04,FC_BLOCKED,C0,,28105,89,77,0,0.0,DOES_NOT_INTERFERE,DOES_NOT_INTERFERE,False,False,True
v1__scene_fc_blocked_v04__L2__C1_NA__r01_s28101,scene_fc_blocked_v04,FC_BLOCKED,C1,,28101,89,19,0,0.0,DOES_NOT_INTERFERE,INTERFERES,False,True,False
v1__scene_fc_blocked_v04__L2__C1_NA__r01_s28101,scene_fc_blocked_v04,FC_BLOCKED,C1,,28101,89,44,0,0.0,DOES_NOT_INTERFERE,DOES_NOT_INTERFERE,False,False,True
v1__scene_fc_blocked_v04__L2__C1_NA__r01_s28101,scene_fc_blocked_v04,FC_BLOCKED,C1,,28101,89,77,0,0.0,DOES_NOT_INTERFERE,DOES_NOT_INTERFERE,False,False,True
v1__scene_fc_blocked_v04__L2__C1_NA__r02_s28102,scene_fc_blocked_v04,FC_BLOCKED,C1,,28102,89,19,0,0.0,DOES_NOT_INTERFERE,INTERFERES,False,True,False
v1__scene_fc_blocked_v04__L2__C1_NA__r02_s28102,scene_fc_blocked_v04,FC_BLOCKED,C1,,28102,89,44,0,0.0,DOES_NOT_INTERFERE,DOES_NOT_INTERFERE,False,False,True
v1__scene_fc_blocked_v04__L2__C1_NA__r02_s28102,scene_fc_blocked_v04,FC_BLOCKED,C1,,28102,89,77,0,0.0,DOES_NOT_INTERFERE,DOES_NOT_INTERFERE,False,False,True
v1__scene_fc_blocked_v04__L2__C1_NA__r03_s28103,scene_fc_blocked_v04,FC_BLOCKED,C1,,28103,89,19,0,0.0,DOES_NOT_INTERFERE,INTERFERES,False,True,False
v1__scene_fc_blocked_v04__L2__C1_NA__r03_s28103,scene_fc_blocked_v04,FC_BLOCKED,C1,,28103,89,44,0,0.0,DOES_NOT_INTERFERE,DOES_NOT_INTERFERE,False,False,True
v1__scene_fc_blocked_v04__L2__C1_NA__r03_s28103,scene_fc_blocked_v04,FC_BLOCKED,C1,,28103,89,77,0,0.0,DOES_NOT_INTERFERE,DOES_NOT_INTERFERE,False,False,True
v1__scene_fc_blocked_v04__L2__C1_NA__r04_s28104,scene_fc_blocked_v04,FC_BLOCKED,C1,,28104,89,19,0,0.0,DOES_NOT_INTERFERE,INTERFERES,False,True,False
v1__scene_fc_blocked_v04__L2__C1_NA__r04_s28104,scene_fc_blocked_v04,FC_BLOCKED,C1,,28104,89,44,0,0.0,DOES_NOT_INTERFERE,DOES_NOT_INTERFERE,False,False,True
v1__scene_fc_blocked_v04__L2__C1_NA__r04_s28104,scene_fc_blocked_v04,FC_BLOCKED,C1,,28104,89,77,0,0.0,DOES_NOT_INTERFERE,DOES_NOT_INTERFERE,False,False,True
v1__scene_fc_blocked_v04__L2__C1_NA__r05_s28105,scene_fc_blocked_v04,FC_BLOCKED,C1,,28105,89,19,0,0.0,DOES_NOT_INTERFERE,INTERFERES,False,True,False
v1__scene_fc_blocked_v04__L2__C1_NA__r05_s28105,scene_fc_blocked_v04,FC_BLOCKED,C1,,28105,89,44,0,0.0,DOES_NOT_INTERFERE,DOES_NOT_INTERFERE,False,False,True
v1__scene_fc_blocked_v04__L2__C1_NA__r05_s28105,scene_fc_blocked_v04,FC_BLOCKED,C1,,28105,89,77,0,0.0,DOES_NOT_INTERFERE,DOES_NOT_INTERFERE,False,False,True
v1__scene_fc_blocked_v04__L2__C2_D4__r01_s28101,scene_fc_blocked_v04,FC_BLOCKED,C2,D4,28101,89,19,0,0.0,DOES_NOT_INTERFERE,INTERFERES,False,True,False
v1__scene_fc_blocked_v04__L2__C2_D4__r01_s28101,scene_fc_blocked_v04,FC_BLOCKED,C2,D4,28101,89,44,0,0.0,DOES_NOT_INTERFERE,INTERFERES,False,True,False
v1__scene_fc_blocked_v04__L2__C2_D4__r01_s28101,scene_fc_blocked_v04,FC_BLOCKED,C2,D4,28101,89,77,0,0.0,DOES_NOT_INTERFERE,DOES_NOT_INTERFERE,False,False,True
v1__scene_fc_blocked_v04__L2__C2_D4__r02_s28102,scene_fc_blocked_v04,FC_BLOCKED,C2,D4,28102,89,19,0,0.0,DOES_NOT_INTERFERE,INTERFERES,False,True,False
v1__scene_fc_blocked_v04__L2__C2_D4__r02_s28102,scene_fc_blocked_v04,FC_BLOCKED,C2,D4,28102,89,44,0,0.0,DOES_NOT_INTERFERE,INTERFERES,False,True,False
v1__scene_fc_blocked_v04__L2__C2_D4__r02_s28102,scene_fc_blocked_v04,FC_BLOCKED,C2,D4,28102,89,77,0,0.0,DOES_NOT_INTERFERE,DOES_NOT_INTERFERE,False,False,True
v1__scene_fc_blocked_v04__L2__C2_D4__r03_s28103,scene_fc_blocked_v04,FC_BLOCKED,C2,D4,28103,89,19,0,0.0,DOES_NOT_INTERFERE,INTERFERES,False,True,False
v1__scene_fc_blocked_v04__L2__C2_D4__r03_s28103,scene_fc_blocked_v04,FC_BLOCKED,C2,D4,28103,89,44,0,0.0,DOES_NOT_INTERFERE,INTERFERES,False,True,False
v1__scene_fc_blocked_v04__L2__C2_D4__r03_s28103,scene_fc_blocked_v04,FC_BLOCKED,C2,D4,28103,89,77,0,0.0,DOES_NOT_INTERFERE,DOES_NOT_INTERFERE,False,False,True
v1__scene_fc_blocked_v04__L2__C2_D4__r04_s28104,scene_fc_blocked_v04,FC_BLOCKED,C2,D4,28104,89,19,0,0.0,DOES_NOT_INTERFERE,INTERFERES,False,True,False
v1__scene_fc_blocked_v04__L2__C2_D4__r04_s28104,scene_fc_blocked_v04,FC_BLOCKED,C2,D4,28104,89,44,0,0.0,DOES_NOT_INTERFERE,INTERFERES,False,True,False
v1__scene_fc_blocked_v04__L2__C2_D4__r04_s28104,scene_fc_blocked_v04,FC_BLOCKED,C2,D4,28104,89,77,0,0.0,DOES_NOT_INTERFERE,DOES_NOT_INTERFERE,False,False,True
v1__scene_fc_blocked_v04__L2__C2_D4__r05_s28105,scene_fc_blocked_v04,FC_BLOCKED,C2,D4,28105,89,19,0,0.0,DOES_NOT_INTERFERE,INTERFERES,False,True,False
v1__scene_fc_blocked_v04__L2__C2_D4__r05_s28105,scene_fc_blocked_v04,FC_BLOCKED,C2,D4,28105,89,44,0,0.0,DOES_NOT_INTERFERE,INTERFERES,False,True,False
v1__scene_fc_blocked_v04__L2__C2_D4__r05_s28105,scene_fc_blocked_v04,FC_BLOCKED,C2,D4,28105,89,77,0,0.0,DOES_NOT_INTERFERE,DOES_NOT_INTERFERE,False,False,True
v1__scene_fc_blocked_v04__L2__C2_D8__r01_s28101,scene_fc_blocked_v04,FC_BLOCKED,C2,D8,28101,89,19,0,0.0,DOES_NOT_INTERFERE,INTERFERES,False,True,False
v1__scene_fc_blocked_v04__L2__C2_D8__r01_s28101,scene_fc_blocked_v04,FC_BLOCKED,C2,D8,28101,89,44,0,0.0,DOES_NOT_INTERFERE,INTERFERES,False,True,False
v1__scene_fc_blocked_v04__L2__C2_D8__r01_s28101,scene_fc_blocked_v04,FC_BLOCKED,C2,D8,28101,89,77,0,0.0,DOES_NOT_INTERFERE,DOES_NOT_INTERFERE,False,False,True
v1__scene_fc_blocked_v04__L2__C2_D8__r02_s28102,scene_fc_blocked_v04,FC_BLOCKED,C2,D8,28102,89,19,0,0.0,DOES_NOT_INTERFERE,INTERFERES,False,True,False
v1__scene_fc_blocked_v04__L2__C2_D8__r02_s28102,scene_fc_blocked_v04,FC_BLOCKED,C2,D8,28102,89,44,0,0.0,DOES_NOT_INTERFERE,DOES_NOT_INTERFERE,False,False,True
v1__scene_fc_blocked_v04__L2__C2_D8__r02_s28102,scene_fc_blocked_v04,FC_BLOCKED,C2,D8,28102,89,77,0,0.0,DOES_NOT_INTERFERE,DOES_NOT_INTERFERE,False,False,True
v1__scene_fc_blocked_v04__L2__C2_D8__r03_s28103,scene_fc_blocked_v04,FC_BLOCKED,C2,D8,28103,89,19,0,0.0,DOES_NOT_INTERFERE,INTERFERES,False,True,False
v1__scene_fc_blocked_v04__L2__C2_D8__r03_s28103,scene_fc_blocked_v04,FC_BLOCKED,C2,D8,28103,89,44,0,0.0,DOES_NOT_INTERFERE,INTERFERES,False,True,False
v1__scene_fc_blocked_v04__L2__C2_D8__r03_s28103,scene_fc_blocked_v04,FC_BLOCKED,C2,D8,28103,89,77,0,0.0,DOES_NOT_INTERFERE,DOES_NOT_INTERFERE,False,False,True
v1__scene_fc_blocked_v04__L2__C2_D8__r04_s28104,scene_fc_blocked_v04,FC_BLOCKED,C2,D8,28104,89,19,0,0.0,DOES_NOT_INTERFERE,INTERFERES,False,True,False
v1__scene_fc_blocked_v04__L2__C2_D8__r04_s28104,scene_fc_blocked_v04,FC_BLOCKED,C2,D8,28104,89,44,0,0.0,DOES_NOT_INTERFERE,DOES_NOT_INTERFERE,False,False,True
v1__scene_fc_blocked_v04__L2__C2_D8__r04_s28104,scene_fc_blocked_v04,FC_BLOCKED,C2,D8,28104,89,77,0,0.0,DOES_NOT_INTERFERE,DOES_NOT_INTERFERE,False,False,True
v1__scene_fc_blocked_v04__L2__C2_D8__r05_s28105,scene_fc_blocked_v04,FC_BLOCKED,C2,D8,28105,89,19,0,0.0,DOES_NOT_INTERFERE,INTERFERES,False,True,False
v1__scene_fc_blocked_v04__L2__C2_D8__r05_s28105,scene_fc_blocked_v04,FC_BLOCKED,C2,D8,28105,89,44,0,0.0,DOES_NOT_INTERFERE,DOES_NOT_INTERFERE,False,False,True
v1__scene_fc_blocked_v04__L2__C2_D8__r05_s28105,scene_fc_blocked_v04,FC_BLOCKED,C2,D8,28105,89,77,0,0.0,DOES_NOT_INTERFERE,DOES_NOT_INTERFERE,False,False,True
v1__scene_fc_blocked_v04__L2__C3_D4__r01_s28101,scene_fc_blocked_v04,FC_BLOCKED,C3,D4,28101,89,19,0,0.0,DOES_NOT_INTERFERE,INTERFERES,False,True,False
v1__scene_fc_blocked_v04__L2__C3_D4__r01_s28101,scene_fc_blocked_v04,FC_BLOCKED,C3,D4,28101,89,44,0,0.0,DOES_NOT_INTERFERE,INTERFERES,False,True,False
v1__scene_fc_blocked_v04__L2__C3_D4__r01_s28101,scene_fc_blocked_v04,FC_BLOCKED,C3,D4,28101,89,77,0,0.0,DOES_NOT_INTERFERE,DOES_NOT_INTERFERE,False,False,True
v1__scene_fc_blocked_v04__L2__C3_D4__r02_s28102,scene_fc_blocked_v04,FC_BLOCKED,C3,D4,28102,89,19,0,0.0,DOES_NOT_INTERFERE,INTERFERES,False,True,False
v1__scene_fc_blocked_v04__L2__C3_D4__r02_s28102,scene_fc_blocked_v04,FC_BLOCKED,C3,D4,28102,89,44,0,0.0,DOES_NOT_INTERFERE,INTERFERES,False,True,False
v1__scene_fc_blocked_v04__L2__C3_D4__r02_s28102,scene_fc_blocked_v04,FC_BLOCKED,C3,D4,28102,89,77,0,0.0,DOES_NOT_INTERFERE,DOES_NOT_INTERFERE,False,False,True
v1__scene_fc_blocked_v04__L2__C3_D4__r03_s28103,scene_fc_blocked_v04,FC_BLOCKED,C3,D4,28103,89,19,0,0.0,DOES_NOT_INTERFERE,INTERFERES,False,True,False
v1__scene_fc_blocked_v04__L2__C3_D4__r03_s28103,scene_fc_blocked_v04,FC_BLOCKED,C3,D4,28103,89,44,0,0.0,DOES_NOT_INTERFERE,INTERFERES,False,True,False
v1__scene_fc_blocked_v04__L2__C3_D4__r03_s28103,scene_fc_blocked_v04,FC_BLOCKED,C3,D4,28103,89,77,0,0.0,DOES_NOT_INTERFERE,DOES_NOT_INTERFERE,False,False,True
v1__scene_fc_blocked_v04__L2__C3_D4__r04_s28104,scene_fc_blocked_v04,FC_BLOCKED,C3,D4,28104,89,19,0,0.0,DOES_NOT_INTERFERE,INTERFERES,False,True,False
v1__scene_fc_blocked_v04__L2__C3_D4__r04_s28104,scene_fc_blocked_v04,FC_BLOCKED,C3,D4,28104,89,44,0,0.0,DOES_NOT_INTERFERE,INTERFERES,False,True,False
v1__scene_fc_blocked_v04__L2__C3_D4__r04_s28104,scene_fc_blocked_v04,FC_BLOCKED,C3,D4,28104,89,77,0,0.0,DOES_NOT_INTERFERE,DOES_NOT_INTERFERE,False,False,True
v1__scene_fc_blocked_v04__L2__C3_D4__r05_s28105,scene_fc_blocked_v04,FC_BLOCKED,C3,D4,28105,89,19,0,0.0,DOES_NOT_INTERFERE,INTERFERES,False,True,False
v1__scene_fc_blocked_v04__L2__C3_D4__r05_s28105,scene_fc_blocked_v04,FC_BLOCKED,C3,D4,28105,89,44,0,0.0,DOES_NOT_INTERFERE,INTERFERES,False,True,False
v1__scene_fc_blocked_v04__L2__C3_D4__r05_s28105,scene_fc_blocked_v04,FC_BLOCKED,C3,D4,28105,89,77,0,0.0,DOES_NOT_INTERFERE,DOES_NOT_INTERFERE,False,False,True
v1__scene_fc_blocked_v04__L2__C3_D8__r01_s28101,scene_fc_blocked_v04,FC_BLOCKED,C3,D8,28101,89,19,0,0.0,DOES_NOT_INTERFERE,INTERFERES,False,True,False
v1__scene_fc_blocked_v04__L2__C3_D8__r01_s28101,scene_fc_blocked_v04,FC_BLOCKED,C3,D8,28101,89,44,0,0.0,DOES_NOT_INTERFERE,INTERFERES,False,True,False
v1__scene_fc_blocked_v04__L2__C3_D8__r01_s28101,scene_fc_blocked_v04,FC_BLOCKED,C3,D8,28101,89,77,0,0.0,DOES_NOT_INTERFERE,DOES_NOT_INTERFERE,False,False,True
v1__scene_fc_blocked_v04__L2__C3_D8__r02_s28102,scene_fc_blocked_v04,FC_BLOCKED,C3,D8,28102,89,19,0,0.0,DOES_NOT_INTERFERE,INTERFERES,False,True,False
v1__scene_fc_blocked_v04__L2__C3_D8__r02_s28102,scene_fc_blocked_v04,FC_BLOCKED,C3,D8,28102,89,44,0,0.0,DOES_NOT_INTERFERE,INTERFERES,False,True,False
v1__scene_fc_blocked_v04__L2__C3_D8__r02_s28102,scene_fc_blocked_v04,FC_BLOCKED,C3,D8,28102,89,77,0,0.0,DOES_NOT_INTERFERE,INTERFERES,False,True,False
v1__scene_fc_blocked_v04__L2__C3_D8__r03_s28103,scene_fc_blocked_v04,FC_BLOCKED,C3,D8,28103,89,19,0,0.0,DOES_NOT_INTERFERE,INTERFERES,False,True,False
v1__scene_fc_blocked_v04__L2__C3_D8__r03_s28103,scene_fc_blocked_v04,FC_BLOCKED,C3,D8,28103,89,44,0,0.0,DOES_NOT_INTERFERE,INTERFERES,False,True,False
v1__scene_fc_blocked_v04__L2__C3_D8__r03_s28103,scene_fc_blocked_v04,FC_BLOCKED,C3,D8,28103,89,77,0,0.0,DOES_NOT_INTERFERE,INTERFERES,False,True,False
v1__scene_fc_blocked_v04__L2__C3_D8__r04_s28104,scene_fc_blocked_v04,FC_BLOCKED,C3,D8,28104,89,19,0,0.0,DOES_NOT_INTERFERE,INTERFERES,False,True,False
v1__scene_fc_blocked_v04__L2__C3_D8__r04_s28104,scene_fc_blocked_v04,FC_BLOCKED,C3,D8,28104,89,44,0,0.0,DOES_NOT_INTERFERE,INTERFERES,False,True,False
v1__scene_fc_blocked_v04__L2__C3_D8__r04_s28104,scene_fc_blocked_v04,FC_BLOCKED,C3,D8,28104,89,77,0,0.0,DOES_NOT_INTERFERE,DOES_NOT_INTERFERE,False,False,True
v1__scene_fc_blocked_v04__L2__C3_D8__r05_s28105,scene_fc_blocked_v04,FC_BLOCKED,C3,D8,28105,89,19,0,0.0,DOES_NOT_INTERFERE,INTERFERES,False,True,False
v1__scene_fc_blocked_v04__L2__C3_D8__r05_s28105,scene_fc_blocked_v04,FC_BLOCKED,C3,D8,28105,89,44,0,0.0,DOES_NOT_INTERFERE,INTERFERES,False,True,False
v1__scene_fc_blocked_v04__L2__C3_D8__r05_s28105,scene_fc_blocked_v04,FC_BLOCKED,C3,D8,28105,89,77,0,0.0,DOES_NOT_INTERFERE,INTERFERES,False,True,False
v1__scene_fc_blocked_v04__L2__C4_D4__r01_s28101,scene_fc_blocked_v04,FC_BLOCKED,C4,D4,28101,89,19,0,0.0,DOES_NOT_INTERFERE,INTERFERES,False,True,False
v1__scene_fc_blocked_v04__L2__C4_D4__r01_s28101,scene_fc_blocked_v04,FC_BLOCKED,C4,D4,28101,89,44,0,0.0,DOES_NOT_INTERFERE,INTERFERES,False,True,False
v1__scene_fc_blocked_v04__L2__C4_D4__r01_s28101,scene_fc_blocked_v04,FC_BLOCKED,C4,D4,28101,89,77,0,0.0,DOES_NOT_INTERFERE,DOES_NOT_INTERFERE,False,False,True
v1__scene_fc_blocked_v04__L2__C4_D4__r02_s28102,scene_fc_blocked_v04,FC_BLOCKED,C4,D4,28102,89,19,0,0.0,DOES_NOT_INTERFERE,INTERFERES,False,True,False
v1__scene_fc_blocked_v04__L2__C4_D4__r02_s28102,scene_fc_blocked_v04,FC_BLOCKED,C4,D4,28102,89,44,0,0.0,DOES_NOT_INTERFERE,INTERFERES,False,True,False
v1__scene_fc_blocked_v04__L2__C4_D4__r02_s28102,scene_fc_blocked_v04,FC_BLOCKED,C4,D4,28102,89,77,0,0.0,DOES_NOT_INTERFERE,DOES_NOT_INTERFERE,False,False,True
v1__scene_fc_blocked_v04__L2__C4_D4__r03_s28103,scene_fc_blocked_v04,FC_BLOCKED,C4,D4,28103,89,19,0,0.0,DOES_NOT_INTERFERE,INTERFERES,False,True,False
v1__scene_fc_blocked_v04__L2__C4_D4__r03_s28103,scene_fc_blocked_v04,FC_BLOCKED,C4,D4,28103,89,44,0,0.0,DOES_NOT_INTERFERE,INTERFERES,False,True,False
v1__scene_fc_blocked_v04__L2__C4_D4__r03_s28103,scene_fc_blocked_v04,FC_BLOCKED,C4,D4,28103,89,77,0,0.0,DOES_NOT_INTERFERE,DOES_NOT_INTERFERE,False,False,True
v1__scene_fc_blocked_v04__L2__C4_D4__r04_s28104,scene_fc_blocked_v04,FC_BLOCKED,C4,D4,28104,89,19,0,0.0,DOES_NOT_INTERFERE,INTERFERES,False,True,False
v1__scene_fc_blocked_v04__L2__C4_D4__r04_s28104,scene_fc_blocked_v04,FC_BLOCKED,C4,D4,28104,89,44,0,0.0,DOES_NOT_INTERFERE,INTERFERES,False,True,False
v1__scene_fc_blocked_v04__L2__C4_D4__r04_s28104,scene_fc_blocked_v04,FC_BLOCKED,C4,D4,28104,89,77,0,0.0,DOES_NOT_INTERFERE,DOES_NOT_INTERFERE,False,False,True
v1__scene_fc_blocked_v04__L2__C4_D4__r05_s28105,scene_fc_blocked_v04,FC_BLOCKED,C4,D4,28105,89,19,0,0.0,DOES_NOT_INTERFERE,INTERFERES,False,True,False
v1__scene_fc_blocked_v04__L2__C4_D4__r05_s28105,scene_fc_blocked_v04,FC_BLOCKED,C4,D4,28105,89,44,0,0.0,DOES_NOT_INTERFERE,INTERFERES,False,True,False
v1__scene_fc_blocked_v04__L2__C4_D4__r05_s28105,scene_fc_blocked_v04,FC_BLOCKED,C4,D4,28105,89,77,0,0.0,DOES_NOT_INTERFERE,DOES_NOT_INTERFERE,False,False,True
v1__scene_fc_blocked_v04__L2__C4_D8__r01_s28101,scene_fc_blocked_v04,FC_BLOCKED,C4,D8,28101,89,19,0,0.0,DOES_NOT_INTERFERE,INTERFERES,False,True,False
v1__scene_fc_blocked_v04__L2__C4_D8__r01_s28101,scene_fc_blocked_v04,FC_BLOCKED,C4,D8,28101,89,44,0,0.0,DOES_NOT_INTERFERE,INTERFERES,False,True,False
v1__scene_fc_blocked_v04__L2__C4_D8__r01_s28101,scene_fc_blocked_v04,FC_BLOCKED,C4,D8,28101,89,77,0,0.0,DOES_NOT_INTERFERE,DOES_NOT_INTERFERE,False,False,True
v1__scene_fc_blocked_v04__L2__C4_D8__r02_s28102,scene_fc_blocked_v04,FC_BLOCKED,C4,D8,28102,89,19,0,0.0,DOES_NOT_INTERFERE,INTERFERES,False,True,False
v1__scene_fc_blocked_v04__L2__C4_D8__r02_s28102,scene_fc_blocked_v04,FC_BLOCKED,C4,D8,28102,89,44,0,0.0,DOES_NOT_INTERFERE,INTERFERES,False,True,False
v1__scene_fc_blocked_v04__L2__C4_D8__r02_s28102,scene_fc_blocked_v04,FC_BLOCKED,C4,D8,28102,89,77,0,0.0,DOES_NOT_INTERFERE,DOES_NOT_INTERFERE,False,False,True
v1__scene_fc_blocked_v04__L2__C4_D8__r03_s28103,scene_fc_blocked_v04,FC_BLOCKED,C4,D8,28103,89,19,0,0.0,DOES_NOT_INTERFERE,INTERFERES,False,True,False
v1__scene_fc_blocked_v04__L2__C4_D8__r03_s28103,scene_fc_blocked_v04,FC_BLOCKED,C4,D8,28103,89,44,0,0.0,DOES_NOT_INTERFERE,INTERFERES,False,True,False
v1__scene_fc_blocked_v04__L2__C4_D8__r03_s28103,scene_fc_blocked_v04,FC_BLOCKED,C4,D8,28103,89,77,0,0.0,DOES_NOT_INTERFERE,DOES_NOT_INTERFERE,False,False,True
v1__scene_fc_blocked_v04__L2__C4_D8__r04_s28104,scene_fc_blocked_v04,FC_BLOCKED,C4,D8,28104,89,19,0,0.0,DOES_NOT_INTERFERE,INTERFERES,False,True,False
v1__scene_fc_blocked_v04__L2__C4_D8__r04_s28104,scene_fc_blocked_v04,FC_BLOCKED,C4,D8,28104,89,44,0,0.0,DOES_NOT_INTERFERE,INTERFERES,False,True,False
v1__scene_fc_blocked_v04__L2__C4_D8__r04_s28104,scene_fc_blocked_v04,FC_BLOCKED,C4,D8,28104,89,77,0,0.0,DOES_NOT_INTERFERE,DOES_NOT_INTERFERE,False,False,True
v1__scene_fc_blocked_v04__L2__C4_D8__r05_s28105,scene_fc_blocked_v04,FC_BLOCKED,C4,D8,28105,89,19,0,0.0,DOES_NOT_INTERFERE,INTERFERES,False,True,False
v1__scene_fc_blocked_v04__L2__C4_D8__r05_s28105,scene_fc_blocked_v04,FC_BLOCKED,C4,D8,28105,89,44,0,0.0,DOES_NOT_INTERFERE,INTERFERES,False,True,False
v1__scene_fc_blocked_v04__L2__C4_D8__r05_s28105,scene_fc_blocked_v04,FC_BLOCKED,C4,D8,28105,89,77,0,0.0,DOES_NOT_INTERFERE,DOES_NOT_INTERFERE,False,False,True
v1__scene_fc_blocked_v04__L2__C5_D4__r01_s28101,scene_fc_blocked_v04,FC_BLOCKED,C5,D4,28101,89,19,0,0.0,DOES_NOT_INTERFERE,INTERFERES,False,True,False
v1__scene_fc_blocked_v04__L2__C5_D4__r01_s28101,scene_fc_blocked_v04,FC_BLOCKED,C5,D4,28101,89,44,0,0.0,DOES_NOT_INTERFERE,INTERFERES,False,True,False
v1__scene_fc_blocked_v04__L2__C5_D4__r01_s28101,scene_fc_blocked_v04,FC_BLOCKED,C5,D4,28101,89,77,0,0.0,DOES_NOT_INTERFERE,DOES_NOT_INTERFERE,False,False,True
v1__scene_fc_blocked_v04__L2__C5_D4__r02_s28102,scene_fc_blocked_v04,FC_BLOCKED,C5,D4,28102,89,19,0,0.0,DOES_NOT_INTERFERE,INTERFERES,False,True,False
v1__scene_fc_blocked_v04__L2__C5_D4__r02_s28102,scene_fc_blocked_v04,FC_BLOCKED,C5,D4,28102,89,44,0,0.0,DOES_NOT_INTERFERE,INTERFERES,False,True,False
v1__scene_fc_blocked_v04__L2__C5_D4__r02_s28102,scene_fc_blocked_v04,FC_BLOCKED,C5,D4,28102,89,77,0,0.0,DOES_NOT_INTERFERE,INTERFERES,False,True,False
v1__scene_fc_blocked_v04__L2__C5_D4__r03_s28103,scene_fc_blocked_v04,FC_BLOCKED,C5,D4,28103,89,19,0,0.0,DOES_NOT_INTERFERE,INTERFERES,False,True,False
v1__scene_fc_blocked_v04__L2__C5_D4__r03_s28103,scene_fc_blocked_v04,FC_BLOCKED,C5,D4,28103,89,44,0,0.0,DOES_NOT_INTERFERE,INTERFERES,False,True,False
v1__scene_fc_blocked_v04__L2__C5_D4__r03_s28103,scene_fc_blocked_v04,FC_BLOCKED,C5,D4,28103,89,77,0,0.0,DOES_NOT_INTERFERE,DOES_NOT_INTERFERE,False,False,True
v1__scene_fc_blocked_v04__L2__C5_D4__r04_s28104,scene_fc_blocked_v04,FC_BLOCKED,C5,D4,28104,89,19,0,0.0,DOES_NOT_INTERFERE,INTERFERES,False,True,False
v1__scene_fc_blocked_v04__L2__C5_D4__r04_s28104,scene_fc_blocked_v04,FC_BLOCKED,C5,D4,28104,89,44,0,0.0,DOES_NOT_INTERFERE,INTERFERES,False,True,False
v1__scene_fc_blocked_v04__L2__C5_D4__r04_s28104,scene_fc_blocked_v04,FC_BLOCKED,C5,D4,28104,89,77,0,0.0,DOES_NOT_INTERFERE,DOES_NOT_INTERFERE,False,False,True
v1__scene_fc_blocked_v04__L2__C5_D4__r05_s28105,scene_fc_blocked_v04,FC_BLOCKED,C5,D4,28105,89,19,0,0.0,DOES_NOT_INTERFERE,INTERFERES,False,True,False
v1__scene_fc_blocked_v04__L2__C5_D4__r05_s28105,scene_fc_blocked_v04,FC_BLOCKED,C5,D4,28105,89,44,0,0.0,DOES_NOT_INTERFERE,INTERFERES,False,True,False
v1__scene_fc_blocked_v04__L2__C5_D4__r05_s28105,scene_fc_blocked_v04,FC_BLOCKED,C5,D4,28105,89,77,0,0.0,DOES_NOT_INTERFERE,DOES_NOT_INTERFERE,False,False,True
v1__scene_fc_blocked_v04__L2__C5_D8__r01_s28101,scene_fc_blocked_v04,FC_BLOCKED,C5,D8,28101,89,19,0,0.0,DOES_NOT_INTERFERE,INTERFERES,False,True,False
v1__scene_fc_blocked_v04__L2__C5_D8__r01_s28101,scene_fc_blocked_v04,FC_BLOCKED,C5,D8,28101,89,44,0,0.0,DOES_NOT_INTERFERE,INTERFERES,False,True,False
v1__scene_fc_blocked_v04__L2__C5_D8__r01_s28101,scene_fc_blocked_v04,FC_BLOCKED,C5,D8,28101,89,77,0,0.0,DOES_NOT_INTERFERE,DOES_NOT_INTERFERE,False,False,True
v1__scene_fc_blocked_v04__L2__C5_D8__r02_s28102,scene_fc_blocked_v04,FC_BLOCKED,C5,D8,28102,89,19,0,0.0,DOES_NOT_INTERFERE,INTERFERES,False,True,False
v1__scene_fc_blocked_v04__L2__C5_D8__r02_s28102,scene_fc_blocked_v04,FC_BLOCKED,C5,D8,28102,89,44,0,0.0,DOES_NOT_INTERFERE,INTERFERES,False,True,False
v1__scene_fc_blocked_v04__L2__C5_D8__r02_s28102,scene_fc_blocked_v04,FC_BLOCKED,C5,D8,28102,89,77,0,0.0,DOES_NOT_INTERFERE,DOES_NOT_INTERFERE,False,False,True
v1__scene_fc_blocked_v04__L2__C5_D8__r03_s28103,scene_fc_blocked_v04,FC_BLOCKED,C5,D8,28103,89,19,0,0.0,DOES_NOT_INTERFERE,INTERFERES,False,True,False
v1__scene_fc_blocked_v04__L2__C5_D8__r03_s28103,scene_fc_blocked_v04,FC_BLOCKED,C5,D8,28103,89,44,0,0.0,DOES_NOT_INTERFERE,INTERFERES,False,True,False
v1__scene_fc_blocked_v04__L2__C5_D8__r03_s28103,scene_fc_blocked_v04,FC_BLOCKED,C5,D8,28103,89,77,0,0.0,DOES_NOT_INTERFERE,DOES_NOT_INTERFERE,False,False,True
v1__scene_fc_blocked_v04__L2__C5_D8__r04_s28104,scene_fc_blocked_v04,FC_BLOCKED,C5,D8,28104,89,19,0,0.0,DOES_NOT_INTERFERE,INTERFERES,False,True,False
v1__scene_fc_blocked_v04__L2__C5_D8__r04_s28104,scene_fc_blocked_v04,FC_BLOCKED,C5,D8,28104,89,44,0,0.0,DOES_NOT_INTERFERE,INTERFERES,False,True,False
v1__scene_fc_blocked_v04__L2__C5_D8__r04_s28104,scene_fc_blocked_v04,FC_BLOCKED,C5,D8,28104,89,77,0,0.0,DOES_NOT_INTERFERE,DOES_NOT_INTERFERE,False,False,True
v1__scene_fc_blocked_v04__L2__C5_D8__r05_s28105,scene_fc_blocked_v04,FC_BLOCKED,C5,D8,28105,89,19,0,0.0,DOES_NOT_INTERFERE,INTERFERES,False,True,False
v1__scene_fc_blocked_v04__L2__C5_D8__r05_s28105,scene_fc_blocked_v04,FC_BLOCKED,C5,D8,28105,89,44,0,0.0,DOES_NOT_INTERFERE,INTERFERES,False,True,False
v1__scene_fc_blocked_v04__L2__C5_D8__r05_s28105,scene_fc_blocked_v04,FC_BLOCKED,C5,D8,28105,89,77,0,0.0,DOES_NOT_INTERFERE,DOES_NOT_INTERFERE,False,False,True
v1__scene_fc_blocked_v04__L2__C6_D4__r01_s28101,scene_fc_blocked_v04,FC_BLOCKED,C6,D4,28101,89,19,0,0.0,DOES_NOT_INTERFERE,INTERFERES,False,True,False
v1__scene_fc_blocked_v04__L2__C6_D4__r01_s28101,scene_fc_blocked_v04,FC_BLOCKED,C6,D4,28101,89,44,0,0.0,DOES_NOT_INTERFERE,INTERFERES,False,True,False
v1__scene_fc_blocked_v04__L2__C6_D4__r01_s28101,scene_fc_blocked_v04,FC_BLOCKED,C6,D4,28101,89,77,0,0.0,DOES_NOT_INTERFERE,DOES_NOT_INTERFERE,False,False,True
v1__scene_fc_blocked_v04__L2__C6_D4__r02_s28102,scene_fc_blocked_v04,FC_BLOCKED,C6,D4,28102,89,19,0,0.0,DOES_NOT_INTERFERE,INTERFERES,False,True,False
v1__scene_fc_blocked_v04__L2__C6_D4__r02_s28102,scene_fc_blocked_v04,FC_BLOCKED,C6,D4,28102,89,44,0,0.0,DOES_NOT_INTERFERE,INTERFERES,False,True,False
v1__scene_fc_blocked_v04__L2__C6_D4__r02_s28102,scene_fc_blocked_v04,FC_BLOCKED,C6,D4,28102,89,77,0,0.0,DOES_NOT_INTERFERE,DOES_NOT_INTERFERE,False,False,True
v1__scene_fc_blocked_v04__L2__C6_D4__r03_s28103,scene_fc_blocked_v04,FC_BLOCKED,C6,D4,28103,89,19,0,0.0,DOES_NOT_INTERFERE,INTERFERES,False,True,False
v1__scene_fc_blocked_v04__L2__C6_D4__r03_s28103,scene_fc_blocked_v04,FC_BLOCKED,C6,D4,28103,89,44,0,0.0,DOES_NOT_INTERFERE,INTERFERES,False,True,False
v1__scene_fc_blocked_v04__L2__C6_D4__r03_s28103,scene_fc_blocked_v04,FC_BLOCKED,C6,D4,28103,89,77,0,0.0,DOES_NOT_INTERFERE,DOES_NOT_INTERFERE,False,False,True
v1__scene_fc_blocked_v04__L2__C6_D4__r04_s28104,scene_fc_blocked_v04,FC_BLOCKED,C6,D4,28104,89,19,0,0.0,DOES_NOT_INTERFERE,INTERFERES,False,True,False
v1__scene_fc_blocked_v04__L2__C6_D4__r04_s28104,scene_fc_blocked_v04,FC_BLOCKED,C6,D4,28104,89,44,0,0.0,DOES_NOT_INTERFERE,INTERFERES,False,True,False
v1__scene_fc_blocked_v04__L2__C6_D4__r04_s28104,scene_fc_blocked_v04,FC_BLOCKED,C6,D4,28104,89,77,0,0.0,DOES_NOT_INTERFERE,DOES_NOT_INTERFERE,False,False,True
v1__scene_fc_blocked_v04__L2__C6_D4__r05_s28105,scene_fc_blocked_v04,FC_BLOCKED,C6,D4,28105,89,19,0,0.0,DOES_NOT_INTERFERE,INTERFERES,False,True,False
v1__scene_fc_blocked_v04__L2__C6_D4__r05_s28105,scene_fc_blocked_v04,FC_BLOCKED,C6,D4,28105,89,44,0,0.0,DOES_NOT_INTERFERE,INTERFERES,False,True,False
v1__scene_fc_blocked_v04__L2__C6_D4__r05_s28105,scene_fc_blocked_v04,FC_BLOCKED,C6,D4,28105,89,77,0,0.0,DOES_NOT_INTERFERE,DOES_NOT_INTERFERE,False,False,True
v1__scene_fc_blocked_v04__L2__C6_D8__r01_s28101,scene_fc_blocked_v04,FC_BLOCKED,C6,D8,28101,89,19,0,0.0,DOES_NOT_INTERFERE,INTERFERES,False,True,False
v1__scene_fc_blocked_v04__L2__C6_D8__r01_s28101,scene_fc_blocked_v04,FC_BLOCKED,C6,D8,28101,89,44,0,0.0,DOES_NOT_INTERFERE,INTERFERES,False,True,False
v1__scene_fc_blocked_v04__L2__C6_D8__r01_s28101,scene_fc_blocked_v04,FC_BLOCKED,C6,D8,28101,89,77,0,0.0,DOES_NOT_INTERFERE,DOES_NOT_INTERFERE,False,False,True
v1__scene_fc_blocked_v04__L2__C6_D8__r02_s28102,scene_fc_blocked_v04,FC_BLOCKED,C6,D8,28102,89,19,0,0.0,DOES_NOT_INTERFERE,INTERFERES,False,True,False
v1__scene_fc_blocked_v04__L2__C6_D8__r02_s28102,scene_fc_blocked_v04,FC_BLOCKED,C6,D8,28102,89,44,0,0.0,DOES_NOT_INTERFERE,INTERFERES,False,True,False
v1__scene_fc_blocked_v04__L2__C6_D8__r02_s28102,scene_fc_blocked_v04,FC_BLOCKED,C6,D8,28102,89,77,0,0.0,DOES_NOT_INTERFERE,DOES_NOT_INTERFERE,False,False,True
v1__scene_fc_blocked_v04__L2__C6_D8__r03_s28103,scene_fc_blocked_v04,FC_BLOCKED,C6,D8,28103,89,19,0,0.0,DOES_NOT_INTERFERE,INTERFERES,False,True,False
v1__scene_fc_blocked_v04__L2__C6_D8__r03_s28103,scene_fc_blocked_v04,FC_BLOCKED,C6,D8,28103,89,44,0,0.0,DOES_NOT_INTERFERE,INTERFERES,False,True,False
v1__scene_fc_blocked_v04__L2__C6_D8__r03_s28103,scene_fc_blocked_v04,FC_BLOCKED,C6,D8,28103,89,77,0,0.0,DOES_NOT_INTERFERE,DOES_NOT_INTERFERE,False,False,True
v1__scene_fc_blocked_v04__L2__C6_D8__r04_s28104,scene_fc_blocked_v04,FC_BLOCKED,C6,D8,28104,89,19,0,0.0,DOES_NOT_INTERFERE,INTERFERES,False,True,False
v1__scene_fc_blocked_v04__L2__C6_D8__r04_s28104,scene_fc_blocked_v04,FC_BLOCKED,C6,D8,28104,89,44,0,0.0,DOES_NOT_INTERFERE,INTERFERES,False,True,False
v1__scene_fc_blocked_v04__L2__C6_D8__r04_s28104,scene_fc_blocked_v04,FC_BLOCKED,C6,D8,28104,89,77,0,0.0,DOES_NOT_INTERFERE,DOES_NOT_INTERFERE,False,False,True
v1__scene_fc_blocked_v04__L2__C6_D8__r05_s28105,scene_fc_blocked_v04,FC_BLOCKED,C6,D8,28105,89,19,0,0.0,DOES_NOT_INTERFERE,INTERFERES,False,True,False
v1__scene_fc_blocked_v04__L2__C6_D8__r05_s28105,scene_fc_blocked_v04,FC_BLOCKED,C6,D8,28105,89,44,0,0.0,DOES_NOT_INTERFERE,INTERFERES,False,True,False
v1__scene_fc_blocked_v04__L2__C6_D8__r05_s28105,scene_fc_blocked_v04,FC_BLOCKED,C6,D8,28105,89,77,0,0.0,DOES_NOT_INTERFERE,DOES_NOT_INTERFERE,False,False,True
v1__scene_fc_blocked_v05__L2__C0_NA__r01_s28101,scene_fc_blocked_v05,FC_BLOCKED,C0,,28101,59,26,48,0.004170287,DOES_NOT_INTERFERE,INTERFERES,False,True,False
v1__scene_fc_blocked_v05__L2__C0_NA__r01_s28101,scene_fc_blocked_v05,FC_BLOCKED,C0,,28101,59,69,0,0.0,DOES_NOT_INTERFERE,DOES_NOT_INTERFERE,False,False,True
v1__scene_fc_blocked_v05__L2__C0_NA__r01_s28101,scene_fc_blocked_v05,FC_BLOCKED,C0,,28101,59,92,0,0.0,DOES_NOT_INTERFERE,DOES_NOT_INTERFERE,False,False,True
v1__scene_fc_blocked_v05__L2__C0_NA__r02_s28102,scene_fc_blocked_v05,FC_BLOCKED,C0,,28102,59,26,48,0.004170287,DOES_NOT_INTERFERE,INTERFERES,False,True,False
v1__scene_fc_blocked_v05__L2__C0_NA__r02_s28102,scene_fc_blocked_v05,FC_BLOCKED,C0,,28102,59,69,0,0.0,DOES_NOT_INTERFERE,DOES_NOT_INTERFERE,False,False,True
v1__scene_fc_blocked_v05__L2__C0_NA__r02_s28102,scene_fc_blocked_v05,FC_BLOCKED,C0,,28102,59,92,0,0.0,DOES_NOT_INTERFERE,DOES_NOT_INTERFERE,False,False,True
v1__scene_fc_blocked_v05__L2__C0_NA__r03_s28103,scene_fc_blocked_v05,FC_BLOCKED,C0,,28103,59,26,48,0.004170287,DOES_NOT_INTERFERE,INTERFERES,False,True,False
v1__scene_fc_blocked_v05__L2__C0_NA__r03_s28103,scene_fc_blocked_v05,FC_BLOCKED,C0,,28103,59,69,0,0.0,DOES_NOT_INTERFERE,DOES_NOT_INTERFERE,False,False,True
v1__scene_fc_blocked_v05__L2__C0_NA__r03_s28103,scene_fc_blocked_v05,FC_BLOCKED,C0,,28103,59,92,0,0.0,DOES_NOT_INTERFERE,DOES_NOT_INTERFERE,False,False,True
v1__scene_fc_blocked_v05__L2__C0_NA__r04_s28104,scene_fc_blocked_v05,FC_BLOCKED,C0,,28104,59,26,48,0.004170287,DOES_NOT_INTERFERE,INTERFERES,False,True,False
v1__scene_fc_blocked_v05__L2__C0_NA__r04_s28104,scene_fc_blocked_v05,FC_BLOCKED,C0,,28104,59,69,0,0.0,DOES_NOT_INTERFERE,DOES_NOT_INTERFERE,False,False,True
v1__scene_fc_blocked_v05__L2__C0_NA__r04_s28104,scene_fc_blocked_v05,FC_BLOCKED,C0,,28104,59,92,0,0.0,DOES_NOT_INTERFERE,DOES_NOT_INTERFERE,False,False,True
v1__scene_fc_blocked_v05__L2__C0_NA__r05_s28105,scene_fc_blocked_v05,FC_BLOCKED,C0,,28105,59,26,48,0.004170287,DOES_NOT_INTERFERE,INTERFERES,False,True,False
v1__scene_fc_blocked_v05__L2__C0_NA__r05_s28105,scene_fc_blocked_v05,FC_BLOCKED,C0,,28105,59,69,0,0.0,DOES_NOT_INTERFERE,DOES_NOT_INTERFERE,False,False,True
v1__scene_fc_blocked_v05__L2__C0_NA__r05_s28105,scene_fc_blocked_v05,FC_BLOCKED,C0,,28105,59,92,0,0.0,DOES_NOT_INTERFERE,DOES_NOT_INTERFERE,False,False,True
v1__scene_fc_blocked_v05__L2__C1_NA__r01_s28101,scene_fc_blocked_v05,FC_BLOCKED,C1,,28101,59,26,48,0.004170287,DOES_NOT_INTERFERE,INTERFERES,False,True,False
v1__scene_fc_blocked_v05__L2__C1_NA__r01_s28101,scene_fc_blocked_v05,FC_BLOCKED,C1,,28101,59,69,0,0.0,DOES_NOT_INTERFERE,DOES_NOT_INTERFERE,False,False,True
v1__scene_fc_blocked_v05__L2__C1_NA__r01_s28101,scene_fc_blocked_v05,FC_BLOCKED,C1,,28101,59,92,0,0.0,DOES_NOT_INTERFERE,DOES_NOT_INTERFERE,False,False,True
v1__scene_fc_blocked_v05__L2__C1_NA__r02_s28102,scene_fc_blocked_v05,FC_BLOCKED,C1,,28102,59,26,48,0.004170287,DOES_NOT_INTERFERE,INTERFERES,False,True,False
v1__scene_fc_blocked_v05__L2__C1_NA__r02_s28102,scene_fc_blocked_v05,FC_BLOCKED,C1,,28102,59,69,0,0.0,DOES_NOT_INTERFERE,DOES_NOT_INTERFERE,False,False,True
v1__scene_fc_blocked_v05__L2__C1_NA__r02_s28102,scene_fc_blocked_v05,FC_BLOCKED,C1,,28102,59,92,0,0.0,DOES_NOT_INTERFERE,DOES_NOT_INTERFERE,False,False,True
v1__scene_fc_blocked_v05__L2__C1_NA__r03_s28103,scene_fc_blocked_v05,FC_BLOCKED,C1,,28103,59,26,48,0.004170287,DOES_NOT_INTERFERE,INTERFERES,False,True,False
v1__scene_fc_blocked_v05__L2__C1_NA__r03_s28103,scene_fc_blocked_v05,FC_BLOCKED,C1,,28103,59,69,0,0.0,DOES_NOT_INTERFERE,DOES_NOT_INTERFERE,False,False,True
v1__scene_fc_blocked_v05__L2__C1_NA__r03_s28103,scene_fc_blocked_v05,FC_BLOCKED,C1,,28103,59,92,0,0.0,DOES_NOT_INTERFERE,DOES_NOT_INTERFERE,False,False,True
v1__scene_fc_blocked_v05__L2__C1_NA__r04_s28104,scene_fc_blocked_v05,FC_BLOCKED,C1,,28104,59,26,48,0.004170287,DOES_NOT_INTERFERE,INTERFERES,False,True,False
v1__scene_fc_blocked_v05__L2__C1_NA__r04_s28104,scene_fc_blocked_v05,FC_BLOCKED,C1,,28104,59,69,0,0.0,DOES_NOT_INTERFERE,DOES_NOT_INTERFERE,False,False,True
v1__scene_fc_blocked_v05__L2__C1_NA__r04_s28104,scene_fc_blocked_v05,FC_BLOCKED,C1,,28104,59,92,0,0.0,DOES_NOT_INTERFERE,DOES_NOT_INTERFERE,False,False,True
v1__scene_fc_blocked_v05__L2__C1_NA__r05_s28105,scene_fc_blocked_v05,FC_BLOCKED,C1,,28105,59,26,48,0.004170287,DOES_NOT_INTERFERE,INTERFERES,False,True,False
v1__scene_fc_blocked_v05__L2__C1_NA__r05_s28105,scene_fc_blocked_v05,FC_BLOCKED,C1,,28105,59,69,0,0.0,DOES_NOT_INTERFERE,DOES_NOT_INTERFERE,False,False,True
v1__scene_fc_blocked_v05__L2__C1_NA__r05_s28105,scene_fc_blocked_v05,FC_BLOCKED,C1,,28105,59,92,0,0.0,DOES_NOT_INTERFERE,DOES_NOT_INTERFERE,False,False,True
v1__scene_fc_blocked_v05__L2__C2_D4__r01_s28101,scene_fc_blocked_v05,FC_BLOCKED,C2,D4,28101,59,26,48,0.004170287,DOES_NOT_INTERFERE,INTERFERES,False,True,False
v1__scene_fc_blocked_v05__L2__C2_D4__r01_s28101,scene_fc_blocked_v05,FC_BLOCKED,C2,D4,28101,59,69,0,0.0,DOES_NOT_INTERFERE,DOES_NOT_INTERFERE,False,False,True
v1__scene_fc_blocked_v05__L2__C2_D4__r01_s28101,scene_fc_blocked_v05,FC_BLOCKED,C2,D4,28101,59,92,0,0.0,DOES_NOT_INTERFERE,DOES_NOT_INTERFERE,False,False,True
v1__scene_fc_blocked_v05__L2__C2_D4__r02_s28102,scene_fc_blocked_v05,FC_BLOCKED,C2,D4,28102,59,26,48,0.004170287,DOES_NOT_INTERFERE,INTERFERES,False,True,False
v1__scene_fc_blocked_v05__L2__C2_D4__r02_s28102,scene_fc_blocked_v05,FC_BLOCKED,C2,D4,28102,59,69,0,0.0,DOES_NOT_INTERFERE,DOES_NOT_INTERFERE,False,False,True
v1__scene_fc_blocked_v05__L2__C2_D4__r02_s28102,scene_fc_blocked_v05,FC_BLOCKED,C2,D4,28102,59,92,0,0.0,DOES_NOT_INTERFERE,DOES_NOT_INTERFERE,False,False,True
v1__scene_fc_blocked_v05__L2__C2_D4__r03_s28103,scene_fc_blocked_v05,FC_BLOCKED,C2,D4,28103,59,26,48,0.004170287,DOES_NOT_INTERFERE,INTERFERES,False,True,False
v1__scene_fc_blocked_v05__L2__C2_D4__r03_s28103,scene_fc_blocked_v05,FC_BLOCKED,C2,D4,28103,59,69,0,0.0,DOES_NOT_INTERFERE,DOES_NOT_INTERFERE,False,False,True
v1__scene_fc_blocked_v05__L2__C2_D4__r03_s28103,scene_fc_blocked_v05,FC_BLOCKED,C2,D4,28103,59,92,0,0.0,DOES_NOT_INTERFERE,DOES_NOT_INTERFERE,False,False,True
v1__scene_fc_blocked_v05__L2__C2_D4__r04_s28104,scene_fc_blocked_v05,FC_BLOCKED,C2,D4,28104,59,26,48,0.004170287,DOES_NOT_INTERFERE,INTERFERES,False,True,False
v1__scene_fc_blocked_v05__L2__C2_D4__r04_s28104,scene_fc_blocked_v05,FC_BLOCKED,C2,D4,28104,59,69,0,0.0,DOES_NOT_INTERFERE,DOES_NOT_INTERFERE,False,False,True
v1__scene_fc_blocked_v05__L2__C2_D4__r04_s28104,scene_fc_blocked_v05,FC_BLOCKED,C2,D4,28104,59,92,0,0.0,DOES_NOT_INTERFERE,DOES_NOT_INTERFERE,False,False,True
v1__scene_fc_blocked_v05__L2__C2_D4__r05_s28105,scene_fc_blocked_v05,FC_BLOCKED,C2,D4,28105,59,26,48,0.004170287,DOES_NOT_INTERFERE,INTERFERES,False,True,False
v1__scene_fc_blocked_v05__L2__C2_D4__r05_s28105,scene_fc_blocked_v05,FC_BLOCKED,C2,D4,28105,59,69,0,0.0,DOES_NOT_INTERFERE,DOES_NOT_INTERFERE,False,False,True
v1__scene_fc_blocked_v05__L2__C2_D4__r05_s28105,scene_fc_blocked_v05,FC_BLOCKED,C2,D4,28105,59,92,0,0.0,DOES_NOT_INTERFERE,DOES_NOT_INTERFERE,False,False,True
v1__scene_fc_blocked_v05__L2__C2_D8__r01_s28101,scene_fc_blocked_v05,FC_BLOCKED,C2,D8,28101,59,26,48,0.004170287,DOES_NOT_INTERFERE,INTERFERES,False,True,False
v1__scene_fc_blocked_v05__L2__C2_D8__r01_s28101,scene_fc_blocked_v05,FC_BLOCKED,C2,D8,28101,59,69,0,0.0,DOES_NOT_INTERFERE,DOES_NOT_INTERFERE,False,False,True
v1__scene_fc_blocked_v05__L2__C2_D8__r01_s28101,scene_fc_blocked_v05,FC_BLOCKED,C2,D8,28101,59,92,0,0.0,DOES_NOT_INTERFERE,DOES_NOT_INTERFERE,False,False,True
v1__scene_fc_blocked_v05__L2__C2_D8__r02_s28102,scene_fc_blocked_v05,FC_BLOCKED,C2,D8,28102,59,26,48,0.004170287,DOES_NOT_INTERFERE,INTERFERES,False,True,False
v1__scene_fc_blocked_v05__L2__C2_D8__r02_s28102,scene_fc_blocked_v05,FC_BLOCKED,C2,D8,28102,59,69,0,0.0,DOES_NOT_INTERFERE,DOES_NOT_INTERFERE,False,False,True
v1__scene_fc_blocked_v05__L2__C2_D8__r02_s28102,scene_fc_blocked_v05,FC_BLOCKED,C2,D8,28102,59,92,0,0.0,DOES_NOT_INTERFERE,DOES_NOT_INTERFERE,False,False,True
v1__scene_fc_blocked_v05__L2__C2_D8__r03_s28103,scene_fc_blocked_v05,FC_BLOCKED,C2,D8,28103,59,26,48,0.004170287,DOES_NOT_INTERFERE,INTERFERES,False,True,False
v1__scene_fc_blocked_v05__L2__C2_D8__r03_s28103,scene_fc_blocked_v05,FC_BLOCKED,C2,D8,28103,59,69,0,0.0,DOES_NOT_INTERFERE,DOES_NOT_INTERFERE,False,False,True
v1__scene_fc_blocked_v05__L2__C2_D8__r03_s28103,scene_fc_blocked_v05,FC_BLOCKED,C2,D8,28103,59,92,0,0.0,DOES_NOT_INTERFERE,DOES_NOT_INTERFERE,False,False,True
v1__scene_fc_blocked_v05__L2__C2_D8__r04_s28104,scene_fc_blocked_v05,FC_BLOCKED,C2,D8,28104,59,26,48,0.004170287,DOES_NOT_INTERFERE,INTERFERES,False,True,False
v1__scene_fc_blocked_v05__L2__C2_D8__r04_s28104,scene_fc_blocked_v05,FC_BLOCKED,C2,D8,28104,59,69,0,0.0,DOES_NOT_INTERFERE,DOES_NOT_INTERFERE,False,False,True
v1__scene_fc_blocked_v05__L2__C2_D8__r04_s28104,scene_fc_blocked_v05,FC_BLOCKED,C2,D8,28104,59,92,0,0.0,DOES_NOT_INTERFERE,DOES_NOT_INTERFERE,False,False,True
v1__scene_fc_blocked_v05__L2__C2_D8__r05_s28105,scene_fc_blocked_v05,FC_BLOCKED,C2,D8,28105,59,26,48,0.004170287,DOES_NOT_INTERFERE,INTERFERES,False,True,False
v1__scene_fc_blocked_v05__L2__C2_D8__r05_s28105,scene_fc_blocked_v05,FC_BLOCKED,C2,D8,28105,59,69,0,0.0,DOES_NOT_INTERFERE,DOES_NOT_INTERFERE,False,False,True
v1__scene_fc_blocked_v05__L2__C2_D8__r05_s28105,scene_fc_blocked_v05,FC_BLOCKED,C2,D8,28105,59,92,0,0.0,DOES_NOT_INTERFERE,DOES_NOT_INTERFERE,False,False,True
v1__scene_fc_blocked_v05__L2__C3_D4__r01_s28101,scene_fc_blocked_v05,FC_BLOCKED,C3,D4,28101,59,26,48,0.004170287,DOES_NOT_INTERFERE,INTERFERES,False,True,False
v1__scene_fc_blocked_v05__L2__C3_D4__r01_s28101,scene_fc_blocked_v05,FC_BLOCKED,C3,D4,28101,59,69,0,0.0,DOES_NOT_INTERFERE,DOES_NOT_INTERFERE,False,False,True
v1__scene_fc_blocked_v05__L2__C3_D4__r01_s28101,scene_fc_blocked_v05,FC_BLOCKED,C3,D4,28101,59,92,0,0.0,DOES_NOT_INTERFERE,DOES_NOT_INTERFERE,False,False,True
v1__scene_fc_blocked_v05__L2__C3_D4__r02_s28102,scene_fc_blocked_v05,FC_BLOCKED,C3,D4,28102,59,26,48,0.004170287,DOES_NOT_INTERFERE,INTERFERES,False,True,False
v1__scene_fc_blocked_v05__L2__C3_D4__r02_s28102,scene_fc_blocked_v05,FC_BLOCKED,C3,D4,28102,59,69,0,0.0,DOES_NOT_INTERFERE,DOES_NOT_INTERFERE,False,False,True
v1__scene_fc_blocked_v05__L2__C3_D4__r02_s28102,scene_fc_blocked_v05,FC_BLOCKED,C3,D4,28102,59,92,0,0.0,DOES_NOT_INTERFERE,DOES_NOT_INTERFERE,False,False,True
v1__scene_fc_blocked_v05__L2__C3_D4__r03_s28103,scene_fc_blocked_v05,FC_BLOCKED,C3,D4,28103,59,26,48,0.004170287,DOES_NOT_INTERFERE,INTERFERES,False,True,False
v1__scene_fc_blocked_v05__L2__C3_D4__r03_s28103,scene_fc_blocked_v05,FC_BLOCKED,C3,D4,28103,59,69,0,0.0,DOES_NOT_INTERFERE,DOES_NOT_INTERFERE,False,False,True
v1__scene_fc_blocked_v05__L2__C3_D4__r03_s28103,scene_fc_blocked_v05,FC_BLOCKED,C3,D4,28103,59,92,0,0.0,DOES_NOT_INTERFERE,DOES_NOT_INTERFERE,False,False,True
v1__scene_fc_blocked_v05__L2__C3_D4__r04_s28104,scene_fc_blocked_v05,FC_BLOCKED,C3,D4,28104,59,26,48,0.004170287,DOES_NOT_INTERFERE,INTERFERES,False,True,False
v1__scene_fc_blocked_v05__L2__C3_D4__r04_s28104,scene_fc_blocked_v05,FC_BLOCKED,C3,D4,28104,59,69,0,0.0,DOES_NOT_INTERFERE,DOES_NOT_INTERFERE,False,False,True
v1__scene_fc_blocked_v05__L2__C3_D4__r04_s28104,scene_fc_blocked_v05,FC_BLOCKED,C3,D4,28104,59,92,0,0.0,DOES_NOT_INTERFERE,DOES_NOT_INTERFERE,False,False,True
v1__scene_fc_blocked_v05__L2__C3_D4__r05_s28105,scene_fc_blocked_v05,FC_BLOCKED,C3,D4,28105,59,26,48,0.004170287,DOES_NOT_INTERFERE,INTERFERES,False,True,False
v1__scene_fc_blocked_v05__L2__C3_D4__r05_s28105,scene_fc_blocked_v05,FC_BLOCKED,C3,D4,28105,59,69,0,0.0,DOES_NOT_INTERFERE,DOES_NOT_INTERFERE,False,False,True
v1__scene_fc_blocked_v05__L2__C3_D4__r05_s28105,scene_fc_blocked_v05,FC_BLOCKED,C3,D4,28105,59,92,0,0.0,DOES_NOT_INTERFERE,DOES_NOT_INTERFERE,False,False,True
v1__scene_fc_blocked_v05__L2__C3_D8__r01_s28101,scene_fc_blocked_v05,FC_BLOCKED,C3,D8,28101,59,26,48,0.004170287,DOES_NOT_INTERFERE,INTERFERES,False,True,False
v1__scene_fc_blocked_v05__L2__C3_D8__r01_s28101,scene_fc_blocked_v05,FC_BLOCKED,C3,D8,28101,59,69,0,0.0,DOES_NOT_INTERFERE,DOES_NOT_INTERFERE,False,False,True
v1__scene_fc_blocked_v05__L2__C3_D8__r01_s28101,scene_fc_blocked_v05,FC_BLOCKED,C3,D8,28101,59,92,0,0.0,DOES_NOT_INTERFERE,DOES_NOT_INTERFERE,False,False,True
v1__scene_fc_blocked_v05__L2__C3_D8__r02_s28102,scene_fc_blocked_v05,FC_BLOCKED,C3,D8,28102,59,26,48,0.004170287,DOES_NOT_INTERFERE,INTERFERES,False,True,False
v1__scene_fc_blocked_v05__L2__C3_D8__r02_s28102,scene_fc_blocked_v05,FC_BLOCKED,C3,D8,28102,59,69,0,0.0,DOES_NOT_INTERFERE,DOES_NOT_INTERFERE,False,False,True
v1__scene_fc_blocked_v05__L2__C3_D8__r02_s28102,scene_fc_blocked_v05,FC_BLOCKED,C3,D8,28102,59,92,0,0.0,DOES_NOT_INTERFERE,DOES_NOT_INTERFERE,False,False,True
v1__scene_fc_blocked_v05__L2__C3_D8__r03_s28103,scene_fc_blocked_v05,FC_BLOCKED,C3,D8,28103,59,26,48,0.004170287,DOES_NOT_INTERFERE,INTERFERES,False,True,False
v1__scene_fc_blocked_v05__L2__C3_D8__r03_s28103,scene_fc_blocked_v05,FC_BLOCKED,C3,D8,28103,59,69,0,0.0,DOES_NOT_INTERFERE,DOES_NOT_INTERFERE,False,False,True
v1__scene_fc_blocked_v05__L2__C3_D8__r03_s28103,scene_fc_blocked_v05,FC_BLOCKED,C3,D8,28103,59,92,0,0.0,DOES_NOT_INTERFERE,DOES_NOT_INTERFERE,False,False,True
v1__scene_fc_blocked_v05__L2__C3_D8__r04_s28104,scene_fc_blocked_v05,FC_BLOCKED,C3,D8,28104,59,26,48,0.004170287,DOES_NOT_INTERFERE,INTERFERES,False,True,False
v1__scene_fc_blocked_v05__L2__C3_D8__r04_s28104,scene_fc_blocked_v05,FC_BLOCKED,C3,D8,28104,59,69,0,0.0,DOES_NOT_INTERFERE,DOES_NOT_INTERFERE,False,False,True
v1__scene_fc_blocked_v05__L2__C3_D8__r04_s28104,scene_fc_blocked_v05,FC_BLOCKED,C3,D8,28104,59,92,0,0.0,DOES_NOT_INTERFERE,DOES_NOT_INTERFERE,False,False,True
v1__scene_fc_blocked_v05__L2__C3_D8__r05_s28105,scene_fc_blocked_v05,FC_BLOCKED,C3,D8,28105,59,26,48,0.004170287,DOES_NOT_INTERFERE,INTERFERES,False,True,False
v1__scene_fc_blocked_v05__L2__C3_D8__r05_s28105,scene_fc_blocked_v05,FC_BLOCKED,C3,D8,28105,59,69,0,0.0,DOES_NOT_INTERFERE,DOES_NOT_INTERFERE,False,False,True
v1__scene_fc_blocked_v05__L2__C3_D8__r05_s28105,scene_fc_blocked_v05,FC_BLOCKED,C3,D8,28105,59,92,0,0.0,DOES_NOT_INTERFERE,DOES_NOT_INTERFERE,False,False,True
v1__scene_fc_blocked_v05__L2__C4_D4__r01_s28101,scene_fc_blocked_v05,FC_BLOCKED,C4,D4,28101,59,26,48,0.004170287,DOES_NOT_INTERFERE,INTERFERES,False,True,False
v1__scene_fc_blocked_v05__L2__C4_D4__r01_s28101,scene_fc_blocked_v05,FC_BLOCKED,C4,D4,28101,59,69,0,0.0,DOES_NOT_INTERFERE,DOES_NOT_INTERFERE,False,False,True
v1__scene_fc_blocked_v05__L2__C4_D4__r01_s28101,scene_fc_blocked_v05,FC_BLOCKED,C4,D4,28101,59,92,0,0.0,DOES_NOT_INTERFERE,DOES_NOT_INTERFERE,False,False,True
v1__scene_fc_blocked_v05__L2__C4_D4__r02_s28102,scene_fc_blocked_v05,FC_BLOCKED,C4,D4,28102,59,26,48,0.004170287,DOES_NOT_INTERFERE,INTERFERES,False,True,False
v1__scene_fc_blocked_v05__L2__C4_D4__r02_s28102,scene_fc_blocked_v05,FC_BLOCKED,C4,D4,28102,59,69,0,0.0,DOES_NOT_INTERFERE,DOES_NOT_INTERFERE,False,False,True
v1__scene_fc_blocked_v05__L2__C4_D4__r02_s28102,scene_fc_blocked_v05,FC_BLOCKED,C4,D4,28102,59,92,0,0.0,DOES_NOT_INTERFERE,DOES_NOT_INTERFERE,False,False,True
v1__scene_fc_blocked_v05__L2__C4_D4__r03_s28103,scene_fc_blocked_v05,FC_BLOCKED,C4,D4,28103,59,26,48,0.004170287,DOES_NOT_INTERFERE,INTERFERES,False,True,False
v1__scene_fc_blocked_v05__L2__C4_D4__r03_s28103,scene_fc_blocked_v05,FC_BLOCKED,C4,D4,28103,59,69,0,0.0,DOES_NOT_INTERFERE,DOES_NOT_INTERFERE,False,False,True
v1__scene_fc_blocked_v05__L2__C4_D4__r03_s28103,scene_fc_blocked_v05,FC_BLOCKED,C4,D4,28103,59,92,0,0.0,DOES_NOT_INTERFERE,DOES_NOT_INTERFERE,False,False,True
v1__scene_fc_blocked_v05__L2__C4_D4__r04_s28104,scene_fc_blocked_v05,FC_BLOCKED,C4,D4,28104,59,26,48,0.004170287,DOES_NOT_INTERFERE,INTERFERES,False,True,False
v1__scene_fc_blocked_v05__L2__C4_D4__r04_s28104,scene_fc_blocked_v05,FC_BLOCKED,C4,D4,28104,59,69,0,0.0,DOES_NOT_INTERFERE,DOES_NOT_INTERFERE,False,False,True
v1__scene_fc_blocked_v05__L2__C4_D4__r04_s28104,scene_fc_blocked_v05,FC_BLOCKED,C4,D4,28104,59,92,0,0.0,DOES_NOT_INTERFERE,DOES_NOT_INTERFERE,False,False,True
v1__scene_fc_blocked_v05__L2__C4_D4__r05_s28105,scene_fc_blocked_v05,FC_BLOCKED,C4,D4,28105,59,26,48,0.004170287,DOES_NOT_INTERFERE,INTERFERES,False,True,False
v1__scene_fc_blocked_v05__L2__C4_D4__r05_s28105,scene_fc_blocked_v05,FC_BLOCKED,C4,D4,28105,59,69,0,0.0,DOES_NOT_INTERFERE,DOES_NOT_INTERFERE,False,False,True
v1__scene_fc_blocked_v05__L2__C4_D4__r05_s28105,scene_fc_blocked_v05,FC_BLOCKED,C4,D4,28105,59,92,0,0.0,DOES_NOT_INTERFERE,DOES_NOT_INTERFERE,False,False,True
v1__scene_fc_blocked_v05__L2__C4_D8__r01_s28101,scene_fc_blocked_v05,FC_BLOCKED,C4,D8,28101,59,26,48,0.004170287,DOES_NOT_INTERFERE,INTERFERES,False,True,False
v1__scene_fc_blocked_v05__L2__C4_D8__r01_s28101,scene_fc_blocked_v05,FC_BLOCKED,C4,D8,28101,59,69,0,0.0,DOES_NOT_INTERFERE,DOES_NOT_INTERFERE,False,False,True
v1__scene_fc_blocked_v05__L2__C4_D8__r01_s28101,scene_fc_blocked_v05,FC_BLOCKED,C4,D8,28101,59,92,0,0.0,DOES_NOT_INTERFERE,DOES_NOT_INTERFERE,False,False,True
v1__scene_fc_blocked_v05__L2__C4_D8__r02_s28102,scene_fc_blocked_v05,FC_BLOCKED,C4,D8,28102,59,26,48,0.004170287,DOES_NOT_INTERFERE,INTERFERES,False,True,False
v1__scene_fc_blocked_v05__L2__C4_D8__r02_s28102,scene_fc_blocked_v05,FC_BLOCKED,C4,D8,28102,59,69,0,0.0,DOES_NOT_INTERFERE,DOES_NOT_INTERFERE,False,False,True
v1__scene_fc_blocked_v05__L2__C4_D8__r02_s28102,scene_fc_blocked_v05,FC_BLOCKED,C4,D8,28102,59,92,0,0.0,DOES_NOT_INTERFERE,DOES_NOT_INTERFERE,False,False,True
v1__scene_fc_blocked_v05__L2__C4_D8__r03_s28103,scene_fc_blocked_v05,FC_BLOCKED,C4,D8,28103,59,26,48,0.004170287,DOES_NOT_INTERFERE,INTERFERES,False,True,False
v1__scene_fc_blocked_v05__L2__C4_D8__r03_s28103,scene_fc_blocked_v05,FC_BLOCKED,C4,D8,28103,59,69,0,0.0,DOES_NOT_INTERFERE,DOES_NOT_INTERFERE,False,False,True
v1__scene_fc_blocked_v05__L2__C4_D8__r03_s28103,scene_fc_blocked_v05,FC_BLOCKED,C4,D8,28103,59,92,0,0.0,DOES_NOT_INTERFERE,DOES_NOT_INTERFERE,False,False,True
v1__scene_fc_blocked_v05__L2__C4_D8__r04_s28104,scene_fc_blocked_v05,FC_BLOCKED,C4,D8,28104,59,26,48,0.004170287,DOES_NOT_INTERFERE,INTERFERES,False,True,False
v1__scene_fc_blocked_v05__L2__C4_D8__r04_s28104,scene_fc_blocked_v05,FC_BLOCKED,C4,D8,28104,59,69,0,0.0,DOES_NOT_INTERFERE,DOES_NOT_INTERFERE,False,False,True
v1__scene_fc_blocked_v05__L2__C4_D8__r04_s28104,scene_fc_blocked_v05,FC_BLOCKED,C4,D8,28104,59,92,0,0.0,DOES_NOT_INTERFERE,DOES_NOT_INTERFERE,False,False,True
v1__scene_fc_blocked_v05__L2__C4_D8__r05_s28105,scene_fc_blocked_v05,FC_BLOCKED,C4,D8,28105,59,26,48,0.004170287,DOES_NOT_INTERFERE,INTERFERES,False,True,False
v1__scene_fc_blocked_v05__L2__C4_D8__r05_s28105,scene_fc_blocked_v05,FC_BLOCKED,C4,D8,28105,59,69,0,0.0,DOES_NOT_INTERFERE,DOES_NOT_INTERFERE,False,False,True
v1__scene_fc_blocked_v05__L2__C4_D8__r05_s28105,scene_fc_blocked_v05,FC_BLOCKED,C4,D8,28105,59,92,0,0.0,DOES_NOT_INTERFERE,DOES_NOT_INTERFERE,False,False,True
v1__scene_fc_blocked_v05__L2__C5_D4__r01_s28101,scene_fc_blocked_v05,FC_BLOCKED,C5,D4,28101,59,26,48,0.004170287,DOES_NOT_INTERFERE,INTERFERES,False,True,False
v1__scene_fc_blocked_v05__L2__C5_D4__r01_s28101,scene_fc_blocked_v05,FC_BLOCKED,C5,D4,28101,59,69,0,0.0,DOES_NOT_INTERFERE,DOES_NOT_INTERFERE,False,False,True
v1__scene_fc_blocked_v05__L2__C5_D4__r01_s28101,scene_fc_blocked_v05,FC_BLOCKED,C5,D4,28101,59,92,0,0.0,DOES_NOT_INTERFERE,DOES_NOT_INTERFERE,False,False,True
v1__scene_fc_blocked_v05__L2__C5_D4__r02_s28102,scene_fc_blocked_v05,FC_BLOCKED,C5,D4,28102,59,26,48,0.004170287,DOES_NOT_INTERFERE,INTERFERES,False,True,False
v1__scene_fc_blocked_v05__L2__C5_D4__r02_s28102,scene_fc_blocked_v05,FC_BLOCKED,C5,D4,28102,59,69,0,0.0,DOES_NOT_INTERFERE,DOES_NOT_INTERFERE,False,False,True
v1__scene_fc_blocked_v05__L2__C5_D4__r02_s28102,scene_fc_blocked_v05,FC_BLOCKED,C5,D4,28102,59,92,0,0.0,DOES_NOT_INTERFERE,DOES_NOT_INTERFERE,False,False,True
v1__scene_fc_blocked_v05__L2__C5_D4__r03_s28103,scene_fc_blocked_v05,FC_BLOCKED,C5,D4,28103,59,26,48,0.004170287,DOES_NOT_INTERFERE,INTERFERES,False,True,False
v1__scene_fc_blocked_v05__L2__C5_D4__r03_s28103,scene_fc_blocked_v05,FC_BLOCKED,C5,D4,28103,59,69,0,0.0,DOES_NOT_INTERFERE,DOES_NOT_INTERFERE,False,False,True
v1__scene_fc_blocked_v05__L2__C5_D4__r03_s28103,scene_fc_blocked_v05,FC_BLOCKED,C5,D4,28103,59,92,0,0.0,DOES_NOT_INTERFERE,DOES_NOT_INTERFERE,False,False,True
v1__scene_fc_blocked_v05__L2__C5_D4__r04_s28104,scene_fc_blocked_v05,FC_BLOCKED,C5,D4,28104,59,26,48,0.004170287,DOES_NOT_INTERFERE,INTERFERES,False,True,False
v1__scene_fc_blocked_v05__L2__C5_D4__r04_s28104,scene_fc_blocked_v05,FC_BLOCKED,C5,D4,28104,59,69,0,0.0,DOES_NOT_INTERFERE,DOES_NOT_INTERFERE,False,False,True
v1__scene_fc_blocked_v05__L2__C5_D4__r04_s28104,scene_fc_blocked_v05,FC_BLOCKED,C5,D4,28104,59,92,0,0.0,DOES_NOT_INTERFERE,DOES_NOT_INTERFERE,False,False,True
v1__scene_fc_blocked_v05__L2__C5_D4__r05_s28105,scene_fc_blocked_v05,FC_BLOCKED,C5,D4,28105,59,26,48,0.004170287,DOES_NOT_INTERFERE,INTERFERES,False,True,False
v1__scene_fc_blocked_v05__L2__C5_D4__r05_s28105,scene_fc_blocked_v05,FC_BLOCKED,C5,D4,28105,59,69,0,0.0,DOES_NOT_INTERFERE,DOES_NOT_INTERFERE,False,False,True
v1__scene_fc_blocked_v05__L2__C5_D4__r05_s28105,scene_fc_blocked_v05,FC_BLOCKED,C5,D4,28105,59,92,0,0.0,DOES_NOT_INTERFERE,DOES_NOT_INTERFERE,False,False,True
v1__scene_fc_blocked_v05__L2__C5_D8__r01_s28101,scene_fc_blocked_v05,FC_BLOCKED,C5,D8,28101,59,26,48,0.004170287,DOES_NOT_INTERFERE,INTERFERES,False,True,False
v1__scene_fc_blocked_v05__L2__C5_D8__r01_s28101,scene_fc_blocked_v05,FC_BLOCKED,C5,D8,28101,59,69,0,0.0,DOES_NOT_INTERFERE,DOES_NOT_INTERFERE,False,False,True
v1__scene_fc_blocked_v05__L2__C5_D8__r01_s28101,scene_fc_blocked_v05,FC_BLOCKED,C5,D8,28101,59,92,0,0.0,DOES_NOT_INTERFERE,DOES_NOT_INTERFERE,False,False,True
v1__scene_fc_blocked_v05__L2__C5_D8__r02_s28102,scene_fc_blocked_v05,FC_BLOCKED,C5,D8,28102,59,26,48,0.004170287,DOES_NOT_INTERFERE,INTERFERES,False,True,False
v1__scene_fc_blocked_v05__L2__C5_D8__r02_s28102,scene_fc_blocked_v05,FC_BLOCKED,C5,D8,28102,59,69,0,0.0,DOES_NOT_INTERFERE,DOES_NOT_INTERFERE,False,False,True
v1__scene_fc_blocked_v05__L2__C5_D8__r02_s28102,scene_fc_blocked_v05,FC_BLOCKED,C5,D8,28102,59,92,0,0.0,DOES_NOT_INTERFERE,DOES_NOT_INTERFERE,False,False,True
v1__scene_fc_blocked_v05__L2__C5_D8__r03_s28103,scene_fc_blocked_v05,FC_BLOCKED,C5,D8,28103,59,26,48,0.004170287,DOES_NOT_INTERFERE,INTERFERES,False,True,False
v1__scene_fc_blocked_v05__L2__C5_D8__r03_s28103,scene_fc_blocked_v05,FC_BLOCKED,C5,D8,28103,59,69,0,0.0,DOES_NOT_INTERFERE,DOES_NOT_INTERFERE,False,False,True
v1__scene_fc_blocked_v05__L2__C5_D8__r03_s28103,scene_fc_blocked_v05,FC_BLOCKED,C5,D8,28103,59,92,0,0.0,DOES_NOT_INTERFERE,DOES_NOT_INTERFERE,False,False,True
v1__scene_fc_blocked_v05__L2__C5_D8__r04_s28104,scene_fc_blocked_v05,FC_BLOCKED,C5,D8,28104,59,26,48,0.004170287,DOES_NOT_INTERFERE,INTERFERES,False,True,False
v1__scene_fc_blocked_v05__L2__C5_D8__r04_s28104,scene_fc_blocked_v05,FC_BLOCKED,C5,D8,28104,59,69,0,0.0,DOES_NOT_INTERFERE,DOES_NOT_INTERFERE,False,False,True
v1__scene_fc_blocked_v05__L2__C5_D8__r04_s28104,scene_fc_blocked_v05,FC_BLOCKED,C5,D8,28104,59,92,0,0.0,DOES_NOT_INTERFERE,DOES_NOT_INTERFERE,False,False,True
v1__scene_fc_blocked_v05__L2__C5_D8__r05_s28105,scene_fc_blocked_v05,FC_BLOCKED,C5,D8,28105,59,26,48,0.004170287,DOES_NOT_INTERFERE,INTERFERES,False,True,False
v1__scene_fc_blocked_v05__L2__C5_D8__r05_s28105,scene_fc_blocked_v05,FC_BLOCKED,C5,D8,28105,59,69,0,0.0,DOES_NOT_INTERFERE,DOES_NOT_INTERFERE,False,False,True
v1__scene_fc_blocked_v05__L2__C5_D8__r05_s28105,scene_fc_blocked_v05,FC_BLOCKED,C5,D8,28105,59,92,0,0.0,DOES_NOT_INTERFERE,DOES_NOT_INTERFERE,False,False,True
v1__scene_fc_blocked_v05__L2__C6_D4__r01_s28101,scene_fc_blocked_v05,FC_BLOCKED,C6,D4,28101,59,26,48,0.004170287,DOES_NOT_INTERFERE,INTERFERES,False,True,False
v1__scene_fc_blocked_v05__L2__C6_D4__r01_s28101,scene_fc_blocked_v05,FC_BLOCKED,C6,D4,28101,59,69,0,0.0,DOES_NOT_INTERFERE,DOES_NOT_INTERFERE,False,False,True
v1__scene_fc_blocked_v05__L2__C6_D4__r01_s28101,scene_fc_blocked_v05,FC_BLOCKED,C6,D4,28101,59,92,0,0.0,DOES_NOT_INTERFERE,DOES_NOT_INTERFERE,False,False,True
v1__scene_fc_blocked_v05__L2__C6_D4__r02_s28102,scene_fc_blocked_v05,FC_BLOCKED,C6,D4,28102,59,26,48,0.004170287,DOES_NOT_INTERFERE,INTERFERES,False,True,False
v1__scene_fc_blocked_v05__L2__C6_D4__r02_s28102,scene_fc_blocked_v05,FC_BLOCKED,C6,D4,28102,59,69,0,0.0,DOES_NOT_INTERFERE,DOES_NOT_INTERFERE,False,False,True
v1__scene_fc_blocked_v05__L2__C6_D4__r02_s28102,scene_fc_blocked_v05,FC_BLOCKED,C6,D4,28102,59,92,0,0.0,DOES_NOT_INTERFERE,DOES_NOT_INTERFERE,False,False,True
v1__scene_fc_blocked_v05__L2__C6_D4__r03_s28103,scene_fc_blocked_v05,FC_BLOCKED,C6,D4,28103,59,26,48,0.004170287,DOES_NOT_INTERFERE,INTERFERES,False,True,False
v1__scene_fc_blocked_v05__L2__C6_D4__r03_s28103,scene_fc_blocked_v05,FC_BLOCKED,C6,D4,28103,59,69,0,0.0,DOES_NOT_INTERFERE,DOES_NOT_INTERFERE,False,False,True
v1__scene_fc_blocked_v05__L2__C6_D4__r03_s28103,scene_fc_blocked_v05,FC_BLOCKED,C6,D4,28103,59,92,0,0.0,DOES_NOT_INTERFERE,DOES_NOT_INTERFERE,False,False,True
v1__scene_fc_blocked_v05__L2__C6_D4__r04_s28104,scene_fc_blocked_v05,FC_BLOCKED,C6,D4,28104,59,26,48,0.004170287,DOES_NOT_INTERFERE,INTERFERES,False,True,False
v1__scene_fc_blocked_v05__L2__C6_D4__r04_s28104,scene_fc_blocked_v05,FC_BLOCKED,C6,D4,28104,59,69,0,0.0,DOES_NOT_INTERFERE,DOES_NOT_INTERFERE,False,False,True
v1__scene_fc_blocked_v05__L2__C6_D4__r04_s28104,scene_fc_blocked_v05,FC_BLOCKED,C6,D4,28104,59,92,0,0.0,DOES_NOT_INTERFERE,DOES_NOT_INTERFERE,False,False,True
v1__scene_fc_blocked_v05__L2__C6_D4__r05_s28105,scene_fc_blocked_v05,FC_BLOCKED,C6,D4,28105,59,26,48,0.004170287,DOES_NOT_INTERFERE,INTERFERES,False,True,False
v1__scene_fc_blocked_v05__L2__C6_D4__r05_s28105,scene_fc_blocked_v05,FC_BLOCKED,C6,D4,28105,59,69,0,0.0,DOES_NOT_INTERFERE,DOES_NOT_INTERFERE,False,False,True
v1__scene_fc_blocked_v05__L2__C6_D4__r05_s28105,scene_fc_blocked_v05,FC_BLOCKED,C6,D4,28105,59,92,0,0.0,DOES_NOT_INTERFERE,DOES_NOT_INTERFERE,False,False,True
v1__scene_fc_blocked_v05__L2__C6_D8__r01_s28101,scene_fc_blocked_v05,FC_BLOCKED,C6,D8,28101,59,26,48,0.004170287,DOES_NOT_INTERFERE,INTERFERES,False,True,False
v1__scene_fc_blocked_v05__L2__C6_D8__r01_s28101,scene_fc_blocked_v05,FC_BLOCKED,C6,D8,28101,59,69,0,0.0,DOES_NOT_INTERFERE,DOES_NOT_INTERFERE,False,False,True
v1__scene_fc_blocked_v05__L2__C6_D8__r01_s28101,scene_fc_blocked_v05,FC_BLOCKED,C6,D8,28101,59,92,0,0.0,DOES_NOT_INTERFERE,DOES_NOT_INTERFERE,False,False,True
v1__scene_fc_blocked_v05__L2__C6_D8__r02_s28102,scene_fc_blocked_v05,FC_BLOCKED,C6,D8,28102,59,26,48,0.004170287,DOES_NOT_INTERFERE,INTERFERES,False,True,False
v1__scene_fc_blocked_v05__L2__C6_D8__r02_s28102,scene_fc_blocked_v05,FC_BLOCKED,C6,D8,28102,59,69,0,0.0,DOES_NOT_INTERFERE,DOES_NOT_INTERFERE,False,False,True
v1__scene_fc_blocked_v05__L2__C6_D8__r02_s28102,scene_fc_blocked_v05,FC_BLOCKED,C6,D8,28102,59,92,0,0.0,DOES_NOT_INTERFERE,DOES_NOT_INTERFERE,False,False,True
v1__scene_fc_blocked_v05__L2__C6_D8__r03_s28103,scene_fc_blocked_v05,FC_BLOCKED,C6,D8,28103,59,26,48,0.004170287,DOES_NOT_INTERFERE,INTERFERES,False,True,False
v1__scene_fc_blocked_v05__L2__C6_D8__r03_s28103,scene_fc_blocked_v05,FC_BLOCKED,C6,D8,28103,59,69,0,0.0,DOES_NOT_INTERFERE,DOES_NOT_INTERFERE,False,False,True
v1__scene_fc_blocked_v05__L2__C6_D8__r03_s28103,scene_fc_blocked_v05,FC_BLOCKED,C6,D8,28103,59,92,0,0.0,DOES_NOT_INTERFERE,DOES_NOT_INTERFERE,False,False,True
v1__scene_fc_blocked_v05__L2__C6_D8__r04_s28104,scene_fc_blocked_v05,FC_BLOCKED,C6,D8,28104,59,26,48,0.004170287,DOES_NOT_INTERFERE,INTERFERES,False,True,False
v1__scene_fc_blocked_v05__L2__C6_D8__r04_s28104,scene_fc_blocked_v05,FC_BLOCKED,C6,D8,28104,59,69,0,0.0,DOES_NOT_INTERFERE,DOES_NOT_INTERFERE,False,False,True
v1__scene_fc_blocked_v05__L2__C6_D8__r04_s28104,scene_fc_blocked_v05,FC_BLOCKED,C6,D8,28104,59,92,0,0.0,DOES_NOT_INTERFERE,DOES_NOT_INTERFERE,False,False,True
v1__scene_fc_blocked_v05__L2__C6_D8__r05_s28105,scene_fc_blocked_v05,FC_BLOCKED,C6,D8,28105,59,26,48,0.004170287,DOES_NOT_INTERFERE,INTERFERES,False,True,False
v1__scene_fc_blocked_v05__L2__C6_D8__r05_s28105,scene_fc_blocked_v05,FC_BLOCKED,C6,D8,28105,59,69,0,0.0,DOES_NOT_INTERFERE,DOES_NOT_INTERFERE,False,False,True
v1__scene_fc_blocked_v05__L2__C6_D8__r05_s28105,scene_fc_blocked_v05,FC_BLOCKED,C6,D8,28105,59,92,0,0.0,DOES_NOT_INTERFERE,DOES_NOT_INTERFERE,False,False,True
v1__scene_fc_clear_v01__L2__C0_NA__r01_s28101,scene_fc_clear_v01,FC_CLEAR,C0,,28101,53,59,0,0.0,DOES_NOT_INTERFERE,DOES_NOT_INTERFERE,False,False,True
v1__scene_fc_clear_v01__L2__C0_NA__r01_s28101,scene_fc_clear_v01,FC_CLEAR,C0,,28101,53,62,0,0.0,DOES_NOT_INTERFERE,DOES_NOT_INTERFERE,False,False,True
v1__scene_fc_clear_v01__L2__C0_NA__r01_s28101,scene_fc_clear_v01,FC_CLEAR,C0,,28101,53,98,0,0.0,DOES_NOT_INTERFERE,DOES_NOT_INTERFERE,False,False,True
v1__scene_fc_clear_v01__L2__C0_NA__r02_s28102,scene_fc_clear_v01,FC_CLEAR,C0,,28102,53,59,0,0.0,DOES_NOT_INTERFERE,DOES_NOT_INTERFERE,False,False,True
v1__scene_fc_clear_v01__L2__C0_NA__r02_s28102,scene_fc_clear_v01,FC_CLEAR,C0,,28102,53,62,0,0.0,DOES_NOT_INTERFERE,DOES_NOT_INTERFERE,False,False,True
v1__scene_fc_clear_v01__L2__C0_NA__r02_s28102,scene_fc_clear_v01,FC_CLEAR,C0,,28102,53,98,0,0.0,DOES_NOT_INTERFERE,DOES_NOT_INTERFERE,False,False,True
v1__scene_fc_clear_v01__L2__C0_NA__r03_s28103,scene_fc_clear_v01,FC_CLEAR,C0,,28103,53,59,0,0.0,DOES_NOT_INTERFERE,DOES_NOT_INTERFERE,False,False,True
v1__scene_fc_clear_v01__L2__C0_NA__r03_s28103,scene_fc_clear_v01,FC_CLEAR,C0,,28103,53,62,0,0.0,DOES_NOT_INTERFERE,DOES_NOT_INTERFERE,False,False,True
v1__scene_fc_clear_v01__L2__C0_NA__r03_s28103,scene_fc_clear_v01,FC_CLEAR,C0,,28103,53,98,0,0.0,DOES_NOT_INTERFERE,DOES_NOT_INTERFERE,False,False,True
v1__scene_fc_clear_v01__L2__C0_NA__r04_s28104,scene_fc_clear_v01,FC_CLEAR,C0,,28104,53,59,0,0.0,DOES_NOT_INTERFERE,DOES_NOT_INTERFERE,False,False,True
v1__scene_fc_clear_v01__L2__C0_NA__r04_s28104,scene_fc_clear_v01,FC_CLEAR,C0,,28104,53,62,0,0.0,DOES_NOT_INTERFERE,DOES_NOT_INTERFERE,False,False,True
v1__scene_fc_clear_v01__L2__C0_NA__r04_s28104,scene_fc_clear_v01,FC_CLEAR,C0,,28104,53,98,0,0.0,DOES_NOT_INTERFERE,DOES_NOT_INTERFERE,False,False,True
v1__scene_fc_clear_v01__L2__C0_NA__r05_s28105,scene_fc_clear_v01,FC_CLEAR,C0,,28105,53,59,0,0.0,DOES_NOT_INTERFERE,DOES_NOT_INTERFERE,False,False,True
v1__scene_fc_clear_v01__L2__C0_NA__r05_s28105,scene_fc_clear_v01,FC_CLEAR,C0,,28105,53,62,0,0.0,DOES_NOT_INTERFERE,DOES_NOT_INTERFERE,False,False,True
v1__scene_fc_clear_v01__L2__C0_NA__r05_s28105,scene_fc_clear_v01,FC_CLEAR,C0,,28105,53,98,0,0.0,DOES_NOT_INTERFERE,DOES_NOT_INTERFERE,False,False,True
v1__scene_fc_clear_v01__L2__C1_NA__r01_s28101,scene_fc_clear_v01,FC_CLEAR,C1,,28101,53,59,0,0.0,DOES_NOT_INTERFERE,DOES_NOT_INTERFERE,False,False,True
v1__scene_fc_clear_v01__L2__C1_NA__r01_s28101,scene_fc_clear_v01,FC_CLEAR,C1,,28101,53,62,0,0.0,DOES_NOT_INTERFERE,DOES_NOT_INTERFERE,False,False,True
v1__scene_fc_clear_v01__L2__C1_NA__r01_s28101,scene_fc_clear_v01,FC_CLEAR,C1,,28101,53,98,0,0.0,DOES_NOT_INTERFERE,DOES_NOT_INTERFERE,False,False,True
v1__scene_fc_clear_v01__L2__C1_NA__r02_s28102,scene_fc_clear_v01,FC_CLEAR,C1,,28102,53,59,0,0.0,DOES_NOT_INTERFERE,DOES_NOT_INTERFERE,False,False,True
v1__scene_fc_clear_v01__L2__C1_NA__r02_s28102,scene_fc_clear_v01,FC_CLEAR,C1,,28102,53,62,0,0.0,DOES_NOT_INTERFERE,DOES_NOT_INTERFERE,False,False,True
v1__scene_fc_clear_v01__L2__C1_NA__r02_s28102,scene_fc_clear_v01,FC_CLEAR,C1,,28102,53,98,0,0.0,DOES_NOT_INTERFERE,DOES_NOT_INTERFERE,False,False,True
v1__scene_fc_clear_v01__L2__C1_NA__r03_s28103,scene_fc_clear_v01,FC_CLEAR,C1,,28103,53,59,0,0.0,DOES_NOT_INTERFERE,DOES_NOT_INTERFERE,False,False,True
v1__scene_fc_clear_v01__L2__C1_NA__r03_s28103,scene_fc_clear_v01,FC_CLEAR,C1,,28103,53,62,0,0.0,DOES_NOT_INTERFERE,DOES_NOT_INTERFERE,False,False,True
v1__scene_fc_clear_v01__L2__C1_NA__r03_s28103,scene_fc_clear_v01,FC_CLEAR,C1,,28103,53,98,0,0.0,DOES_NOT_INTERFERE,DOES_NOT_INTERFERE,False,False,True
v1__scene_fc_clear_v01__L2__C1_NA__r04_s28104,scene_fc_clear_v01,FC_CLEAR,C1,,28104,53,59,0,0.0,DOES_NOT_INTERFERE,DOES_NOT_INTERFERE,False,False,True
v1__scene_fc_clear_v01__L2__C1_NA__r04_s28104,scene_fc_clear_v01,FC_CLEAR,C1,,28104,53,62,0,0.0,DOES_NOT_INTERFERE,DOES_NOT_INTERFERE,False,False,True
v1__scene_fc_clear_v01__L2__C1_NA__r04_s28104,scene_fc_clear_v01,FC_CLEAR,C1,,28104,53,98,0,0.0,DOES_NOT_INTERFERE,DOES_NOT_INTERFERE,False,False,True
v1__scene_fc_clear_v01__L2__C1_NA__r05_s28105,scene_fc_clear_v01,FC_CLEAR,C1,,28105,53,59,0,0.0,DOES_NOT_INTERFERE,DOES_NOT_INTERFERE,False,False,True
v1__scene_fc_clear_v01__L2__C1_NA__r05_s28105,scene_fc_clear_v01,FC_CLEAR,C1,,28105,53,62,0,0.0,DOES_NOT_INTERFERE,DOES_NOT_INTERFERE,False,False,True
v1__scene_fc_clear_v01__L2__C1_NA__r05_s28105,scene_fc_clear_v01,FC_CLEAR,C1,,28105,53,98,0,0.0,DOES_NOT_INTERFERE,DOES_NOT_INTERFERE,False,False,True
v1__scene_fc_clear_v01__L2__C2_D4__r01_s28101,scene_fc_clear_v01,FC_CLEAR,C2,D4,28101,53,59,0,0.0,DOES_NOT_INTERFERE,DOES_NOT_INTERFERE,False,False,True
v1__scene_fc_clear_v01__L2__C2_D4__r01_s28101,scene_fc_clear_v01,FC_CLEAR,C2,D4,28101,53,62,0,0.0,DOES_NOT_INTERFERE,DOES_NOT_INTERFERE,False,False,True
v1__scene_fc_clear_v01__L2__C2_D4__r01_s28101,scene_fc_clear_v01,FC_CLEAR,C2,D4,28101,53,98,0,0.0,DOES_NOT_INTERFERE,DOES_NOT_INTERFERE,False,False,True
v1__scene_fc_clear_v01__L2__C2_D4__r02_s28102,scene_fc_clear_v01,FC_CLEAR,C2,D4,28102,53,59,0,0.0,DOES_NOT_INTERFERE,INTERFERES,False,True,False
v1__scene_fc_clear_v01__L2__C2_D4__r02_s28102,scene_fc_clear_v01,FC_CLEAR,C2,D4,28102,53,62,0,0.0,DOES_NOT_INTERFERE,DOES_NOT_INTERFERE,False,False,True
v1__scene_fc_clear_v01__L2__C2_D4__r02_s28102,scene_fc_clear_v01,FC_CLEAR,C2,D4,28102,53,98,0,0.0,DOES_NOT_INTERFERE,INTERFERES,False,True,False
v1__scene_fc_clear_v01__L2__C2_D4__r03_s28103,scene_fc_clear_v01,FC_CLEAR,C2,D4,28103,53,59,0,0.0,DOES_NOT_INTERFERE,DOES_NOT_INTERFERE,False,False,True
v1__scene_fc_clear_v01__L2__C2_D4__r03_s28103,scene_fc_clear_v01,FC_CLEAR,C2,D4,28103,53,62,0,0.0,DOES_NOT_INTERFERE,DOES_NOT_INTERFERE,False,False,True
v1__scene_fc_clear_v01__L2__C2_D4__r03_s28103,scene_fc_clear_v01,FC_CLEAR,C2,D4,28103,53,98,0,0.0,DOES_NOT_INTERFERE,DOES_NOT_INTERFERE,False,False,True
v1__scene_fc_clear_v01__L2__C2_D4__r04_s28104,scene_fc_clear_v01,FC_CLEAR,C2,D4,28104,53,59,0,0.0,DOES_NOT_INTERFERE,INTERFERES,False,True,False
v1__scene_fc_clear_v01__L2__C2_D4__r04_s28104,scene_fc_clear_v01,FC_CLEAR,C2,D4,28104,53,62,0,0.0,DOES_NOT_INTERFERE,DOES_NOT_INTERFERE,False,False,True
v1__scene_fc_clear_v01__L2__C2_D4__r04_s28104,scene_fc_clear_v01,FC_CLEAR,C2,D4,28104,53,98,0,0.0,DOES_NOT_INTERFERE,INTERFERES,False,True,False
v1__scene_fc_clear_v01__L2__C2_D4__r05_s28105,scene_fc_clear_v01,FC_CLEAR,C2,D4,28105,53,59,0,0.0,DOES_NOT_INTERFERE,INTERFERES,False,True,False
v1__scene_fc_clear_v01__L2__C2_D4__r05_s28105,scene_fc_clear_v01,FC_CLEAR,C2,D4,28105,53,62,0,0.0,DOES_NOT_INTERFERE,DOES_NOT_INTERFERE,False,False,True
v1__scene_fc_clear_v01__L2__C2_D4__r05_s28105,scene_fc_clear_v01,FC_CLEAR,C2,D4,28105,53,98,0,0.0,DOES_NOT_INTERFERE,INTERFERES,False,True,False
v1__scene_fc_clear_v01__L2__C2_D8__r01_s28101,scene_fc_clear_v01,FC_CLEAR,C2,D8,28101,53,59,0,0.0,DOES_NOT_INTERFERE,INTERFERES,False,True,False
v1__scene_fc_clear_v01__L2__C2_D8__r01_s28101,scene_fc_clear_v01,FC_CLEAR,C2,D8,28101,53,62,0,0.0,DOES_NOT_INTERFERE,DOES_NOT_INTERFERE,False,False,True
v1__scene_fc_clear_v01__L2__C2_D8__r01_s28101,scene_fc_clear_v01,FC_CLEAR,C2,D8,28101,53,98,0,0.0,DOES_NOT_INTERFERE,INTERFERES,False,True,False
v1__scene_fc_clear_v01__L2__C2_D8__r02_s28102,scene_fc_clear_v01,FC_CLEAR,C2,D8,28102,53,59,0,0.0,DOES_NOT_INTERFERE,INTERFERES,False,True,False
v1__scene_fc_clear_v01__L2__C2_D8__r02_s28102,scene_fc_clear_v01,FC_CLEAR,C2,D8,28102,53,62,0,0.0,DOES_NOT_INTERFERE,DOES_NOT_INTERFERE,False,False,True
v1__scene_fc_clear_v01__L2__C2_D8__r02_s28102,scene_fc_clear_v01,FC_CLEAR,C2,D8,28102,53,98,0,0.0,DOES_NOT_INTERFERE,INTERFERES,False,True,False
v1__scene_fc_clear_v01__L2__C2_D8__r03_s28103,scene_fc_clear_v01,FC_CLEAR,C2,D8,28103,53,59,0,0.0,DOES_NOT_INTERFERE,INTERFERES,False,True,False
v1__scene_fc_clear_v01__L2__C2_D8__r03_s28103,scene_fc_clear_v01,FC_CLEAR,C2,D8,28103,53,62,0,0.0,DOES_NOT_INTERFERE,DOES_NOT_INTERFERE,False,False,True
v1__scene_fc_clear_v01__L2__C2_D8__r03_s28103,scene_fc_clear_v01,FC_CLEAR,C2,D8,28103,53,98,0,0.0,DOES_NOT_INTERFERE,INTERFERES,False,True,False
v1__scene_fc_clear_v01__L2__C2_D8__r04_s28104,scene_fc_clear_v01,FC_CLEAR,C2,D8,28104,53,59,0,0.0,DOES_NOT_INTERFERE,INTERFERES,False,True,False
v1__scene_fc_clear_v01__L2__C2_D8__r04_s28104,scene_fc_clear_v01,FC_CLEAR,C2,D8,28104,53,62,0,0.0,DOES_NOT_INTERFERE,DOES_NOT_INTERFERE,False,False,True
v1__scene_fc_clear_v01__L2__C2_D8__r04_s28104,scene_fc_clear_v01,FC_CLEAR,C2,D8,28104,53,98,0,0.0,DOES_NOT_INTERFERE,INTERFERES,False,True,False
v1__scene_fc_clear_v01__L2__C2_D8__r05_s28105,scene_fc_clear_v01,FC_CLEAR,C2,D8,28105,53,59,0,0.0,DOES_NOT_INTERFERE,INTERFERES,False,True,False
v1__scene_fc_clear_v01__L2__C2_D8__r05_s28105,scene_fc_clear_v01,FC_CLEAR,C2,D8,28105,53,62,0,0.0,DOES_NOT_INTERFERE,DOES_NOT_INTERFERE,False,False,True
v1__scene_fc_clear_v01__L2__C2_D8__r05_s28105,scene_fc_clear_v01,FC_CLEAR,C2,D8,28105,53,98,0,0.0,DOES_NOT_INTERFERE,INTERFERES,False,True,False
v1__scene_fc_clear_v01__L2__C3_D4__r01_s28101,scene_fc_clear_v01,FC_CLEAR,C3,D4,28101,53,59,0,0.0,DOES_NOT_INTERFERE,DOES_NOT_INTERFERE,False,False,True
v1__scene_fc_clear_v01__L2__C3_D4__r01_s28101,scene_fc_clear_v01,FC_CLEAR,C3,D4,28101,53,62,0,0.0,DOES_NOT_INTERFERE,DOES_NOT_INTERFERE,False,False,True
v1__scene_fc_clear_v01__L2__C3_D4__r01_s28101,scene_fc_clear_v01,FC_CLEAR,C3,D4,28101,53,98,0,0.0,DOES_NOT_INTERFERE,DOES_NOT_INTERFERE,False,False,True
v1__scene_fc_clear_v01__L2__C3_D4__r02_s28102,scene_fc_clear_v01,FC_CLEAR,C3,D4,28102,53,59,0,0.0,DOES_NOT_INTERFERE,DOES_NOT_INTERFERE,False,False,True
v1__scene_fc_clear_v01__L2__C3_D4__r02_s28102,scene_fc_clear_v01,FC_CLEAR,C3,D4,28102,53,62,0,0.0,DOES_NOT_INTERFERE,DOES_NOT_INTERFERE,False,False,True
v1__scene_fc_clear_v01__L2__C3_D4__r02_s28102,scene_fc_clear_v01,FC_CLEAR,C3,D4,28102,53,98,0,0.0,DOES_NOT_INTERFERE,DOES_NOT_INTERFERE,False,False,True
v1__scene_fc_clear_v01__L2__C3_D4__r03_s28103,scene_fc_clear_v01,FC_CLEAR,C3,D4,28103,53,59,0,0.0,DOES_NOT_INTERFERE,DOES_NOT_INTERFERE,False,False,True
v1__scene_fc_clear_v01__L2__C3_D4__r03_s28103,scene_fc_clear_v01,FC_CLEAR,C3,D4,28103,53,62,0,0.0,DOES_NOT_INTERFERE,DOES_NOT_INTERFERE,False,False,True
v1__scene_fc_clear_v01__L2__C3_D4__r03_s28103,scene_fc_clear_v01,FC_CLEAR,C3,D4,28103,53,98,0,0.0,DOES_NOT_INTERFERE,DOES_NOT_INTERFERE,False,False,True
v1__scene_fc_clear_v01__L2__C3_D4__r04_s28104,scene_fc_clear_v01,FC_CLEAR,C3,D4,28104,53,59,0,0.0,DOES_NOT_INTERFERE,DOES_NOT_INTERFERE,False,False,True
v1__scene_fc_clear_v01__L2__C3_D4__r04_s28104,scene_fc_clear_v01,FC_CLEAR,C3,D4,28104,53,62,0,0.0,DOES_NOT_INTERFERE,DOES_NOT_INTERFERE,False,False,True
v1__scene_fc_clear_v01__L2__C3_D4__r04_s28104,scene_fc_clear_v01,FC_CLEAR,C3,D4,28104,53,98,0,0.0,DOES_NOT_INTERFERE,DOES_NOT_INTERFERE,False,False,True
v1__scene_fc_clear_v01__L2__C3_D4__r05_s28105,scene_fc_clear_v01,FC_CLEAR,C3,D4,28105,53,59,0,0.0,DOES_NOT_INTERFERE,DOES_NOT_INTERFERE,False,False,True
v1__scene_fc_clear_v01__L2__C3_D4__r05_s28105,scene_fc_clear_v01,FC_CLEAR,C3,D4,28105,53,62,0,0.0,DOES_NOT_INTERFERE,DOES_NOT_INTERFERE,False,False,True
v1__scene_fc_clear_v01__L2__C3_D4__r05_s28105,scene_fc_clear_v01,FC_CLEAR,C3,D4,28105,53,98,0,0.0,DOES_NOT_INTERFERE,DOES_NOT_INTERFERE,False,False,True
v1__scene_fc_clear_v01__L2__C3_D8__r01_s28101,scene_fc_clear_v01,FC_CLEAR,C3,D8,28101,53,59,0,0.0,DOES_NOT_INTERFERE,DOES_NOT_INTERFERE,False,False,True
v1__scene_fc_clear_v01__L2__C3_D8__r01_s28101,scene_fc_clear_v01,FC_CLEAR,C3,D8,28101,53,62,0,0.0,DOES_NOT_INTERFERE,DOES_NOT_INTERFERE,False,False,True
v1__scene_fc_clear_v01__L2__C3_D8__r01_s28101,scene_fc_clear_v01,FC_CLEAR,C3,D8,28101,53,98,0,0.0,DOES_NOT_INTERFERE,DOES_NOT_INTERFERE,False,False,True
v1__scene_fc_clear_v01__L2__C3_D8__r02_s28102,scene_fc_clear_v01,FC_CLEAR,C3,D8,28102,53,59,0,0.0,DOES_NOT_INTERFERE,DOES_NOT_INTERFERE,False,False,True
v1__scene_fc_clear_v01__L2__C3_D8__r02_s28102,scene_fc_clear_v01,FC_CLEAR,C3,D8,28102,53,62,0,0.0,DOES_NOT_INTERFERE,DOES_NOT_INTERFERE,False,False,True
v1__scene_fc_clear_v01__L2__C3_D8__r02_s28102,scene_fc_clear_v01,FC_CLEAR,C3,D8,28102,53,98,0,0.0,DOES_NOT_INTERFERE,DOES_NOT_INTERFERE,False,False,True
v1__scene_fc_clear_v01__L2__C3_D8__r03_s28103,scene_fc_clear_v01,FC_CLEAR,C3,D8,28103,53,59,0,0.0,DOES_NOT_INTERFERE,DOES_NOT_INTERFERE,False,False,True
v1__scene_fc_clear_v01__L2__C3_D8__r03_s28103,scene_fc_clear_v01,FC_CLEAR,C3,D8,28103,53,62,0,0.0,DOES_NOT_INTERFERE,DOES_NOT_INTERFERE,False,False,True
v1__scene_fc_clear_v01__L2__C3_D8__r03_s28103,scene_fc_clear_v01,FC_CLEAR,C3,D8,28103,53,98,0,0.0,DOES_NOT_INTERFERE,DOES_NOT_INTERFERE,False,False,True
v1__scene_fc_clear_v01__L2__C3_D8__r04_s28104,scene_fc_clear_v01,FC_CLEAR,C3,D8,28104,53,59,0,0.0,DOES_NOT_INTERFERE,DOES_NOT_INTERFERE,False,False,True
v1__scene_fc_clear_v01__L2__C3_D8__r04_s28104,scene_fc_clear_v01,FC_CLEAR,C3,D8,28104,53,62,0,0.0,DOES_NOT_INTERFERE,DOES_NOT_INTERFERE,False,False,True
v1__scene_fc_clear_v01__L2__C3_D8__r04_s28104,scene_fc_clear_v01,FC_CLEAR,C3,D8,28104,53,98,0,0.0,DOES_NOT_INTERFERE,DOES_NOT_INTERFERE,False,False,True
v1__scene_fc_clear_v01__L2__C3_D8__r05_s28105,scene_fc_clear_v01,FC_CLEAR,C3,D8,28105,53,59,0,0.0,DOES_NOT_INTERFERE,DOES_NOT_INTERFERE,False,False,True
v1__scene_fc_clear_v01__L2__C3_D8__r05_s28105,scene_fc_clear_v01,FC_CLEAR,C3,D8,28105,53,62,0,0.0,DOES_NOT_INTERFERE,DOES_NOT_INTERFERE,False,False,True
v1__scene_fc_clear_v01__L2__C3_D8__r05_s28105,scene_fc_clear_v01,FC_CLEAR,C3,D8,28105,53,98,0,0.0,DOES_NOT_INTERFERE,DOES_NOT_INTERFERE,False,False,True
v1__scene_fc_clear_v01__L2__C4_D4__r01_s28101,scene_fc_clear_v01,FC_CLEAR,C4,D4,28101,53,59,0,0.0,DOES_NOT_INTERFERE,DOES_NOT_INTERFERE,False,False,True
v1__scene_fc_clear_v01__L2__C4_D4__r01_s28101,scene_fc_clear_v01,FC_CLEAR,C4,D4,28101,53,62,0,0.0,DOES_NOT_INTERFERE,DOES_NOT_INTERFERE,False,False,True
v1__scene_fc_clear_v01__L2__C4_D4__r01_s28101,scene_fc_clear_v01,FC_CLEAR,C4,D4,28101,53,98,0,0.0,DOES_NOT_INTERFERE,DOES_NOT_INTERFERE,False,False,True
v1__scene_fc_clear_v01__L2__C4_D4__r02_s28102,scene_fc_clear_v01,FC_CLEAR,C4,D4,28102,53,59,0,0.0,DOES_NOT_INTERFERE,INTERFERES,False,True,False
v1__scene_fc_clear_v01__L2__C4_D4__r02_s28102,scene_fc_clear_v01,FC_CLEAR,C4,D4,28102,53,62,0,0.0,DOES_NOT_INTERFERE,DOES_NOT_INTERFERE,False,False,True
v1__scene_fc_clear_v01__L2__C4_D4__r02_s28102,scene_fc_clear_v01,FC_CLEAR,C4,D4,28102,53,98,0,0.0,DOES_NOT_INTERFERE,INTERFERES,False,True,False
v1__scene_fc_clear_v01__L2__C4_D4__r03_s28103,scene_fc_clear_v01,FC_CLEAR,C4,D4,28103,53,59,0,0.0,DOES_NOT_INTERFERE,INTERFERES,False,True,False
v1__scene_fc_clear_v01__L2__C4_D4__r03_s28103,scene_fc_clear_v01,FC_CLEAR,C4,D4,28103,53,62,0,0.0,DOES_NOT_INTERFERE,DOES_NOT_INTERFERE,False,False,True
v1__scene_fc_clear_v01__L2__C4_D4__r03_s28103,scene_fc_clear_v01,FC_CLEAR,C4,D4,28103,53,98,0,0.0,DOES_NOT_INTERFERE,INTERFERES,False,True,False
v1__scene_fc_clear_v01__L2__C4_D4__r04_s28104,scene_fc_clear_v01,FC_CLEAR,C4,D4,28104,53,59,0,0.0,DOES_NOT_INTERFERE,INTERFERES,False,True,False
v1__scene_fc_clear_v01__L2__C4_D4__r04_s28104,scene_fc_clear_v01,FC_CLEAR,C4,D4,28104,53,62,0,0.0,DOES_NOT_INTERFERE,DOES_NOT_INTERFERE,False,False,True
v1__scene_fc_clear_v01__L2__C4_D4__r04_s28104,scene_fc_clear_v01,FC_CLEAR,C4,D4,28104,53,98,0,0.0,DOES_NOT_INTERFERE,INTERFERES,False,True,False
v1__scene_fc_clear_v01__L2__C4_D4__r05_s28105,scene_fc_clear_v01,FC_CLEAR,C4,D4,28105,53,59,0,0.0,DOES_NOT_INTERFERE,INTERFERES,False,True,False
v1__scene_fc_clear_v01__L2__C4_D4__r05_s28105,scene_fc_clear_v01,FC_CLEAR,C4,D4,28105,53,62,0,0.0,DOES_NOT_INTERFERE,DOES_NOT_INTERFERE,False,False,True
v1__scene_fc_clear_v01__L2__C4_D4__r05_s28105,scene_fc_clear_v01,FC_CLEAR,C4,D4,28105,53,98,0,0.0,DOES_NOT_INTERFERE,INTERFERES,False,True,False
v1__scene_fc_clear_v01__L2__C4_D8__r01_s28101,scene_fc_clear_v01,FC_CLEAR,C4,D8,28101,53,59,0,0.0,DOES_NOT_INTERFERE,DOES_NOT_INTERFERE,False,False,True
v1__scene_fc_clear_v01__L2__C4_D8__r01_s28101,scene_fc_clear_v01,FC_CLEAR,C4,D8,28101,53,62,0,0.0,DOES_NOT_INTERFERE,DOES_NOT_INTERFERE,False,False,True
v1__scene_fc_clear_v01__L2__C4_D8__r01_s28101,scene_fc_clear_v01,FC_CLEAR,C4,D8,28101,53,98,0,0.0,DOES_NOT_INTERFERE,DOES_NOT_INTERFERE,False,False,True
v1__scene_fc_clear_v01__L2__C4_D8__r02_s28102,scene_fc_clear_v01,FC_CLEAR,C4,D8,28102,53,59,0,0.0,DOES_NOT_INTERFERE,DOES_NOT_INTERFERE,False,False,True
v1__scene_fc_clear_v01__L2__C4_D8__r02_s28102,scene_fc_clear_v01,FC_CLEAR,C4,D8,28102,53,62,0,0.0,DOES_NOT_INTERFERE,DOES_NOT_INTERFERE,False,False,True
v1__scene_fc_clear_v01__L2__C4_D8__r02_s28102,scene_fc_clear_v01,FC_CLEAR,C4,D8,28102,53,98,0,0.0,DOES_NOT_INTERFERE,DOES_NOT_INTERFERE,False,False,True
v1__scene_fc_clear_v01__L2__C4_D8__r03_s28103,scene_fc_clear_v01,FC_CLEAR,C4,D8,28103,53,59,0,0.0,DOES_NOT_INTERFERE,DOES_NOT_INTERFERE,False,False,True
v1__scene_fc_clear_v01__L2__C4_D8__r03_s28103,scene_fc_clear_v01,FC_CLEAR,C4,D8,28103,53,62,0,0.0,DOES_NOT_INTERFERE,DOES_NOT_INTERFERE,False,False,True
v1__scene_fc_clear_v01__L2__C4_D8__r03_s28103,scene_fc_clear_v01,FC_CLEAR,C4,D8,28103,53,98,0,0.0,DOES_NOT_INTERFERE,DOES_NOT_INTERFERE,False,False,True
v1__scene_fc_clear_v01__L2__C4_D8__r04_s28104,scene_fc_clear_v01,FC_CLEAR,C4,D8,28104,53,59,0,0.0,DOES_NOT_INTERFERE,DOES_NOT_INTERFERE,False,False,True
v1__scene_fc_clear_v01__L2__C4_D8__r04_s28104,scene_fc_clear_v01,FC_CLEAR,C4,D8,28104,53,62,0,0.0,DOES_NOT_INTERFERE,DOES_NOT_INTERFERE,False,False,True
v1__scene_fc_clear_v01__L2__C4_D8__r04_s28104,scene_fc_clear_v01,FC_CLEAR,C4,D8,28104,53,98,0,0.0,DOES_NOT_INTERFERE,DOES_NOT_INTERFERE,False,False,True
v1__scene_fc_clear_v01__L2__C4_D8__r05_s28105,scene_fc_clear_v01,FC_CLEAR,C4,D8,28105,53,59,0,0.0,DOES_NOT_INTERFERE,DOES_NOT_INTERFERE,False,False,True
v1__scene_fc_clear_v01__L2__C4_D8__r05_s28105,scene_fc_clear_v01,FC_CLEAR,C4,D8,28105,53,62,0,0.0,DOES_NOT_INTERFERE,DOES_NOT_INTERFERE,False,False,True
v1__scene_fc_clear_v01__L2__C4_D8__r05_s28105,scene_fc_clear_v01,FC_CLEAR,C4,D8,28105,53,98,0,0.0,DOES_NOT_INTERFERE,DOES_NOT_INTERFERE,False,False,True
v1__scene_fc_clear_v01__L2__C5_D4__r01_s28101,scene_fc_clear_v01,FC_CLEAR,C5,D4,28101,53,59,0,0.0,DOES_NOT_INTERFERE,DOES_NOT_INTERFERE,False,False,True
v1__scene_fc_clear_v01__L2__C5_D4__r01_s28101,scene_fc_clear_v01,FC_CLEAR,C5,D4,28101,53,62,0,0.0,DOES_NOT_INTERFERE,DOES_NOT_INTERFERE,False,False,True
v1__scene_fc_clear_v01__L2__C5_D4__r01_s28101,scene_fc_clear_v01,FC_CLEAR,C5,D4,28101,53,98,0,0.0,DOES_NOT_INTERFERE,DOES_NOT_INTERFERE,False,False,True
v1__scene_fc_clear_v01__L2__C5_D4__r02_s28102,scene_fc_clear_v01,FC_CLEAR,C5,D4,28102,53,59,0,0.0,DOES_NOT_INTERFERE,DOES_NOT_INTERFERE,False,False,True
v1__scene_fc_clear_v01__L2__C5_D4__r02_s28102,scene_fc_clear_v01,FC_CLEAR,C5,D4,28102,53,62,0,0.0,DOES_NOT_INTERFERE,DOES_NOT_INTERFERE,False,False,True
v1__scene_fc_clear_v01__L2__C5_D4__r02_s28102,scene_fc_clear_v01,FC_CLEAR,C5,D4,28102,53,98,0,0.0,DOES_NOT_INTERFERE,DOES_NOT_INTERFERE,False,False,True
v1__scene_fc_clear_v01__L2__C5_D4__r03_s28103,scene_fc_clear_v01,FC_CLEAR,C5,D4,28103,53,59,0,0.0,DOES_NOT_INTERFERE,DOES_NOT_INTERFERE,False,False,True
v1__scene_fc_clear_v01__L2__C5_D4__r03_s28103,scene_fc_clear_v01,FC_CLEAR,C5,D4,28103,53,62,0,0.0,DOES_NOT_INTERFERE,DOES_NOT_INTERFERE,False,False,True
v1__scene_fc_clear_v01__L2__C5_D4__r03_s28103,scene_fc_clear_v01,FC_CLEAR,C5,D4,28103,53,98,0,0.0,DOES_NOT_INTERFERE,DOES_NOT_INTERFERE,False,False,True
v1__scene_fc_clear_v01__L2__C5_D4__r04_s28104,scene_fc_clear_v01,FC_CLEAR,C5,D4,28104,53,59,0,0.0,DOES_NOT_INTERFERE,INTERFERES,False,True,False
v1__scene_fc_clear_v01__L2__C5_D4__r04_s28104,scene_fc_clear_v01,FC_CLEAR,C5,D4,28104,53,62,0,0.0,DOES_NOT_INTERFERE,DOES_NOT_INTERFERE,False,False,True
v1__scene_fc_clear_v01__L2__C5_D4__r04_s28104,scene_fc_clear_v01,FC_CLEAR,C5,D4,28104,53,98,0,0.0,DOES_NOT_INTERFERE,INTERFERES,False,True,False
v1__scene_fc_clear_v01__L2__C5_D4__r05_s28105,scene_fc_clear_v01,FC_CLEAR,C5,D4,28105,53,59,0,0.0,DOES_NOT_INTERFERE,DOES_NOT_INTERFERE,False,False,True
v1__scene_fc_clear_v01__L2__C5_D4__r05_s28105,scene_fc_clear_v01,FC_CLEAR,C5,D4,28105,53,62,0,0.0,DOES_NOT_INTERFERE,DOES_NOT_INTERFERE,False,False,True
v1__scene_fc_clear_v01__L2__C5_D4__r05_s28105,scene_fc_clear_v01,FC_CLEAR,C5,D4,28105,53,98,0,0.0,DOES_NOT_INTERFERE,DOES_NOT_INTERFERE,False,False,True
v1__scene_fc_clear_v01__L2__C5_D8__r01_s28101,scene_fc_clear_v01,FC_CLEAR,C5,D8,28101,53,59,0,0.0,DOES_NOT_INTERFERE,DOES_NOT_INTERFERE,False,False,True
v1__scene_fc_clear_v01__L2__C5_D8__r01_s28101,scene_fc_clear_v01,FC_CLEAR,C5,D8,28101,53,62,0,0.0,DOES_NOT_INTERFERE,DOES_NOT_INTERFERE,False,False,True
v1__scene_fc_clear_v01__L2__C5_D8__r01_s28101,scene_fc_clear_v01,FC_CLEAR,C5,D8,28101,53,98,0,0.0,DOES_NOT_INTERFERE,DOES_NOT_INTERFERE,False,False,True
v1__scene_fc_clear_v01__L2__C5_D8__r02_s28102,scene_fc_clear_v01,FC_CLEAR,C5,D8,28102,53,59,0,0.0,DOES_NOT_INTERFERE,DOES_NOT_INTERFERE,False,False,True
v1__scene_fc_clear_v01__L2__C5_D8__r02_s28102,scene_fc_clear_v01,FC_CLEAR,C5,D8,28102,53,62,0,0.0,DOES_NOT_INTERFERE,DOES_NOT_INTERFERE,False,False,True
v1__scene_fc_clear_v01__L2__C5_D8__r02_s28102,scene_fc_clear_v01,FC_CLEAR,C5,D8,28102,53,98,0,0.0,DOES_NOT_INTERFERE,DOES_NOT_INTERFERE,False,False,True
v1__scene_fc_clear_v01__L2__C5_D8__r03_s28103,scene_fc_clear_v01,FC_CLEAR,C5,D8,28103,53,59,0,0.0,DOES_NOT_INTERFERE,DOES_NOT_INTERFERE,False,False,True
v1__scene_fc_clear_v01__L2__C5_D8__r03_s28103,scene_fc_clear_v01,FC_CLEAR,C5,D8,28103,53,62,0,0.0,DOES_NOT_INTERFERE,DOES_NOT_INTERFERE,False,False,True
v1__scene_fc_clear_v01__L2__C5_D8__r03_s28103,scene_fc_clear_v01,FC_CLEAR,C5,D8,28103,53,98,0,0.0,DOES_NOT_INTERFERE,DOES_NOT_INTERFERE,False,False,True
v1__scene_fc_clear_v01__L2__C5_D8__r04_s28104,scene_fc_clear_v01,FC_CLEAR,C5,D8,28104,53,59,0,0.0,DOES_NOT_INTERFERE,DOES_NOT_INTERFERE,False,False,True
v1__scene_fc_clear_v01__L2__C5_D8__r04_s28104,scene_fc_clear_v01,FC_CLEAR,C5,D8,28104,53,62,0,0.0,DOES_NOT_INTERFERE,DOES_NOT_INTERFERE,False,False,True
v1__scene_fc_clear_v01__L2__C5_D8__r04_s28104,scene_fc_clear_v01,FC_CLEAR,C5,D8,28104,53,98,0,0.0,DOES_NOT_INTERFERE,DOES_NOT_INTERFERE,False,False,True
v1__scene_fc_clear_v01__L2__C5_D8__r05_s28105,scene_fc_clear_v01,FC_CLEAR,C5,D8,28105,53,59,0,0.0,DOES_NOT_INTERFERE,DOES_NOT_INTERFERE,False,False,True
v1__scene_fc_clear_v01__L2__C5_D8__r05_s28105,scene_fc_clear_v01,FC_CLEAR,C5,D8,28105,53,62,0,0.0,DOES_NOT_INTERFERE,DOES_NOT_INTERFERE,False,False,True
v1__scene_fc_clear_v01__L2__C5_D8__r05_s28105,scene_fc_clear_v01,FC_CLEAR,C5,D8,28105,53,98,0,0.0,DOES_NOT_INTERFERE,DOES_NOT_INTERFERE,False,False,True
v1__scene_fc_clear_v01__L2__C6_D4__r01_s28101,scene_fc_clear_v01,FC_CLEAR,C6,D4,28101,53,59,0,0.0,DOES_NOT_INTERFERE,DOES_NOT_INTERFERE,False,False,True
v1__scene_fc_clear_v01__L2__C6_D4__r01_s28101,scene_fc_clear_v01,FC_CLEAR,C6,D4,28101,53,62,0,0.0,DOES_NOT_INTERFERE,DOES_NOT_INTERFERE,False,False,True
v1__scene_fc_clear_v01__L2__C6_D4__r01_s28101,scene_fc_clear_v01,FC_CLEAR,C6,D4,28101,53,98,0,0.0,DOES_NOT_INTERFERE,DOES_NOT_INTERFERE,False,False,True
v1__scene_fc_clear_v01__L2__C6_D4__r02_s28102,scene_fc_clear_v01,FC_CLEAR,C6,D4,28102,53,59,0,0.0,DOES_NOT_INTERFERE,DOES_NOT_INTERFERE,False,False,True
v1__scene_fc_clear_v01__L2__C6_D4__r02_s28102,scene_fc_clear_v01,FC_CLEAR,C6,D4,28102,53,62,0,0.0,DOES_NOT_INTERFERE,DOES_NOT_INTERFERE,False,False,True
v1__scene_fc_clear_v01__L2__C6_D4__r02_s28102,scene_fc_clear_v01,FC_CLEAR,C6,D4,28102,53,98,0,0.0,DOES_NOT_INTERFERE,DOES_NOT_INTERFERE,False,False,True
v1__scene_fc_clear_v01__L2__C6_D4__r03_s28103,scene_fc_clear_v01,FC_CLEAR,C6,D4,28103,53,59,0,0.0,DOES_NOT_INTERFERE,DOES_NOT_INTERFERE,False,False,True
v1__scene_fc_clear_v01__L2__C6_D4__r03_s28103,scene_fc_clear_v01,FC_CLEAR,C6,D4,28103,53,62,0,0.0,DOES_NOT_INTERFERE,DOES_NOT_INTERFERE,False,False,True
v1__scene_fc_clear_v01__L2__C6_D4__r03_s28103,scene_fc_clear_v01,FC_CLEAR,C6,D4,28103,53,98,0,0.0,DOES_NOT_INTERFERE,DOES_NOT_INTERFERE,False,False,True
v1__scene_fc_clear_v01__L2__C6_D4__r04_s28104,scene_fc_clear_v01,FC_CLEAR,C6,D4,28104,53,59,0,0.0,DOES_NOT_INTERFERE,DOES_NOT_INTERFERE,False,False,True
v1__scene_fc_clear_v01__L2__C6_D4__r04_s28104,scene_fc_clear_v01,FC_CLEAR,C6,D4,28104,53,62,0,0.0,DOES_NOT_INTERFERE,DOES_NOT_INTERFERE,False,False,True
v1__scene_fc_clear_v01__L2__C6_D4__r04_s28104,scene_fc_clear_v01,FC_CLEAR,C6,D4,28104,53,98,0,0.0,DOES_NOT_INTERFERE,DOES_NOT_INTERFERE,False,False,True
v1__scene_fc_clear_v01__L2__C6_D4__r05_s28105,scene_fc_clear_v01,FC_CLEAR,C6,D4,28105,53,59,0,0.0,DOES_NOT_INTERFERE,DOES_NOT_INTERFERE,False,False,True
v1__scene_fc_clear_v01__L2__C6_D4__r05_s28105,scene_fc_clear_v01,FC_CLEAR,C6,D4,28105,53,62,0,0.0,DOES_NOT_INTERFERE,DOES_NOT_INTERFERE,False,False,True
v1__scene_fc_clear_v01__L2__C6_D4__r05_s28105,scene_fc_clear_v01,FC_CLEAR,C6,D4,28105,53,98,0,0.0,DOES_NOT_INTERFERE,DOES_NOT_INTERFERE,False,False,True
v1__scene_fc_clear_v01__L2__C6_D8__r01_s28101,scene_fc_clear_v01,FC_CLEAR,C6,D8,28101,53,59,0,0.0,DOES_NOT_INTERFERE,DOES_NOT_INTERFERE,False,False,True
v1__scene_fc_clear_v01__L2__C6_D8__r01_s28101,scene_fc_clear_v01,FC_CLEAR,C6,D8,28101,53,62,0,0.0,DOES_NOT_INTERFERE,DOES_NOT_INTERFERE,False,False,True
v1__scene_fc_clear_v01__L2__C6_D8__r01_s28101,scene_fc_clear_v01,FC_CLEAR,C6,D8,28101,53,98,0,0.0,DOES_NOT_INTERFERE,DOES_NOT_INTERFERE,False,False,True
v1__scene_fc_clear_v01__L2__C6_D8__r02_s28102,scene_fc_clear_v01,FC_CLEAR,C6,D8,28102,53,59,0,0.0,DOES_NOT_INTERFERE,DOES_NOT_INTERFERE,False,False,True
v1__scene_fc_clear_v01__L2__C6_D8__r02_s28102,scene_fc_clear_v01,FC_CLEAR,C6,D8,28102,53,62,0,0.0,DOES_NOT_INTERFERE,DOES_NOT_INTERFERE,False,False,True
v1__scene_fc_clear_v01__L2__C6_D8__r02_s28102,scene_fc_clear_v01,FC_CLEAR,C6,D8,28102,53,98,0,0.0,DOES_NOT_INTERFERE,DOES_NOT_INTERFERE,False,False,True
v1__scene_fc_clear_v01__L2__C6_D8__r03_s28103,scene_fc_clear_v01,FC_CLEAR,C6,D8,28103,53,59,0,0.0,DOES_NOT_INTERFERE,DOES_NOT_INTERFERE,False,False,True
v1__scene_fc_clear_v01__L2__C6_D8__r03_s28103,scene_fc_clear_v01,FC_CLEAR,C6,D8,28103,53,62,0,0.0,DOES_NOT_INTERFERE,DOES_NOT_INTERFERE,False,False,True
v1__scene_fc_clear_v01__L2__C6_D8__r03_s28103,scene_fc_clear_v01,FC_CLEAR,C6,D8,28103,53,98,0,0.0,DOES_NOT_INTERFERE,DOES_NOT_INTERFERE,False,False,True
v1__scene_fc_clear_v01__L2__C6_D8__r04_s28104,scene_fc_clear_v01,FC_CLEAR,C6,D8,28104,53,59,0,0.0,DOES_NOT_INTERFERE,DOES_NOT_INTERFERE,False,False,True
v1__scene_fc_clear_v01__L2__C6_D8__r04_s28104,scene_fc_clear_v01,FC_CLEAR,C6,D8,28104,53,62,0,0.0,DOES_NOT_INTERFERE,DOES_NOT_INTERFERE,False,False,True
v1__scene_fc_clear_v01__L2__C6_D8__r04_s28104,scene_fc_clear_v01,FC_CLEAR,C6,D8,28104,53,98,0,0.0,DOES_NOT_INTERFERE,DOES_NOT_INTERFERE,False,False,True
v1__scene_fc_clear_v01__L2__C6_D8__r05_s28105,scene_fc_clear_v01,FC_CLEAR,C6,D8,28105,53,59,0,0.0,DOES_NOT_INTERFERE,DOES_NOT_INTERFERE,False,False,True
v1__scene_fc_clear_v01__L2__C6_D8__r05_s28105,scene_fc_clear_v01,FC_CLEAR,C6,D8,28105,53,62,0,0.0,DOES_NOT_INTERFERE,DOES_NOT_INTERFERE,False,False,True
v1__scene_fc_clear_v01__L2__C6_D8__r05_s28105,scene_fc_clear_v01,FC_CLEAR,C6,D8,28105,53,98,0,0.0,DOES_NOT_INTERFERE,DOES_NOT_INTERFERE,False,False,True
v1__scene_fc_clear_v02__L2__C0_NA__r01_s28101,scene_fc_clear_v02,FC_CLEAR,C0,,28101,29,10,0,0.0,DOES_NOT_INTERFERE,DOES_NOT_INTERFERE,False,False,True
v1__scene_fc_clear_v02__L2__C0_NA__r01_s28101,scene_fc_clear_v02,FC_CLEAR,C0,,28101,29,39,0,0.0,DOES_NOT_INTERFERE,DOES_NOT_INTERFERE,False,False,True
v1__scene_fc_clear_v02__L2__C0_NA__r01_s28101,scene_fc_clear_v02,FC_CLEAR,C0,,28101,29,66,0,0.0,DOES_NOT_INTERFERE,DOES_NOT_INTERFERE,False,False,True
v1__scene_fc_clear_v02__L2__C0_NA__r02_s28102,scene_fc_clear_v02,FC_CLEAR,C0,,28102,29,10,0,0.0,DOES_NOT_INTERFERE,DOES_NOT_INTERFERE,False,False,True
v1__scene_fc_clear_v02__L2__C0_NA__r02_s28102,scene_fc_clear_v02,FC_CLEAR,C0,,28102,29,39,0,0.0,DOES_NOT_INTERFERE,DOES_NOT_INTERFERE,False,False,True
v1__scene_fc_clear_v02__L2__C0_NA__r02_s28102,scene_fc_clear_v02,FC_CLEAR,C0,,28102,29,66,0,0.0,DOES_NOT_INTERFERE,DOES_NOT_INTERFERE,False,False,True
v1__scene_fc_clear_v02__L2__C0_NA__r03_s28103,scene_fc_clear_v02,FC_CLEAR,C0,,28103,29,10,0,0.0,DOES_NOT_INTERFERE,DOES_NOT_INTERFERE,False,False,True
v1__scene_fc_clear_v02__L2__C0_NA__r03_s28103,scene_fc_clear_v02,FC_CLEAR,C0,,28103,29,39,0,0.0,DOES_NOT_INTERFERE,DOES_NOT_INTERFERE,False,False,True
v1__scene_fc_clear_v02__L2__C0_NA__r03_s28103,scene_fc_clear_v02,FC_CLEAR,C0,,28103,29,66,0,0.0,DOES_NOT_INTERFERE,DOES_NOT_INTERFERE,False,False,True
v1__scene_fc_clear_v02__L2__C0_NA__r04_s28104,scene_fc_clear_v02,FC_CLEAR,C0,,28104,29,10,0,0.0,DOES_NOT_INTERFERE,DOES_NOT_INTERFERE,False,False,True
v1__scene_fc_clear_v02__L2__C0_NA__r04_s28104,scene_fc_clear_v02,FC_CLEAR,C0,,28104,29,39,0,0.0,DOES_NOT_INTERFERE,DOES_NOT_INTERFERE,False,False,True
v1__scene_fc_clear_v02__L2__C0_NA__r04_s28104,scene_fc_clear_v02,FC_CLEAR,C0,,28104,29,66,0,0.0,DOES_NOT_INTERFERE,DOES_NOT_INTERFERE,False,False,True
v1__scene_fc_clear_v02__L2__C0_NA__r05_s28105,scene_fc_clear_v02,FC_CLEAR,C0,,28105,29,10,0,0.0,DOES_NOT_INTERFERE,DOES_NOT_INTERFERE,False,False,True
v1__scene_fc_clear_v02__L2__C0_NA__r05_s28105,scene_fc_clear_v02,FC_CLEAR,C0,,28105,29,39,0,0.0,DOES_NOT_INTERFERE,DOES_NOT_INTERFERE,False,False,True
v1__scene_fc_clear_v02__L2__C0_NA__r05_s28105,scene_fc_clear_v02,FC_CLEAR,C0,,28105,29,66,0,0.0,DOES_NOT_INTERFERE,DOES_NOT_INTERFERE,False,False,True
v1__scene_fc_clear_v02__L2__C1_NA__r01_s28101,scene_fc_clear_v02,FC_CLEAR,C1,,28101,29,10,0,0.0,DOES_NOT_INTERFERE,INTERFERES,False,True,False
v1__scene_fc_clear_v02__L2__C1_NA__r01_s28101,scene_fc_clear_v02,FC_CLEAR,C1,,28101,29,39,0,0.0,DOES_NOT_INTERFERE,DOES_NOT_INTERFERE,False,False,True
v1__scene_fc_clear_v02__L2__C1_NA__r01_s28101,scene_fc_clear_v02,FC_CLEAR,C1,,28101,29,66,0,0.0,DOES_NOT_INTERFERE,DOES_NOT_INTERFERE,False,False,True
v1__scene_fc_clear_v02__L2__C1_NA__r02_s28102,scene_fc_clear_v02,FC_CLEAR,C1,,28102,29,10,0,0.0,DOES_NOT_INTERFERE,INTERFERES,False,True,False
v1__scene_fc_clear_v02__L2__C1_NA__r02_s28102,scene_fc_clear_v02,FC_CLEAR,C1,,28102,29,39,0,0.0,DOES_NOT_INTERFERE,DOES_NOT_INTERFERE,False,False,True
v1__scene_fc_clear_v02__L2__C1_NA__r02_s28102,scene_fc_clear_v02,FC_CLEAR,C1,,28102,29,66,0,0.0,DOES_NOT_INTERFERE,DOES_NOT_INTERFERE,False,False,True
v1__scene_fc_clear_v02__L2__C1_NA__r03_s28103,scene_fc_clear_v02,FC_CLEAR,C1,,28103,29,10,0,0.0,DOES_NOT_INTERFERE,INTERFERES,False,True,False
v1__scene_fc_clear_v02__L2__C1_NA__r03_s28103,scene_fc_clear_v02,FC_CLEAR,C1,,28103,29,39,0,0.0,DOES_NOT_INTERFERE,DOES_NOT_INTERFERE,False,False,True
v1__scene_fc_clear_v02__L2__C1_NA__r03_s28103,scene_fc_clear_v02,FC_CLEAR,C1,,28103,29,66,0,0.0,DOES_NOT_INTERFERE,DOES_NOT_INTERFERE,False,False,True
v1__scene_fc_clear_v02__L2__C1_NA__r04_s28104,scene_fc_clear_v02,FC_CLEAR,C1,,28104,29,10,0,0.0,DOES_NOT_INTERFERE,INTERFERES,False,True,False
v1__scene_fc_clear_v02__L2__C1_NA__r04_s28104,scene_fc_clear_v02,FC_CLEAR,C1,,28104,29,39,0,0.0,DOES_NOT_INTERFERE,DOES_NOT_INTERFERE,False,False,True
v1__scene_fc_clear_v02__L2__C1_NA__r04_s28104,scene_fc_clear_v02,FC_CLEAR,C1,,28104,29,66,0,0.0,DOES_NOT_INTERFERE,DOES_NOT_INTERFERE,False,False,True
v1__scene_fc_clear_v02__L2__C1_NA__r05_s28105,scene_fc_clear_v02,FC_CLEAR,C1,,28105,29,10,0,0.0,DOES_NOT_INTERFERE,INTERFERES,False,True,False
v1__scene_fc_clear_v02__L2__C1_NA__r05_s28105,scene_fc_clear_v02,FC_CLEAR,C1,,28105,29,39,0,0.0,DOES_NOT_INTERFERE,DOES_NOT_INTERFERE,False,False,True
v1__scene_fc_clear_v02__L2__C1_NA__r05_s28105,scene_fc_clear_v02,FC_CLEAR,C1,,28105,29,66,0,0.0,DOES_NOT_INTERFERE,DOES_NOT_INTERFERE,False,False,True
v1__scene_fc_clear_v02__L2__C2_D4__r01_s28101,scene_fc_clear_v02,FC_CLEAR,C2,D4,28101,29,10,0,0.0,DOES_NOT_INTERFERE,INTERFERES,False,True,False
v1__scene_fc_clear_v02__L2__C2_D4__r01_s28101,scene_fc_clear_v02,FC_CLEAR,C2,D4,28101,29,39,0,0.0,DOES_NOT_INTERFERE,DOES_NOT_INTERFERE,False,False,True
v1__scene_fc_clear_v02__L2__C2_D4__r01_s28101,scene_fc_clear_v02,FC_CLEAR,C2,D4,28101,29,66,0,0.0,DOES_NOT_INTERFERE,DOES_NOT_INTERFERE,False,False,True
v1__scene_fc_clear_v02__L2__C2_D4__r02_s28102,scene_fc_clear_v02,FC_CLEAR,C2,D4,28102,29,10,0,0.0,DOES_NOT_INTERFERE,INTERFERES,False,True,False
v1__scene_fc_clear_v02__L2__C2_D4__r02_s28102,scene_fc_clear_v02,FC_CLEAR,C2,D4,28102,29,39,0,0.0,DOES_NOT_INTERFERE,DOES_NOT_INTERFERE,False,False,True
v1__scene_fc_clear_v02__L2__C2_D4__r02_s28102,scene_fc_clear_v02,FC_CLEAR,C2,D4,28102,29,66,0,0.0,DOES_NOT_INTERFERE,DOES_NOT_INTERFERE,False,False,True
v1__scene_fc_clear_v02__L2__C2_D4__r03_s28103,scene_fc_clear_v02,FC_CLEAR,C2,D4,28103,29,10,0,0.0,DOES_NOT_INTERFERE,INTERFERES,False,True,False
v1__scene_fc_clear_v02__L2__C2_D4__r03_s28103,scene_fc_clear_v02,FC_CLEAR,C2,D4,28103,29,39,0,0.0,DOES_NOT_INTERFERE,DOES_NOT_INTERFERE,False,False,True
v1__scene_fc_clear_v02__L2__C2_D4__r03_s28103,scene_fc_clear_v02,FC_CLEAR,C2,D4,28103,29,66,0,0.0,DOES_NOT_INTERFERE,DOES_NOT_INTERFERE,False,False,True
v1__scene_fc_clear_v02__L2__C2_D4__r04_s28104,scene_fc_clear_v02,FC_CLEAR,C2,D4,28104,29,10,0,0.0,DOES_NOT_INTERFERE,INTERFERES,False,True,False
v1__scene_fc_clear_v02__L2__C2_D4__r04_s28104,scene_fc_clear_v02,FC_CLEAR,C2,D4,28104,29,39,0,0.0,DOES_NOT_INTERFERE,DOES_NOT_INTERFERE,False,False,True
v1__scene_fc_clear_v02__L2__C2_D4__r04_s28104,scene_fc_clear_v02,FC_CLEAR,C2,D4,28104,29,66,0,0.0,DOES_NOT_INTERFERE,DOES_NOT_INTERFERE,False,False,True
v1__scene_fc_clear_v02__L2__C2_D4__r05_s28105,scene_fc_clear_v02,FC_CLEAR,C2,D4,28105,29,10,0,0.0,DOES_NOT_INTERFERE,INTERFERES,False,True,False
v1__scene_fc_clear_v02__L2__C2_D4__r05_s28105,scene_fc_clear_v02,FC_CLEAR,C2,D4,28105,29,39,0,0.0,DOES_NOT_INTERFERE,DOES_NOT_INTERFERE,False,False,True
v1__scene_fc_clear_v02__L2__C2_D4__r05_s28105,scene_fc_clear_v02,FC_CLEAR,C2,D4,28105,29,66,0,0.0,DOES_NOT_INTERFERE,DOES_NOT_INTERFERE,False,False,True
v1__scene_fc_clear_v02__L2__C2_D8__r01_s28101,scene_fc_clear_v02,FC_CLEAR,C2,D8,28101,29,10,0,0.0,DOES_NOT_INTERFERE,INTERFERES,False,True,False
v1__scene_fc_clear_v02__L2__C2_D8__r01_s28101,scene_fc_clear_v02,FC_CLEAR,C2,D8,28101,29,39,0,0.0,DOES_NOT_INTERFERE,DOES_NOT_INTERFERE,False,False,True
v1__scene_fc_clear_v02__L2__C2_D8__r01_s28101,scene_fc_clear_v02,FC_CLEAR,C2,D8,28101,29,66,0,0.0,DOES_NOT_INTERFERE,DOES_NOT_INTERFERE,False,False,True
v1__scene_fc_clear_v02__L2__C2_D8__r02_s28102,scene_fc_clear_v02,FC_CLEAR,C2,D8,28102,29,10,0,0.0,DOES_NOT_INTERFERE,INTERFERES,False,True,False
v1__scene_fc_clear_v02__L2__C2_D8__r02_s28102,scene_fc_clear_v02,FC_CLEAR,C2,D8,28102,29,39,0,0.0,DOES_NOT_INTERFERE,DOES_NOT_INTERFERE,False,False,True
v1__scene_fc_clear_v02__L2__C2_D8__r02_s28102,scene_fc_clear_v02,FC_CLEAR,C2,D8,28102,29,66,0,0.0,DOES_NOT_INTERFERE,DOES_NOT_INTERFERE,False,False,True
v1__scene_fc_clear_v02__L2__C2_D8__r03_s28103,scene_fc_clear_v02,FC_CLEAR,C2,D8,28103,29,10,0,0.0,DOES_NOT_INTERFERE,INTERFERES,False,True,False
v1__scene_fc_clear_v02__L2__C2_D8__r03_s28103,scene_fc_clear_v02,FC_CLEAR,C2,D8,28103,29,39,0,0.0,DOES_NOT_INTERFERE,DOES_NOT_INTERFERE,False,False,True
v1__scene_fc_clear_v02__L2__C2_D8__r03_s28103,scene_fc_clear_v02,FC_CLEAR,C2,D8,28103,29,66,0,0.0,DOES_NOT_INTERFERE,DOES_NOT_INTERFERE,False,False,True
v1__scene_fc_clear_v02__L2__C2_D8__r04_s28104,scene_fc_clear_v02,FC_CLEAR,C2,D8,28104,29,10,0,0.0,DOES_NOT_INTERFERE,INTERFERES,False,True,False
v1__scene_fc_clear_v02__L2__C2_D8__r04_s28104,scene_fc_clear_v02,FC_CLEAR,C2,D8,28104,29,39,0,0.0,DOES_NOT_INTERFERE,DOES_NOT_INTERFERE,False,False,True
v1__scene_fc_clear_v02__L2__C2_D8__r04_s28104,scene_fc_clear_v02,FC_CLEAR,C2,D8,28104,29,66,0,0.0,DOES_NOT_INTERFERE,DOES_NOT_INTERFERE,False,False,True
v1__scene_fc_clear_v02__L2__C2_D8__r05_s28105,scene_fc_clear_v02,FC_CLEAR,C2,D8,28105,29,10,0,0.0,DOES_NOT_INTERFERE,INTERFERES,False,True,False
v1__scene_fc_clear_v02__L2__C2_D8__r05_s28105,scene_fc_clear_v02,FC_CLEAR,C2,D8,28105,29,39,0,0.0,DOES_NOT_INTERFERE,DOES_NOT_INTERFERE,False,False,True
v1__scene_fc_clear_v02__L2__C2_D8__r05_s28105,scene_fc_clear_v02,FC_CLEAR,C2,D8,28105,29,66,0,0.0,DOES_NOT_INTERFERE,DOES_NOT_INTERFERE,False,False,True
v1__scene_fc_clear_v02__L2__C3_D4__r01_s28101,scene_fc_clear_v02,FC_CLEAR,C3,D4,28101,29,10,0,0.0,DOES_NOT_INTERFERE,DOES_NOT_INTERFERE,False,False,True
v1__scene_fc_clear_v02__L2__C3_D4__r01_s28101,scene_fc_clear_v02,FC_CLEAR,C3,D4,28101,29,39,0,0.0,DOES_NOT_INTERFERE,DOES_NOT_INTERFERE,False,False,True
v1__scene_fc_clear_v02__L2__C3_D4__r01_s28101,scene_fc_clear_v02,FC_CLEAR,C3,D4,28101,29,66,0,0.0,DOES_NOT_INTERFERE,DOES_NOT_INTERFERE,False,False,True
v1__scene_fc_clear_v02__L2__C3_D4__r02_s28102,scene_fc_clear_v02,FC_CLEAR,C3,D4,28102,29,10,0,0.0,DOES_NOT_INTERFERE,DOES_NOT_INTERFERE,False,False,True
v1__scene_fc_clear_v02__L2__C3_D4__r02_s28102,scene_fc_clear_v02,FC_CLEAR,C3,D4,28102,29,39,0,0.0,DOES_NOT_INTERFERE,DOES_NOT_INTERFERE,False,False,True
v1__scene_fc_clear_v02__L2__C3_D4__r02_s28102,scene_fc_clear_v02,FC_CLEAR,C3,D4,28102,29,66,0,0.0,DOES_NOT_INTERFERE,DOES_NOT_INTERFERE,False,False,True
v1__scene_fc_clear_v02__L2__C3_D4__r03_s28103,scene_fc_clear_v02,FC_CLEAR,C3,D4,28103,29,10,0,0.0,DOES_NOT_INTERFERE,DOES_NOT_INTERFERE,False,False,True
v1__scene_fc_clear_v02__L2__C3_D4__r03_s28103,scene_fc_clear_v02,FC_CLEAR,C3,D4,28103,29,39,0,0.0,DOES_NOT_INTERFERE,DOES_NOT_INTERFERE,False,False,True
v1__scene_fc_clear_v02__L2__C3_D4__r03_s28103,scene_fc_clear_v02,FC_CLEAR,C3,D4,28103,29,66,0,0.0,DOES_NOT_INTERFERE,DOES_NOT_INTERFERE,False,False,True
v1__scene_fc_clear_v02__L2__C3_D4__r04_s28104,scene_fc_clear_v02,FC_CLEAR,C3,D4,28104,29,10,0,0.0,DOES_NOT_INTERFERE,DOES_NOT_INTERFERE,False,False,True
v1__scene_fc_clear_v02__L2__C3_D4__r04_s28104,scene_fc_clear_v02,FC_CLEAR,C3,D4,28104,29,39,0,0.0,DOES_NOT_INTERFERE,DOES_NOT_INTERFERE,False,False,True
v1__scene_fc_clear_v02__L2__C3_D4__r04_s28104,scene_fc_clear_v02,FC_CLEAR,C3,D4,28104,29,66,0,0.0,DOES_NOT_INTERFERE,DOES_NOT_INTERFERE,False,False,True
v1__scene_fc_clear_v02__L2__C3_D4__r05_s28105,scene_fc_clear_v02,FC_CLEAR,C3,D4,28105,29,10,0,0.0,DOES_NOT_INTERFERE,DOES_NOT_INTERFERE,False,False,True
v1__scene_fc_clear_v02__L2__C3_D4__r05_s28105,scene_fc_clear_v02,FC_CLEAR,C3,D4,28105,29,39,0,0.0,DOES_NOT_INTERFERE,DOES_NOT_INTERFERE,False,False,True
v1__scene_fc_clear_v02__L2__C3_D4__r05_s28105,scene_fc_clear_v02,FC_CLEAR,C3,D4,28105,29,66,0,0.0,DOES_NOT_INTERFERE,DOES_NOT_INTERFERE,False,False,True
v1__scene_fc_clear_v02__L2__C3_D8__r01_s28101,scene_fc_clear_v02,FC_CLEAR,C3,D8,28101,29,10,0,0.0,DOES_NOT_INTERFERE,DOES_NOT_INTERFERE,False,False,True
v1__scene_fc_clear_v02__L2__C3_D8__r01_s28101,scene_fc_clear_v02,FC_CLEAR,C3,D8,28101,29,39,0,0.0,DOES_NOT_INTERFERE,DOES_NOT_INTERFERE,False,False,True
v1__scene_fc_clear_v02__L2__C3_D8__r01_s28101,scene_fc_clear_v02,FC_CLEAR,C3,D8,28101,29,66,0,0.0,DOES_NOT_INTERFERE,DOES_NOT_INTERFERE,False,False,True
v1__scene_fc_clear_v02__L2__C3_D8__r02_s28102,scene_fc_clear_v02,FC_CLEAR,C3,D8,28102,29,10,0,0.0,DOES_NOT_INTERFERE,DOES_NOT_INTERFERE,False,False,True
v1__scene_fc_clear_v02__L2__C3_D8__r02_s28102,scene_fc_clear_v02,FC_CLEAR,C3,D8,28102,29,39,0,0.0,DOES_NOT_INTERFERE,DOES_NOT_INTERFERE,False,False,True
v1__scene_fc_clear_v02__L2__C3_D8__r02_s28102,scene_fc_clear_v02,FC_CLEAR,C3,D8,28102,29,66,0,0.0,DOES_NOT_INTERFERE,DOES_NOT_INTERFERE,False,False,True
v1__scene_fc_clear_v02__L2__C3_D8__r03_s28103,scene_fc_clear_v02,FC_CLEAR,C3,D8,28103,29,10,0,0.0,DOES_NOT_INTERFERE,DOES_NOT_INTERFERE,False,False,True
v1__scene_fc_clear_v02__L2__C3_D8__r03_s28103,scene_fc_clear_v02,FC_CLEAR,C3,D8,28103,29,39,0,0.0,DOES_NOT_INTERFERE,DOES_NOT_INTERFERE,False,False,True
v1__scene_fc_clear_v02__L2__C3_D8__r03_s28103,scene_fc_clear_v02,FC_CLEAR,C3,D8,28103,29,66,0,0.0,DOES_NOT_INTERFERE,DOES_NOT_INTERFERE,False,False,True
v1__scene_fc_clear_v02__L2__C3_D8__r04_s28104,scene_fc_clear_v02,FC_CLEAR,C3,D8,28104,29,10,0,0.0,DOES_NOT_INTERFERE,DOES_NOT_INTERFERE,False,False,True
v1__scene_fc_clear_v02__L2__C3_D8__r04_s28104,scene_fc_clear_v02,FC_CLEAR,C3,D8,28104,29,39,0,0.0,DOES_NOT_INTERFERE,DOES_NOT_INTERFERE,False,False,True
v1__scene_fc_clear_v02__L2__C3_D8__r04_s28104,scene_fc_clear_v02,FC_CLEAR,C3,D8,28104,29,66,0,0.0,DOES_NOT_INTERFERE,DOES_NOT_INTERFERE,False,False,True
v1__scene_fc_clear_v02__L2__C3_D8__r05_s28105,scene_fc_clear_v02,FC_CLEAR,C3,D8,28105,29,10,0,0.0,DOES_NOT_INTERFERE,DOES_NOT_INTERFERE,False,False,True
v1__scene_fc_clear_v02__L2__C3_D8__r05_s28105,scene_fc_clear_v02,FC_CLEAR,C3,D8,28105,29,39,0,0.0,DOES_NOT_INTERFERE,DOES_NOT_INTERFERE,False,False,True
v1__scene_fc_clear_v02__L2__C3_D8__r05_s28105,scene_fc_clear_v02,FC_CLEAR,C3,D8,28105,29,66,0,0.0,DOES_NOT_INTERFERE,DOES_NOT_INTERFERE,False,False,True
v1__scene_fc_clear_v02__L2__C4_D4__r01_s28101,scene_fc_clear_v02,FC_CLEAR,C4,D4,28101,29,10,0,0.0,DOES_NOT_INTERFERE,DOES_NOT_INTERFERE,False,False,True
v1__scene_fc_clear_v02__L2__C4_D4__r01_s28101,scene_fc_clear_v02,FC_CLEAR,C4,D4,28101,29,39,0,0.0,DOES_NOT_INTERFERE,DOES_NOT_INTERFERE,False,False,True
v1__scene_fc_clear_v02__L2__C4_D4__r01_s28101,scene_fc_clear_v02,FC_CLEAR,C4,D4,28101,29,66,0,0.0,DOES_NOT_INTERFERE,DOES_NOT_INTERFERE,False,False,True
v1__scene_fc_clear_v02__L2__C4_D4__r02_s28102,scene_fc_clear_v02,FC_CLEAR,C4,D4,28102,29,10,0,0.0,DOES_NOT_INTERFERE,DOES_NOT_INTERFERE,False,False,True
v1__scene_fc_clear_v02__L2__C4_D4__r02_s28102,scene_fc_clear_v02,FC_CLEAR,C4,D4,28102,29,39,0,0.0,DOES_NOT_INTERFERE,DOES_NOT_INTERFERE,False,False,True
v1__scene_fc_clear_v02__L2__C4_D4__r02_s28102,scene_fc_clear_v02,FC_CLEAR,C4,D4,28102,29,66,0,0.0,DOES_NOT_INTERFERE,DOES_NOT_INTERFERE,False,False,True
v1__scene_fc_clear_v02__L2__C4_D4__r03_s28103,scene_fc_clear_v02,FC_CLEAR,C4,D4,28103,29,10,0,0.0,DOES_NOT_INTERFERE,DOES_NOT_INTERFERE,False,False,True
v1__scene_fc_clear_v02__L2__C4_D4__r03_s28103,scene_fc_clear_v02,FC_CLEAR,C4,D4,28103,29,39,0,0.0,DOES_NOT_INTERFERE,DOES_NOT_INTERFERE,False,False,True
v1__scene_fc_clear_v02__L2__C4_D4__r03_s28103,scene_fc_clear_v02,FC_CLEAR,C4,D4,28103,29,66,0,0.0,DOES_NOT_INTERFERE,DOES_NOT_INTERFERE,False,False,True
v1__scene_fc_clear_v02__L2__C4_D4__r04_s28104,scene_fc_clear_v02,FC_CLEAR,C4,D4,28104,29,10,0,0.0,DOES_NOT_INTERFERE,DOES_NOT_INTERFERE,False,False,True
v1__scene_fc_clear_v02__L2__C4_D4__r04_s28104,scene_fc_clear_v02,FC_CLEAR,C4,D4,28104,29,39,0,0.0,DOES_NOT_INTERFERE,DOES_NOT_INTERFERE,False,False,True
v1__scene_fc_clear_v02__L2__C4_D4__r04_s28104,scene_fc_clear_v02,FC_CLEAR,C4,D4,28104,29,66,0,0.0,DOES_NOT_INTERFERE,DOES_NOT_INTERFERE,False,False,True
v1__scene_fc_clear_v02__L2__C4_D4__r05_s28105,scene_fc_clear_v02,FC_CLEAR,C4,D4,28105,29,10,0,0.0,DOES_NOT_INTERFERE,DOES_NOT_INTERFERE,False,False,True
v1__scene_fc_clear_v02__L2__C4_D4__r05_s28105,scene_fc_clear_v02,FC_CLEAR,C4,D4,28105,29,39,0,0.0,DOES_NOT_INTERFERE,DOES_NOT_INTERFERE,False,False,True
v1__scene_fc_clear_v02__L2__C4_D4__r05_s28105,scene_fc_clear_v02,FC_CLEAR,C4,D4,28105,29,66,0,0.0,DOES_NOT_INTERFERE,DOES_NOT_INTERFERE,False,False,True
v1__scene_fc_clear_v02__L2__C4_D8__r01_s28101,scene_fc_clear_v02,FC_CLEAR,C4,D8,28101,29,10,0,0.0,DOES_NOT_INTERFERE,DOES_NOT_INTERFERE,False,False,True
v1__scene_fc_clear_v02__L2__C4_D8__r01_s28101,scene_fc_clear_v02,FC_CLEAR,C4,D8,28101,29,39,0,0.0,DOES_NOT_INTERFERE,DOES_NOT_INTERFERE,False,False,True
v1__scene_fc_clear_v02__L2__C4_D8__r01_s28101,scene_fc_clear_v02,FC_CLEAR,C4,D8,28101,29,66,0,0.0,DOES_NOT_INTERFERE,DOES_NOT_INTERFERE,False,False,True
v1__scene_fc_clear_v02__L2__C4_D8__r02_s28102,scene_fc_clear_v02,FC_CLEAR,C4,D8,28102,29,10,0,0.0,DOES_NOT_INTERFERE,DOES_NOT_INTERFERE,False,False,True
v1__scene_fc_clear_v02__L2__C4_D8__r02_s28102,scene_fc_clear_v02,FC_CLEAR,C4,D8,28102,29,39,0,0.0,DOES_NOT_INTERFERE,DOES_NOT_INTERFERE,False,False,True
v1__scene_fc_clear_v02__L2__C4_D8__r02_s28102,scene_fc_clear_v02,FC_CLEAR,C4,D8,28102,29,66,0,0.0,DOES_NOT_INTERFERE,DOES_NOT_INTERFERE,False,False,True
v1__scene_fc_clear_v02__L2__C4_D8__r03_s28103,scene_fc_clear_v02,FC_CLEAR,C4,D8,28103,29,10,0,0.0,DOES_NOT_INTERFERE,DOES_NOT_INTERFERE,False,False,True
v1__scene_fc_clear_v02__L2__C4_D8__r03_s28103,scene_fc_clear_v02,FC_CLEAR,C4,D8,28103,29,39,0,0.0,DOES_NOT_INTERFERE,DOES_NOT_INTERFERE,False,False,True
v1__scene_fc_clear_v02__L2__C4_D8__r03_s28103,scene_fc_clear_v02,FC_CLEAR,C4,D8,28103,29,66,0,0.0,DOES_NOT_INTERFERE,DOES_NOT_INTERFERE,False,False,True
v1__scene_fc_clear_v02__L2__C4_D8__r04_s28104,scene_fc_clear_v02,FC_CLEAR,C4,D8,28104,29,10,0,0.0,DOES_NOT_INTERFERE,DOES_NOT_INTERFERE,False,False,True
v1__scene_fc_clear_v02__L2__C4_D8__r04_s28104,scene_fc_clear_v02,FC_CLEAR,C4,D8,28104,29,39,0,0.0,DOES_NOT_INTERFERE,DOES_NOT_INTERFERE,False,False,True
v1__scene_fc_clear_v02__L2__C4_D8__r04_s28104,scene_fc_clear_v02,FC_CLEAR,C4,D8,28104,29,66,0,0.0,DOES_NOT_INTERFERE,DOES_NOT_INTERFERE,False,False,True
v1__scene_fc_clear_v02__L2__C4_D8__r05_s28105,scene_fc_clear_v02,FC_CLEAR,C4,D8,28105,29,10,0,0.0,DOES_NOT_INTERFERE,DOES_NOT_INTERFERE,False,False,True
v1__scene_fc_clear_v02__L2__C4_D8__r05_s28105,scene_fc_clear_v02,FC_CLEAR,C4,D8,28105,29,39,0,0.0,DOES_NOT_INTERFERE,DOES_NOT_INTERFERE,False,False,True
v1__scene_fc_clear_v02__L2__C4_D8__r05_s28105,scene_fc_clear_v02,FC_CLEAR,C4,D8,28105,29,66,0,0.0,DOES_NOT_INTERFERE,DOES_NOT_INTERFERE,False,False,True
v1__scene_fc_clear_v02__L2__C5_D4__r01_s28101,scene_fc_clear_v02,FC_CLEAR,C5,D4,28101,29,10,0,0.0,DOES_NOT_INTERFERE,DOES_NOT_INTERFERE,False,False,True
v1__scene_fc_clear_v02__L2__C5_D4__r01_s28101,scene_fc_clear_v02,FC_CLEAR,C5,D4,28101,29,39,0,0.0,DOES_NOT_INTERFERE,DOES_NOT_INTERFERE,False,False,True
v1__scene_fc_clear_v02__L2__C5_D4__r01_s28101,scene_fc_clear_v02,FC_CLEAR,C5,D4,28101,29,66,0,0.0,DOES_NOT_INTERFERE,DOES_NOT_INTERFERE,False,False,True
v1__scene_fc_clear_v02__L2__C5_D4__r02_s28102,scene_fc_clear_v02,FC_CLEAR,C5,D4,28102,29,10,0,0.0,DOES_NOT_INTERFERE,DOES_NOT_INTERFERE,False,False,True
v1__scene_fc_clear_v02__L2__C5_D4__r02_s28102,scene_fc_clear_v02,FC_CLEAR,C5,D4,28102,29,39,0,0.0,DOES_NOT_INTERFERE,DOES_NOT_INTERFERE,False,False,True
v1__scene_fc_clear_v02__L2__C5_D4__r02_s28102,scene_fc_clear_v02,FC_CLEAR,C5,D4,28102,29,66,0,0.0,DOES_NOT_INTERFERE,DOES_NOT_INTERFERE,False,False,True
v1__scene_fc_clear_v02__L2__C5_D4__r03_s28103,scene_fc_clear_v02,FC_CLEAR,C5,D4,28103,29,10,0,0.0,DOES_NOT_INTERFERE,DOES_NOT_INTERFERE,False,False,True
v1__scene_fc_clear_v02__L2__C5_D4__r03_s28103,scene_fc_clear_v02,FC_CLEAR,C5,D4,28103,29,39,0,0.0,DOES_NOT_INTERFERE,DOES_NOT_INTERFERE,False,False,True
v1__scene_fc_clear_v02__L2__C5_D4__r03_s28103,scene_fc_clear_v02,FC_CLEAR,C5,D4,28103,29,66,0,0.0,DOES_NOT_INTERFERE,DOES_NOT_INTERFERE,False,False,True
v1__scene_fc_clear_v02__L2__C5_D4__r04_s28104,scene_fc_clear_v02,FC_CLEAR,C5,D4,28104,29,10,0,0.0,DOES_NOT_INTERFERE,DOES_NOT_INTERFERE,False,False,True
v1__scene_fc_clear_v02__L2__C5_D4__r04_s28104,scene_fc_clear_v02,FC_CLEAR,C5,D4,28104,29,39,0,0.0,DOES_NOT_INTERFERE,DOES_NOT_INTERFERE,False,False,True
v1__scene_fc_clear_v02__L2__C5_D4__r04_s28104,scene_fc_clear_v02,FC_CLEAR,C5,D4,28104,29,66,0,0.0,DOES_NOT_INTERFERE,DOES_NOT_INTERFERE,False,False,True
v1__scene_fc_clear_v02__L2__C5_D4__r05_s28105,scene_fc_clear_v02,FC_CLEAR,C5,D4,28105,29,10,0,0.0,DOES_NOT_INTERFERE,DOES_NOT_INTERFERE,False,False,True
v1__scene_fc_clear_v02__L2__C5_D4__r05_s28105,scene_fc_clear_v02,FC_CLEAR,C5,D4,28105,29,39,0,0.0,DOES_NOT_INTERFERE,DOES_NOT_INTERFERE,False,False,True
v1__scene_fc_clear_v02__L2__C5_D4__r05_s28105,scene_fc_clear_v02,FC_CLEAR,C5,D4,28105,29,66,0,0.0,DOES_NOT_INTERFERE,DOES_NOT_INTERFERE,False,False,True
v1__scene_fc_clear_v02__L2__C5_D8__r01_s28101,scene_fc_clear_v02,FC_CLEAR,C5,D8,28101,29,10,0,0.0,DOES_NOT_INTERFERE,DOES_NOT_INTERFERE,False,False,True
v1__scene_fc_clear_v02__L2__C5_D8__r01_s28101,scene_fc_clear_v02,FC_CLEAR,C5,D8,28101,29,39,0,0.0,DOES_NOT_INTERFERE,DOES_NOT_INTERFERE,False,False,True
v1__scene_fc_clear_v02__L2__C5_D8__r01_s28101,scene_fc_clear_v02,FC_CLEAR,C5,D8,28101,29,66,0,0.0,DOES_NOT_INTERFERE,DOES_NOT_INTERFERE,False,False,True
v1__scene_fc_clear_v02__L2__C5_D8__r02_s28102,scene_fc_clear_v02,FC_CLEAR,C5,D8,28102,29,10,0,0.0,DOES_NOT_INTERFERE,DOES_NOT_INTERFERE,False,False,True
v1__scene_fc_clear_v02__L2__C5_D8__r02_s28102,scene_fc_clear_v02,FC_CLEAR,C5,D8,28102,29,39,0,0.0,DOES_NOT_INTERFERE,DOES_NOT_INTERFERE,False,False,True
v1__scene_fc_clear_v02__L2__C5_D8__r02_s28102,scene_fc_clear_v02,FC_CLEAR,C5,D8,28102,29,66,0,0.0,DOES_NOT_INTERFERE,DOES_NOT_INTERFERE,False,False,True
v1__scene_fc_clear_v02__L2__C5_D8__r03_s28103,scene_fc_clear_v02,FC_CLEAR,C5,D8,28103,29,10,0,0.0,DOES_NOT_INTERFERE,DOES_NOT_INTERFERE,False,False,True
v1__scene_fc_clear_v02__L2__C5_D8__r03_s28103,scene_fc_clear_v02,FC_CLEAR,C5,D8,28103,29,39,0,0.0,DOES_NOT_INTERFERE,DOES_NOT_INTERFERE,False,False,True
v1__scene_fc_clear_v02__L2__C5_D8__r03_s28103,scene_fc_clear_v02,FC_CLEAR,C5,D8,28103,29,66,0,0.0,DOES_NOT_INTERFERE,DOES_NOT_INTERFERE,False,False,True
v1__scene_fc_clear_v02__L2__C5_D8__r04_s28104,scene_fc_clear_v02,FC_CLEAR,C5,D8,28104,29,10,0,0.0,DOES_NOT_INTERFERE,DOES_NOT_INTERFERE,False,False,True
v1__scene_fc_clear_v02__L2__C5_D8__r04_s28104,scene_fc_clear_v02,FC_CLEAR,C5,D8,28104,29,39,0,0.0,DOES_NOT_INTERFERE,DOES_NOT_INTERFERE,False,False,True
v1__scene_fc_clear_v02__L2__C5_D8__r04_s28104,scene_fc_clear_v02,FC_CLEAR,C5,D8,28104,29,66,0,0.0,DOES_NOT_INTERFERE,DOES_NOT_INTERFERE,False,False,True
v1__scene_fc_clear_v02__L2__C5_D8__r05_s28105,scene_fc_clear_v02,FC_CLEAR,C5,D8,28105,29,10,0,0.0,DOES_NOT_INTERFERE,DOES_NOT_INTERFERE,False,False,True
v1__scene_fc_clear_v02__L2__C5_D8__r05_s28105,scene_fc_clear_v02,FC_CLEAR,C5,D8,28105,29,39,0,0.0,DOES_NOT_INTERFERE,DOES_NOT_INTERFERE,False,False,True
v1__scene_fc_clear_v02__L2__C5_D8__r05_s28105,scene_fc_clear_v02,FC_CLEAR,C5,D8,28105,29,66,0,0.0,DOES_NOT_INTERFERE,DOES_NOT_INTERFERE,False,False,True
v1__scene_fc_clear_v02__L2__C6_D4__r01_s28101,scene_fc_clear_v02,FC_CLEAR,C6,D4,28101,29,10,0,0.0,DOES_NOT_INTERFERE,INTERFERES,False,True,False
v1__scene_fc_clear_v02__L2__C6_D4__r01_s28101,scene_fc_clear_v02,FC_CLEAR,C6,D4,28101,29,39,0,0.0,DOES_NOT_INTERFERE,INTERFERES,False,True,False
v1__scene_fc_clear_v02__L2__C6_D4__r01_s28101,scene_fc_clear_v02,FC_CLEAR,C6,D4,28101,29,66,0,0.0,DOES_NOT_INTERFERE,INTERFERES,False,True,False
v1__scene_fc_clear_v02__L2__C6_D4__r02_s28102,scene_fc_clear_v02,FC_CLEAR,C6,D4,28102,29,10,0,0.0,DOES_NOT_INTERFERE,INTERFERES,False,True,False
v1__scene_fc_clear_v02__L2__C6_D4__r02_s28102,scene_fc_clear_v02,FC_CLEAR,C6,D4,28102,29,39,0,0.0,DOES_NOT_INTERFERE,INTERFERES,False,True,False
v1__scene_fc_clear_v02__L2__C6_D4__r02_s28102,scene_fc_clear_v02,FC_CLEAR,C6,D4,28102,29,66,0,0.0,DOES_NOT_INTERFERE,INTERFERES,False,True,False
v1__scene_fc_clear_v02__L2__C6_D4__r03_s28103,scene_fc_clear_v02,FC_CLEAR,C6,D4,28103,29,10,0,0.0,DOES_NOT_INTERFERE,INTERFERES,False,True,False
v1__scene_fc_clear_v02__L2__C6_D4__r03_s28103,scene_fc_clear_v02,FC_CLEAR,C6,D4,28103,29,39,0,0.0,DOES_NOT_INTERFERE,INTERFERES,False,True,False
v1__scene_fc_clear_v02__L2__C6_D4__r03_s28103,scene_fc_clear_v02,FC_CLEAR,C6,D4,28103,29,66,0,0.0,DOES_NOT_INTERFERE,INTERFERES,False,True,False
v1__scene_fc_clear_v02__L2__C6_D4__r04_s28104,scene_fc_clear_v02,FC_CLEAR,C6,D4,28104,29,10,0,0.0,DOES_NOT_INTERFERE,INTERFERES,False,True,False
v1__scene_fc_clear_v02__L2__C6_D4__r04_s28104,scene_fc_clear_v02,FC_CLEAR,C6,D4,28104,29,39,0,0.0,DOES_NOT_INTERFERE,INTERFERES,False,True,False
v1__scene_fc_clear_v02__L2__C6_D4__r04_s28104,scene_fc_clear_v02,FC_CLEAR,C6,D4,28104,29,66,0,0.0,DOES_NOT_INTERFERE,INTERFERES,False,True,False
v1__scene_fc_clear_v02__L2__C6_D4__r05_s28105,scene_fc_clear_v02,FC_CLEAR,C6,D4,28105,29,10,0,0.0,DOES_NOT_INTERFERE,INTERFERES,False,True,False
v1__scene_fc_clear_v02__L2__C6_D4__r05_s28105,scene_fc_clear_v02,FC_CLEAR,C6,D4,28105,29,39,0,0.0,DOES_NOT_INTERFERE,INTERFERES,False,True,False
v1__scene_fc_clear_v02__L2__C6_D4__r05_s28105,scene_fc_clear_v02,FC_CLEAR,C6,D4,28105,29,66,0,0.0,DOES_NOT_INTERFERE,INTERFERES,False,True,False
v1__scene_fc_clear_v02__L2__C6_D8__r01_s28101,scene_fc_clear_v02,FC_CLEAR,C6,D8,28101,29,10,0,0.0,DOES_NOT_INTERFERE,DOES_NOT_INTERFERE,False,False,True
v1__scene_fc_clear_v02__L2__C6_D8__r01_s28101,scene_fc_clear_v02,FC_CLEAR,C6,D8,28101,29,39,0,0.0,DOES_NOT_INTERFERE,DOES_NOT_INTERFERE,False,False,True
v1__scene_fc_clear_v02__L2__C6_D8__r01_s28101,scene_fc_clear_v02,FC_CLEAR,C6,D8,28101,29,66,0,0.0,DOES_NOT_INTERFERE,DOES_NOT_INTERFERE,False,False,True
v1__scene_fc_clear_v02__L2__C6_D8__r02_s28102,scene_fc_clear_v02,FC_CLEAR,C6,D8,28102,29,10,0,0.0,DOES_NOT_INTERFERE,DOES_NOT_INTERFERE,False,False,True
v1__scene_fc_clear_v02__L2__C6_D8__r02_s28102,scene_fc_clear_v02,FC_CLEAR,C6,D8,28102,29,39,0,0.0,DOES_NOT_INTERFERE,DOES_NOT_INTERFERE,False,False,True
v1__scene_fc_clear_v02__L2__C6_D8__r02_s28102,scene_fc_clear_v02,FC_CLEAR,C6,D8,28102,29,66,0,0.0,DOES_NOT_INTERFERE,DOES_NOT_INTERFERE,False,False,True
v1__scene_fc_clear_v02__L2__C6_D8__r03_s28103,scene_fc_clear_v02,FC_CLEAR,C6,D8,28103,29,10,0,0.0,DOES_NOT_INTERFERE,DOES_NOT_INTERFERE,False,False,True
v1__scene_fc_clear_v02__L2__C6_D8__r03_s28103,scene_fc_clear_v02,FC_CLEAR,C6,D8,28103,29,39,0,0.0,DOES_NOT_INTERFERE,DOES_NOT_INTERFERE,False,False,True
v1__scene_fc_clear_v02__L2__C6_D8__r03_s28103,scene_fc_clear_v02,FC_CLEAR,C6,D8,28103,29,66,0,0.0,DOES_NOT_INTERFERE,DOES_NOT_INTERFERE,False,False,True
v1__scene_fc_clear_v02__L2__C6_D8__r04_s28104,scene_fc_clear_v02,FC_CLEAR,C6,D8,28104,29,10,0,0.0,DOES_NOT_INTERFERE,DOES_NOT_INTERFERE,False,False,True
v1__scene_fc_clear_v02__L2__C6_D8__r04_s28104,scene_fc_clear_v02,FC_CLEAR,C6,D8,28104,29,39,0,0.0,DOES_NOT_INTERFERE,DOES_NOT_INTERFERE,False,False,True
v1__scene_fc_clear_v02__L2__C6_D8__r04_s28104,scene_fc_clear_v02,FC_CLEAR,C6,D8,28104,29,66,0,0.0,DOES_NOT_INTERFERE,DOES_NOT_INTERFERE,False,False,True
v1__scene_fc_clear_v02__L2__C6_D8__r05_s28105,scene_fc_clear_v02,FC_CLEAR,C6,D8,28105,29,10,0,0.0,DOES_NOT_INTERFERE,DOES_NOT_INTERFERE,False,False,True
v1__scene_fc_clear_v02__L2__C6_D8__r05_s28105,scene_fc_clear_v02,FC_CLEAR,C6,D8,28105,29,39,0,0.0,DOES_NOT_INTERFERE,DOES_NOT_INTERFERE,False,False,True
v1__scene_fc_clear_v02__L2__C6_D8__r05_s28105,scene_fc_clear_v02,FC_CLEAR,C6,D8,28105,29,66,0,0.0,DOES_NOT_INTERFERE,DOES_NOT_INTERFERE,False,False,True
v1__scene_fc_clear_v03__L2__C0_NA__r01_s28101,scene_fc_clear_v03,FC_CLEAR,C0,,28101,95,20,0,0.0,DOES_NOT_INTERFERE,DOES_NOT_INTERFERE,False,False,True
v1__scene_fc_clear_v03__L2__C0_NA__r01_s28101,scene_fc_clear_v03,FC_CLEAR,C0,,28101,95,22,0,0.0,DOES_NOT_INTERFERE,DOES_NOT_INTERFERE,False,False,True
v1__scene_fc_clear_v03__L2__C0_NA__r01_s28101,scene_fc_clear_v03,FC_CLEAR,C0,,28101,95,51,0,0.0,DOES_NOT_INTERFERE,DOES_NOT_INTERFERE,False,False,True
v1__scene_fc_clear_v03__L2__C0_NA__r02_s28102,scene_fc_clear_v03,FC_CLEAR,C0,,28102,95,20,0,0.0,DOES_NOT_INTERFERE,DOES_NOT_INTERFERE,False,False,True
v1__scene_fc_clear_v03__L2__C0_NA__r02_s28102,scene_fc_clear_v03,FC_CLEAR,C0,,28102,95,22,0,0.0,DOES_NOT_INTERFERE,DOES_NOT_INTERFERE,False,False,True
v1__scene_fc_clear_v03__L2__C0_NA__r02_s28102,scene_fc_clear_v03,FC_CLEAR,C0,,28102,95,51,0,0.0,DOES_NOT_INTERFERE,DOES_NOT_INTERFERE,False,False,True
v1__scene_fc_clear_v03__L2__C0_NA__r03_s28103,scene_fc_clear_v03,FC_CLEAR,C0,,28103,95,20,0,0.0,DOES_NOT_INTERFERE,DOES_NOT_INTERFERE,False,False,True
v1__scene_fc_clear_v03__L2__C0_NA__r03_s28103,scene_fc_clear_v03,FC_CLEAR,C0,,28103,95,22,0,0.0,DOES_NOT_INTERFERE,DOES_NOT_INTERFERE,False,False,True
v1__scene_fc_clear_v03__L2__C0_NA__r03_s28103,scene_fc_clear_v03,FC_CLEAR,C0,,28103,95,51,0,0.0,DOES_NOT_INTERFERE,DOES_NOT_INTERFERE,False,False,True
v1__scene_fc_clear_v03__L2__C0_NA__r04_s28104,scene_fc_clear_v03,FC_CLEAR,C0,,28104,95,20,0,0.0,DOES_NOT_INTERFERE,DOES_NOT_INTERFERE,False,False,True
v1__scene_fc_clear_v03__L2__C0_NA__r04_s28104,scene_fc_clear_v03,FC_CLEAR,C0,,28104,95,22,0,0.0,DOES_NOT_INTERFERE,DOES_NOT_INTERFERE,False,False,True
v1__scene_fc_clear_v03__L2__C0_NA__r04_s28104,scene_fc_clear_v03,FC_CLEAR,C0,,28104,95,51,0,0.0,DOES_NOT_INTERFERE,DOES_NOT_INTERFERE,False,False,True
v1__scene_fc_clear_v03__L2__C0_NA__r05_s28105,scene_fc_clear_v03,FC_CLEAR,C0,,28105,95,20,0,0.0,DOES_NOT_INTERFERE,DOES_NOT_INTERFERE,False,False,True
v1__scene_fc_clear_v03__L2__C0_NA__r05_s28105,scene_fc_clear_v03,FC_CLEAR,C0,,28105,95,22,0,0.0,DOES_NOT_INTERFERE,DOES_NOT_INTERFERE,False,False,True
v1__scene_fc_clear_v03__L2__C0_NA__r05_s28105,scene_fc_clear_v03,FC_CLEAR,C0,,28105,95,51,0,0.0,DOES_NOT_INTERFERE,DOES_NOT_INTERFERE,False,False,True
v1__scene_fc_clear_v03__L2__C1_NA__r01_s28101,scene_fc_clear_v03,FC_CLEAR,C1,,28101,95,20,0,0.0,DOES_NOT_INTERFERE,DOES_NOT_INTERFERE,False,False,True
v1__scene_fc_clear_v03__L2__C1_NA__r01_s28101,scene_fc_clear_v03,FC_CLEAR,C1,,28101,95,22,0,0.0,DOES_NOT_INTERFERE,DOES_NOT_INTERFERE,False,False,True
v1__scene_fc_clear_v03__L2__C1_NA__r01_s28101,scene_fc_clear_v03,FC_CLEAR,C1,,28101,95,51,0,0.0,DOES_NOT_INTERFERE,DOES_NOT_INTERFERE,False,False,True
v1__scene_fc_clear_v03__L2__C1_NA__r02_s28102,scene_fc_clear_v03,FC_CLEAR,C1,,28102,95,20,0,0.0,DOES_NOT_INTERFERE,DOES_NOT_INTERFERE,False,False,True
v1__scene_fc_clear_v03__L2__C1_NA__r02_s28102,scene_fc_clear_v03,FC_CLEAR,C1,,28102,95,22,0,0.0,DOES_NOT_INTERFERE,DOES_NOT_INTERFERE,False,False,True
v1__scene_fc_clear_v03__L2__C1_NA__r02_s28102,scene_fc_clear_v03,FC_CLEAR,C1,,28102,95,51,0,0.0,DOES_NOT_INTERFERE,DOES_NOT_INTERFERE,False,False,True
v1__scene_fc_clear_v03__L2__C1_NA__r03_s28103,scene_fc_clear_v03,FC_CLEAR,C1,,28103,95,20,0,0.0,DOES_NOT_INTERFERE,DOES_NOT_INTERFERE,False,False,True
v1__scene_fc_clear_v03__L2__C1_NA__r03_s28103,scene_fc_clear_v03,FC_CLEAR,C1,,28103,95,22,0,0.0,DOES_NOT_INTERFERE,DOES_NOT_INTERFERE,False,False,True
v1__scene_fc_clear_v03__L2__C1_NA__r03_s28103,scene_fc_clear_v03,FC_CLEAR,C1,,28103,95,51,0,0.0,DOES_NOT_INTERFERE,DOES_NOT_INTERFERE,False,False,True
v1__scene_fc_clear_v03__L2__C1_NA__r04_s28104,scene_fc_clear_v03,FC_CLEAR,C1,,28104,95,20,0,0.0,DOES_NOT_INTERFERE,DOES_NOT_INTERFERE,False,False,True
v1__scene_fc_clear_v03__L2__C1_NA__r04_s28104,scene_fc_clear_v03,FC_CLEAR,C1,,28104,95,22,0,0.0,DOES_NOT_INTERFERE,DOES_NOT_INTERFERE,False,False,True
v1__scene_fc_clear_v03__L2__C1_NA__r04_s28104,scene_fc_clear_v03,FC_CLEAR,C1,,28104,95,51,0,0.0,DOES_NOT_INTERFERE,DOES_NOT_INTERFERE,False,False,True
v1__scene_fc_clear_v03__L2__C1_NA__r05_s28105,scene_fc_clear_v03,FC_CLEAR,C1,,28105,95,20,0,0.0,DOES_NOT_INTERFERE,DOES_NOT_INTERFERE,False,False,True
v1__scene_fc_clear_v03__L2__C1_NA__r05_s28105,scene_fc_clear_v03,FC_CLEAR,C1,,28105,95,22,0,0.0,DOES_NOT_INTERFERE,DOES_NOT_INTERFERE,False,False,True
v1__scene_fc_clear_v03__L2__C1_NA__r05_s28105,scene_fc_clear_v03,FC_CLEAR,C1,,28105,95,51,0,0.0,DOES_NOT_INTERFERE,DOES_NOT_INTERFERE,False,False,True
v1__scene_fc_clear_v03__L2__C2_D4__r01_s28101,scene_fc_clear_v03,FC_CLEAR,C2,D4,28101,95,20,0,0.0,DOES_NOT_INTERFERE,INTERFERES,False,True,False
v1__scene_fc_clear_v03__L2__C2_D4__r01_s28101,scene_fc_clear_v03,FC_CLEAR,C2,D4,28101,95,22,0,0.0,DOES_NOT_INTERFERE,INTERFERES,False,True,False
v1__scene_fc_clear_v03__L2__C2_D4__r01_s28101,scene_fc_clear_v03,FC_CLEAR,C2,D4,28101,95,51,0,0.0,DOES_NOT_INTERFERE,INTERFERES,False,True,False
v1__scene_fc_clear_v03__L2__C2_D4__r02_s28102,scene_fc_clear_v03,FC_CLEAR,C2,D4,28102,95,20,0,0.0,DOES_NOT_INTERFERE,INTERFERES,False,True,False
v1__scene_fc_clear_v03__L2__C2_D4__r02_s28102,scene_fc_clear_v03,FC_CLEAR,C2,D4,28102,95,22,0,0.0,DOES_NOT_INTERFERE,INTERFERES,False,True,False
v1__scene_fc_clear_v03__L2__C2_D4__r02_s28102,scene_fc_clear_v03,FC_CLEAR,C2,D4,28102,95,51,0,0.0,DOES_NOT_INTERFERE,INTERFERES,False,True,False
v1__scene_fc_clear_v03__L2__C2_D4__r03_s28103,scene_fc_clear_v03,FC_CLEAR,C2,D4,28103,95,20,0,0.0,DOES_NOT_INTERFERE,INTERFERES,False,True,False
v1__scene_fc_clear_v03__L2__C2_D4__r03_s28103,scene_fc_clear_v03,FC_CLEAR,C2,D4,28103,95,22,0,0.0,DOES_NOT_INTERFERE,INTERFERES,False,True,False
v1__scene_fc_clear_v03__L2__C2_D4__r03_s28103,scene_fc_clear_v03,FC_CLEAR,C2,D4,28103,95,51,0,0.0,DOES_NOT_INTERFERE,INTERFERES,False,True,False
v1__scene_fc_clear_v03__L2__C2_D4__r04_s28104,scene_fc_clear_v03,FC_CLEAR,C2,D4,28104,95,20,0,0.0,DOES_NOT_INTERFERE,INTERFERES,False,True,False
v1__scene_fc_clear_v03__L2__C2_D4__r04_s28104,scene_fc_clear_v03,FC_CLEAR,C2,D4,28104,95,22,0,0.0,DOES_NOT_INTERFERE,INTERFERES,False,True,False
v1__scene_fc_clear_v03__L2__C2_D4__r04_s28104,scene_fc_clear_v03,FC_CLEAR,C2,D4,28104,95,51,0,0.0,DOES_NOT_INTERFERE,INTERFERES,False,True,False
v1__scene_fc_clear_v03__L2__C2_D4__r05_s28105,scene_fc_clear_v03,FC_CLEAR,C2,D4,28105,95,20,0,0.0,DOES_NOT_INTERFERE,INTERFERES,False,True,False
v1__scene_fc_clear_v03__L2__C2_D4__r05_s28105,scene_fc_clear_v03,FC_CLEAR,C2,D4,28105,95,22,0,0.0,DOES_NOT_INTERFERE,INTERFERES,False,True,False
v1__scene_fc_clear_v03__L2__C2_D4__r05_s28105,scene_fc_clear_v03,FC_CLEAR,C2,D4,28105,95,51,0,0.0,DOES_NOT_INTERFERE,INTERFERES,False,True,False
v1__scene_fc_clear_v03__L2__C2_D8__r01_s28101,scene_fc_clear_v03,FC_CLEAR,C2,D8,28101,95,20,0,0.0,DOES_NOT_INTERFERE,INTERFERES,False,True,False
v1__scene_fc_clear_v03__L2__C2_D8__r01_s28101,scene_fc_clear_v03,FC_CLEAR,C2,D8,28101,95,22,0,0.0,DOES_NOT_INTERFERE,INTERFERES,False,True,False
v1__scene_fc_clear_v03__L2__C2_D8__r01_s28101,scene_fc_clear_v03,FC_CLEAR,C2,D8,28101,95,51,0,0.0,DOES_NOT_INTERFERE,INTERFERES,False,True,False
v1__scene_fc_clear_v03__L2__C2_D8__r02_s28102,scene_fc_clear_v03,FC_CLEAR,C2,D8,28102,95,20,0,0.0,DOES_NOT_INTERFERE,INTERFERES,False,True,False
v1__scene_fc_clear_v03__L2__C2_D8__r02_s28102,scene_fc_clear_v03,FC_CLEAR,C2,D8,28102,95,22,0,0.0,DOES_NOT_INTERFERE,INTERFERES,False,True,False
v1__scene_fc_clear_v03__L2__C2_D8__r02_s28102,scene_fc_clear_v03,FC_CLEAR,C2,D8,28102,95,51,0,0.0,DOES_NOT_INTERFERE,INTERFERES,False,True,False
v1__scene_fc_clear_v03__L2__C2_D8__r03_s28103,scene_fc_clear_v03,FC_CLEAR,C2,D8,28103,95,20,0,0.0,DOES_NOT_INTERFERE,INTERFERES,False,True,False
v1__scene_fc_clear_v03__L2__C2_D8__r03_s28103,scene_fc_clear_v03,FC_CLEAR,C2,D8,28103,95,22,0,0.0,DOES_NOT_INTERFERE,INTERFERES,False,True,False
v1__scene_fc_clear_v03__L2__C2_D8__r03_s28103,scene_fc_clear_v03,FC_CLEAR,C2,D8,28103,95,51,0,0.0,DOES_NOT_INTERFERE,INTERFERES,False,True,False
v1__scene_fc_clear_v03__L2__C2_D8__r04_s28104,scene_fc_clear_v03,FC_CLEAR,C2,D8,28104,95,20,0,0.0,DOES_NOT_INTERFERE,INTERFERES,False,True,False
v1__scene_fc_clear_v03__L2__C2_D8__r04_s28104,scene_fc_clear_v03,FC_CLEAR,C2,D8,28104,95,22,0,0.0,DOES_NOT_INTERFERE,INTERFERES,False,True,False
v1__scene_fc_clear_v03__L2__C2_D8__r04_s28104,scene_fc_clear_v03,FC_CLEAR,C2,D8,28104,95,51,0,0.0,DOES_NOT_INTERFERE,INTERFERES,False,True,False
v1__scene_fc_clear_v03__L2__C2_D8__r05_s28105,scene_fc_clear_v03,FC_CLEAR,C2,D8,28105,95,20,0,0.0,DOES_NOT_INTERFERE,INTERFERES,False,True,False
v1__scene_fc_clear_v03__L2__C2_D8__r05_s28105,scene_fc_clear_v03,FC_CLEAR,C2,D8,28105,95,22,0,0.0,DOES_NOT_INTERFERE,INTERFERES,False,True,False
v1__scene_fc_clear_v03__L2__C2_D8__r05_s28105,scene_fc_clear_v03,FC_CLEAR,C2,D8,28105,95,51,0,0.0,DOES_NOT_INTERFERE,INTERFERES,False,True,False
v1__scene_fc_clear_v03__L2__C3_D4__r01_s28101,scene_fc_clear_v03,FC_CLEAR,C3,D4,28101,95,20,0,0.0,DOES_NOT_INTERFERE,DOES_NOT_INTERFERE,False,False,True
v1__scene_fc_clear_v03__L2__C3_D4__r01_s28101,scene_fc_clear_v03,FC_CLEAR,C3,D4,28101,95,22,0,0.0,DOES_NOT_INTERFERE,DOES_NOT_INTERFERE,False,False,True
v1__scene_fc_clear_v03__L2__C3_D4__r01_s28101,scene_fc_clear_v03,FC_CLEAR,C3,D4,28101,95,51,0,0.0,DOES_NOT_INTERFERE,DOES_NOT_INTERFERE,False,False,True
v1__scene_fc_clear_v03__L2__C3_D4__r02_s28102,scene_fc_clear_v03,FC_CLEAR,C3,D4,28102,95,20,0,0.0,DOES_NOT_INTERFERE,DOES_NOT_INTERFERE,False,False,True
v1__scene_fc_clear_v03__L2__C3_D4__r02_s28102,scene_fc_clear_v03,FC_CLEAR,C3,D4,28102,95,22,0,0.0,DOES_NOT_INTERFERE,DOES_NOT_INTERFERE,False,False,True
v1__scene_fc_clear_v03__L2__C3_D4__r02_s28102,scene_fc_clear_v03,FC_CLEAR,C3,D4,28102,95,51,0,0.0,DOES_NOT_INTERFERE,DOES_NOT_INTERFERE,False,False,True
v1__scene_fc_clear_v03__L2__C3_D4__r03_s28103,scene_fc_clear_v03,FC_CLEAR,C3,D4,28103,95,20,0,0.0,DOES_NOT_INTERFERE,DOES_NOT_INTERFERE,False,False,True
v1__scene_fc_clear_v03__L2__C3_D4__r03_s28103,scene_fc_clear_v03,FC_CLEAR,C3,D4,28103,95,22,0,0.0,DOES_NOT_INTERFERE,DOES_NOT_INTERFERE,False,False,True
v1__scene_fc_clear_v03__L2__C3_D4__r03_s28103,scene_fc_clear_v03,FC_CLEAR,C3,D4,28103,95,51,0,0.0,DOES_NOT_INTERFERE,DOES_NOT_INTERFERE,False,False,True
v1__scene_fc_clear_v03__L2__C3_D4__r04_s28104,scene_fc_clear_v03,FC_CLEAR,C3,D4,28104,95,20,0,0.0,DOES_NOT_INTERFERE,DOES_NOT_INTERFERE,False,False,True
v1__scene_fc_clear_v03__L2__C3_D4__r04_s28104,scene_fc_clear_v03,FC_CLEAR,C3,D4,28104,95,22,0,0.0,DOES_NOT_INTERFERE,DOES_NOT_INTERFERE,False,False,True
v1__scene_fc_clear_v03__L2__C3_D4__r04_s28104,scene_fc_clear_v03,FC_CLEAR,C3,D4,28104,95,51,0,0.0,DOES_NOT_INTERFERE,DOES_NOT_INTERFERE,False,False,True
v1__scene_fc_clear_v03__L2__C3_D4__r05_s28105,scene_fc_clear_v03,FC_CLEAR,C3,D4,28105,95,20,0,0.0,DOES_NOT_INTERFERE,DOES_NOT_INTERFERE,False,False,True
v1__scene_fc_clear_v03__L2__C3_D4__r05_s28105,scene_fc_clear_v03,FC_CLEAR,C3,D4,28105,95,22,0,0.0,DOES_NOT_INTERFERE,DOES_NOT_INTERFERE,False,False,True
v1__scene_fc_clear_v03__L2__C3_D4__r05_s28105,scene_fc_clear_v03,FC_CLEAR,C3,D4,28105,95,51,0,0.0,DOES_NOT_INTERFERE,DOES_NOT_INTERFERE,False,False,True
v1__scene_fc_clear_v03__L2__C3_D8__r01_s28101,scene_fc_clear_v03,FC_CLEAR,C3,D8,28101,95,20,0,0.0,DOES_NOT_INTERFERE,DOES_NOT_INTERFERE,False,False,True
v1__scene_fc_clear_v03__L2__C3_D8__r01_s28101,scene_fc_clear_v03,FC_CLEAR,C3,D8,28101,95,22,0,0.0,DOES_NOT_INTERFERE,DOES_NOT_INTERFERE,False,False,True
v1__scene_fc_clear_v03__L2__C3_D8__r01_s28101,scene_fc_clear_v03,FC_CLEAR,C3,D8,28101,95,51,0,0.0,DOES_NOT_INTERFERE,DOES_NOT_INTERFERE,False,False,True
v1__scene_fc_clear_v03__L2__C3_D8__r02_s28102,scene_fc_clear_v03,FC_CLEAR,C3,D8,28102,95,20,0,0.0,DOES_NOT_INTERFERE,DOES_NOT_INTERFERE,False,False,True
v1__scene_fc_clear_v03__L2__C3_D8__r02_s28102,scene_fc_clear_v03,FC_CLEAR,C3,D8,28102,95,22,0,0.0,DOES_NOT_INTERFERE,DOES_NOT_INTERFERE,False,False,True
v1__scene_fc_clear_v03__L2__C3_D8__r02_s28102,scene_fc_clear_v03,FC_CLEAR,C3,D8,28102,95,51,0,0.0,DOES_NOT_INTERFERE,DOES_NOT_INTERFERE,False,False,True
v1__scene_fc_clear_v03__L2__C3_D8__r03_s28103,scene_fc_clear_v03,FC_CLEAR,C3,D8,28103,95,20,0,0.0,DOES_NOT_INTERFERE,DOES_NOT_INTERFERE,False,False,True
v1__scene_fc_clear_v03__L2__C3_D8__r03_s28103,scene_fc_clear_v03,FC_CLEAR,C3,D8,28103,95,22,0,0.0,DOES_NOT_INTERFERE,DOES_NOT_INTERFERE,False,False,True
v1__scene_fc_clear_v03__L2__C3_D8__r03_s28103,scene_fc_clear_v03,FC_CLEAR,C3,D8,28103,95,51,0,0.0,DOES_NOT_INTERFERE,DOES_NOT_INTERFERE,False,False,True
v1__scene_fc_clear_v03__L2__C3_D8__r04_s28104,scene_fc_clear_v03,FC_CLEAR,C3,D8,28104,95,20,0,0.0,DOES_NOT_INTERFERE,DOES_NOT_INTERFERE,False,False,True
v1__scene_fc_clear_v03__L2__C3_D8__r04_s28104,scene_fc_clear_v03,FC_CLEAR,C3,D8,28104,95,22,0,0.0,DOES_NOT_INTERFERE,DOES_NOT_INTERFERE,False,False,True
v1__scene_fc_clear_v03__L2__C3_D8__r04_s28104,scene_fc_clear_v03,FC_CLEAR,C3,D8,28104,95,51,0,0.0,DOES_NOT_INTERFERE,DOES_NOT_INTERFERE,False,False,True
v1__scene_fc_clear_v03__L2__C3_D8__r05_s28105,scene_fc_clear_v03,FC_CLEAR,C3,D8,28105,95,20,0,0.0,DOES_NOT_INTERFERE,DOES_NOT_INTERFERE,False,False,True
v1__scene_fc_clear_v03__L2__C3_D8__r05_s28105,scene_fc_clear_v03,FC_CLEAR,C3,D8,28105,95,22,0,0.0,DOES_NOT_INTERFERE,DOES_NOT_INTERFERE,False,False,True
v1__scene_fc_clear_v03__L2__C3_D8__r05_s28105,scene_fc_clear_v03,FC_CLEAR,C3,D8,28105,95,51,0,0.0,DOES_NOT_INTERFERE,DOES_NOT_INTERFERE,False,False,True
v1__scene_fc_clear_v03__L2__C4_D4__r01_s28101,scene_fc_clear_v03,FC_CLEAR,C4,D4,28101,95,20,0,0.0,DOES_NOT_INTERFERE,DOES_NOT_INTERFERE,False,False,True
v1__scene_fc_clear_v03__L2__C4_D4__r01_s28101,scene_fc_clear_v03,FC_CLEAR,C4,D4,28101,95,22,0,0.0,DOES_NOT_INTERFERE,DOES_NOT_INTERFERE,False,False,True
v1__scene_fc_clear_v03__L2__C4_D4__r01_s28101,scene_fc_clear_v03,FC_CLEAR,C4,D4,28101,95,51,0,0.0,DOES_NOT_INTERFERE,DOES_NOT_INTERFERE,False,False,True
v1__scene_fc_clear_v03__L2__C4_D4__r02_s28102,scene_fc_clear_v03,FC_CLEAR,C4,D4,28102,95,20,0,0.0,DOES_NOT_INTERFERE,DOES_NOT_INTERFERE,False,False,True
v1__scene_fc_clear_v03__L2__C4_D4__r02_s28102,scene_fc_clear_v03,FC_CLEAR,C4,D4,28102,95,22,0,0.0,DOES_NOT_INTERFERE,DOES_NOT_INTERFERE,False,False,True
v1__scene_fc_clear_v03__L2__C4_D4__r02_s28102,scene_fc_clear_v03,FC_CLEAR,C4,D4,28102,95,51,0,0.0,DOES_NOT_INTERFERE,DOES_NOT_INTERFERE,False,False,True
v1__scene_fc_clear_v03__L2__C4_D4__r03_s28103,scene_fc_clear_v03,FC_CLEAR,C4,D4,28103,95,20,0,0.0,DOES_NOT_INTERFERE,DOES_NOT_INTERFERE,False,False,True
v1__scene_fc_clear_v03__L2__C4_D4__r03_s28103,scene_fc_clear_v03,FC_CLEAR,C4,D4,28103,95,22,0,0.0,DOES_NOT_INTERFERE,DOES_NOT_INTERFERE,False,False,True
v1__scene_fc_clear_v03__L2__C4_D4__r03_s28103,scene_fc_clear_v03,FC_CLEAR,C4,D4,28103,95,51,0,0.0,DOES_NOT_INTERFERE,DOES_NOT_INTERFERE,False,False,True
v1__scene_fc_clear_v03__L2__C4_D4__r04_s28104,scene_fc_clear_v03,FC_CLEAR,C4,D4,28104,95,20,0,0.0,DOES_NOT_INTERFERE,DOES_NOT_INTERFERE,False,False,True
v1__scene_fc_clear_v03__L2__C4_D4__r04_s28104,scene_fc_clear_v03,FC_CLEAR,C4,D4,28104,95,22,0,0.0,DOES_NOT_INTERFERE,DOES_NOT_INTERFERE,False,False,True
v1__scene_fc_clear_v03__L2__C4_D4__r04_s28104,scene_fc_clear_v03,FC_CLEAR,C4,D4,28104,95,51,0,0.0,DOES_NOT_INTERFERE,DOES_NOT_INTERFERE,False,False,True
v1__scene_fc_clear_v03__L2__C4_D4__r05_s28105,scene_fc_clear_v03,FC_CLEAR,C4,D4,28105,95,20,0,0.0,DOES_NOT_INTERFERE,DOES_NOT_INTERFERE,False,False,True
v1__scene_fc_clear_v03__L2__C4_D4__r05_s28105,scene_fc_clear_v03,FC_CLEAR,C4,D4,28105,95,22,0,0.0,DOES_NOT_INTERFERE,DOES_NOT_INTERFERE,False,False,True
v1__scene_fc_clear_v03__L2__C4_D4__r05_s28105,scene_fc_clear_v03,FC_CLEAR,C4,D4,28105,95,51,0,0.0,DOES_NOT_INTERFERE,DOES_NOT_INTERFERE,False,False,True
v1__scene_fc_clear_v03__L2__C4_D8__r01_s28101,scene_fc_clear_v03,FC_CLEAR,C4,D8,28101,95,20,0,0.0,DOES_NOT_INTERFERE,DOES_NOT_INTERFERE,False,False,True
v1__scene_fc_clear_v03__L2__C4_D8__r01_s28101,scene_fc_clear_v03,FC_CLEAR,C4,D8,28101,95,22,0,0.0,DOES_NOT_INTERFERE,DOES_NOT_INTERFERE,False,False,True
v1__scene_fc_clear_v03__L2__C4_D8__r01_s28101,scene_fc_clear_v03,FC_CLEAR,C4,D8,28101,95,51,0,0.0,DOES_NOT_INTERFERE,DOES_NOT_INTERFERE,False,False,True
v1__scene_fc_clear_v03__L2__C4_D8__r02_s28102,scene_fc_clear_v03,FC_CLEAR,C4,D8,28102,95,20,0,0.0,DOES_NOT_INTERFERE,DOES_NOT_INTERFERE,False,False,True
v1__scene_fc_clear_v03__L2__C4_D8__r02_s28102,scene_fc_clear_v03,FC_CLEAR,C4,D8,28102,95,22,0,0.0,DOES_NOT_INTERFERE,DOES_NOT_INTERFERE,False,False,True
v1__scene_fc_clear_v03__L2__C4_D8__r02_s28102,scene_fc_clear_v03,FC_CLEAR,C4,D8,28102,95,51,0,0.0,DOES_NOT_INTERFERE,DOES_NOT_INTERFERE,False,False,True
v1__scene_fc_clear_v03__L2__C4_D8__r03_s28103,scene_fc_clear_v03,FC_CLEAR,C4,D8,28103,95,20,0,0.0,DOES_NOT_INTERFERE,DOES_NOT_INTERFERE,False,False,True
v1__scene_fc_clear_v03__L2__C4_D8__r03_s28103,scene_fc_clear_v03,FC_CLEAR,C4,D8,28103,95,22,0,0.0,DOES_NOT_INTERFERE,DOES_NOT_INTERFERE,False,False,True
v1__scene_fc_clear_v03__L2__C4_D8__r03_s28103,scene_fc_clear_v03,FC_CLEAR,C4,D8,28103,95,51,0,0.0,DOES_NOT_INTERFERE,DOES_NOT_INTERFERE,False,False,True
v1__scene_fc_clear_v03__L2__C4_D8__r04_s28104,scene_fc_clear_v03,FC_CLEAR,C4,D8,28104,95,20,0,0.0,DOES_NOT_INTERFERE,DOES_NOT_INTERFERE,False,False,True
v1__scene_fc_clear_v03__L2__C4_D8__r04_s28104,scene_fc_clear_v03,FC_CLEAR,C4,D8,28104,95,22,0,0.0,DOES_NOT_INTERFERE,DOES_NOT_INTERFERE,False,False,True
v1__scene_fc_clear_v03__L2__C4_D8__r04_s28104,scene_fc_clear_v03,FC_CLEAR,C4,D8,28104,95,51,0,0.0,DOES_NOT_INTERFERE,DOES_NOT_INTERFERE,False,False,True
v1__scene_fc_clear_v03__L2__C4_D8__r05_s28105,scene_fc_clear_v03,FC_CLEAR,C4,D8,28105,95,20,0,0.0,DOES_NOT_INTERFERE,DOES_NOT_INTERFERE,False,False,True
v1__scene_fc_clear_v03__L2__C4_D8__r05_s28105,scene_fc_clear_v03,FC_CLEAR,C4,D8,28105,95,22,0,0.0,DOES_NOT_INTERFERE,DOES_NOT_INTERFERE,False,False,True
v1__scene_fc_clear_v03__L2__C4_D8__r05_s28105,scene_fc_clear_v03,FC_CLEAR,C4,D8,28105,95,51,0,0.0,DOES_NOT_INTERFERE,DOES_NOT_INTERFERE,False,False,True
v1__scene_fc_clear_v03__L2__C5_D4__r01_s28101,scene_fc_clear_v03,FC_CLEAR,C5,D4,28101,95,20,0,0.0,DOES_NOT_INTERFERE,INTERFERES,False,True,False
v1__scene_fc_clear_v03__L2__C5_D4__r01_s28101,scene_fc_clear_v03,FC_CLEAR,C5,D4,28101,95,22,0,0.0,DOES_NOT_INTERFERE,DOES_NOT_INTERFERE,False,False,True
v1__scene_fc_clear_v03__L2__C5_D4__r01_s28101,scene_fc_clear_v03,FC_CLEAR,C5,D4,28101,95,51,0,0.0,DOES_NOT_INTERFERE,DOES_NOT_INTERFERE,False,False,True
v1__scene_fc_clear_v03__L2__C5_D4__r02_s28102,scene_fc_clear_v03,FC_CLEAR,C5,D4,28102,95,20,0,0.0,DOES_NOT_INTERFERE,DOES_NOT_INTERFERE,False,False,True
v1__scene_fc_clear_v03__L2__C5_D4__r02_s28102,scene_fc_clear_v03,FC_CLEAR,C5,D4,28102,95,22,0,0.0,DOES_NOT_INTERFERE,DOES_NOT_INTERFERE,False,False,True
v1__scene_fc_clear_v03__L2__C5_D4__r02_s28102,scene_fc_clear_v03,FC_CLEAR,C5,D4,28102,95,51,0,0.0,DOES_NOT_INTERFERE,DOES_NOT_INTERFERE,False,False,True
v1__scene_fc_clear_v03__L2__C5_D4__r03_s28103,scene_fc_clear_v03,FC_CLEAR,C5,D4,28103,95,20,0,0.0,DOES_NOT_INTERFERE,DOES_NOT_INTERFERE,False,False,True
v1__scene_fc_clear_v03__L2__C5_D4__r03_s28103,scene_fc_clear_v03,FC_CLEAR,C5,D4,28103,95,22,0,0.0,DOES_NOT_INTERFERE,DOES_NOT_INTERFERE,False,False,True
v1__scene_fc_clear_v03__L2__C5_D4__r03_s28103,scene_fc_clear_v03,FC_CLEAR,C5,D4,28103,95,51,0,0.0,DOES_NOT_INTERFERE,DOES_NOT_INTERFERE,False,False,True
v1__scene_fc_clear_v03__L2__C5_D4__r04_s28104,scene_fc_clear_v03,FC_CLEAR,C5,D4,28104,95,20,0,0.0,DOES_NOT_INTERFERE,DOES_NOT_INTERFERE,False,False,True
v1__scene_fc_clear_v03__L2__C5_D4__r04_s28104,scene_fc_clear_v03,FC_CLEAR,C5,D4,28104,95,22,0,0.0,DOES_NOT_INTERFERE,DOES_NOT_INTERFERE,False,False,True
v1__scene_fc_clear_v03__L2__C5_D4__r04_s28104,scene_fc_clear_v03,FC_CLEAR,C5,D4,28104,95,51,0,0.0,DOES_NOT_INTERFERE,DOES_NOT_INTERFERE,False,False,True
v1__scene_fc_clear_v03__L2__C5_D4__r05_s28105,scene_fc_clear_v03,FC_CLEAR,C5,D4,28105,95,20,0,0.0,DOES_NOT_INTERFERE,INTERFERES,False,True,False
v1__scene_fc_clear_v03__L2__C5_D4__r05_s28105,scene_fc_clear_v03,FC_CLEAR,C5,D4,28105,95,22,0,0.0,DOES_NOT_INTERFERE,DOES_NOT_INTERFERE,False,False,True
v1__scene_fc_clear_v03__L2__C5_D4__r05_s28105,scene_fc_clear_v03,FC_CLEAR,C5,D4,28105,95,51,0,0.0,DOES_NOT_INTERFERE,DOES_NOT_INTERFERE,False,False,True
v1__scene_fc_clear_v03__L2__C5_D8__r01_s28101,scene_fc_clear_v03,FC_CLEAR,C5,D8,28101,95,20,0,0.0,DOES_NOT_INTERFERE,DOES_NOT_INTERFERE,False,False,True
v1__scene_fc_clear_v03__L2__C5_D8__r01_s28101,scene_fc_clear_v03,FC_CLEAR,C5,D8,28101,95,22,0,0.0,DOES_NOT_INTERFERE,DOES_NOT_INTERFERE,False,False,True
v1__scene_fc_clear_v03__L2__C5_D8__r01_s28101,scene_fc_clear_v03,FC_CLEAR,C5,D8,28101,95,51,0,0.0,DOES_NOT_INTERFERE,DOES_NOT_INTERFERE,False,False,True
v1__scene_fc_clear_v03__L2__C5_D8__r02_s28102,scene_fc_clear_v03,FC_CLEAR,C5,D8,28102,95,20,0,0.0,DOES_NOT_INTERFERE,DOES_NOT_INTERFERE,False,False,True
v1__scene_fc_clear_v03__L2__C5_D8__r02_s28102,scene_fc_clear_v03,FC_CLEAR,C5,D8,28102,95,22,0,0.0,DOES_NOT_INTERFERE,DOES_NOT_INTERFERE,False,False,True
v1__scene_fc_clear_v03__L2__C5_D8__r02_s28102,scene_fc_clear_v03,FC_CLEAR,C5,D8,28102,95,51,0,0.0,DOES_NOT_INTERFERE,DOES_NOT_INTERFERE,False,False,True
v1__scene_fc_clear_v03__L2__C5_D8__r03_s28103,scene_fc_clear_v03,FC_CLEAR,C5,D8,28103,95,20,0,0.0,DOES_NOT_INTERFERE,DOES_NOT_INTERFERE,False,False,True
v1__scene_fc_clear_v03__L2__C5_D8__r03_s28103,scene_fc_clear_v03,FC_CLEAR,C5,D8,28103,95,22,0,0.0,DOES_NOT_INTERFERE,DOES_NOT_INTERFERE,False,False,True
v1__scene_fc_clear_v03__L2__C5_D8__r03_s28103,scene_fc_clear_v03,FC_CLEAR,C5,D8,28103,95,51,0,0.0,DOES_NOT_INTERFERE,DOES_NOT_INTERFERE,False,False,True
v1__scene_fc_clear_v03__L2__C5_D8__r04_s28104,scene_fc_clear_v03,FC_CLEAR,C5,D8,28104,95,20,0,0.0,DOES_NOT_INTERFERE,DOES_NOT_INTERFERE,False,False,True
v1__scene_fc_clear_v03__L2__C5_D8__r04_s28104,scene_fc_clear_v03,FC_CLEAR,C5,D8,28104,95,22,0,0.0,DOES_NOT_INTERFERE,DOES_NOT_INTERFERE,False,False,True
v1__scene_fc_clear_v03__L2__C5_D8__r04_s28104,scene_fc_clear_v03,FC_CLEAR,C5,D8,28104,95,51,0,0.0,DOES_NOT_INTERFERE,DOES_NOT_INTERFERE,False,False,True
v1__scene_fc_clear_v03__L2__C5_D8__r05_s28105,scene_fc_clear_v03,FC_CLEAR,C5,D8,28105,95,20,0,0.0,DOES_NOT_INTERFERE,DOES_NOT_INTERFERE,False,False,True
v1__scene_fc_clear_v03__L2__C5_D8__r05_s28105,scene_fc_clear_v03,FC_CLEAR,C5,D8,28105,95,22,0,0.0,DOES_NOT_INTERFERE,DOES_NOT_INTERFERE,False,False,True
v1__scene_fc_clear_v03__L2__C5_D8__r05_s28105,scene_fc_clear_v03,FC_CLEAR,C5,D8,28105,95,51,0,0.0,DOES_NOT_INTERFERE,DOES_NOT_INTERFERE,False,False,True
v1__scene_fc_clear_v03__L2__C6_D4__r01_s28101,scene_fc_clear_v03,FC_CLEAR,C6,D4,28101,95,20,0,0.0,DOES_NOT_INTERFERE,DOES_NOT_INTERFERE,False,False,True
v1__scene_fc_clear_v03__L2__C6_D4__r01_s28101,scene_fc_clear_v03,FC_CLEAR,C6,D4,28101,95,22,0,0.0,DOES_NOT_INTERFERE,DOES_NOT_INTERFERE,False,False,True
v1__scene_fc_clear_v03__L2__C6_D4__r01_s28101,scene_fc_clear_v03,FC_CLEAR,C6,D4,28101,95,51,0,0.0,DOES_NOT_INTERFERE,DOES_NOT_INTERFERE,False,False,True
v1__scene_fc_clear_v03__L2__C6_D4__r02_s28102,scene_fc_clear_v03,FC_CLEAR,C6,D4,28102,95,20,0,0.0,DOES_NOT_INTERFERE,DOES_NOT_INTERFERE,False,False,True
v1__scene_fc_clear_v03__L2__C6_D4__r02_s28102,scene_fc_clear_v03,FC_CLEAR,C6,D4,28102,95,22,0,0.0,DOES_NOT_INTERFERE,DOES_NOT_INTERFERE,False,False,True
v1__scene_fc_clear_v03__L2__C6_D4__r02_s28102,scene_fc_clear_v03,FC_CLEAR,C6,D4,28102,95,51,0,0.0,DOES_NOT_INTERFERE,DOES_NOT_INTERFERE,False,False,True
v1__scene_fc_clear_v03__L2__C6_D4__r03_s28103,scene_fc_clear_v03,FC_CLEAR,C6,D4,28103,95,20,0,0.0,DOES_NOT_INTERFERE,DOES_NOT_INTERFERE,False,False,True
v1__scene_fc_clear_v03__L2__C6_D4__r03_s28103,scene_fc_clear_v03,FC_CLEAR,C6,D4,28103,95,22,0,0.0,DOES_NOT_INTERFERE,DOES_NOT_INTERFERE,False,False,True
v1__scene_fc_clear_v03__L2__C6_D4__r03_s28103,scene_fc_clear_v03,FC_CLEAR,C6,D4,28103,95,51,0,0.0,DOES_NOT_INTERFERE,DOES_NOT_INTERFERE,False,False,True
v1__scene_fc_clear_v03__L2__C6_D4__r04_s28104,scene_fc_clear_v03,FC_CLEAR,C6,D4,28104,95,20,0,0.0,DOES_NOT_INTERFERE,INTERFERES,False,True,False
v1__scene_fc_clear_v03__L2__C6_D4__r04_s28104,scene_fc_clear_v03,FC_CLEAR,C6,D4,28104,95,22,0,0.0,DOES_NOT_INTERFERE,DOES_NOT_INTERFERE,False,False,True
v1__scene_fc_clear_v03__L2__C6_D4__r04_s28104,scene_fc_clear_v03,FC_CLEAR,C6,D4,28104,95,51,0,0.0,DOES_NOT_INTERFERE,DOES_NOT_INTERFERE,False,False,True
v1__scene_fc_clear_v03__L2__C6_D4__r05_s28105,scene_fc_clear_v03,FC_CLEAR,C6,D4,28105,95,20,0,0.0,DOES_NOT_INTERFERE,INTERFERES,False,True,False
v1__scene_fc_clear_v03__L2__C6_D4__r05_s28105,scene_fc_clear_v03,FC_CLEAR,C6,D4,28105,95,22,0,0.0,DOES_NOT_INTERFERE,DOES_NOT_INTERFERE,False,False,True
v1__scene_fc_clear_v03__L2__C6_D4__r05_s28105,scene_fc_clear_v03,FC_CLEAR,C6,D4,28105,95,51,0,0.0,DOES_NOT_INTERFERE,DOES_NOT_INTERFERE,False,False,True
v1__scene_fc_clear_v03__L2__C6_D8__r01_s28101,scene_fc_clear_v03,FC_CLEAR,C6,D8,28101,95,20,0,0.0,DOES_NOT_INTERFERE,DOES_NOT_INTERFERE,False,False,True
v1__scene_fc_clear_v03__L2__C6_D8__r01_s28101,scene_fc_clear_v03,FC_CLEAR,C6,D8,28101,95,22,0,0.0,DOES_NOT_INTERFERE,DOES_NOT_INTERFERE,False,False,True
v1__scene_fc_clear_v03__L2__C6_D8__r01_s28101,scene_fc_clear_v03,FC_CLEAR,C6,D8,28101,95,51,0,0.0,DOES_NOT_INTERFERE,DOES_NOT_INTERFERE,False,False,True
v1__scene_fc_clear_v03__L2__C6_D8__r02_s28102,scene_fc_clear_v03,FC_CLEAR,C6,D8,28102,95,20,0,0.0,DOES_NOT_INTERFERE,DOES_NOT_INTERFERE,False,False,True
v1__scene_fc_clear_v03__L2__C6_D8__r02_s28102,scene_fc_clear_v03,FC_CLEAR,C6,D8,28102,95,22,0,0.0,DOES_NOT_INTERFERE,DOES_NOT_INTERFERE,False,False,True
v1__scene_fc_clear_v03__L2__C6_D8__r02_s28102,scene_fc_clear_v03,FC_CLEAR,C6,D8,28102,95,51,0,0.0,DOES_NOT_INTERFERE,DOES_NOT_INTERFERE,False,False,True
v1__scene_fc_clear_v03__L2__C6_D8__r03_s28103,scene_fc_clear_v03,FC_CLEAR,C6,D8,28103,95,20,0,0.0,DOES_NOT_INTERFERE,DOES_NOT_INTERFERE,False,False,True
v1__scene_fc_clear_v03__L2__C6_D8__r03_s28103,scene_fc_clear_v03,FC_CLEAR,C6,D8,28103,95,22,0,0.0,DOES_NOT_INTERFERE,DOES_NOT_INTERFERE,False,False,True
v1__scene_fc_clear_v03__L2__C6_D8__r03_s28103,scene_fc_clear_v03,FC_CLEAR,C6,D8,28103,95,51,0,0.0,DOES_NOT_INTERFERE,DOES_NOT_INTERFERE,False,False,True
v1__scene_fc_clear_v03__L2__C6_D8__r04_s28104,scene_fc_clear_v03,FC_CLEAR,C6,D8,28104,95,20,0,0.0,DOES_NOT_INTERFERE,DOES_NOT_INTERFERE,False,False,True
v1__scene_fc_clear_v03__L2__C6_D8__r04_s28104,scene_fc_clear_v03,FC_CLEAR,C6,D8,28104,95,22,0,0.0,DOES_NOT_INTERFERE,DOES_NOT_INTERFERE,False,False,True
v1__scene_fc_clear_v03__L2__C6_D8__r04_s28104,scene_fc_clear_v03,FC_CLEAR,C6,D8,28104,95,51,0,0.0,DOES_NOT_INTERFERE,DOES_NOT_INTERFERE,False,False,True
v1__scene_fc_clear_v03__L2__C6_D8__r05_s28105,scene_fc_clear_v03,FC_CLEAR,C6,D8,28105,95,20,0,0.0,DOES_NOT_INTERFERE,DOES_NOT_INTERFERE,False,False,True
v1__scene_fc_clear_v03__L2__C6_D8__r05_s28105,scene_fc_clear_v03,FC_CLEAR,C6,D8,28105,95,22,0,0.0,DOES_NOT_INTERFERE,DOES_NOT_INTERFERE,False,False,True
v1__scene_fc_clear_v03__L2__C6_D8__r05_s28105,scene_fc_clear_v03,FC_CLEAR,C6,D8,28105,95,51,0,0.0,DOES_NOT_INTERFERE,DOES_NOT_INTERFERE,False,False,True
v1__scene_fc_clear_v04__L2__C0_NA__r01_s28101,scene_fc_clear_v04,FC_CLEAR,C0,,28101,61,13,0,0.0,DOES_NOT_INTERFERE,INTERFERES,False,True,False
v1__scene_fc_clear_v04__L2__C0_NA__r01_s28101,scene_fc_clear_v04,FC_CLEAR,C0,,28101,61,38,0,0.0,DOES_NOT_INTERFERE,INTERFERES,False,True,False
v1__scene_fc_clear_v04__L2__C0_NA__r01_s28101,scene_fc_clear_v04,FC_CLEAR,C0,,28101,61,59,0,0.0,DOES_NOT_INTERFERE,INTERFERES,False,True,False
v1__scene_fc_clear_v04__L2__C0_NA__r02_s28102,scene_fc_clear_v04,FC_CLEAR,C0,,28102,61,13,0,0.0,DOES_NOT_INTERFERE,INTERFERES,False,True,False
v1__scene_fc_clear_v04__L2__C0_NA__r02_s28102,scene_fc_clear_v04,FC_CLEAR,C0,,28102,61,38,0,0.0,DOES_NOT_INTERFERE,INTERFERES,False,True,False
v1__scene_fc_clear_v04__L2__C0_NA__r02_s28102,scene_fc_clear_v04,FC_CLEAR,C0,,28102,61,59,0,0.0,DOES_NOT_INTERFERE,INTERFERES,False,True,False
v1__scene_fc_clear_v04__L2__C0_NA__r03_s28103,scene_fc_clear_v04,FC_CLEAR,C0,,28103,61,13,0,0.0,DOES_NOT_INTERFERE,INTERFERES,False,True,False
v1__scene_fc_clear_v04__L2__C0_NA__r03_s28103,scene_fc_clear_v04,FC_CLEAR,C0,,28103,61,38,0,0.0,DOES_NOT_INTERFERE,INTERFERES,False,True,False
v1__scene_fc_clear_v04__L2__C0_NA__r03_s28103,scene_fc_clear_v04,FC_CLEAR,C0,,28103,61,59,0,0.0,DOES_NOT_INTERFERE,INTERFERES,False,True,False
v1__scene_fc_clear_v04__L2__C0_NA__r04_s28104,scene_fc_clear_v04,FC_CLEAR,C0,,28104,61,13,0,0.0,DOES_NOT_INTERFERE,INTERFERES,False,True,False
v1__scene_fc_clear_v04__L2__C0_NA__r04_s28104,scene_fc_clear_v04,FC_CLEAR,C0,,28104,61,38,0,0.0,DOES_NOT_INTERFERE,INTERFERES,False,True,False
v1__scene_fc_clear_v04__L2__C0_NA__r04_s28104,scene_fc_clear_v04,FC_CLEAR,C0,,28104,61,59,0,0.0,DOES_NOT_INTERFERE,INTERFERES,False,True,False
v1__scene_fc_clear_v04__L2__C0_NA__r05_s28105,scene_fc_clear_v04,FC_CLEAR,C0,,28105,61,13,0,0.0,DOES_NOT_INTERFERE,INTERFERES,False,True,False
v1__scene_fc_clear_v04__L2__C0_NA__r05_s28105,scene_fc_clear_v04,FC_CLEAR,C0,,28105,61,38,0,0.0,DOES_NOT_INTERFERE,INTERFERES,False,True,False
v1__scene_fc_clear_v04__L2__C0_NA__r05_s28105,scene_fc_clear_v04,FC_CLEAR,C0,,28105,61,59,0,0.0,DOES_NOT_INTERFERE,INTERFERES,False,True,False
v1__scene_fc_clear_v04__L2__C1_NA__r01_s28101,scene_fc_clear_v04,FC_CLEAR,C1,,28101,61,13,0,0.0,DOES_NOT_INTERFERE,INTERFERES,False,True,False
v1__scene_fc_clear_v04__L2__C1_NA__r01_s28101,scene_fc_clear_v04,FC_CLEAR,C1,,28101,61,38,0,0.0,DOES_NOT_INTERFERE,INTERFERES,False,True,False
v1__scene_fc_clear_v04__L2__C1_NA__r01_s28101,scene_fc_clear_v04,FC_CLEAR,C1,,28101,61,59,0,0.0,DOES_NOT_INTERFERE,DOES_NOT_INTERFERE,False,False,True
v1__scene_fc_clear_v04__L2__C1_NA__r02_s28102,scene_fc_clear_v04,FC_CLEAR,C1,,28102,61,13,0,0.0,DOES_NOT_INTERFERE,DOES_NOT_INTERFERE,False,False,True
v1__scene_fc_clear_v04__L2__C1_NA__r02_s28102,scene_fc_clear_v04,FC_CLEAR,C1,,28102,61,38,0,0.0,DOES_NOT_INTERFERE,DOES_NOT_INTERFERE,False,False,True
v1__scene_fc_clear_v04__L2__C1_NA__r02_s28102,scene_fc_clear_v04,FC_CLEAR,C1,,28102,61,59,0,0.0,DOES_NOT_INTERFERE,DOES_NOT_INTERFERE,False,False,True
v1__scene_fc_clear_v04__L2__C1_NA__r03_s28103,scene_fc_clear_v04,FC_CLEAR,C1,,28103,61,13,0,0.0,DOES_NOT_INTERFERE,DOES_NOT_INTERFERE,False,False,True
v1__scene_fc_clear_v04__L2__C1_NA__r03_s28103,scene_fc_clear_v04,FC_CLEAR,C1,,28103,61,38,0,0.0,DOES_NOT_INTERFERE,DOES_NOT_INTERFERE,False,False,True
v1__scene_fc_clear_v04__L2__C1_NA__r03_s28103,scene_fc_clear_v04,FC_CLEAR,C1,,28103,61,59,0,0.0,DOES_NOT_INTERFERE,DOES_NOT_INTERFERE,False,False,True
v1__scene_fc_clear_v04__L2__C1_NA__r04_s28104,scene_fc_clear_v04,FC_CLEAR,C1,,28104,61,13,0,0.0,DOES_NOT_INTERFERE,INTERFERES,False,True,False
v1__scene_fc_clear_v04__L2__C1_NA__r04_s28104,scene_fc_clear_v04,FC_CLEAR,C1,,28104,61,38,0,0.0,DOES_NOT_INTERFERE,INTERFERES,False,True,False
v1__scene_fc_clear_v04__L2__C1_NA__r04_s28104,scene_fc_clear_v04,FC_CLEAR,C1,,28104,61,59,0,0.0,DOES_NOT_INTERFERE,DOES_NOT_INTERFERE,False,False,True
v1__scene_fc_clear_v04__L2__C1_NA__r05_s28105,scene_fc_clear_v04,FC_CLEAR,C1,,28105,61,13,0,0.0,DOES_NOT_INTERFERE,INTERFERES,False,True,False
v1__scene_fc_clear_v04__L2__C1_NA__r05_s28105,scene_fc_clear_v04,FC_CLEAR,C1,,28105,61,38,0,0.0,DOES_NOT_INTERFERE,INTERFERES,False,True,False
v1__scene_fc_clear_v04__L2__C1_NA__r05_s28105,scene_fc_clear_v04,FC_CLEAR,C1,,28105,61,59,0,0.0,DOES_NOT_INTERFERE,DOES_NOT_INTERFERE,False,False,True
v1__scene_fc_clear_v04__L2__C2_D4__r01_s28101,scene_fc_clear_v04,FC_CLEAR,C2,D4,28101,61,13,0,0.0,DOES_NOT_INTERFERE,INTERFERES,False,True,False
v1__scene_fc_clear_v04__L2__C2_D4__r01_s28101,scene_fc_clear_v04,FC_CLEAR,C2,D4,28101,61,38,0,0.0,DOES_NOT_INTERFERE,INTERFERES,False,True,False
v1__scene_fc_clear_v04__L2__C2_D4__r01_s28101,scene_fc_clear_v04,FC_CLEAR,C2,D4,28101,61,59,0,0.0,DOES_NOT_INTERFERE,DOES_NOT_INTERFERE,False,False,True
v1__scene_fc_clear_v04__L2__C2_D4__r02_s28102,scene_fc_clear_v04,FC_CLEAR,C2,D4,28102,61,13,0,0.0,DOES_NOT_INTERFERE,INTERFERES,False,True,False
v1__scene_fc_clear_v04__L2__C2_D4__r02_s28102,scene_fc_clear_v04,FC_CLEAR,C2,D4,28102,61,38,0,0.0,DOES_NOT_INTERFERE,INTERFERES,False,True,False
v1__scene_fc_clear_v04__L2__C2_D4__r02_s28102,scene_fc_clear_v04,FC_CLEAR,C2,D4,28102,61,59,0,0.0,DOES_NOT_INTERFERE,INTERFERES,False,True,False
v1__scene_fc_clear_v04__L2__C2_D4__r03_s28103,scene_fc_clear_v04,FC_CLEAR,C2,D4,28103,61,13,0,0.0,DOES_NOT_INTERFERE,INTERFERES,False,True,False
v1__scene_fc_clear_v04__L2__C2_D4__r03_s28103,scene_fc_clear_v04,FC_CLEAR,C2,D4,28103,61,38,0,0.0,DOES_NOT_INTERFERE,INTERFERES,False,True,False
v1__scene_fc_clear_v04__L2__C2_D4__r03_s28103,scene_fc_clear_v04,FC_CLEAR,C2,D4,28103,61,59,0,0.0,DOES_NOT_INTERFERE,INTERFERES,False,True,False
v1__scene_fc_clear_v04__L2__C2_D4__r04_s28104,scene_fc_clear_v04,FC_CLEAR,C2,D4,28104,61,13,0,0.0,DOES_NOT_INTERFERE,INTERFERES,False,True,False
v1__scene_fc_clear_v04__L2__C2_D4__r04_s28104,scene_fc_clear_v04,FC_CLEAR,C2,D4,28104,61,38,0,0.0,DOES_NOT_INTERFERE,INTERFERES,False,True,False
v1__scene_fc_clear_v04__L2__C2_D4__r04_s28104,scene_fc_clear_v04,FC_CLEAR,C2,D4,28104,61,59,0,0.0,DOES_NOT_INTERFERE,INTERFERES,False,True,False
v1__scene_fc_clear_v04__L2__C2_D4__r05_s28105,scene_fc_clear_v04,FC_CLEAR,C2,D4,28105,61,13,0,0.0,DOES_NOT_INTERFERE,INTERFERES,False,True,False
v1__scene_fc_clear_v04__L2__C2_D4__r05_s28105,scene_fc_clear_v04,FC_CLEAR,C2,D4,28105,61,38,0,0.0,DOES_NOT_INTERFERE,INTERFERES,False,True,False
v1__scene_fc_clear_v04__L2__C2_D4__r05_s28105,scene_fc_clear_v04,FC_CLEAR,C2,D4,28105,61,59,0,0.0,DOES_NOT_INTERFERE,DOES_NOT_INTERFERE,False,False,True
v1__scene_fc_clear_v04__L2__C2_D8__r01_s28101,scene_fc_clear_v04,FC_CLEAR,C2,D8,28101,61,13,0,0.0,DOES_NOT_INTERFERE,INTERFERES,False,True,False
v1__scene_fc_clear_v04__L2__C2_D8__r01_s28101,scene_fc_clear_v04,FC_CLEAR,C2,D8,28101,61,38,0,0.0,DOES_NOT_INTERFERE,INTERFERES,False,True,False
v1__scene_fc_clear_v04__L2__C2_D8__r01_s28101,scene_fc_clear_v04,FC_CLEAR,C2,D8,28101,61,59,0,0.0,DOES_NOT_INTERFERE,DOES_NOT_INTERFERE,False,False,True
v1__scene_fc_clear_v04__L2__C2_D8__r02_s28102,scene_fc_clear_v04,FC_CLEAR,C2,D8,28102,61,13,0,0.0,DOES_NOT_INTERFERE,INTERFERES,False,True,False
v1__scene_fc_clear_v04__L2__C2_D8__r02_s28102,scene_fc_clear_v04,FC_CLEAR,C2,D8,28102,61,38,0,0.0,DOES_NOT_INTERFERE,INTERFERES,False,True,False
v1__scene_fc_clear_v04__L2__C2_D8__r02_s28102,scene_fc_clear_v04,FC_CLEAR,C2,D8,28102,61,59,0,0.0,DOES_NOT_INTERFERE,DOES_NOT_INTERFERE,False,False,True
v1__scene_fc_clear_v04__L2__C2_D8__r03_s28103,scene_fc_clear_v04,FC_CLEAR,C2,D8,28103,61,13,0,0.0,DOES_NOT_INTERFERE,INTERFERES,False,True,False
v1__scene_fc_clear_v04__L2__C2_D8__r03_s28103,scene_fc_clear_v04,FC_CLEAR,C2,D8,28103,61,38,0,0.0,DOES_NOT_INTERFERE,INTERFERES,False,True,False
v1__scene_fc_clear_v04__L2__C2_D8__r03_s28103,scene_fc_clear_v04,FC_CLEAR,C2,D8,28103,61,59,0,0.0,DOES_NOT_INTERFERE,DOES_NOT_INTERFERE,False,False,True
v1__scene_fc_clear_v04__L2__C2_D8__r04_s28104,scene_fc_clear_v04,FC_CLEAR,C2,D8,28104,61,13,0,0.0,DOES_NOT_INTERFERE,INTERFERES,False,True,False
v1__scene_fc_clear_v04__L2__C2_D8__r04_s28104,scene_fc_clear_v04,FC_CLEAR,C2,D8,28104,61,38,0,0.0,DOES_NOT_INTERFERE,INTERFERES,False,True,False
v1__scene_fc_clear_v04__L2__C2_D8__r04_s28104,scene_fc_clear_v04,FC_CLEAR,C2,D8,28104,61,59,0,0.0,DOES_NOT_INTERFERE,DOES_NOT_INTERFERE,False,False,True
v1__scene_fc_clear_v04__L2__C2_D8__r05_s28105,scene_fc_clear_v04,FC_CLEAR,C2,D8,28105,61,13,0,0.0,DOES_NOT_INTERFERE,INTERFERES,False,True,False
v1__scene_fc_clear_v04__L2__C2_D8__r05_s28105,scene_fc_clear_v04,FC_CLEAR,C2,D8,28105,61,38,0,0.0,DOES_NOT_INTERFERE,INTERFERES,False,True,False
v1__scene_fc_clear_v04__L2__C2_D8__r05_s28105,scene_fc_clear_v04,FC_CLEAR,C2,D8,28105,61,59,0,0.0,DOES_NOT_INTERFERE,DOES_NOT_INTERFERE,False,False,True
v1__scene_fc_clear_v04__L2__C3_D4__r01_s28101,scene_fc_clear_v04,FC_CLEAR,C3,D4,28101,61,13,0,0.0,DOES_NOT_INTERFERE,DOES_NOT_INTERFERE,False,False,True
v1__scene_fc_clear_v04__L2__C3_D4__r01_s28101,scene_fc_clear_v04,FC_CLEAR,C3,D4,28101,61,38,0,0.0,DOES_NOT_INTERFERE,DOES_NOT_INTERFERE,False,False,True
v1__scene_fc_clear_v04__L2__C3_D4__r01_s28101,scene_fc_clear_v04,FC_CLEAR,C3,D4,28101,61,59,0,0.0,DOES_NOT_INTERFERE,DOES_NOT_INTERFERE,False,False,True
v1__scene_fc_clear_v04__L2__C3_D4__r02_s28102,scene_fc_clear_v04,FC_CLEAR,C3,D4,28102,61,13,0,0.0,DOES_NOT_INTERFERE,DOES_NOT_INTERFERE,False,False,True
v1__scene_fc_clear_v04__L2__C3_D4__r02_s28102,scene_fc_clear_v04,FC_CLEAR,C3,D4,28102,61,38,0,0.0,DOES_NOT_INTERFERE,DOES_NOT_INTERFERE,False,False,True
v1__scene_fc_clear_v04__L2__C3_D4__r02_s28102,scene_fc_clear_v04,FC_CLEAR,C3,D4,28102,61,59,0,0.0,DOES_NOT_INTERFERE,DOES_NOT_INTERFERE,False,False,True
v1__scene_fc_clear_v04__L2__C3_D4__r03_s28103,scene_fc_clear_v04,FC_CLEAR,C3,D4,28103,61,13,0,0.0,DOES_NOT_INTERFERE,DOES_NOT_INTERFERE,False,False,True
v1__scene_fc_clear_v04__L2__C3_D4__r03_s28103,scene_fc_clear_v04,FC_CLEAR,C3,D4,28103,61,38,0,0.0,DOES_NOT_INTERFERE,DOES_NOT_INTERFERE,False,False,True
v1__scene_fc_clear_v04__L2__C3_D4__r03_s28103,scene_fc_clear_v04,FC_CLEAR,C3,D4,28103,61,59,0,0.0,DOES_NOT_INTERFERE,DOES_NOT_INTERFERE,False,False,True
v1__scene_fc_clear_v04__L2__C3_D4__r04_s28104,scene_fc_clear_v04,FC_CLEAR,C3,D4,28104,61,13,0,0.0,DOES_NOT_INTERFERE,DOES_NOT_INTERFERE,False,False,True
v1__scene_fc_clear_v04__L2__C3_D4__r04_s28104,scene_fc_clear_v04,FC_CLEAR,C3,D4,28104,61,38,0,0.0,DOES_NOT_INTERFERE,DOES_NOT_INTERFERE,False,False,True
v1__scene_fc_clear_v04__L2__C3_D4__r04_s28104,scene_fc_clear_v04,FC_CLEAR,C3,D4,28104,61,59,0,0.0,DOES_NOT_INTERFERE,DOES_NOT_INTERFERE,False,False,True
v1__scene_fc_clear_v04__L2__C3_D4__r05_s28105,scene_fc_clear_v04,FC_CLEAR,C3,D4,28105,61,13,0,0.0,DOES_NOT_INTERFERE,DOES_NOT_INTERFERE,False,False,True
v1__scene_fc_clear_v04__L2__C3_D4__r05_s28105,scene_fc_clear_v04,FC_CLEAR,C3,D4,28105,61,38,0,0.0,DOES_NOT_INTERFERE,DOES_NOT_INTERFERE,False,False,True
v1__scene_fc_clear_v04__L2__C3_D4__r05_s28105,scene_fc_clear_v04,FC_CLEAR,C3,D4,28105,61,59,0,0.0,DOES_NOT_INTERFERE,DOES_NOT_INTERFERE,False,False,True
v1__scene_fc_clear_v04__L2__C3_D8__r01_s28101,scene_fc_clear_v04,FC_CLEAR,C3,D8,28101,61,13,0,0.0,DOES_NOT_INTERFERE,DOES_NOT_INTERFERE,False,False,True
v1__scene_fc_clear_v04__L2__C3_D8__r01_s28101,scene_fc_clear_v04,FC_CLEAR,C3,D8,28101,61,38,0,0.0,DOES_NOT_INTERFERE,DOES_NOT_INTERFERE,False,False,True
v1__scene_fc_clear_v04__L2__C3_D8__r01_s28101,scene_fc_clear_v04,FC_CLEAR,C3,D8,28101,61,59,0,0.0,DOES_NOT_INTERFERE,DOES_NOT_INTERFERE,False,False,True
v1__scene_fc_clear_v04__L2__C3_D8__r02_s28102,scene_fc_clear_v04,FC_CLEAR,C3,D8,28102,61,13,0,0.0,DOES_NOT_INTERFERE,DOES_NOT_INTERFERE,False,False,True
v1__scene_fc_clear_v04__L2__C3_D8__r02_s28102,scene_fc_clear_v04,FC_CLEAR,C3,D8,28102,61,38,0,0.0,DOES_NOT_INTERFERE,DOES_NOT_INTERFERE,False,False,True
v1__scene_fc_clear_v04__L2__C3_D8__r02_s28102,scene_fc_clear_v04,FC_CLEAR,C3,D8,28102,61,59,0,0.0,DOES_NOT_INTERFERE,DOES_NOT_INTERFERE,False,False,True
v1__scene_fc_clear_v04__L2__C3_D8__r03_s28103,scene_fc_clear_v04,FC_CLEAR,C3,D8,28103,61,13,0,0.0,DOES_NOT_INTERFERE,DOES_NOT_INTERFERE,False,False,True
v1__scene_fc_clear_v04__L2__C3_D8__r03_s28103,scene_fc_clear_v04,FC_CLEAR,C3,D8,28103,61,38,0,0.0,DOES_NOT_INTERFERE,DOES_NOT_INTERFERE,False,False,True
v1__scene_fc_clear_v04__L2__C3_D8__r03_s28103,scene_fc_clear_v04,FC_CLEAR,C3,D8,28103,61,59,0,0.0,DOES_NOT_INTERFERE,DOES_NOT_INTERFERE,False,False,True
v1__scene_fc_clear_v04__L2__C3_D8__r04_s28104,scene_fc_clear_v04,FC_CLEAR,C3,D8,28104,61,13,0,0.0,DOES_NOT_INTERFERE,DOES_NOT_INTERFERE,False,False,True
v1__scene_fc_clear_v04__L2__C3_D8__r04_s28104,scene_fc_clear_v04,FC_CLEAR,C3,D8,28104,61,38,0,0.0,DOES_NOT_INTERFERE,DOES_NOT_INTERFERE,False,False,True
v1__scene_fc_clear_v04__L2__C3_D8__r04_s28104,scene_fc_clear_v04,FC_CLEAR,C3,D8,28104,61,59,0,0.0,DOES_NOT_INTERFERE,DOES_NOT_INTERFERE,False,False,True
v1__scene_fc_clear_v04__L2__C3_D8__r05_s28105,scene_fc_clear_v04,FC_CLEAR,C3,D8,28105,61,13,0,0.0,DOES_NOT_INTERFERE,DOES_NOT_INTERFERE,False,False,True
v1__scene_fc_clear_v04__L2__C3_D8__r05_s28105,scene_fc_clear_v04,FC_CLEAR,C3,D8,28105,61,38,0,0.0,DOES_NOT_INTERFERE,DOES_NOT_INTERFERE,False,False,True
v1__scene_fc_clear_v04__L2__C3_D8__r05_s28105,scene_fc_clear_v04,FC_CLEAR,C3,D8,28105,61,59,0,0.0,DOES_NOT_INTERFERE,DOES_NOT_INTERFERE,False,False,True
v1__scene_fc_clear_v04__L2__C4_D4__r01_s28101,scene_fc_clear_v04,FC_CLEAR,C4,D4,28101,61,13,0,0.0,DOES_NOT_INTERFERE,DOES_NOT_INTERFERE,False,False,True
v1__scene_fc_clear_v04__L2__C4_D4__r01_s28101,scene_fc_clear_v04,FC_CLEAR,C4,D4,28101,61,38,0,0.0,DOES_NOT_INTERFERE,DOES_NOT_INTERFERE,False,False,True
v1__scene_fc_clear_v04__L2__C4_D4__r01_s28101,scene_fc_clear_v04,FC_CLEAR,C4,D4,28101,61,59,0,0.0,DOES_NOT_INTERFERE,DOES_NOT_INTERFERE,False,False,True
v1__scene_fc_clear_v04__L2__C4_D4__r02_s28102,scene_fc_clear_v04,FC_CLEAR,C4,D4,28102,61,13,0,0.0,DOES_NOT_INTERFERE,INTERFERES,False,True,False
v1__scene_fc_clear_v04__L2__C4_D4__r02_s28102,scene_fc_clear_v04,FC_CLEAR,C4,D4,28102,61,38,0,0.0,DOES_NOT_INTERFERE,INTERFERES,False,True,False
v1__scene_fc_clear_v04__L2__C4_D4__r02_s28102,scene_fc_clear_v04,FC_CLEAR,C4,D4,28102,61,59,0,0.0,DOES_NOT_INTERFERE,INTERFERES,False,True,False
v1__scene_fc_clear_v04__L2__C4_D4__r03_s28103,scene_fc_clear_v04,FC_CLEAR,C4,D4,28103,61,13,0,0.0,DOES_NOT_INTERFERE,INTERFERES,False,True,False
v1__scene_fc_clear_v04__L2__C4_D4__r03_s28103,scene_fc_clear_v04,FC_CLEAR,C4,D4,28103,61,38,0,0.0,DOES_NOT_INTERFERE,INTERFERES,False,True,False
v1__scene_fc_clear_v04__L2__C4_D4__r03_s28103,scene_fc_clear_v04,FC_CLEAR,C4,D4,28103,61,59,0,0.0,DOES_NOT_INTERFERE,DOES_NOT_INTERFERE,False,False,True
v1__scene_fc_clear_v04__L2__C4_D4__r04_s28104,scene_fc_clear_v04,FC_CLEAR,C4,D4,28104,61,13,0,0.0,DOES_NOT_INTERFERE,INTERFERES,False,True,False
v1__scene_fc_clear_v04__L2__C4_D4__r04_s28104,scene_fc_clear_v04,FC_CLEAR,C4,D4,28104,61,38,0,0.0,DOES_NOT_INTERFERE,INTERFERES,False,True,False
v1__scene_fc_clear_v04__L2__C4_D4__r04_s28104,scene_fc_clear_v04,FC_CLEAR,C4,D4,28104,61,59,0,0.0,DOES_NOT_INTERFERE,INTERFERES,False,True,False
v1__scene_fc_clear_v04__L2__C4_D4__r05_s28105,scene_fc_clear_v04,FC_CLEAR,C4,D4,28105,61,13,0,0.0,DOES_NOT_INTERFERE,DOES_NOT_INTERFERE,False,False,True
v1__scene_fc_clear_v04__L2__C4_D4__r05_s28105,scene_fc_clear_v04,FC_CLEAR,C4,D4,28105,61,38,0,0.0,DOES_NOT_INTERFERE,DOES_NOT_INTERFERE,False,False,True
v1__scene_fc_clear_v04__L2__C4_D4__r05_s28105,scene_fc_clear_v04,FC_CLEAR,C4,D4,28105,61,59,0,0.0,DOES_NOT_INTERFERE,DOES_NOT_INTERFERE,False,False,True
v1__scene_fc_clear_v04__L2__C4_D8__r01_s28101,scene_fc_clear_v04,FC_CLEAR,C4,D8,28101,61,13,0,0.0,DOES_NOT_INTERFERE,DOES_NOT_INTERFERE,False,False,True
v1__scene_fc_clear_v04__L2__C4_D8__r01_s28101,scene_fc_clear_v04,FC_CLEAR,C4,D8,28101,61,38,0,0.0,DOES_NOT_INTERFERE,DOES_NOT_INTERFERE,False,False,True
v1__scene_fc_clear_v04__L2__C4_D8__r01_s28101,scene_fc_clear_v04,FC_CLEAR,C4,D8,28101,61,59,0,0.0,DOES_NOT_INTERFERE,DOES_NOT_INTERFERE,False,False,True
v1__scene_fc_clear_v04__L2__C4_D8__r02_s28102,scene_fc_clear_v04,FC_CLEAR,C4,D8,28102,61,13,0,0.0,DOES_NOT_INTERFERE,DOES_NOT_INTERFERE,False,False,True
v1__scene_fc_clear_v04__L2__C4_D8__r02_s28102,scene_fc_clear_v04,FC_CLEAR,C4,D8,28102,61,38,0,0.0,DOES_NOT_INTERFERE,DOES_NOT_INTERFERE,False,False,True
v1__scene_fc_clear_v04__L2__C4_D8__r02_s28102,scene_fc_clear_v04,FC_CLEAR,C4,D8,28102,61,59,0,0.0,DOES_NOT_INTERFERE,DOES_NOT_INTERFERE,False,False,True
v1__scene_fc_clear_v04__L2__C4_D8__r03_s28103,scene_fc_clear_v04,FC_CLEAR,C4,D8,28103,61,13,0,0.0,DOES_NOT_INTERFERE,DOES_NOT_INTERFERE,False,False,True
v1__scene_fc_clear_v04__L2__C4_D8__r03_s28103,scene_fc_clear_v04,FC_CLEAR,C4,D8,28103,61,38,0,0.0,DOES_NOT_INTERFERE,DOES_NOT_INTERFERE,False,False,True
v1__scene_fc_clear_v04__L2__C4_D8__r03_s28103,scene_fc_clear_v04,FC_CLEAR,C4,D8,28103,61,59,0,0.0,DOES_NOT_INTERFERE,DOES_NOT_INTERFERE,False,False,True
v1__scene_fc_clear_v04__L2__C4_D8__r04_s28104,scene_fc_clear_v04,FC_CLEAR,C4,D8,28104,61,13,0,0.0,DOES_NOT_INTERFERE,DOES_NOT_INTERFERE,False,False,True
v1__scene_fc_clear_v04__L2__C4_D8__r04_s28104,scene_fc_clear_v04,FC_CLEAR,C4,D8,28104,61,38,0,0.0,DOES_NOT_INTERFERE,DOES_NOT_INTERFERE,False,False,True
v1__scene_fc_clear_v04__L2__C4_D8__r04_s28104,scene_fc_clear_v04,FC_CLEAR,C4,D8,28104,61,59,0,0.0,DOES_NOT_INTERFERE,DOES_NOT_INTERFERE,False,False,True
v1__scene_fc_clear_v04__L2__C4_D8__r05_s28105,scene_fc_clear_v04,FC_CLEAR,C4,D8,28105,61,13,0,0.0,DOES_NOT_INTERFERE,DOES_NOT_INTERFERE,False,False,True
v1__scene_fc_clear_v04__L2__C4_D8__r05_s28105,scene_fc_clear_v04,FC_CLEAR,C4,D8,28105,61,38,0,0.0,DOES_NOT_INTERFERE,DOES_NOT_INTERFERE,False,False,True
v1__scene_fc_clear_v04__L2__C4_D8__r05_s28105,scene_fc_clear_v04,FC_CLEAR,C4,D8,28105,61,59,0,0.0,DOES_NOT_INTERFERE,DOES_NOT_INTERFERE,False,False,True
v1__scene_fc_clear_v04__L2__C5_D4__r01_s28101,scene_fc_clear_v04,FC_CLEAR,C5,D4,28101,61,13,0,0.0,DOES_NOT_INTERFERE,INTERFERES,False,True,False
v1__scene_fc_clear_v04__L2__C5_D4__r01_s28101,scene_fc_clear_v04,FC_CLEAR,C5,D4,28101,61,38,0,0.0,DOES_NOT_INTERFERE,INTERFERES,False,True,False
v1__scene_fc_clear_v04__L2__C5_D4__r01_s28101,scene_fc_clear_v04,FC_CLEAR,C5,D4,28101,61,59,0,0.0,DOES_NOT_INTERFERE,INTERFERES,False,True,False
v1__scene_fc_clear_v04__L2__C5_D4__r02_s28102,scene_fc_clear_v04,FC_CLEAR,C5,D4,28102,61,13,0,0.0,DOES_NOT_INTERFERE,INTERFERES,False,True,False
v1__scene_fc_clear_v04__L2__C5_D4__r02_s28102,scene_fc_clear_v04,FC_CLEAR,C5,D4,28102,61,38,0,0.0,DOES_NOT_INTERFERE,INTERFERES,False,True,False
v1__scene_fc_clear_v04__L2__C5_D4__r02_s28102,scene_fc_clear_v04,FC_CLEAR,C5,D4,28102,61,59,0,0.0,DOES_NOT_INTERFERE,INTERFERES,False,True,False
v1__scene_fc_clear_v04__L2__C5_D4__r03_s28103,scene_fc_clear_v04,FC_CLEAR,C5,D4,28103,61,13,0,0.0,DOES_NOT_INTERFERE,INTERFERES,False,True,False
v1__scene_fc_clear_v04__L2__C5_D4__r03_s28103,scene_fc_clear_v04,FC_CLEAR,C5,D4,28103,61,38,0,0.0,DOES_NOT_INTERFERE,INTERFERES,False,True,False
v1__scene_fc_clear_v04__L2__C5_D4__r03_s28103,scene_fc_clear_v04,FC_CLEAR,C5,D4,28103,61,59,0,0.0,DOES_NOT_INTERFERE,INTERFERES,False,True,False
v1__scene_fc_clear_v04__L2__C5_D4__r04_s28104,scene_fc_clear_v04,FC_CLEAR,C5,D4,28104,61,13,0,0.0,DOES_NOT_INTERFERE,INTERFERES,False,True,False
v1__scene_fc_clear_v04__L2__C5_D4__r04_s28104,scene_fc_clear_v04,FC_CLEAR,C5,D4,28104,61,38,0,0.0,DOES_NOT_INTERFERE,INTERFERES,False,True,False
v1__scene_fc_clear_v04__L2__C5_D4__r04_s28104,scene_fc_clear_v04,FC_CLEAR,C5,D4,28104,61,59,0,0.0,DOES_NOT_INTERFERE,INTERFERES,False,True,False
v1__scene_fc_clear_v04__L2__C5_D4__r05_s28105,scene_fc_clear_v04,FC_CLEAR,C5,D4,28105,61,13,0,0.0,DOES_NOT_INTERFERE,INTERFERES,False,True,False
v1__scene_fc_clear_v04__L2__C5_D4__r05_s28105,scene_fc_clear_v04,FC_CLEAR,C5,D4,28105,61,38,0,0.0,DOES_NOT_INTERFERE,INTERFERES,False,True,False
v1__scene_fc_clear_v04__L2__C5_D4__r05_s28105,scene_fc_clear_v04,FC_CLEAR,C5,D4,28105,61,59,0,0.0,DOES_NOT_INTERFERE,INTERFERES,False,True,False
v1__scene_fc_clear_v04__L2__C5_D8__r01_s28101,scene_fc_clear_v04,FC_CLEAR,C5,D8,28101,61,13,0,0.0,DOES_NOT_INTERFERE,DOES_NOT_INTERFERE,False,False,True
v1__scene_fc_clear_v04__L2__C5_D8__r01_s28101,scene_fc_clear_v04,FC_CLEAR,C5,D8,28101,61,38,0,0.0,DOES_NOT_INTERFERE,DOES_NOT_INTERFERE,False,False,True
v1__scene_fc_clear_v04__L2__C5_D8__r01_s28101,scene_fc_clear_v04,FC_CLEAR,C5,D8,28101,61,59,0,0.0,DOES_NOT_INTERFERE,DOES_NOT_INTERFERE,False,False,True
v1__scene_fc_clear_v04__L2__C5_D8__r02_s28102,scene_fc_clear_v04,FC_CLEAR,C5,D8,28102,61,13,0,0.0,DOES_NOT_INTERFERE,INTERFERES,False,True,False
v1__scene_fc_clear_v04__L2__C5_D8__r02_s28102,scene_fc_clear_v04,FC_CLEAR,C5,D8,28102,61,38,0,0.0,DOES_NOT_INTERFERE,INTERFERES,False,True,False
v1__scene_fc_clear_v04__L2__C5_D8__r02_s28102,scene_fc_clear_v04,FC_CLEAR,C5,D8,28102,61,59,0,0.0,DOES_NOT_INTERFERE,INTERFERES,False,True,False
v1__scene_fc_clear_v04__L2__C5_D8__r03_s28103,scene_fc_clear_v04,FC_CLEAR,C5,D8,28103,61,13,0,0.0,DOES_NOT_INTERFERE,INTERFERES,False,True,False
v1__scene_fc_clear_v04__L2__C5_D8__r03_s28103,scene_fc_clear_v04,FC_CLEAR,C5,D8,28103,61,38,0,0.0,DOES_NOT_INTERFERE,INTERFERES,False,True,False
v1__scene_fc_clear_v04__L2__C5_D8__r03_s28103,scene_fc_clear_v04,FC_CLEAR,C5,D8,28103,61,59,0,0.0,DOES_NOT_INTERFERE,INTERFERES,False,True,False
v1__scene_fc_clear_v04__L2__C5_D8__r04_s28104,scene_fc_clear_v04,FC_CLEAR,C5,D8,28104,61,13,0,0.0,DOES_NOT_INTERFERE,INTERFERES,False,True,False
v1__scene_fc_clear_v04__L2__C5_D8__r04_s28104,scene_fc_clear_v04,FC_CLEAR,C5,D8,28104,61,38,0,0.0,DOES_NOT_INTERFERE,INTERFERES,False,True,False
v1__scene_fc_clear_v04__L2__C5_D8__r04_s28104,scene_fc_clear_v04,FC_CLEAR,C5,D8,28104,61,59,0,0.0,DOES_NOT_INTERFERE,INTERFERES,False,True,False
v1__scene_fc_clear_v04__L2__C5_D8__r05_s28105,scene_fc_clear_v04,FC_CLEAR,C5,D8,28105,61,13,0,0.0,DOES_NOT_INTERFERE,INTERFERES,False,True,False
v1__scene_fc_clear_v04__L2__C5_D8__r05_s28105,scene_fc_clear_v04,FC_CLEAR,C5,D8,28105,61,38,0,0.0,DOES_NOT_INTERFERE,INTERFERES,False,True,False
v1__scene_fc_clear_v04__L2__C5_D8__r05_s28105,scene_fc_clear_v04,FC_CLEAR,C5,D8,28105,61,59,0,0.0,DOES_NOT_INTERFERE,INTERFERES,False,True,False
v1__scene_fc_clear_v04__L2__C6_D4__r01_s28101,scene_fc_clear_v04,FC_CLEAR,C6,D4,28101,61,13,0,0.0,DOES_NOT_INTERFERE,INTERFERES,False,True,False
v1__scene_fc_clear_v04__L2__C6_D4__r01_s28101,scene_fc_clear_v04,FC_CLEAR,C6,D4,28101,61,38,0,0.0,DOES_NOT_INTERFERE,INTERFERES,False,True,False
v1__scene_fc_clear_v04__L2__C6_D4__r01_s28101,scene_fc_clear_v04,FC_CLEAR,C6,D4,28101,61,59,0,0.0,DOES_NOT_INTERFERE,INTERFERES,False,True,False
v1__scene_fc_clear_v04__L2__C6_D4__r02_s28102,scene_fc_clear_v04,FC_CLEAR,C6,D4,28102,61,13,0,0.0,DOES_NOT_INTERFERE,INTERFERES,False,True,False
v1__scene_fc_clear_v04__L2__C6_D4__r02_s28102,scene_fc_clear_v04,FC_CLEAR,C6,D4,28102,61,38,0,0.0,DOES_NOT_INTERFERE,INTERFERES,False,True,False
v1__scene_fc_clear_v04__L2__C6_D4__r02_s28102,scene_fc_clear_v04,FC_CLEAR,C6,D4,28102,61,59,0,0.0,DOES_NOT_INTERFERE,INTERFERES,False,True,False
v1__scene_fc_clear_v04__L2__C6_D4__r03_s28103,scene_fc_clear_v04,FC_CLEAR,C6,D4,28103,61,13,0,0.0,DOES_NOT_INTERFERE,INTERFERES,False,True,False
v1__scene_fc_clear_v04__L2__C6_D4__r03_s28103,scene_fc_clear_v04,FC_CLEAR,C6,D4,28103,61,38,0,0.0,DOES_NOT_INTERFERE,INTERFERES,False,True,False
v1__scene_fc_clear_v04__L2__C6_D4__r03_s28103,scene_fc_clear_v04,FC_CLEAR,C6,D4,28103,61,59,0,0.0,DOES_NOT_INTERFERE,INTERFERES,False,True,False
v1__scene_fc_clear_v04__L2__C6_D4__r04_s28104,scene_fc_clear_v04,FC_CLEAR,C6,D4,28104,61,13,0,0.0,DOES_NOT_INTERFERE,INTERFERES,False,True,False
v1__scene_fc_clear_v04__L2__C6_D4__r04_s28104,scene_fc_clear_v04,FC_CLEAR,C6,D4,28104,61,38,0,0.0,DOES_NOT_INTERFERE,INTERFERES,False,True,False
v1__scene_fc_clear_v04__L2__C6_D4__r04_s28104,scene_fc_clear_v04,FC_CLEAR,C6,D4,28104,61,59,0,0.0,DOES_NOT_INTERFERE,INTERFERES,False,True,False
v1__scene_fc_clear_v04__L2__C6_D4__r05_s28105,scene_fc_clear_v04,FC_CLEAR,C6,D4,28105,61,13,0,0.0,DOES_NOT_INTERFERE,INTERFERES,False,True,False
v1__scene_fc_clear_v04__L2__C6_D4__r05_s28105,scene_fc_clear_v04,FC_CLEAR,C6,D4,28105,61,38,0,0.0,DOES_NOT_INTERFERE,INTERFERES,False,True,False
v1__scene_fc_clear_v04__L2__C6_D4__r05_s28105,scene_fc_clear_v04,FC_CLEAR,C6,D4,28105,61,59,0,0.0,DOES_NOT_INTERFERE,INTERFERES,False,True,False
v1__scene_fc_clear_v04__L2__C6_D8__r01_s28101,scene_fc_clear_v04,FC_CLEAR,C6,D8,28101,61,13,0,0.0,DOES_NOT_INTERFERE,INTERFERES,False,True,False
v1__scene_fc_clear_v04__L2__C6_D8__r01_s28101,scene_fc_clear_v04,FC_CLEAR,C6,D8,28101,61,38,0,0.0,DOES_NOT_INTERFERE,INTERFERES,False,True,False
v1__scene_fc_clear_v04__L2__C6_D8__r01_s28101,scene_fc_clear_v04,FC_CLEAR,C6,D8,28101,61,59,0,0.0,DOES_NOT_INTERFERE,INTERFERES,False,True,False
v1__scene_fc_clear_v04__L2__C6_D8__r02_s28102,scene_fc_clear_v04,FC_CLEAR,C6,D8,28102,61,13,0,0.0,DOES_NOT_INTERFERE,INTERFERES,False,True,False
v1__scene_fc_clear_v04__L2__C6_D8__r02_s28102,scene_fc_clear_v04,FC_CLEAR,C6,D8,28102,61,38,0,0.0,DOES_NOT_INTERFERE,INTERFERES,False,True,False
v1__scene_fc_clear_v04__L2__C6_D8__r02_s28102,scene_fc_clear_v04,FC_CLEAR,C6,D8,28102,61,59,0,0.0,DOES_NOT_INTERFERE,INTERFERES,False,True,False
v1__scene_fc_clear_v04__L2__C6_D8__r03_s28103,scene_fc_clear_v04,FC_CLEAR,C6,D8,28103,61,13,0,0.0,DOES_NOT_INTERFERE,INTERFERES,False,True,False
v1__scene_fc_clear_v04__L2__C6_D8__r03_s28103,scene_fc_clear_v04,FC_CLEAR,C6,D8,28103,61,38,0,0.0,DOES_NOT_INTERFERE,INTERFERES,False,True,False
v1__scene_fc_clear_v04__L2__C6_D8__r03_s28103,scene_fc_clear_v04,FC_CLEAR,C6,D8,28103,61,59,0,0.0,DOES_NOT_INTERFERE,INTERFERES,False,True,False
v1__scene_fc_clear_v04__L2__C6_D8__r04_s28104,scene_fc_clear_v04,FC_CLEAR,C6,D8,28104,61,13,0,0.0,DOES_NOT_INTERFERE,INTERFERES,False,True,False
v1__scene_fc_clear_v04__L2__C6_D8__r04_s28104,scene_fc_clear_v04,FC_CLEAR,C6,D8,28104,61,38,0,0.0,DOES_NOT_INTERFERE,INTERFERES,False,True,False
v1__scene_fc_clear_v04__L2__C6_D8__r04_s28104,scene_fc_clear_v04,FC_CLEAR,C6,D8,28104,61,59,0,0.0,DOES_NOT_INTERFERE,INTERFERES,False,True,False
v1__scene_fc_clear_v04__L2__C6_D8__r05_s28105,scene_fc_clear_v04,FC_CLEAR,C6,D8,28105,61,13,0,0.0,DOES_NOT_INTERFERE,INTERFERES,False,True,False
v1__scene_fc_clear_v04__L2__C6_D8__r05_s28105,scene_fc_clear_v04,FC_CLEAR,C6,D8,28105,61,38,0,0.0,DOES_NOT_INTERFERE,INTERFERES,False,True,False
v1__scene_fc_clear_v04__L2__C6_D8__r05_s28105,scene_fc_clear_v04,FC_CLEAR,C6,D8,28105,61,59,0,0.0,DOES_NOT_INTERFERE,INTERFERES,False,True,False
v1__scene_fc_clear_v05__L2__C0_NA__r01_s28101,scene_fc_clear_v05,FC_CLEAR,C0,,28101,62,27,0,0.0,DOES_NOT_INTERFERE,DOES_NOT_INTERFERE,False,False,True
v1__scene_fc_clear_v05__L2__C0_NA__r01_s28101,scene_fc_clear_v05,FC_CLEAR,C0,,28101,62,42,0,0.0,DOES_NOT_INTERFERE,DOES_NOT_INTERFERE,False,False,True
v1__scene_fc_clear_v05__L2__C0_NA__r01_s28101,scene_fc_clear_v05,FC_CLEAR,C0,,28101,62,82,0,0.0,DOES_NOT_INTERFERE,DOES_NOT_INTERFERE,False,False,True
v1__scene_fc_clear_v05__L2__C0_NA__r02_s28102,scene_fc_clear_v05,FC_CLEAR,C0,,28102,62,27,0,0.0,DOES_NOT_INTERFERE,DOES_NOT_INTERFERE,False,False,True
v1__scene_fc_clear_v05__L2__C0_NA__r02_s28102,scene_fc_clear_v05,FC_CLEAR,C0,,28102,62,42,0,0.0,DOES_NOT_INTERFERE,DOES_NOT_INTERFERE,False,False,True
v1__scene_fc_clear_v05__L2__C0_NA__r02_s28102,scene_fc_clear_v05,FC_CLEAR,C0,,28102,62,82,0,0.0,DOES_NOT_INTERFERE,DOES_NOT_INTERFERE,False,False,True
v1__scene_fc_clear_v05__L2__C0_NA__r03_s28103,scene_fc_clear_v05,FC_CLEAR,C0,,28103,62,27,0,0.0,DOES_NOT_INTERFERE,DOES_NOT_INTERFERE,False,False,True
v1__scene_fc_clear_v05__L2__C0_NA__r03_s28103,scene_fc_clear_v05,FC_CLEAR,C0,,28103,62,42,0,0.0,DOES_NOT_INTERFERE,DOES_NOT_INTERFERE,False,False,True
v1__scene_fc_clear_v05__L2__C0_NA__r03_s28103,scene_fc_clear_v05,FC_CLEAR,C0,,28103,62,82,0,0.0,DOES_NOT_INTERFERE,DOES_NOT_INTERFERE,False,False,True
v1__scene_fc_clear_v05__L2__C0_NA__r04_s28104,scene_fc_clear_v05,FC_CLEAR,C0,,28104,62,27,0,0.0,DOES_NOT_INTERFERE,DOES_NOT_INTERFERE,False,False,True
v1__scene_fc_clear_v05__L2__C0_NA__r04_s28104,scene_fc_clear_v05,FC_CLEAR,C0,,28104,62,42,0,0.0,DOES_NOT_INTERFERE,DOES_NOT_INTERFERE,False,False,True
v1__scene_fc_clear_v05__L2__C0_NA__r04_s28104,scene_fc_clear_v05,FC_CLEAR,C0,,28104,62,82,0,0.0,DOES_NOT_INTERFERE,DOES_NOT_INTERFERE,False,False,True
v1__scene_fc_clear_v05__L2__C0_NA__r05_s28105,scene_fc_clear_v05,FC_CLEAR,C0,,28105,62,27,0,0.0,DOES_NOT_INTERFERE,DOES_NOT_INTERFERE,False,False,True
v1__scene_fc_clear_v05__L2__C0_NA__r05_s28105,scene_fc_clear_v05,FC_CLEAR,C0,,28105,62,42,0,0.0,DOES_NOT_INTERFERE,DOES_NOT_INTERFERE,False,False,True
v1__scene_fc_clear_v05__L2__C0_NA__r05_s28105,scene_fc_clear_v05,FC_CLEAR,C0,,28105,62,82,0,0.0,DOES_NOT_INTERFERE,DOES_NOT_INTERFERE,False,False,True
v1__scene_fc_clear_v05__L2__C1_NA__r01_s28101,scene_fc_clear_v05,FC_CLEAR,C1,,28101,62,27,0,0.0,DOES_NOT_INTERFERE,DOES_NOT_INTERFERE,False,False,True
v1__scene_fc_clear_v05__L2__C1_NA__r01_s28101,scene_fc_clear_v05,FC_CLEAR,C1,,28101,62,42,0,0.0,DOES_NOT_INTERFERE,DOES_NOT_INTERFERE,False,False,True
v1__scene_fc_clear_v05__L2__C1_NA__r01_s28101,scene_fc_clear_v05,FC_CLEAR,C1,,28101,62,82,0,0.0,DOES_NOT_INTERFERE,INTERFERES,False,True,False
v1__scene_fc_clear_v05__L2__C1_NA__r02_s28102,scene_fc_clear_v05,FC_CLEAR,C1,,28102,62,27,0,0.0,DOES_NOT_INTERFERE,DOES_NOT_INTERFERE,False,False,True
v1__scene_fc_clear_v05__L2__C1_NA__r02_s28102,scene_fc_clear_v05,FC_CLEAR,C1,,28102,62,42,0,0.0,DOES_NOT_INTERFERE,DOES_NOT_INTERFERE,False,False,True
v1__scene_fc_clear_v05__L2__C1_NA__r02_s28102,scene_fc_clear_v05,FC_CLEAR,C1,,28102,62,82,0,0.0,DOES_NOT_INTERFERE,INTERFERES,False,True,False
v1__scene_fc_clear_v05__L2__C1_NA__r03_s28103,scene_fc_clear_v05,FC_CLEAR,C1,,28103,62,27,0,0.0,DOES_NOT_INTERFERE,DOES_NOT_INTERFERE,False,False,True
v1__scene_fc_clear_v05__L2__C1_NA__r03_s28103,scene_fc_clear_v05,FC_CLEAR,C1,,28103,62,42,0,0.0,DOES_NOT_INTERFERE,DOES_NOT_INTERFERE,False,False,True
v1__scene_fc_clear_v05__L2__C1_NA__r03_s28103,scene_fc_clear_v05,FC_CLEAR,C1,,28103,62,82,0,0.0,DOES_NOT_INTERFERE,INTERFERES,False,True,False
v1__scene_fc_clear_v05__L2__C1_NA__r04_s28104,scene_fc_clear_v05,FC_CLEAR,C1,,28104,62,27,0,0.0,DOES_NOT_INTERFERE,DOES_NOT_INTERFERE,False,False,True
v1__scene_fc_clear_v05__L2__C1_NA__r04_s28104,scene_fc_clear_v05,FC_CLEAR,C1,,28104,62,42,0,0.0,DOES_NOT_INTERFERE,DOES_NOT_INTERFERE,False,False,True
v1__scene_fc_clear_v05__L2__C1_NA__r04_s28104,scene_fc_clear_v05,FC_CLEAR,C1,,28104,62,82,0,0.0,DOES_NOT_INTERFERE,INTERFERES,False,True,False
v1__scene_fc_clear_v05__L2__C1_NA__r05_s28105,scene_fc_clear_v05,FC_CLEAR,C1,,28105,62,27,0,0.0,DOES_NOT_INTERFERE,DOES_NOT_INTERFERE,False,False,True
v1__scene_fc_clear_v05__L2__C1_NA__r05_s28105,scene_fc_clear_v05,FC_CLEAR,C1,,28105,62,42,0,0.0,DOES_NOT_INTERFERE,DOES_NOT_INTERFERE,False,False,True
v1__scene_fc_clear_v05__L2__C1_NA__r05_s28105,scene_fc_clear_v05,FC_CLEAR,C1,,28105,62,82,0,0.0,DOES_NOT_INTERFERE,INTERFERES,False,True,False
v1__scene_fc_clear_v05__L2__C2_D4__r01_s28101,scene_fc_clear_v05,FC_CLEAR,C2,D4,28101,62,27,0,0.0,DOES_NOT_INTERFERE,INTERFERES,False,True,False
v1__scene_fc_clear_v05__L2__C2_D4__r01_s28101,scene_fc_clear_v05,FC_CLEAR,C2,D4,28101,62,42,0,0.0,DOES_NOT_INTERFERE,INTERFERES,False,True,False
v1__scene_fc_clear_v05__L2__C2_D4__r01_s28101,scene_fc_clear_v05,FC_CLEAR,C2,D4,28101,62,82,0,0.0,DOES_NOT_INTERFERE,INTERFERES,False,True,False
v1__scene_fc_clear_v05__L2__C2_D4__r02_s28102,scene_fc_clear_v05,FC_CLEAR,C2,D4,28102,62,27,0,0.0,DOES_NOT_INTERFERE,INTERFERES,False,True,False
v1__scene_fc_clear_v05__L2__C2_D4__r02_s28102,scene_fc_clear_v05,FC_CLEAR,C2,D4,28102,62,42,0,0.0,DOES_NOT_INTERFERE,DOES_NOT_INTERFERE,False,False,True
v1__scene_fc_clear_v05__L2__C2_D4__r02_s28102,scene_fc_clear_v05,FC_CLEAR,C2,D4,28102,62,82,0,0.0,DOES_NOT_INTERFERE,INTERFERES,False,True,False
v1__scene_fc_clear_v05__L2__C2_D4__r03_s28103,scene_fc_clear_v05,FC_CLEAR,C2,D4,28103,62,27,0,0.0,DOES_NOT_INTERFERE,INTERFERES,False,True,False
v1__scene_fc_clear_v05__L2__C2_D4__r03_s28103,scene_fc_clear_v05,FC_CLEAR,C2,D4,28103,62,42,0,0.0,DOES_NOT_INTERFERE,INTERFERES,False,True,False
v1__scene_fc_clear_v05__L2__C2_D4__r03_s28103,scene_fc_clear_v05,FC_CLEAR,C2,D4,28103,62,82,0,0.0,DOES_NOT_INTERFERE,INTERFERES,False,True,False
v1__scene_fc_clear_v05__L2__C2_D4__r04_s28104,scene_fc_clear_v05,FC_CLEAR,C2,D4,28104,62,27,0,0.0,DOES_NOT_INTERFERE,INTERFERES,False,True,False
v1__scene_fc_clear_v05__L2__C2_D4__r04_s28104,scene_fc_clear_v05,FC_CLEAR,C2,D4,28104,62,42,0,0.0,DOES_NOT_INTERFERE,DOES_NOT_INTERFERE,False,False,True
v1__scene_fc_clear_v05__L2__C2_D4__r04_s28104,scene_fc_clear_v05,FC_CLEAR,C2,D4,28104,62,82,0,0.0,DOES_NOT_INTERFERE,INTERFERES,False,True,False
v1__scene_fc_clear_v05__L2__C2_D4__r05_s28105,scene_fc_clear_v05,FC_CLEAR,C2,D4,28105,62,27,0,0.0,DOES_NOT_INTERFERE,INTERFERES,False,True,False
v1__scene_fc_clear_v05__L2__C2_D4__r05_s28105,scene_fc_clear_v05,FC_CLEAR,C2,D4,28105,62,42,0,0.0,DOES_NOT_INTERFERE,DOES_NOT_INTERFERE,False,False,True
v1__scene_fc_clear_v05__L2__C2_D4__r05_s28105,scene_fc_clear_v05,FC_CLEAR,C2,D4,28105,62,82,0,0.0,DOES_NOT_INTERFERE,INTERFERES,False,True,False
v1__scene_fc_clear_v05__L2__C2_D8__r01_s28101,scene_fc_clear_v05,FC_CLEAR,C2,D8,28101,62,27,0,0.0,DOES_NOT_INTERFERE,INTERFERES,False,True,False
v1__scene_fc_clear_v05__L2__C2_D8__r01_s28101,scene_fc_clear_v05,FC_CLEAR,C2,D8,28101,62,42,0,0.0,DOES_NOT_INTERFERE,DOES_NOT_INTERFERE,False,False,True
v1__scene_fc_clear_v05__L2__C2_D8__r01_s28101,scene_fc_clear_v05,FC_CLEAR,C2,D8,28101,62,82,0,0.0,DOES_NOT_INTERFERE,INTERFERES,False,True,False
v1__scene_fc_clear_v05__L2__C2_D8__r02_s28102,scene_fc_clear_v05,FC_CLEAR,C2,D8,28102,62,27,0,0.0,DOES_NOT_INTERFERE,INTERFERES,False,True,False
v1__scene_fc_clear_v05__L2__C2_D8__r02_s28102,scene_fc_clear_v05,FC_CLEAR,C2,D8,28102,62,42,0,0.0,DOES_NOT_INTERFERE,DOES_NOT_INTERFERE,False,False,True
v1__scene_fc_clear_v05__L2__C2_D8__r02_s28102,scene_fc_clear_v05,FC_CLEAR,C2,D8,28102,62,82,0,0.0,DOES_NOT_INTERFERE,INTERFERES,False,True,False
v1__scene_fc_clear_v05__L2__C2_D8__r03_s28103,scene_fc_clear_v05,FC_CLEAR,C2,D8,28103,62,27,0,0.0,DOES_NOT_INTERFERE,DOES_NOT_INTERFERE,False,False,True
v1__scene_fc_clear_v05__L2__C2_D8__r03_s28103,scene_fc_clear_v05,FC_CLEAR,C2,D8,28103,62,42,0,0.0,DOES_NOT_INTERFERE,DOES_NOT_INTERFERE,False,False,True
v1__scene_fc_clear_v05__L2__C2_D8__r03_s28103,scene_fc_clear_v05,FC_CLEAR,C2,D8,28103,62,82,0,0.0,DOES_NOT_INTERFERE,DOES_NOT_INTERFERE,False,False,True
v1__scene_fc_clear_v05__L2__C2_D8__r04_s28104,scene_fc_clear_v05,FC_CLEAR,C2,D8,28104,62,27,0,0.0,DOES_NOT_INTERFERE,INTERFERES,False,True,False
v1__scene_fc_clear_v05__L2__C2_D8__r04_s28104,scene_fc_clear_v05,FC_CLEAR,C2,D8,28104,62,42,0,0.0,DOES_NOT_INTERFERE,DOES_NOT_INTERFERE,False,False,True
v1__scene_fc_clear_v05__L2__C2_D8__r04_s28104,scene_fc_clear_v05,FC_CLEAR,C2,D8,28104,62,82,0,0.0,DOES_NOT_INTERFERE,INTERFERES,False,True,False
v1__scene_fc_clear_v05__L2__C2_D8__r05_s28105,scene_fc_clear_v05,FC_CLEAR,C2,D8,28105,62,27,0,0.0,DOES_NOT_INTERFERE,INTERFERES,False,True,False
v1__scene_fc_clear_v05__L2__C2_D8__r05_s28105,scene_fc_clear_v05,FC_CLEAR,C2,D8,28105,62,42,0,0.0,DOES_NOT_INTERFERE,DOES_NOT_INTERFERE,False,False,True
v1__scene_fc_clear_v05__L2__C2_D8__r05_s28105,scene_fc_clear_v05,FC_CLEAR,C2,D8,28105,62,82,0,0.0,DOES_NOT_INTERFERE,INTERFERES,False,True,False
v1__scene_fc_clear_v05__L2__C3_D4__r01_s28101,scene_fc_clear_v05,FC_CLEAR,C3,D4,28101,62,27,0,0.0,DOES_NOT_INTERFERE,DOES_NOT_INTERFERE,False,False,True
v1__scene_fc_clear_v05__L2__C3_D4__r01_s28101,scene_fc_clear_v05,FC_CLEAR,C3,D4,28101,62,42,0,0.0,DOES_NOT_INTERFERE,DOES_NOT_INTERFERE,False,False,True
v1__scene_fc_clear_v05__L2__C3_D4__r01_s28101,scene_fc_clear_v05,FC_CLEAR,C3,D4,28101,62,82,0,0.0,DOES_NOT_INTERFERE,DOES_NOT_INTERFERE,False,False,True
v1__scene_fc_clear_v05__L2__C3_D4__r02_s28102,scene_fc_clear_v05,FC_CLEAR,C3,D4,28102,62,27,0,0.0,DOES_NOT_INTERFERE,DOES_NOT_INTERFERE,False,False,True
v1__scene_fc_clear_v05__L2__C3_D4__r02_s28102,scene_fc_clear_v05,FC_CLEAR,C3,D4,28102,62,42,0,0.0,DOES_NOT_INTERFERE,DOES_NOT_INTERFERE,False,False,True
v1__scene_fc_clear_v05__L2__C3_D4__r02_s28102,scene_fc_clear_v05,FC_CLEAR,C3,D4,28102,62,82,0,0.0,DOES_NOT_INTERFERE,DOES_NOT_INTERFERE,False,False,True
v1__scene_fc_clear_v05__L2__C3_D4__r03_s28103,scene_fc_clear_v05,FC_CLEAR,C3,D4,28103,62,27,0,0.0,DOES_NOT_INTERFERE,DOES_NOT_INTERFERE,False,False,True
v1__scene_fc_clear_v05__L2__C3_D4__r03_s28103,scene_fc_clear_v05,FC_CLEAR,C3,D4,28103,62,42,0,0.0,DOES_NOT_INTERFERE,DOES_NOT_INTERFERE,False,False,True
v1__scene_fc_clear_v05__L2__C3_D4__r03_s28103,scene_fc_clear_v05,FC_CLEAR,C3,D4,28103,62,82,0,0.0,DOES_NOT_INTERFERE,DOES_NOT_INTERFERE,False,False,True
v1__scene_fc_clear_v05__L2__C3_D4__r04_s28104,scene_fc_clear_v05,FC_CLEAR,C3,D4,28104,62,27,0,0.0,DOES_NOT_INTERFERE,DOES_NOT_INTERFERE,False,False,True
v1__scene_fc_clear_v05__L2__C3_D4__r04_s28104,scene_fc_clear_v05,FC_CLEAR,C3,D4,28104,62,42,0,0.0,DOES_NOT_INTERFERE,DOES_NOT_INTERFERE,False,False,True
v1__scene_fc_clear_v05__L2__C3_D4__r04_s28104,scene_fc_clear_v05,FC_CLEAR,C3,D4,28104,62,82,0,0.0,DOES_NOT_INTERFERE,DOES_NOT_INTERFERE,False,False,True
v1__scene_fc_clear_v05__L2__C3_D4__r05_s28105,scene_fc_clear_v05,FC_CLEAR,C3,D4,28105,62,27,0,0.0,DOES_NOT_INTERFERE,DOES_NOT_INTERFERE,False,False,True
v1__scene_fc_clear_v05__L2__C3_D4__r05_s28105,scene_fc_clear_v05,FC_CLEAR,C3,D4,28105,62,42,0,0.0,DOES_NOT_INTERFERE,DOES_NOT_INTERFERE,False,False,True
v1__scene_fc_clear_v05__L2__C3_D4__r05_s28105,scene_fc_clear_v05,FC_CLEAR,C3,D4,28105,62,82,0,0.0,DOES_NOT_INTERFERE,DOES_NOT_INTERFERE,False,False,True
v1__scene_fc_clear_v05__L2__C3_D8__r01_s28101,scene_fc_clear_v05,FC_CLEAR,C3,D8,28101,62,27,0,0.0,DOES_NOT_INTERFERE,DOES_NOT_INTERFERE,False,False,True
v1__scene_fc_clear_v05__L2__C3_D8__r01_s28101,scene_fc_clear_v05,FC_CLEAR,C3,D8,28101,62,42,0,0.0,DOES_NOT_INTERFERE,DOES_NOT_INTERFERE,False,False,True
v1__scene_fc_clear_v05__L2__C3_D8__r01_s28101,scene_fc_clear_v05,FC_CLEAR,C3,D8,28101,62,82,0,0.0,DOES_NOT_INTERFERE,DOES_NOT_INTERFERE,False,False,True
v1__scene_fc_clear_v05__L2__C3_D8__r02_s28102,scene_fc_clear_v05,FC_CLEAR,C3,D8,28102,62,27,0,0.0,DOES_NOT_INTERFERE,DOES_NOT_INTERFERE,False,False,True
v1__scene_fc_clear_v05__L2__C3_D8__r02_s28102,scene_fc_clear_v05,FC_CLEAR,C3,D8,28102,62,42,0,0.0,DOES_NOT_INTERFERE,DOES_NOT_INTERFERE,False,False,True
v1__scene_fc_clear_v05__L2__C3_D8__r02_s28102,scene_fc_clear_v05,FC_CLEAR,C3,D8,28102,62,82,0,0.0,DOES_NOT_INTERFERE,DOES_NOT_INTERFERE,False,False,True
v1__scene_fc_clear_v05__L2__C3_D8__r03_s28103,scene_fc_clear_v05,FC_CLEAR,C3,D8,28103,62,27,0,0.0,DOES_NOT_INTERFERE,DOES_NOT_INTERFERE,False,False,True
v1__scene_fc_clear_v05__L2__C3_D8__r03_s28103,scene_fc_clear_v05,FC_CLEAR,C3,D8,28103,62,42,0,0.0,DOES_NOT_INTERFERE,DOES_NOT_INTERFERE,False,False,True
v1__scene_fc_clear_v05__L2__C3_D8__r03_s28103,scene_fc_clear_v05,FC_CLEAR,C3,D8,28103,62,82,0,0.0,DOES_NOT_INTERFERE,DOES_NOT_INTERFERE,False,False,True
v1__scene_fc_clear_v05__L2__C3_D8__r04_s28104,scene_fc_clear_v05,FC_CLEAR,C3,D8,28104,62,27,0,0.0,DOES_NOT_INTERFERE,DOES_NOT_INTERFERE,False,False,True
v1__scene_fc_clear_v05__L2__C3_D8__r04_s28104,scene_fc_clear_v05,FC_CLEAR,C3,D8,28104,62,42,0,0.0,DOES_NOT_INTERFERE,DOES_NOT_INTERFERE,False,False,True
v1__scene_fc_clear_v05__L2__C3_D8__r04_s28104,scene_fc_clear_v05,FC_CLEAR,C3,D8,28104,62,82,0,0.0,DOES_NOT_INTERFERE,DOES_NOT_INTERFERE,False,False,True
v1__scene_fc_clear_v05__L2__C3_D8__r05_s28105,scene_fc_clear_v05,FC_CLEAR,C3,D8,28105,62,27,0,0.0,DOES_NOT_INTERFERE,DOES_NOT_INTERFERE,False,False,True
v1__scene_fc_clear_v05__L2__C3_D8__r05_s28105,scene_fc_clear_v05,FC_CLEAR,C3,D8,28105,62,42,0,0.0,DOES_NOT_INTERFERE,DOES_NOT_INTERFERE,False,False,True
v1__scene_fc_clear_v05__L2__C3_D8__r05_s28105,scene_fc_clear_v05,FC_CLEAR,C3,D8,28105,62,82,0,0.0,DOES_NOT_INTERFERE,DOES_NOT_INTERFERE,False,False,True
v1__scene_fc_clear_v05__L2__C4_D4__r01_s28101,scene_fc_clear_v05,FC_CLEAR,C4,D4,28101,62,27,0,0.0,DOES_NOT_INTERFERE,DOES_NOT_INTERFERE,False,False,True
v1__scene_fc_clear_v05__L2__C4_D4__r01_s28101,scene_fc_clear_v05,FC_CLEAR,C4,D4,28101,62,42,0,0.0,DOES_NOT_INTERFERE,DOES_NOT_INTERFERE,False,False,True
v1__scene_fc_clear_v05__L2__C4_D4__r01_s28101,scene_fc_clear_v05,FC_CLEAR,C4,D4,28101,62,82,0,0.0,DOES_NOT_INTERFERE,DOES_NOT_INTERFERE,False,False,True
v1__scene_fc_clear_v05__L2__C4_D4__r02_s28102,scene_fc_clear_v05,FC_CLEAR,C4,D4,28102,62,27,0,0.0,DOES_NOT_INTERFERE,DOES_NOT_INTERFERE,False,False,True
v1__scene_fc_clear_v05__L2__C4_D4__r02_s28102,scene_fc_clear_v05,FC_CLEAR,C4,D4,28102,62,42,0,0.0,DOES_NOT_INTERFERE,DOES_NOT_INTERFERE,False,False,True
v1__scene_fc_clear_v05__L2__C4_D4__r02_s28102,scene_fc_clear_v05,FC_CLEAR,C4,D4,28102,62,82,0,0.0,DOES_NOT_INTERFERE,DOES_NOT_INTERFERE,False,False,True
v1__scene_fc_clear_v05__L2__C4_D4__r03_s28103,scene_fc_clear_v05,FC_CLEAR,C4,D4,28103,62,27,0,0.0,DOES_NOT_INTERFERE,DOES_NOT_INTERFERE,False,False,True
v1__scene_fc_clear_v05__L2__C4_D4__r03_s28103,scene_fc_clear_v05,FC_CLEAR,C4,D4,28103,62,42,0,0.0,DOES_NOT_INTERFERE,DOES_NOT_INTERFERE,False,False,True
v1__scene_fc_clear_v05__L2__C4_D4__r03_s28103,scene_fc_clear_v05,FC_CLEAR,C4,D4,28103,62,82,0,0.0,DOES_NOT_INTERFERE,DOES_NOT_INTERFERE,False,False,True
v1__scene_fc_clear_v05__L2__C4_D4__r04_s28104,scene_fc_clear_v05,FC_CLEAR,C4,D4,28104,62,27,0,0.0,DOES_NOT_INTERFERE,DOES_NOT_INTERFERE,False,False,True
v1__scene_fc_clear_v05__L2__C4_D4__r04_s28104,scene_fc_clear_v05,FC_CLEAR,C4,D4,28104,62,42,0,0.0,DOES_NOT_INTERFERE,DOES_NOT_INTERFERE,False,False,True
v1__scene_fc_clear_v05__L2__C4_D4__r04_s28104,scene_fc_clear_v05,FC_CLEAR,C4,D4,28104,62,82,0,0.0,DOES_NOT_INTERFERE,DOES_NOT_INTERFERE,False,False,True
v1__scene_fc_clear_v05__L2__C4_D4__r05_s28105,scene_fc_clear_v05,FC_CLEAR,C4,D4,28105,62,27,0,0.0,DOES_NOT_INTERFERE,DOES_NOT_INTERFERE,False,False,True
v1__scene_fc_clear_v05__L2__C4_D4__r05_s28105,scene_fc_clear_v05,FC_CLEAR,C4,D4,28105,62,42,0,0.0,DOES_NOT_INTERFERE,DOES_NOT_INTERFERE,False,False,True
v1__scene_fc_clear_v05__L2__C4_D4__r05_s28105,scene_fc_clear_v05,FC_CLEAR,C4,D4,28105,62,82,0,0.0,DOES_NOT_INTERFERE,DOES_NOT_INTERFERE,False,False,True
v1__scene_fc_clear_v05__L2__C4_D8__r01_s28101,scene_fc_clear_v05,FC_CLEAR,C4,D8,28101,62,27,0,0.0,DOES_NOT_INTERFERE,DOES_NOT_INTERFERE,False,False,True
v1__scene_fc_clear_v05__L2__C4_D8__r01_s28101,scene_fc_clear_v05,FC_CLEAR,C4,D8,28101,62,42,0,0.0,DOES_NOT_INTERFERE,DOES_NOT_INTERFERE,False,False,True
v1__scene_fc_clear_v05__L2__C4_D8__r01_s28101,scene_fc_clear_v05,FC_CLEAR,C4,D8,28101,62,82,0,0.0,DOES_NOT_INTERFERE,DOES_NOT_INTERFERE,False,False,True
v1__scene_fc_clear_v05__L2__C4_D8__r02_s28102,scene_fc_clear_v05,FC_CLEAR,C4,D8,28102,62,27,0,0.0,DOES_NOT_INTERFERE,DOES_NOT_INTERFERE,False,False,True
v1__scene_fc_clear_v05__L2__C4_D8__r02_s28102,scene_fc_clear_v05,FC_CLEAR,C4,D8,28102,62,42,0,0.0,DOES_NOT_INTERFERE,DOES_NOT_INTERFERE,False,False,True
v1__scene_fc_clear_v05__L2__C4_D8__r02_s28102,scene_fc_clear_v05,FC_CLEAR,C4,D8,28102,62,82,0,0.0,DOES_NOT_INTERFERE,DOES_NOT_INTERFERE,False,False,True
v1__scene_fc_clear_v05__L2__C4_D8__r03_s28103,scene_fc_clear_v05,FC_CLEAR,C4,D8,28103,62,27,0,0.0,DOES_NOT_INTERFERE,DOES_NOT_INTERFERE,False,False,True
v1__scene_fc_clear_v05__L2__C4_D8__r03_s28103,scene_fc_clear_v05,FC_CLEAR,C4,D8,28103,62,42,0,0.0,DOES_NOT_INTERFERE,DOES_NOT_INTERFERE,False,False,True
v1__scene_fc_clear_v05__L2__C4_D8__r03_s28103,scene_fc_clear_v05,FC_CLEAR,C4,D8,28103,62,82,0,0.0,DOES_NOT_INTERFERE,DOES_NOT_INTERFERE,False,False,True
v1__scene_fc_clear_v05__L2__C4_D8__r04_s28104,scene_fc_clear_v05,FC_CLEAR,C4,D8,28104,62,27,0,0.0,DOES_NOT_INTERFERE,DOES_NOT_INTERFERE,False,False,True
v1__scene_fc_clear_v05__L2__C4_D8__r04_s28104,scene_fc_clear_v05,FC_CLEAR,C4,D8,28104,62,42,0,0.0,DOES_NOT_INTERFERE,DOES_NOT_INTERFERE,False,False,True
v1__scene_fc_clear_v05__L2__C4_D8__r04_s28104,scene_fc_clear_v05,FC_CLEAR,C4,D8,28104,62,82,0,0.0,DOES_NOT_INTERFERE,DOES_NOT_INTERFERE,False,False,True
v1__scene_fc_clear_v05__L2__C4_D8__r05_s28105,scene_fc_clear_v05,FC_CLEAR,C4,D8,28105,62,27,0,0.0,DOES_NOT_INTERFERE,DOES_NOT_INTERFERE,False,False,True
v1__scene_fc_clear_v05__L2__C4_D8__r05_s28105,scene_fc_clear_v05,FC_CLEAR,C4,D8,28105,62,42,0,0.0,DOES_NOT_INTERFERE,DOES_NOT_INTERFERE,False,False,True
v1__scene_fc_clear_v05__L2__C4_D8__r05_s28105,scene_fc_clear_v05,FC_CLEAR,C4,D8,28105,62,82,0,0.0,DOES_NOT_INTERFERE,DOES_NOT_INTERFERE,False,False,True
v1__scene_fc_clear_v05__L2__C5_D4__r01_s28101,scene_fc_clear_v05,FC_CLEAR,C5,D4,28101,62,27,0,0.0,DOES_NOT_INTERFERE,DOES_NOT_INTERFERE,False,False,True
v1__scene_fc_clear_v05__L2__C5_D4__r01_s28101,scene_fc_clear_v05,FC_CLEAR,C5,D4,28101,62,42,0,0.0,DOES_NOT_INTERFERE,DOES_NOT_INTERFERE,False,False,True
v1__scene_fc_clear_v05__L2__C5_D4__r01_s28101,scene_fc_clear_v05,FC_CLEAR,C5,D4,28101,62,82,0,0.0,DOES_NOT_INTERFERE,DOES_NOT_INTERFERE,False,False,True
v1__scene_fc_clear_v05__L2__C5_D4__r02_s28102,scene_fc_clear_v05,FC_CLEAR,C5,D4,28102,62,27,0,0.0,DOES_NOT_INTERFERE,DOES_NOT_INTERFERE,False,False,True
v1__scene_fc_clear_v05__L2__C5_D4__r02_s28102,scene_fc_clear_v05,FC_CLEAR,C5,D4,28102,62,42,0,0.0,DOES_NOT_INTERFERE,DOES_NOT_INTERFERE,False,False,True
v1__scene_fc_clear_v05__L2__C5_D4__r02_s28102,scene_fc_clear_v05,FC_CLEAR,C5,D4,28102,62,82,0,0.0,DOES_NOT_INTERFERE,DOES_NOT_INTERFERE,False,False,True
v1__scene_fc_clear_v05__L2__C5_D4__r03_s28103,scene_fc_clear_v05,FC_CLEAR,C5,D4,28103,62,27,0,0.0,DOES_NOT_INTERFERE,DOES_NOT_INTERFERE,False,False,True
v1__scene_fc_clear_v05__L2__C5_D4__r03_s28103,scene_fc_clear_v05,FC_CLEAR,C5,D4,28103,62,42,0,0.0,DOES_NOT_INTERFERE,DOES_NOT_INTERFERE,False,False,True
v1__scene_fc_clear_v05__L2__C5_D4__r03_s28103,scene_fc_clear_v05,FC_CLEAR,C5,D4,28103,62,82,0,0.0,DOES_NOT_INTERFERE,DOES_NOT_INTERFERE,False,False,True
v1__scene_fc_clear_v05__L2__C5_D4__r04_s28104,scene_fc_clear_v05,FC_CLEAR,C5,D4,28104,62,27,0,0.0,DOES_NOT_INTERFERE,DOES_NOT_INTERFERE,False,False,True
v1__scene_fc_clear_v05__L2__C5_D4__r04_s28104,scene_fc_clear_v05,FC_CLEAR,C5,D4,28104,62,42,0,0.0,DOES_NOT_INTERFERE,DOES_NOT_INTERFERE,False,False,True
v1__scene_fc_clear_v05__L2__C5_D4__r04_s28104,scene_fc_clear_v05,FC_CLEAR,C5,D4,28104,62,82,0,0.0,DOES_NOT_INTERFERE,DOES_NOT_INTERFERE,False,False,True
v1__scene_fc_clear_v05__L2__C5_D4__r05_s28105,scene_fc_clear_v05,FC_CLEAR,C5,D4,28105,62,27,0,0.0,DOES_NOT_INTERFERE,DOES_NOT_INTERFERE,False,False,True
v1__scene_fc_clear_v05__L2__C5_D4__r05_s28105,scene_fc_clear_v05,FC_CLEAR,C5,D4,28105,62,42,0,0.0,DOES_NOT_INTERFERE,DOES_NOT_INTERFERE,False,False,True
v1__scene_fc_clear_v05__L2__C5_D4__r05_s28105,scene_fc_clear_v05,FC_CLEAR,C5,D4,28105,62,82,0,0.0,DOES_NOT_INTERFERE,DOES_NOT_INTERFERE,False,False,True
v1__scene_fc_clear_v05__L2__C5_D8__r01_s28101,scene_fc_clear_v05,FC_CLEAR,C5,D8,28101,62,27,0,0.0,DOES_NOT_INTERFERE,DOES_NOT_INTERFERE,False,False,True
v1__scene_fc_clear_v05__L2__C5_D8__r01_s28101,scene_fc_clear_v05,FC_CLEAR,C5,D8,28101,62,42,0,0.0,DOES_NOT_INTERFERE,DOES_NOT_INTERFERE,False,False,True
v1__scene_fc_clear_v05__L2__C5_D8__r01_s28101,scene_fc_clear_v05,FC_CLEAR,C5,D8,28101,62,82,0,0.0,DOES_NOT_INTERFERE,DOES_NOT_INTERFERE,False,False,True
v1__scene_fc_clear_v05__L2__C5_D8__r02_s28102,scene_fc_clear_v05,FC_CLEAR,C5,D8,28102,62,27,0,0.0,DOES_NOT_INTERFERE,DOES_NOT_INTERFERE,False,False,True
v1__scene_fc_clear_v05__L2__C5_D8__r02_s28102,scene_fc_clear_v05,FC_CLEAR,C5,D8,28102,62,42,0,0.0,DOES_NOT_INTERFERE,DOES_NOT_INTERFERE,False,False,True
v1__scene_fc_clear_v05__L2__C5_D8__r02_s28102,scene_fc_clear_v05,FC_CLEAR,C5,D8,28102,62,82,0,0.0,DOES_NOT_INTERFERE,DOES_NOT_INTERFERE,False,False,True
v1__scene_fc_clear_v05__L2__C5_D8__r03_s28103,scene_fc_clear_v05,FC_CLEAR,C5,D8,28103,62,27,0,0.0,DOES_NOT_INTERFERE,DOES_NOT_INTERFERE,False,False,True
v1__scene_fc_clear_v05__L2__C5_D8__r03_s28103,scene_fc_clear_v05,FC_CLEAR,C5,D8,28103,62,42,0,0.0,DOES_NOT_INTERFERE,DOES_NOT_INTERFERE,False,False,True
v1__scene_fc_clear_v05__L2__C5_D8__r03_s28103,scene_fc_clear_v05,FC_CLEAR,C5,D8,28103,62,82,0,0.0,DOES_NOT_INTERFERE,DOES_NOT_INTERFERE,False,False,True
v1__scene_fc_clear_v05__L2__C5_D8__r04_s28104,scene_fc_clear_v05,FC_CLEAR,C5,D8,28104,62,27,0,0.0,DOES_NOT_INTERFERE,DOES_NOT_INTERFERE,False,False,True
v1__scene_fc_clear_v05__L2__C5_D8__r04_s28104,scene_fc_clear_v05,FC_CLEAR,C5,D8,28104,62,42,0,0.0,DOES_NOT_INTERFERE,DOES_NOT_INTERFERE,False,False,True
v1__scene_fc_clear_v05__L2__C5_D8__r04_s28104,scene_fc_clear_v05,FC_CLEAR,C5,D8,28104,62,82,0,0.0,DOES_NOT_INTERFERE,DOES_NOT_INTERFERE,False,False,True
v1__scene_fc_clear_v05__L2__C5_D8__r05_s28105,scene_fc_clear_v05,FC_CLEAR,C5,D8,28105,62,27,0,0.0,DOES_NOT_INTERFERE,DOES_NOT_INTERFERE,False,False,True
v1__scene_fc_clear_v05__L2__C5_D8__r05_s28105,scene_fc_clear_v05,FC_CLEAR,C5,D8,28105,62,42,0,0.0,DOES_NOT_INTERFERE,DOES_NOT_INTERFERE,False,False,True
v1__scene_fc_clear_v05__L2__C5_D8__r05_s28105,scene_fc_clear_v05,FC_CLEAR,C5,D8,28105,62,82,0,0.0,DOES_NOT_INTERFERE,DOES_NOT_INTERFERE,False,False,True
v1__scene_fc_clear_v05__L2__C6_D4__r01_s28101,scene_fc_clear_v05,FC_CLEAR,C6,D4,28101,62,27,0,0.0,DOES_NOT_INTERFERE,DOES_NOT_INTERFERE,False,False,True
v1__scene_fc_clear_v05__L2__C6_D4__r01_s28101,scene_fc_clear_v05,FC_CLEAR,C6,D4,28101,62,42,0,0.0,DOES_NOT_INTERFERE,DOES_NOT_INTERFERE,False,False,True
v1__scene_fc_clear_v05__L2__C6_D4__r01_s28101,scene_fc_clear_v05,FC_CLEAR,C6,D4,28101,62,82,0,0.0,DOES_NOT_INTERFERE,DOES_NOT_INTERFERE,False,False,True
v1__scene_fc_clear_v05__L2__C6_D4__r02_s28102,scene_fc_clear_v05,FC_CLEAR,C6,D4,28102,62,27,0,0.0,DOES_NOT_INTERFERE,DOES_NOT_INTERFERE,False,False,True
v1__scene_fc_clear_v05__L2__C6_D4__r02_s28102,scene_fc_clear_v05,FC_CLEAR,C6,D4,28102,62,42,0,0.0,DOES_NOT_INTERFERE,DOES_NOT_INTERFERE,False,False,True
v1__scene_fc_clear_v05__L2__C6_D4__r02_s28102,scene_fc_clear_v05,FC_CLEAR,C6,D4,28102,62,82,0,0.0,DOES_NOT_INTERFERE,DOES_NOT_INTERFERE,False,False,True
v1__scene_fc_clear_v05__L2__C6_D4__r03_s28103,scene_fc_clear_v05,FC_CLEAR,C6,D4,28103,62,27,0,0.0,DOES_NOT_INTERFERE,DOES_NOT_INTERFERE,False,False,True
v1__scene_fc_clear_v05__L2__C6_D4__r03_s28103,scene_fc_clear_v05,FC_CLEAR,C6,D4,28103,62,42,0,0.0,DOES_NOT_INTERFERE,DOES_NOT_INTERFERE,False,False,True
v1__scene_fc_clear_v05__L2__C6_D4__r03_s28103,scene_fc_clear_v05,FC_CLEAR,C6,D4,28103,62,82,0,0.0,DOES_NOT_INTERFERE,DOES_NOT_INTERFERE,False,False,True
v1__scene_fc_clear_v05__L2__C6_D4__r04_s28104,scene_fc_clear_v05,FC_CLEAR,C6,D4,28104,62,27,0,0.0,DOES_NOT_INTERFERE,DOES_NOT_INTERFERE,False,False,True
v1__scene_fc_clear_v05__L2__C6_D4__r04_s28104,scene_fc_clear_v05,FC_CLEAR,C6,D4,28104,62,42,0,0.0,DOES_NOT_INTERFERE,DOES_NOT_INTERFERE,False,False,True
v1__scene_fc_clear_v05__L2__C6_D4__r04_s28104,scene_fc_clear_v05,FC_CLEAR,C6,D4,28104,62,82,0,0.0,DOES_NOT_INTERFERE,DOES_NOT_INTERFERE,False,False,True
v1__scene_fc_clear_v05__L2__C6_D4__r05_s28105,scene_fc_clear_v05,FC_CLEAR,C6,D4,28105,62,27,0,0.0,DOES_NOT_INTERFERE,DOES_NOT_INTERFERE,False,False,True
v1__scene_fc_clear_v05__L2__C6_D4__r05_s28105,scene_fc_clear_v05,FC_CLEAR,C6,D4,28105,62,42,0,0.0,DOES_NOT_INTERFERE,DOES_NOT_INTERFERE,False,False,True
v1__scene_fc_clear_v05__L2__C6_D4__r05_s28105,scene_fc_clear_v05,FC_CLEAR,C6,D4,28105,62,82,0,0.0,DOES_NOT_INTERFERE,DOES_NOT_INTERFERE,False,False,True
v1__scene_fc_clear_v05__L2__C6_D8__r01_s28101,scene_fc_clear_v05,FC_CLEAR,C6,D8,28101,62,27,0,0.0,DOES_NOT_INTERFERE,DOES_NOT_INTERFERE,False,False,True
v1__scene_fc_clear_v05__L2__C6_D8__r01_s28101,scene_fc_clear_v05,FC_CLEAR,C6,D8,28101,62,42,0,0.0,DOES_NOT_INTERFERE,DOES_NOT_INTERFERE,False,False,True
v1__scene_fc_clear_v05__L2__C6_D8__r01_s28101,scene_fc_clear_v05,FC_CLEAR,C6,D8,28101,62,82,0,0.0,DOES_NOT_INTERFERE,DOES_NOT_INTERFERE,False,False,True
v1__scene_fc_clear_v05__L2__C6_D8__r02_s28102,scene_fc_clear_v05,FC_CLEAR,C6,D8,28102,62,27,0,0.0,DOES_NOT_INTERFERE,DOES_NOT_INTERFERE,False,False,True
v1__scene_fc_clear_v05__L2__C6_D8__r02_s28102,scene_fc_clear_v05,FC_CLEAR,C6,D8,28102,62,42,0,0.0,DOES_NOT_INTERFERE,DOES_NOT_INTERFERE,False,False,True
v1__scene_fc_clear_v05__L2__C6_D8__r02_s28102,scene_fc_clear_v05,FC_CLEAR,C6,D8,28102,62,82,0,0.0,DOES_NOT_INTERFERE,DOES_NOT_INTERFERE,False,False,True
v1__scene_fc_clear_v05__L2__C6_D8__r03_s28103,scene_fc_clear_v05,FC_CLEAR,C6,D8,28103,62,27,0,0.0,DOES_NOT_INTERFERE,DOES_NOT_INTERFERE,False,False,True
v1__scene_fc_clear_v05__L2__C6_D8__r03_s28103,scene_fc_clear_v05,FC_CLEAR,C6,D8,28103,62,42,0,0.0,DOES_NOT_INTERFERE,DOES_NOT_INTERFERE,False,False,True
v1__scene_fc_clear_v05__L2__C6_D8__r03_s28103,scene_fc_clear_v05,FC_CLEAR,C6,D8,28103,62,82,0,0.0,DOES_NOT_INTERFERE,DOES_NOT_INTERFERE,False,False,True
v1__scene_fc_clear_v05__L2__C6_D8__r04_s28104,scene_fc_clear_v05,FC_CLEAR,C6,D8,28104,62,27,0,0.0,DOES_NOT_INTERFERE,DOES_NOT_INTERFERE,False,False,True
v1__scene_fc_clear_v05__L2__C6_D8__r04_s28104,scene_fc_clear_v05,FC_CLEAR,C6,D8,28104,62,42,0,0.0,DOES_NOT_INTERFERE,DOES_NOT_INTERFERE,False,False,True
v1__scene_fc_clear_v05__L2__C6_D8__r04_s28104,scene_fc_clear_v05,FC_CLEAR,C6,D8,28104,62,82,0,0.0,DOES_NOT_INTERFERE,DOES_NOT_INTERFERE,False,False,True
v1__scene_fc_clear_v05__L2__C6_D8__r05_s28105,scene_fc_clear_v05,FC_CLEAR,C6,D8,28105,62,27,0,0.0,DOES_NOT_INTERFERE,DOES_NOT_INTERFERE,False,False,True
v1__scene_fc_clear_v05__L2__C6_D8__r05_s28105,scene_fc_clear_v05,FC_CLEAR,C6,D8,28105,62,42,0,0.0,DOES_NOT_INTERFERE,DOES_NOT_INTERFERE,False,False,True
v1__scene_fc_clear_v05__L2__C6_D8__r05_s28105,scene_fc_clear_v05,FC_CLEAR,C6,D8,28105,62,82,0,0.0,DOES_NOT_INTERFERE,DOES_NOT_INTERFERE,False,False,True
v1__scene_lift_and_relocate_v01__L2__C0_NA__r01_s28101,scene_lift_and_relocate_v01,LIFT_AND_RELOCATE,C0,,28101,59,16,0,0.0,DOES_NOT_INTERFERE,DOES_NOT_INTERFERE,False,False,True
v1__scene_lift_and_relocate_v01__L2__C0_NA__r01_s28101,scene_lift_and_relocate_v01,LIFT_AND_RELOCATE,C0,,28101,59,30,0,0.0,DOES_NOT_INTERFERE,DOES_NOT_INTERFERE,False,False,True
v1__scene_lift_and_relocate_v01__L2__C0_NA__r01_s28101,scene_lift_and_relocate_v01,LIFT_AND_RELOCATE,C0,,28101,59,32,0,0.0,DOES_NOT_INTERFERE,DOES_NOT_INTERFERE,False,False,True
v1__scene_lift_and_relocate_v01__L2__C0_NA__r01_s28101,scene_lift_and_relocate_v01,LIFT_AND_RELOCATE,C0,,28101,59,64,6071,0.606130192,INTERFERES,DOES_NOT_INTERFERE,True,False,False
v1__scene_lift_and_relocate_v01__L2__C0_NA__r01_s28101,scene_lift_and_relocate_v01,LIFT_AND_RELOCATE,C0,,28101,59,79,0,0.0,DOES_NOT_INTERFERE,DOES_NOT_INTERFERE,False,False,True
v1__scene_lift_and_relocate_v01__L2__C0_NA__r02_s28102,scene_lift_and_relocate_v01,LIFT_AND_RELOCATE,C0,,28102,59,16,0,0.0,DOES_NOT_INTERFERE,DOES_NOT_INTERFERE,False,False,True
v1__scene_lift_and_relocate_v01__L2__C0_NA__r02_s28102,scene_lift_and_relocate_v01,LIFT_AND_RELOCATE,C0,,28102,59,30,0,0.0,DOES_NOT_INTERFERE,DOES_NOT_INTERFERE,False,False,True
v1__scene_lift_and_relocate_v01__L2__C0_NA__r02_s28102,scene_lift_and_relocate_v01,LIFT_AND_RELOCATE,C0,,28102,59,32,0,0.0,DOES_NOT_INTERFERE,DOES_NOT_INTERFERE,False,False,True
v1__scene_lift_and_relocate_v01__L2__C0_NA__r02_s28102,scene_lift_and_relocate_v01,LIFT_AND_RELOCATE,C0,,28102,59,64,6071,0.606130192,INTERFERES,INTERFERES,True,True,True
v1__scene_lift_and_relocate_v01__L2__C0_NA__r02_s28102,scene_lift_and_relocate_v01,LIFT_AND_RELOCATE,C0,,28102,59,79,0,0.0,DOES_NOT_INTERFERE,INTERFERES,False,True,False
v1__scene_lift_and_relocate_v01__L2__C0_NA__r03_s28103,scene_lift_and_relocate_v01,LIFT_AND_RELOCATE,C0,,28103,59,16,0,0.0,DOES_NOT_INTERFERE,DOES_NOT_INTERFERE,False,False,True
v1__scene_lift_and_relocate_v01__L2__C0_NA__r03_s28103,scene_lift_and_relocate_v01,LIFT_AND_RELOCATE,C0,,28103,59,30,0,0.0,DOES_NOT_INTERFERE,DOES_NOT_INTERFERE,False,False,True
v1__scene_lift_and_relocate_v01__L2__C0_NA__r03_s28103,scene_lift_and_relocate_v01,LIFT_AND_RELOCATE,C0,,28103,59,32,0,0.0,DOES_NOT_INTERFERE,DOES_NOT_INTERFERE,False,False,True
v1__scene_lift_and_relocate_v01__L2__C0_NA__r03_s28103,scene_lift_and_relocate_v01,LIFT_AND_RELOCATE,C0,,28103,59,64,6071,0.606130192,INTERFERES,INTERFERES,True,True,True
v1__scene_lift_and_relocate_v01__L2__C0_NA__r03_s28103,scene_lift_and_relocate_v01,LIFT_AND_RELOCATE,C0,,28103,59,79,0,0.0,DOES_NOT_INTERFERE,INTERFERES,False,True,False
v1__scene_lift_and_relocate_v01__L2__C0_NA__r04_s28104,scene_lift_and_relocate_v01,LIFT_AND_RELOCATE,C0,,28104,59,16,0,0.0,DOES_NOT_INTERFERE,DOES_NOT_INTERFERE,False,False,True
v1__scene_lift_and_relocate_v01__L2__C0_NA__r04_s28104,scene_lift_and_relocate_v01,LIFT_AND_RELOCATE,C0,,28104,59,30,0,0.0,DOES_NOT_INTERFERE,DOES_NOT_INTERFERE,False,False,True
v1__scene_lift_and_relocate_v01__L2__C0_NA__r04_s28104,scene_lift_and_relocate_v01,LIFT_AND_RELOCATE,C0,,28104,59,32,0,0.0,DOES_NOT_INTERFERE,DOES_NOT_INTERFERE,False,False,True
v1__scene_lift_and_relocate_v01__L2__C0_NA__r04_s28104,scene_lift_and_relocate_v01,LIFT_AND_RELOCATE,C0,,28104,59,64,6071,0.606130192,INTERFERES,INTERFERES,True,True,True
v1__scene_lift_and_relocate_v01__L2__C0_NA__r04_s28104,scene_lift_and_relocate_v01,LIFT_AND_RELOCATE,C0,,28104,59,79,0,0.0,DOES_NOT_INTERFERE,INTERFERES,False,True,False
v1__scene_lift_and_relocate_v01__L2__C0_NA__r05_s28105,scene_lift_and_relocate_v01,LIFT_AND_RELOCATE,C0,,28105,59,16,0,0.0,DOES_NOT_INTERFERE,DOES_NOT_INTERFERE,False,False,True
v1__scene_lift_and_relocate_v01__L2__C0_NA__r05_s28105,scene_lift_and_relocate_v01,LIFT_AND_RELOCATE,C0,,28105,59,30,0,0.0,DOES_NOT_INTERFERE,DOES_NOT_INTERFERE,False,False,True
v1__scene_lift_and_relocate_v01__L2__C0_NA__r05_s28105,scene_lift_and_relocate_v01,LIFT_AND_RELOCATE,C0,,28105,59,32,0,0.0,DOES_NOT_INTERFERE,DOES_NOT_INTERFERE,False,False,True
v1__scene_lift_and_relocate_v01__L2__C0_NA__r05_s28105,scene_lift_and_relocate_v01,LIFT_AND_RELOCATE,C0,,28105,59,64,6071,0.606130192,INTERFERES,INTERFERES,True,True,True
v1__scene_lift_and_relocate_v01__L2__C0_NA__r05_s28105,scene_lift_and_relocate_v01,LIFT_AND_RELOCATE,C0,,28105,59,79,0,0.0,DOES_NOT_INTERFERE,INTERFERES,False,True,False
v1__scene_lift_and_relocate_v01__L2__C1_NA__r01_s28101,scene_lift_and_relocate_v01,LIFT_AND_RELOCATE,C1,,28101,59,16,0,0.0,DOES_NOT_INTERFERE,DOES_NOT_INTERFERE,False,False,True
v1__scene_lift_and_relocate_v01__L2__C1_NA__r01_s28101,scene_lift_and_relocate_v01,LIFT_AND_RELOCATE,C1,,28101,59,30,0,0.0,DOES_NOT_INTERFERE,DOES_NOT_INTERFERE,False,False,True
v1__scene_lift_and_relocate_v01__L2__C1_NA__r01_s28101,scene_lift_and_relocate_v01,LIFT_AND_RELOCATE,C1,,28101,59,32,0,0.0,DOES_NOT_INTERFERE,DOES_NOT_INTERFERE,False,False,True
v1__scene_lift_and_relocate_v01__L2__C1_NA__r01_s28101,scene_lift_and_relocate_v01,LIFT_AND_RELOCATE,C1,,28101,59,64,6071,0.606130192,INTERFERES,INTERFERES,True,True,True
v1__scene_lift_and_relocate_v01__L2__C1_NA__r01_s28101,scene_lift_and_relocate_v01,LIFT_AND_RELOCATE,C1,,28101,59,79,0,0.0,DOES_NOT_INTERFERE,DOES_NOT_INTERFERE,False,False,True
v1__scene_lift_and_relocate_v01__L2__C1_NA__r02_s28102,scene_lift_and_relocate_v01,LIFT_AND_RELOCATE,C1,,28102,59,16,0,0.0,DOES_NOT_INTERFERE,DOES_NOT_INTERFERE,False,False,True
v1__scene_lift_and_relocate_v01__L2__C1_NA__r02_s28102,scene_lift_and_relocate_v01,LIFT_AND_RELOCATE,C1,,28102,59,30,0,0.0,DOES_NOT_INTERFERE,DOES_NOT_INTERFERE,False,False,True
v1__scene_lift_and_relocate_v01__L2__C1_NA__r02_s28102,scene_lift_and_relocate_v01,LIFT_AND_RELOCATE,C1,,28102,59,32,0,0.0,DOES_NOT_INTERFERE,DOES_NOT_INTERFERE,False,False,True
v1__scene_lift_and_relocate_v01__L2__C1_NA__r02_s28102,scene_lift_and_relocate_v01,LIFT_AND_RELOCATE,C1,,28102,59,64,6071,0.606130192,INTERFERES,INTERFERES,True,True,True
v1__scene_lift_and_relocate_v01__L2__C1_NA__r02_s28102,scene_lift_and_relocate_v01,LIFT_AND_RELOCATE,C1,,28102,59,79,0,0.0,DOES_NOT_INTERFERE,DOES_NOT_INTERFERE,False,False,True
v1__scene_lift_and_relocate_v01__L2__C1_NA__r03_s28103,scene_lift_and_relocate_v01,LIFT_AND_RELOCATE,C1,,28103,59,16,0,0.0,DOES_NOT_INTERFERE,DOES_NOT_INTERFERE,False,False,True
v1__scene_lift_and_relocate_v01__L2__C1_NA__r03_s28103,scene_lift_and_relocate_v01,LIFT_AND_RELOCATE,C1,,28103,59,30,0,0.0,DOES_NOT_INTERFERE,DOES_NOT_INTERFERE,False,False,True
v1__scene_lift_and_relocate_v01__L2__C1_NA__r03_s28103,scene_lift_and_relocate_v01,LIFT_AND_RELOCATE,C1,,28103,59,32,0,0.0,DOES_NOT_INTERFERE,DOES_NOT_INTERFERE,False,False,True
v1__scene_lift_and_relocate_v01__L2__C1_NA__r03_s28103,scene_lift_and_relocate_v01,LIFT_AND_RELOCATE,C1,,28103,59,64,6071,0.606130192,INTERFERES,INTERFERES,True,True,True
v1__scene_lift_and_relocate_v01__L2__C1_NA__r03_s28103,scene_lift_and_relocate_v01,LIFT_AND_RELOCATE,C1,,28103,59,79,0,0.0,DOES_NOT_INTERFERE,DOES_NOT_INTERFERE,False,False,True
v1__scene_lift_and_relocate_v01__L2__C1_NA__r04_s28104,scene_lift_and_relocate_v01,LIFT_AND_RELOCATE,C1,,28104,59,16,0,0.0,DOES_NOT_INTERFERE,DOES_NOT_INTERFERE,False,False,True
v1__scene_lift_and_relocate_v01__L2__C1_NA__r04_s28104,scene_lift_and_relocate_v01,LIFT_AND_RELOCATE,C1,,28104,59,30,0,0.0,DOES_NOT_INTERFERE,DOES_NOT_INTERFERE,False,False,True
v1__scene_lift_and_relocate_v01__L2__C1_NA__r04_s28104,scene_lift_and_relocate_v01,LIFT_AND_RELOCATE,C1,,28104,59,32,0,0.0,DOES_NOT_INTERFERE,DOES_NOT_INTERFERE,False,False,True
v1__scene_lift_and_relocate_v01__L2__C1_NA__r04_s28104,scene_lift_and_relocate_v01,LIFT_AND_RELOCATE,C1,,28104,59,64,6071,0.606130192,INTERFERES,INTERFERES,True,True,True
v1__scene_lift_and_relocate_v01__L2__C1_NA__r04_s28104,scene_lift_and_relocate_v01,LIFT_AND_RELOCATE,C1,,28104,59,79,0,0.0,DOES_NOT_INTERFERE,DOES_NOT_INTERFERE,False,False,True
v1__scene_lift_and_relocate_v01__L2__C1_NA__r05_s28105,scene_lift_and_relocate_v01,LIFT_AND_RELOCATE,C1,,28105,59,16,0,0.0,DOES_NOT_INTERFERE,DOES_NOT_INTERFERE,False,False,True
v1__scene_lift_and_relocate_v01__L2__C1_NA__r05_s28105,scene_lift_and_relocate_v01,LIFT_AND_RELOCATE,C1,,28105,59,30,0,0.0,DOES_NOT_INTERFERE,DOES_NOT_INTERFERE,False,False,True
v1__scene_lift_and_relocate_v01__L2__C1_NA__r05_s28105,scene_lift_and_relocate_v01,LIFT_AND_RELOCATE,C1,,28105,59,32,0,0.0,DOES_NOT_INTERFERE,DOES_NOT_INTERFERE,False,False,True
v1__scene_lift_and_relocate_v01__L2__C1_NA__r05_s28105,scene_lift_and_relocate_v01,LIFT_AND_RELOCATE,C1,,28105,59,64,6071,0.606130192,INTERFERES,DOES_NOT_INTERFERE,True,False,False
v1__scene_lift_and_relocate_v01__L2__C1_NA__r05_s28105,scene_lift_and_relocate_v01,LIFT_AND_RELOCATE,C1,,28105,59,79,0,0.0,DOES_NOT_INTERFERE,DOES_NOT_INTERFERE,False,False,True
v1__scene_lift_and_relocate_v01__L2__C2_D4__r01_s28101,scene_lift_and_relocate_v01,LIFT_AND_RELOCATE,C2,D4,28101,59,16,0,0.0,DOES_NOT_INTERFERE,DOES_NOT_INTERFERE,False,False,True
v1__scene_lift_and_relocate_v01__L2__C2_D4__r01_s28101,scene_lift_and_relocate_v01,LIFT_AND_RELOCATE,C2,D4,28101,59,30,0,0.0,DOES_NOT_INTERFERE,DOES_NOT_INTERFERE,False,False,True
v1__scene_lift_and_relocate_v01__L2__C2_D4__r01_s28101,scene_lift_and_relocate_v01,LIFT_AND_RELOCATE,C2,D4,28101,59,32,0,0.0,DOES_NOT_INTERFERE,DOES_NOT_INTERFERE,False,False,True
v1__scene_lift_and_relocate_v01__L2__C2_D4__r01_s28101,scene_lift_and_relocate_v01,LIFT_AND_RELOCATE,C2,D4,28101,59,64,6071,0.606130192,INTERFERES,DOES_NOT_INTERFERE,True,False,False
v1__scene_lift_and_relocate_v01__L2__C2_D4__r01_s28101,scene_lift_and_relocate_v01,LIFT_AND_RELOCATE,C2,D4,28101,59,79,0,0.0,DOES_NOT_INTERFERE,DOES_NOT_INTERFERE,False,False,True
v1__scene_lift_and_relocate_v01__L2__C2_D4__r02_s28102,scene_lift_and_relocate_v01,LIFT_AND_RELOCATE,C2,D4,28102,59,16,0,0.0,DOES_NOT_INTERFERE,INTERFERES,False,True,False
v1__scene_lift_and_relocate_v01__L2__C2_D4__r02_s28102,scene_lift_and_relocate_v01,LIFT_AND_RELOCATE,C2,D4,28102,59,30,0,0.0,DOES_NOT_INTERFERE,INTERFERES,False,True,False
v1__scene_lift_and_relocate_v01__L2__C2_D4__r02_s28102,scene_lift_and_relocate_v01,LIFT_AND_RELOCATE,C2,D4,28102,59,32,0,0.0,DOES_NOT_INTERFERE,INTERFERES,False,True,False
v1__scene_lift_and_relocate_v01__L2__C2_D4__r02_s28102,scene_lift_and_relocate_v01,LIFT_AND_RELOCATE,C2,D4,28102,59,64,6071,0.606130192,INTERFERES,INTERFERES,True,True,True
v1__scene_lift_and_relocate_v01__L2__C2_D4__r02_s28102,scene_lift_and_relocate_v01,LIFT_AND_RELOCATE,C2,D4,28102,59,79,0,0.0,DOES_NOT_INTERFERE,INTERFERES,False,True,False
v1__scene_lift_and_relocate_v01__L2__C2_D4__r03_s28103,scene_lift_and_relocate_v01,LIFT_AND_RELOCATE,C2,D4,28103,59,16,0,0.0,DOES_NOT_INTERFERE,DOES_NOT_INTERFERE,False,False,True
v1__scene_lift_and_relocate_v01__L2__C2_D4__r03_s28103,scene_lift_and_relocate_v01,LIFT_AND_RELOCATE,C2,D4,28103,59,30,0,0.0,DOES_NOT_INTERFERE,DOES_NOT_INTERFERE,False,False,True
v1__scene_lift_and_relocate_v01__L2__C2_D4__r03_s28103,scene_lift_and_relocate_v01,LIFT_AND_RELOCATE,C2,D4,28103,59,32,0,0.0,DOES_NOT_INTERFERE,DOES_NOT_INTERFERE,False,False,True
v1__scene_lift_and_relocate_v01__L2__C2_D4__r03_s28103,scene_lift_and_relocate_v01,LIFT_AND_RELOCATE,C2,D4,28103,59,64,6071,0.606130192,INTERFERES,DOES_NOT_INTERFERE,True,False,False
v1__scene_lift_and_relocate_v01__L2__C2_D4__r03_s28103,scene_lift_and_relocate_v01,LIFT_AND_RELOCATE,C2,D4,28103,59,79,0,0.0,DOES_NOT_INTERFERE,DOES_NOT_INTERFERE,False,False,True
v1__scene_lift_and_relocate_v01__L2__C2_D4__r04_s28104,scene_lift_and_relocate_v01,LIFT_AND_RELOCATE,C2,D4,28104,59,16,0,0.0,DOES_NOT_INTERFERE,DOES_NOT_INTERFERE,False,False,True
v1__scene_lift_and_relocate_v01__L2__C2_D4__r04_s28104,scene_lift_and_relocate_v01,LIFT_AND_RELOCATE,C2,D4,28104,59,30,0,0.0,DOES_NOT_INTERFERE,DOES_NOT_INTERFERE,False,False,True
v1__scene_lift_and_relocate_v01__L2__C2_D4__r04_s28104,scene_lift_and_relocate_v01,LIFT_AND_RELOCATE,C2,D4,28104,59,32,0,0.0,DOES_NOT_INTERFERE,DOES_NOT_INTERFERE,False,False,True
v1__scene_lift_and_relocate_v01__L2__C2_D4__r04_s28104,scene_lift_and_relocate_v01,LIFT_AND_RELOCATE,C2,D4,28104,59,64,6071,0.606130192,INTERFERES,INTERFERES,True,True,True
v1__scene_lift_and_relocate_v01__L2__C2_D4__r04_s28104,scene_lift_and_relocate_v01,LIFT_AND_RELOCATE,C2,D4,28104,59,79,0,0.0,DOES_NOT_INTERFERE,DOES_NOT_INTERFERE,False,False,True
v1__scene_lift_and_relocate_v01__L2__C2_D4__r05_s28105,scene_lift_and_relocate_v01,LIFT_AND_RELOCATE,C2,D4,28105,59,16,0,0.0,DOES_NOT_INTERFERE,DOES_NOT_INTERFERE,False,False,True
v1__scene_lift_and_relocate_v01__L2__C2_D4__r05_s28105,scene_lift_and_relocate_v01,LIFT_AND_RELOCATE,C2,D4,28105,59,30,0,0.0,DOES_NOT_INTERFERE,DOES_NOT_INTERFERE,False,False,True
v1__scene_lift_and_relocate_v01__L2__C2_D4__r05_s28105,scene_lift_and_relocate_v01,LIFT_AND_RELOCATE,C2,D4,28105,59,32,0,0.0,DOES_NOT_INTERFERE,DOES_NOT_INTERFERE,False,False,True
v1__scene_lift_and_relocate_v01__L2__C2_D4__r05_s28105,scene_lift_and_relocate_v01,LIFT_AND_RELOCATE,C2,D4,28105,59,64,6071,0.606130192,INTERFERES,DOES_NOT_INTERFERE,True,False,False
v1__scene_lift_and_relocate_v01__L2__C2_D4__r05_s28105,scene_lift_and_relocate_v01,LIFT_AND_RELOCATE,C2,D4,28105,59,79,0,0.0,DOES_NOT_INTERFERE,DOES_NOT_INTERFERE,False,False,True
v1__scene_lift_and_relocate_v01__L2__C2_D8__r01_s28101,scene_lift_and_relocate_v01,LIFT_AND_RELOCATE,C2,D8,28101,59,16,0,0.0,DOES_NOT_INTERFERE,DOES_NOT_INTERFERE,False,False,True
v1__scene_lift_and_relocate_v01__L2__C2_D8__r01_s28101,scene_lift_and_relocate_v01,LIFT_AND_RELOCATE,C2,D8,28101,59,30,0,0.0,DOES_NOT_INTERFERE,DOES_NOT_INTERFERE,False,False,True
v1__scene_lift_and_relocate_v01__L2__C2_D8__r01_s28101,scene_lift_and_relocate_v01,LIFT_AND_RELOCATE,C2,D8,28101,59,32,0,0.0,DOES_NOT_INTERFERE,DOES_NOT_INTERFERE,False,False,True
v1__scene_lift_and_relocate_v01__L2__C2_D8__r01_s28101,scene_lift_and_relocate_v01,LIFT_AND_RELOCATE,C2,D8,28101,59,64,6071,0.606130192,INTERFERES,DOES_NOT_INTERFERE,True,False,False
v1__scene_lift_and_relocate_v01__L2__C2_D8__r01_s28101,scene_lift_and_relocate_v01,LIFT_AND_RELOCATE,C2,D8,28101,59,79,0,0.0,DOES_NOT_INTERFERE,DOES_NOT_INTERFERE,False,False,True
v1__scene_lift_and_relocate_v01__L2__C2_D8__r02_s28102,scene_lift_and_relocate_v01,LIFT_AND_RELOCATE,C2,D8,28102,59,16,0,0.0,DOES_NOT_INTERFERE,INTERFERES,False,True,False
v1__scene_lift_and_relocate_v01__L2__C2_D8__r02_s28102,scene_lift_and_relocate_v01,LIFT_AND_RELOCATE,C2,D8,28102,59,30,0,0.0,DOES_NOT_INTERFERE,INTERFERES,False,True,False
v1__scene_lift_and_relocate_v01__L2__C2_D8__r02_s28102,scene_lift_and_relocate_v01,LIFT_AND_RELOCATE,C2,D8,28102,59,32,0,0.0,DOES_NOT_INTERFERE,INTERFERES,False,True,False
v1__scene_lift_and_relocate_v01__L2__C2_D8__r02_s28102,scene_lift_and_relocate_v01,LIFT_AND_RELOCATE,C2,D8,28102,59,64,6071,0.606130192,INTERFERES,INTERFERES,True,True,True
v1__scene_lift_and_relocate_v01__L2__C2_D8__r02_s28102,scene_lift_and_relocate_v01,LIFT_AND_RELOCATE,C2,D8,28102,59,79,0,0.0,DOES_NOT_INTERFERE,INTERFERES,False,True,False
v1__scene_lift_and_relocate_v01__L2__C2_D8__r03_s28103,scene_lift_and_relocate_v01,LIFT_AND_RELOCATE,C2,D8,28103,59,16,0,0.0,DOES_NOT_INTERFERE,INTERFERES,False,True,False
v1__scene_lift_and_relocate_v01__L2__C2_D8__r03_s28103,scene_lift_and_relocate_v01,LIFT_AND_RELOCATE,C2,D8,28103,59,30,0,0.0,DOES_NOT_INTERFERE,INTERFERES,False,True,False
v1__scene_lift_and_relocate_v01__L2__C2_D8__r03_s28103,scene_lift_and_relocate_v01,LIFT_AND_RELOCATE,C2,D8,28103,59,32,0,0.0,DOES_NOT_INTERFERE,INTERFERES,False,True,False
v1__scene_lift_and_relocate_v01__L2__C2_D8__r03_s28103,scene_lift_and_relocate_v01,LIFT_AND_RELOCATE,C2,D8,28103,59,64,6071,0.606130192,INTERFERES,INTERFERES,True,True,True
v1__scene_lift_and_relocate_v01__L2__C2_D8__r03_s28103,scene_lift_and_relocate_v01,LIFT_AND_RELOCATE,C2,D8,28103,59,79,0,0.0,DOES_NOT_INTERFERE,INTERFERES,False,True,False
v1__scene_lift_and_relocate_v01__L2__C2_D8__r04_s28104,scene_lift_and_relocate_v01,LIFT_AND_RELOCATE,C2,D8,28104,59,16,0,0.0,DOES_NOT_INTERFERE,INTERFERES,False,True,False
v1__scene_lift_and_relocate_v01__L2__C2_D8__r04_s28104,scene_lift_and_relocate_v01,LIFT_AND_RELOCATE,C2,D8,28104,59,30,0,0.0,DOES_NOT_INTERFERE,INTERFERES,False,True,False
v1__scene_lift_and_relocate_v01__L2__C2_D8__r04_s28104,scene_lift_and_relocate_v01,LIFT_AND_RELOCATE,C2,D8,28104,59,32,0,0.0,DOES_NOT_INTERFERE,INTERFERES,False,True,False
v1__scene_lift_and_relocate_v01__L2__C2_D8__r04_s28104,scene_lift_and_relocate_v01,LIFT_AND_RELOCATE,C2,D8,28104,59,64,6071,0.606130192,INTERFERES,INTERFERES,True,True,True
v1__scene_lift_and_relocate_v01__L2__C2_D8__r04_s28104,scene_lift_and_relocate_v01,LIFT_AND_RELOCATE,C2,D8,28104,59,79,0,0.0,DOES_NOT_INTERFERE,INTERFERES,False,True,False
v1__scene_lift_and_relocate_v01__L2__C2_D8__r05_s28105,scene_lift_and_relocate_v01,LIFT_AND_RELOCATE,C2,D8,28105,59,16,0,0.0,DOES_NOT_INTERFERE,INTERFERES,False,True,False
v1__scene_lift_and_relocate_v01__L2__C2_D8__r05_s28105,scene_lift_and_relocate_v01,LIFT_AND_RELOCATE,C2,D8,28105,59,30,0,0.0,DOES_NOT_INTERFERE,INTERFERES,False,True,False
v1__scene_lift_and_relocate_v01__L2__C2_D8__r05_s28105,scene_lift_and_relocate_v01,LIFT_AND_RELOCATE,C2,D8,28105,59,32,0,0.0,DOES_NOT_INTERFERE,INTERFERES,False,True,False
v1__scene_lift_and_relocate_v01__L2__C2_D8__r05_s28105,scene_lift_and_relocate_v01,LIFT_AND_RELOCATE,C2,D8,28105,59,64,6071,0.606130192,INTERFERES,INTERFERES,True,True,True
v1__scene_lift_and_relocate_v01__L2__C2_D8__r05_s28105,scene_lift_and_relocate_v01,LIFT_AND_RELOCATE,C2,D8,28105,59,79,0,0.0,DOES_NOT_INTERFERE,INTERFERES,False,True,False
v1__scene_lift_and_relocate_v01__L2__C3_D4__r01_s28101,scene_lift_and_relocate_v01,LIFT_AND_RELOCATE,C3,D4,28101,59,16,0,0.0,DOES_NOT_INTERFERE,DOES_NOT_INTERFERE,False,False,True
v1__scene_lift_and_relocate_v01__L2__C3_D4__r01_s28101,scene_lift_and_relocate_v01,LIFT_AND_RELOCATE,C3,D4,28101,59,30,0,0.0,DOES_NOT_INTERFERE,DOES_NOT_INTERFERE,False,False,True
v1__scene_lift_and_relocate_v01__L2__C3_D4__r01_s28101,scene_lift_and_relocate_v01,LIFT_AND_RELOCATE,C3,D4,28101,59,32,0,0.0,DOES_NOT_INTERFERE,DOES_NOT_INTERFERE,False,False,True
v1__scene_lift_and_relocate_v01__L2__C3_D4__r01_s28101,scene_lift_and_relocate_v01,LIFT_AND_RELOCATE,C3,D4,28101,59,64,6071,0.606130192,INTERFERES,DOES_NOT_INTERFERE,True,False,False
v1__scene_lift_and_relocate_v01__L2__C3_D4__r01_s28101,scene_lift_and_relocate_v01,LIFT_AND_RELOCATE,C3,D4,28101,59,79,0,0.0,DOES_NOT_INTERFERE,DOES_NOT_INTERFERE,False,False,True
v1__scene_lift_and_relocate_v01__L2__C3_D4__r02_s28102,scene_lift_and_relocate_v01,LIFT_AND_RELOCATE,C3,D4,28102,59,16,0,0.0,DOES_NOT_INTERFERE,DOES_NOT_INTERFERE,False,False,True
v1__scene_lift_and_relocate_v01__L2__C3_D4__r02_s28102,scene_lift_and_relocate_v01,LIFT_AND_RELOCATE,C3,D4,28102,59,30,0,0.0,DOES_NOT_INTERFERE,DOES_NOT_INTERFERE,False,False,True
v1__scene_lift_and_relocate_v01__L2__C3_D4__r02_s28102,scene_lift_and_relocate_v01,LIFT_AND_RELOCATE,C3,D4,28102,59,32,0,0.0,DOES_NOT_INTERFERE,DOES_NOT_INTERFERE,False,False,True
v1__scene_lift_and_relocate_v01__L2__C3_D4__r02_s28102,scene_lift_and_relocate_v01,LIFT_AND_RELOCATE,C3,D4,28102,59,64,6071,0.606130192,INTERFERES,DOES_NOT_INTERFERE,True,False,False
v1__scene_lift_and_relocate_v01__L2__C3_D4__r02_s28102,scene_lift_and_relocate_v01,LIFT_AND_RELOCATE,C3,D4,28102,59,79,0,0.0,DOES_NOT_INTERFERE,DOES_NOT_INTERFERE,False,False,True
v1__scene_lift_and_relocate_v01__L2__C3_D4__r03_s28103,scene_lift_and_relocate_v01,LIFT_AND_RELOCATE,C3,D4,28103,59,16,0,0.0,DOES_NOT_INTERFERE,DOES_NOT_INTERFERE,False,False,True
v1__scene_lift_and_relocate_v01__L2__C3_D4__r03_s28103,scene_lift_and_relocate_v01,LIFT_AND_RELOCATE,C3,D4,28103,59,30,0,0.0,DOES_NOT_INTERFERE,DOES_NOT_INTERFERE,False,False,True
v1__scene_lift_and_relocate_v01__L2__C3_D4__r03_s28103,scene_lift_and_relocate_v01,LIFT_AND_RELOCATE,C3,D4,28103,59,32,0,0.0,DOES_NOT_INTERFERE,DOES_NOT_INTERFERE,False,False,True
v1__scene_lift_and_relocate_v01__L2__C3_D4__r03_s28103,scene_lift_and_relocate_v01,LIFT_AND_RELOCATE,C3,D4,28103,59,64,6071,0.606130192,INTERFERES,DOES_NOT_INTERFERE,True,False,False
v1__scene_lift_and_relocate_v01__L2__C3_D4__r03_s28103,scene_lift_and_relocate_v01,LIFT_AND_RELOCATE,C3,D4,28103,59,79,0,0.0,DOES_NOT_INTERFERE,DOES_NOT_INTERFERE,False,False,True
v1__scene_lift_and_relocate_v01__L2__C3_D4__r04_s28104,scene_lift_and_relocate_v01,LIFT_AND_RELOCATE,C3,D4,28104,59,16,0,0.0,DOES_NOT_INTERFERE,DOES_NOT_INTERFERE,False,False,True
v1__scene_lift_and_relocate_v01__L2__C3_D4__r04_s28104,scene_lift_and_relocate_v01,LIFT_AND_RELOCATE,C3,D4,28104,59,30,0,0.0,DOES_NOT_INTERFERE,DOES_NOT_INTERFERE,False,False,True
v1__scene_lift_and_relocate_v01__L2__C3_D4__r04_s28104,scene_lift_and_relocate_v01,LIFT_AND_RELOCATE,C3,D4,28104,59,32,0,0.0,DOES_NOT_INTERFERE,DOES_NOT_INTERFERE,False,False,True
v1__scene_lift_and_relocate_v01__L2__C3_D4__r04_s28104,scene_lift_and_relocate_v01,LIFT_AND_RELOCATE,C3,D4,28104,59,64,6071,0.606130192,INTERFERES,DOES_NOT_INTERFERE,True,False,False
v1__scene_lift_and_relocate_v01__L2__C3_D4__r04_s28104,scene_lift_and_relocate_v01,LIFT_AND_RELOCATE,C3,D4,28104,59,79,0,0.0,DOES_NOT_INTERFERE,DOES_NOT_INTERFERE,False,False,True
v1__scene_lift_and_relocate_v01__L2__C3_D4__r05_s28105,scene_lift_and_relocate_v01,LIFT_AND_RELOCATE,C3,D4,28105,59,16,0,0.0,DOES_NOT_INTERFERE,DOES_NOT_INTERFERE,False,False,True
v1__scene_lift_and_relocate_v01__L2__C3_D4__r05_s28105,scene_lift_and_relocate_v01,LIFT_AND_RELOCATE,C3,D4,28105,59,30,0,0.0,DOES_NOT_INTERFERE,DOES_NOT_INTERFERE,False,False,True
v1__scene_lift_and_relocate_v01__L2__C3_D4__r05_s28105,scene_lift_and_relocate_v01,LIFT_AND_RELOCATE,C3,D4,28105,59,32,0,0.0,DOES_NOT_INTERFERE,DOES_NOT_INTERFERE,False,False,True
v1__scene_lift_and_relocate_v01__L2__C3_D4__r05_s28105,scene_lift_and_relocate_v01,LIFT_AND_RELOCATE,C3,D4,28105,59,64,6071,0.606130192,INTERFERES,DOES_NOT_INTERFERE,True,False,False
v1__scene_lift_and_relocate_v01__L2__C3_D4__r05_s28105,scene_lift_and_relocate_v01,LIFT_AND_RELOCATE,C3,D4,28105,59,79,0,0.0,DOES_NOT_INTERFERE,DOES_NOT_INTERFERE,False,False,True
v1__scene_lift_and_relocate_v01__L2__C3_D8__r01_s28101,scene_lift_and_relocate_v01,LIFT_AND_RELOCATE,C3,D8,28101,59,16,0,0.0,DOES_NOT_INTERFERE,DOES_NOT_INTERFERE,False,False,True
v1__scene_lift_and_relocate_v01__L2__C3_D8__r01_s28101,scene_lift_and_relocate_v01,LIFT_AND_RELOCATE,C3,D8,28101,59,30,0,0.0,DOES_NOT_INTERFERE,DOES_NOT_INTERFERE,False,False,True
v1__scene_lift_and_relocate_v01__L2__C3_D8__r01_s28101,scene_lift_and_relocate_v01,LIFT_AND_RELOCATE,C3,D8,28101,59,32,0,0.0,DOES_NOT_INTERFERE,DOES_NOT_INTERFERE,False,False,True
v1__scene_lift_and_relocate_v01__L2__C3_D8__r01_s28101,scene_lift_and_relocate_v01,LIFT_AND_RELOCATE,C3,D8,28101,59,64,6071,0.606130192,INTERFERES,DOES_NOT_INTERFERE,True,False,False
v1__scene_lift_and_relocate_v01__L2__C3_D8__r01_s28101,scene_lift_and_relocate_v01,LIFT_AND_RELOCATE,C3,D8,28101,59,79,0,0.0,DOES_NOT_INTERFERE,DOES_NOT_INTERFERE,False,False,True
v1__scene_lift_and_relocate_v01__L2__C3_D8__r02_s28102,scene_lift_and_relocate_v01,LIFT_AND_RELOCATE,C3,D8,28102,59,16,0,0.0,DOES_NOT_INTERFERE,DOES_NOT_INTERFERE,False,False,True
v1__scene_lift_and_relocate_v01__L2__C3_D8__r02_s28102,scene_lift_and_relocate_v01,LIFT_AND_RELOCATE,C3,D8,28102,59,30,0,0.0,DOES_NOT_INTERFERE,DOES_NOT_INTERFERE,False,False,True
v1__scene_lift_and_relocate_v01__L2__C3_D8__r02_s28102,scene_lift_and_relocate_v01,LIFT_AND_RELOCATE,C3,D8,28102,59,32,0,0.0,DOES_NOT_INTERFERE,DOES_NOT_INTERFERE,False,False,True
v1__scene_lift_and_relocate_v01__L2__C3_D8__r02_s28102,scene_lift_and_relocate_v01,LIFT_AND_RELOCATE,C3,D8,28102,59,64,6071,0.606130192,INTERFERES,DOES_NOT_INTERFERE,True,False,False
v1__scene_lift_and_relocate_v01__L2__C3_D8__r02_s28102,scene_lift_and_relocate_v01,LIFT_AND_RELOCATE,C3,D8,28102,59,79,0,0.0,DOES_NOT_INTERFERE,DOES_NOT_INTERFERE,False,False,True
v1__scene_lift_and_relocate_v01__L2__C3_D8__r03_s28103,scene_lift_and_relocate_v01,LIFT_AND_RELOCATE,C3,D8,28103,59,16,0,0.0,DOES_NOT_INTERFERE,DOES_NOT_INTERFERE,False,False,True
v1__scene_lift_and_relocate_v01__L2__C3_D8__r03_s28103,scene_lift_and_relocate_v01,LIFT_AND_RELOCATE,C3,D8,28103,59,30,0,0.0,DOES_NOT_INTERFERE,DOES_NOT_INTERFERE,False,False,True
v1__scene_lift_and_relocate_v01__L2__C3_D8__r03_s28103,scene_lift_and_relocate_v01,LIFT_AND_RELOCATE,C3,D8,28103,59,32,0,0.0,DOES_NOT_INTERFERE,DOES_NOT_INTERFERE,False,False,True
v1__scene_lift_and_relocate_v01__L2__C3_D8__r03_s28103,scene_lift_and_relocate_v01,LIFT_AND_RELOCATE,C3,D8,28103,59,64,6071,0.606130192,INTERFERES,DOES_NOT_INTERFERE,True,False,False
v1__scene_lift_and_relocate_v01__L2__C3_D8__r03_s28103,scene_lift_and_relocate_v01,LIFT_AND_RELOCATE,C3,D8,28103,59,79,0,0.0,DOES_NOT_INTERFERE,DOES_NOT_INTERFERE,False,False,True
v1__scene_lift_and_relocate_v01__L2__C3_D8__r04_s28104,scene_lift_and_relocate_v01,LIFT_AND_RELOCATE,C3,D8,28104,59,16,0,0.0,DOES_NOT_INTERFERE,DOES_NOT_INTERFERE,False,False,True
v1__scene_lift_and_relocate_v01__L2__C3_D8__r04_s28104,scene_lift_and_relocate_v01,LIFT_AND_RELOCATE,C3,D8,28104,59,30,0,0.0,DOES_NOT_INTERFERE,DOES_NOT_INTERFERE,False,False,True
v1__scene_lift_and_relocate_v01__L2__C3_D8__r04_s28104,scene_lift_and_relocate_v01,LIFT_AND_RELOCATE,C3,D8,28104,59,32,0,0.0,DOES_NOT_INTERFERE,DOES_NOT_INTERFERE,False,False,True
v1__scene_lift_and_relocate_v01__L2__C3_D8__r04_s28104,scene_lift_and_relocate_v01,LIFT_AND_RELOCATE,C3,D8,28104,59,64,6071,0.606130192,INTERFERES,DOES_NOT_INTERFERE,True,False,False
v1__scene_lift_and_relocate_v01__L2__C3_D8__r04_s28104,scene_lift_and_relocate_v01,LIFT_AND_RELOCATE,C3,D8,28104,59,79,0,0.0,DOES_NOT_INTERFERE,DOES_NOT_INTERFERE,False,False,True
v1__scene_lift_and_relocate_v01__L2__C3_D8__r05_s28105,scene_lift_and_relocate_v01,LIFT_AND_RELOCATE,C3,D8,28105,59,16,0,0.0,DOES_NOT_INTERFERE,DOES_NOT_INTERFERE,False,False,True
v1__scene_lift_and_relocate_v01__L2__C3_D8__r05_s28105,scene_lift_and_relocate_v01,LIFT_AND_RELOCATE,C3,D8,28105,59,30,0,0.0,DOES_NOT_INTERFERE,DOES_NOT_INTERFERE,False,False,True
v1__scene_lift_and_relocate_v01__L2__C3_D8__r05_s28105,scene_lift_and_relocate_v01,LIFT_AND_RELOCATE,C3,D8,28105,59,32,0,0.0,DOES_NOT_INTERFERE,DOES_NOT_INTERFERE,False,False,True
v1__scene_lift_and_relocate_v01__L2__C3_D8__r05_s28105,scene_lift_and_relocate_v01,LIFT_AND_RELOCATE,C3,D8,28105,59,64,6071,0.606130192,INTERFERES,DOES_NOT_INTERFERE,True,False,False
v1__scene_lift_and_relocate_v01__L2__C3_D8__r05_s28105,scene_lift_and_relocate_v01,LIFT_AND_RELOCATE,C3,D8,28105,59,79,0,0.0,DOES_NOT_INTERFERE,DOES_NOT_INTERFERE,False,False,True
v1__scene_lift_and_relocate_v01__L2__C4_D4__r01_s28101,scene_lift_and_relocate_v01,LIFT_AND_RELOCATE,C4,D4,28101,59,16,0,0.0,DOES_NOT_INTERFERE,DOES_NOT_INTERFERE,False,False,True
v1__scene_lift_and_relocate_v01__L2__C4_D4__r01_s28101,scene_lift_and_relocate_v01,LIFT_AND_RELOCATE,C4,D4,28101,59,30,0,0.0,DOES_NOT_INTERFERE,DOES_NOT_INTERFERE,False,False,True
v1__scene_lift_and_relocate_v01__L2__C4_D4__r01_s28101,scene_lift_and_relocate_v01,LIFT_AND_RELOCATE,C4,D4,28101,59,32,0,0.0,DOES_NOT_INTERFERE,DOES_NOT_INTERFERE,False,False,True
v1__scene_lift_and_relocate_v01__L2__C4_D4__r01_s28101,scene_lift_and_relocate_v01,LIFT_AND_RELOCATE,C4,D4,28101,59,64,6071,0.606130192,INTERFERES,DOES_NOT_INTERFERE,True,False,False
v1__scene_lift_and_relocate_v01__L2__C4_D4__r01_s28101,scene_lift_and_relocate_v01,LIFT_AND_RELOCATE,C4,D4,28101,59,79,0,0.0,DOES_NOT_INTERFERE,DOES_NOT_INTERFERE,False,False,True
v1__scene_lift_and_relocate_v01__L2__C4_D4__r02_s28102,scene_lift_and_relocate_v01,LIFT_AND_RELOCATE,C4,D4,28102,59,16,0,0.0,DOES_NOT_INTERFERE,DOES_NOT_INTERFERE,False,False,True
v1__scene_lift_and_relocate_v01__L2__C4_D4__r02_s28102,scene_lift_and_relocate_v01,LIFT_AND_RELOCATE,C4,D4,28102,59,30,0,0.0,DOES_NOT_INTERFERE,DOES_NOT_INTERFERE,False,False,True
v1__scene_lift_and_relocate_v01__L2__C4_D4__r02_s28102,scene_lift_and_relocate_v01,LIFT_AND_RELOCATE,C4,D4,28102,59,32,0,0.0,DOES_NOT_INTERFERE,DOES_NOT_INTERFERE,False,False,True
v1__scene_lift_and_relocate_v01__L2__C4_D4__r02_s28102,scene_lift_and_relocate_v01,LIFT_AND_RELOCATE,C4,D4,28102,59,64,6071,0.606130192,INTERFERES,DOES_NOT_INTERFERE,True,False,False
v1__scene_lift_and_relocate_v01__L2__C4_D4__r02_s28102,scene_lift_and_relocate_v01,LIFT_AND_RELOCATE,C4,D4,28102,59,79,0,0.0,DOES_NOT_INTERFERE,DOES_NOT_INTERFERE,False,False,True
v1__scene_lift_and_relocate_v01__L2__C4_D4__r03_s28103,scene_lift_and_relocate_v01,LIFT_AND_RELOCATE,C4,D4,28103,59,16,0,0.0,DOES_NOT_INTERFERE,DOES_NOT_INTERFERE,False,False,True
v1__scene_lift_and_relocate_v01__L2__C4_D4__r03_s28103,scene_lift_and_relocate_v01,LIFT_AND_RELOCATE,C4,D4,28103,59,30,0,0.0,DOES_NOT_INTERFERE,DOES_NOT_INTERFERE,False,False,True
v1__scene_lift_and_relocate_v01__L2__C4_D4__r03_s28103,scene_lift_and_relocate_v01,LIFT_AND_RELOCATE,C4,D4,28103,59,32,0,0.0,DOES_NOT_INTERFERE,DOES_NOT_INTERFERE,False,False,True
v1__scene_lift_and_relocate_v01__L2__C4_D4__r03_s28103,scene_lift_and_relocate_v01,LIFT_AND_RELOCATE,C4,D4,28103,59,64,6071,0.606130192,INTERFERES,DOES_NOT_INTERFERE,True,False,False
v1__scene_lift_and_relocate_v01__L2__C4_D4__r03_s28103,scene_lift_and_relocate_v01,LIFT_AND_RELOCATE,C4,D4,28103,59,79,0,0.0,DOES_NOT_INTERFERE,DOES_NOT_INTERFERE,False,False,True
v1__scene_lift_and_relocate_v01__L2__C4_D4__r04_s28104,scene_lift_and_relocate_v01,LIFT_AND_RELOCATE,C4,D4,28104,59,16,0,0.0,DOES_NOT_INTERFERE,DOES_NOT_INTERFERE,False,False,True
v1__scene_lift_and_relocate_v01__L2__C4_D4__r04_s28104,scene_lift_and_relocate_v01,LIFT_AND_RELOCATE,C4,D4,28104,59,30,0,0.0,DOES_NOT_INTERFERE,DOES_NOT_INTERFERE,False,False,True
v1__scene_lift_and_relocate_v01__L2__C4_D4__r04_s28104,scene_lift_and_relocate_v01,LIFT_AND_RELOCATE,C4,D4,28104,59,32,0,0.0,DOES_NOT_INTERFERE,DOES_NOT_INTERFERE,False,False,True
v1__scene_lift_and_relocate_v01__L2__C4_D4__r04_s28104,scene_lift_and_relocate_v01,LIFT_AND_RELOCATE,C4,D4,28104,59,64,6071,0.606130192,INTERFERES,DOES_NOT_INTERFERE,True,False,False
v1__scene_lift_and_relocate_v01__L2__C4_D4__r04_s28104,scene_lift_and_relocate_v01,LIFT_AND_RELOCATE,C4,D4,28104,59,79,0,0.0,DOES_NOT_INTERFERE,DOES_NOT_INTERFERE,False,False,True
v1__scene_lift_and_relocate_v01__L2__C4_D4__r05_s28105,scene_lift_and_relocate_v01,LIFT_AND_RELOCATE,C4,D4,28105,59,16,0,0.0,DOES_NOT_INTERFERE,DOES_NOT_INTERFERE,False,False,True
v1__scene_lift_and_relocate_v01__L2__C4_D4__r05_s28105,scene_lift_and_relocate_v01,LIFT_AND_RELOCATE,C4,D4,28105,59,30,0,0.0,DOES_NOT_INTERFERE,DOES_NOT_INTERFERE,False,False,True
v1__scene_lift_and_relocate_v01__L2__C4_D4__r05_s28105,scene_lift_and_relocate_v01,LIFT_AND_RELOCATE,C4,D4,28105,59,32,0,0.0,DOES_NOT_INTERFERE,DOES_NOT_INTERFERE,False,False,True
v1__scene_lift_and_relocate_v01__L2__C4_D4__r05_s28105,scene_lift_and_relocate_v01,LIFT_AND_RELOCATE,C4,D4,28105,59,64,6071,0.606130192,INTERFERES,DOES_NOT_INTERFERE,True,False,False
v1__scene_lift_and_relocate_v01__L2__C4_D4__r05_s28105,scene_lift_and_relocate_v01,LIFT_AND_RELOCATE,C4,D4,28105,59,79,0,0.0,DOES_NOT_INTERFERE,DOES_NOT_INTERFERE,False,False,True
v1__scene_lift_and_relocate_v01__L2__C4_D8__r01_s28101,scene_lift_and_relocate_v01,LIFT_AND_RELOCATE,C4,D8,28101,59,16,0,0.0,DOES_NOT_INTERFERE,DOES_NOT_INTERFERE,False,False,True
v1__scene_lift_and_relocate_v01__L2__C4_D8__r01_s28101,scene_lift_and_relocate_v01,LIFT_AND_RELOCATE,C4,D8,28101,59,30,0,0.0,DOES_NOT_INTERFERE,DOES_NOT_INTERFERE,False,False,True
v1__scene_lift_and_relocate_v01__L2__C4_D8__r01_s28101,scene_lift_and_relocate_v01,LIFT_AND_RELOCATE,C4,D8,28101,59,32,0,0.0,DOES_NOT_INTERFERE,DOES_NOT_INTERFERE,False,False,True
v1__scene_lift_and_relocate_v01__L2__C4_D8__r01_s28101,scene_lift_and_relocate_v01,LIFT_AND_RELOCATE,C4,D8,28101,59,64,6071,0.606130192,INTERFERES,DOES_NOT_INTERFERE,True,False,False
v1__scene_lift_and_relocate_v01__L2__C4_D8__r01_s28101,scene_lift_and_relocate_v01,LIFT_AND_RELOCATE,C4,D8,28101,59,79,0,0.0,DOES_NOT_INTERFERE,DOES_NOT_INTERFERE,False,False,True
v1__scene_lift_and_relocate_v01__L2__C4_D8__r02_s28102,scene_lift_and_relocate_v01,LIFT_AND_RELOCATE,C4,D8,28102,59,16,0,0.0,DOES_NOT_INTERFERE,DOES_NOT_INTERFERE,False,False,True
v1__scene_lift_and_relocate_v01__L2__C4_D8__r02_s28102,scene_lift_and_relocate_v01,LIFT_AND_RELOCATE,C4,D8,28102,59,30,0,0.0,DOES_NOT_INTERFERE,DOES_NOT_INTERFERE,False,False,True
v1__scene_lift_and_relocate_v01__L2__C4_D8__r02_s28102,scene_lift_and_relocate_v01,LIFT_AND_RELOCATE,C4,D8,28102,59,32,0,0.0,DOES_NOT_INTERFERE,DOES_NOT_INTERFERE,False,False,True
v1__scene_lift_and_relocate_v01__L2__C4_D8__r02_s28102,scene_lift_and_relocate_v01,LIFT_AND_RELOCATE,C4,D8,28102,59,64,6071,0.606130192,INTERFERES,DOES_NOT_INTERFERE,True,False,False
v1__scene_lift_and_relocate_v01__L2__C4_D8__r02_s28102,scene_lift_and_relocate_v01,LIFT_AND_RELOCATE,C4,D8,28102,59,79,0,0.0,DOES_NOT_INTERFERE,DOES_NOT_INTERFERE,False,False,True
v1__scene_lift_and_relocate_v01__L2__C4_D8__r03_s28103,scene_lift_and_relocate_v01,LIFT_AND_RELOCATE,C4,D8,28103,59,16,0,0.0,DOES_NOT_INTERFERE,DOES_NOT_INTERFERE,False,False,True
v1__scene_lift_and_relocate_v01__L2__C4_D8__r03_s28103,scene_lift_and_relocate_v01,LIFT_AND_RELOCATE,C4,D8,28103,59,30,0,0.0,DOES_NOT_INTERFERE,DOES_NOT_INTERFERE,False,False,True
v1__scene_lift_and_relocate_v01__L2__C4_D8__r03_s28103,scene_lift_and_relocate_v01,LIFT_AND_RELOCATE,C4,D8,28103,59,32,0,0.0,DOES_NOT_INTERFERE,DOES_NOT_INTERFERE,False,False,True
v1__scene_lift_and_relocate_v01__L2__C4_D8__r03_s28103,scene_lift_and_relocate_v01,LIFT_AND_RELOCATE,C4,D8,28103,59,64,6071,0.606130192,INTERFERES,DOES_NOT_INTERFERE,True,False,False
v1__scene_lift_and_relocate_v01__L2__C4_D8__r03_s28103,scene_lift_and_relocate_v01,LIFT_AND_RELOCATE,C4,D8,28103,59,79,0,0.0,DOES_NOT_INTERFERE,DOES_NOT_INTERFERE,False,False,True
v1__scene_lift_and_relocate_v01__L2__C4_D8__r04_s28104,scene_lift_and_relocate_v01,LIFT_AND_RELOCATE,C4,D8,28104,59,16,0,0.0,DOES_NOT_INTERFERE,DOES_NOT_INTERFERE,False,False,True
v1__scene_lift_and_relocate_v01__L2__C4_D8__r04_s28104,scene_lift_and_relocate_v01,LIFT_AND_RELOCATE,C4,D8,28104,59,30,0,0.0,DOES_NOT_INTERFERE,DOES_NOT_INTERFERE,False,False,True
v1__scene_lift_and_relocate_v01__L2__C4_D8__r04_s28104,scene_lift_and_relocate_v01,LIFT_AND_RELOCATE,C4,D8,28104,59,32,0,0.0,DOES_NOT_INTERFERE,DOES_NOT_INTERFERE,False,False,True
v1__scene_lift_and_relocate_v01__L2__C4_D8__r04_s28104,scene_lift_and_relocate_v01,LIFT_AND_RELOCATE,C4,D8,28104,59,64,6071,0.606130192,INTERFERES,DOES_NOT_INTERFERE,True,False,False
v1__scene_lift_and_relocate_v01__L2__C4_D8__r04_s28104,scene_lift_and_relocate_v01,LIFT_AND_RELOCATE,C4,D8,28104,59,79,0,0.0,DOES_NOT_INTERFERE,DOES_NOT_INTERFERE,False,False,True
v1__scene_lift_and_relocate_v01__L2__C4_D8__r05_s28105,scene_lift_and_relocate_v01,LIFT_AND_RELOCATE,C4,D8,28105,59,16,0,0.0,DOES_NOT_INTERFERE,DOES_NOT_INTERFERE,False,False,True
v1__scene_lift_and_relocate_v01__L2__C4_D8__r05_s28105,scene_lift_and_relocate_v01,LIFT_AND_RELOCATE,C4,D8,28105,59,30,0,0.0,DOES_NOT_INTERFERE,DOES_NOT_INTERFERE,False,False,True
v1__scene_lift_and_relocate_v01__L2__C4_D8__r05_s28105,scene_lift_and_relocate_v01,LIFT_AND_RELOCATE,C4,D8,28105,59,32,0,0.0,DOES_NOT_INTERFERE,DOES_NOT_INTERFERE,False,False,True
v1__scene_lift_and_relocate_v01__L2__C4_D8__r05_s28105,scene_lift_and_relocate_v01,LIFT_AND_RELOCATE,C4,D8,28105,59,64,6071,0.606130192,INTERFERES,DOES_NOT_INTERFERE,True,False,False
v1__scene_lift_and_relocate_v01__L2__C4_D8__r05_s28105,scene_lift_and_relocate_v01,LIFT_AND_RELOCATE,C4,D8,28105,59,79,0,0.0,DOES_NOT_INTERFERE,DOES_NOT_INTERFERE,False,False,True
v1__scene_lift_and_relocate_v01__L2__C5_D4__r01_s28101,scene_lift_and_relocate_v01,LIFT_AND_RELOCATE,C5,D4,28101,59,16,0,0.0,DOES_NOT_INTERFERE,DOES_NOT_INTERFERE,False,False,True
v1__scene_lift_and_relocate_v01__L2__C5_D4__r01_s28101,scene_lift_and_relocate_v01,LIFT_AND_RELOCATE,C5,D4,28101,59,30,0,0.0,DOES_NOT_INTERFERE,DOES_NOT_INTERFERE,False,False,True
v1__scene_lift_and_relocate_v01__L2__C5_D4__r01_s28101,scene_lift_and_relocate_v01,LIFT_AND_RELOCATE,C5,D4,28101,59,32,0,0.0,DOES_NOT_INTERFERE,DOES_NOT_INTERFERE,False,False,True
v1__scene_lift_and_relocate_v01__L2__C5_D4__r01_s28101,scene_lift_and_relocate_v01,LIFT_AND_RELOCATE,C5,D4,28101,59,64,6071,0.606130192,INTERFERES,DOES_NOT_INTERFERE,True,False,False
v1__scene_lift_and_relocate_v01__L2__C5_D4__r01_s28101,scene_lift_and_relocate_v01,LIFT_AND_RELOCATE,C5,D4,28101,59,79,0,0.0,DOES_NOT_INTERFERE,DOES_NOT_INTERFERE,False,False,True
v1__scene_lift_and_relocate_v01__L2__C5_D4__r02_s28102,scene_lift_and_relocate_v01,LIFT_AND_RELOCATE,C5,D4,28102,59,16,0,0.0,DOES_NOT_INTERFERE,DOES_NOT_INTERFERE,False,False,True
v1__scene_lift_and_relocate_v01__L2__C5_D4__r02_s28102,scene_lift_and_relocate_v01,LIFT_AND_RELOCATE,C5,D4,28102,59,30,0,0.0,DOES_NOT_INTERFERE,DOES_NOT_INTERFERE,False,False,True
v1__scene_lift_and_relocate_v01__L2__C5_D4__r02_s28102,scene_lift_and_relocate_v01,LIFT_AND_RELOCATE,C5,D4,28102,59,32,0,0.0,DOES_NOT_INTERFERE,DOES_NOT_INTERFERE,False,False,True
v1__scene_lift_and_relocate_v01__L2__C5_D4__r02_s28102,scene_lift_and_relocate_v01,LIFT_AND_RELOCATE,C5,D4,28102,59,64,6071,0.606130192,INTERFERES,DOES_NOT_INTERFERE,True,False,False
v1__scene_lift_and_relocate_v01__L2__C5_D4__r02_s28102,scene_lift_and_relocate_v01,LIFT_AND_RELOCATE,C5,D4,28102,59,79,0,0.0,DOES_NOT_INTERFERE,DOES_NOT_INTERFERE,False,False,True
v1__scene_lift_and_relocate_v01__L2__C5_D4__r03_s28103,scene_lift_and_relocate_v01,LIFT_AND_RELOCATE,C5,D4,28103,59,16,0,0.0,DOES_NOT_INTERFERE,DOES_NOT_INTERFERE,False,False,True
v1__scene_lift_and_relocate_v01__L2__C5_D4__r03_s28103,scene_lift_and_relocate_v01,LIFT_AND_RELOCATE,C5,D4,28103,59,30,0,0.0,DOES_NOT_INTERFERE,DOES_NOT_INTERFERE,False,False,True
v1__scene_lift_and_relocate_v01__L2__C5_D4__r03_s28103,scene_lift_and_relocate_v01,LIFT_AND_RELOCATE,C5,D4,28103,59,32,0,0.0,DOES_NOT_INTERFERE,DOES_NOT_INTERFERE,False,False,True
v1__scene_lift_and_relocate_v01__L2__C5_D4__r03_s28103,scene_lift_and_relocate_v01,LIFT_AND_RELOCATE,C5,D4,28103,59,64,6071,0.606130192,INTERFERES,DOES_NOT_INTERFERE,True,False,False
v1__scene_lift_and_relocate_v01__L2__C5_D4__r03_s28103,scene_lift_and_relocate_v01,LIFT_AND_RELOCATE,C5,D4,28103,59,79,0,0.0,DOES_NOT_INTERFERE,DOES_NOT_INTERFERE,False,False,True
v1__scene_lift_and_relocate_v01__L2__C5_D4__r04_s28104,scene_lift_and_relocate_v01,LIFT_AND_RELOCATE,C5,D4,28104,59,16,0,0.0,DOES_NOT_INTERFERE,DOES_NOT_INTERFERE,False,False,True
v1__scene_lift_and_relocate_v01__L2__C5_D4__r04_s28104,scene_lift_and_relocate_v01,LIFT_AND_RELOCATE,C5,D4,28104,59,30,0,0.0,DOES_NOT_INTERFERE,DOES_NOT_INTERFERE,False,False,True
v1__scene_lift_and_relocate_v01__L2__C5_D4__r04_s28104,scene_lift_and_relocate_v01,LIFT_AND_RELOCATE,C5,D4,28104,59,32,0,0.0,DOES_NOT_INTERFERE,DOES_NOT_INTERFERE,False,False,True
v1__scene_lift_and_relocate_v01__L2__C5_D4__r04_s28104,scene_lift_and_relocate_v01,LIFT_AND_RELOCATE,C5,D4,28104,59,64,6071,0.606130192,INTERFERES,DOES_NOT_INTERFERE,True,False,False
v1__scene_lift_and_relocate_v01__L2__C5_D4__r04_s28104,scene_lift_and_relocate_v01,LIFT_AND_RELOCATE,C5,D4,28104,59,79,0,0.0,DOES_NOT_INTERFERE,DOES_NOT_INTERFERE,False,False,True
v1__scene_lift_and_relocate_v01__L2__C5_D4__r05_s28105,scene_lift_and_relocate_v01,LIFT_AND_RELOCATE,C5,D4,28105,59,16,0,0.0,DOES_NOT_INTERFERE,DOES_NOT_INTERFERE,False,False,True
v1__scene_lift_and_relocate_v01__L2__C5_D4__r05_s28105,scene_lift_and_relocate_v01,LIFT_AND_RELOCATE,C5,D4,28105,59,30,0,0.0,DOES_NOT_INTERFERE,DOES_NOT_INTERFERE,False,False,True
v1__scene_lift_and_relocate_v01__L2__C5_D4__r05_s28105,scene_lift_and_relocate_v01,LIFT_AND_RELOCATE,C5,D4,28105,59,32,0,0.0,DOES_NOT_INTERFERE,DOES_NOT_INTERFERE,False,False,True
v1__scene_lift_and_relocate_v01__L2__C5_D4__r05_s28105,scene_lift_and_relocate_v01,LIFT_AND_RELOCATE,C5,D4,28105,59,64,6071,0.606130192,INTERFERES,DOES_NOT_INTERFERE,True,False,False
v1__scene_lift_and_relocate_v01__L2__C5_D4__r05_s28105,scene_lift_and_relocate_v01,LIFT_AND_RELOCATE,C5,D4,28105,59,79,0,0.0,DOES_NOT_INTERFERE,DOES_NOT_INTERFERE,False,False,True
v1__scene_lift_and_relocate_v01__L2__C5_D8__r01_s28101,scene_lift_and_relocate_v01,LIFT_AND_RELOCATE,C5,D8,28101,59,16,0,0.0,DOES_NOT_INTERFERE,DOES_NOT_INTERFERE,False,False,True
v1__scene_lift_and_relocate_v01__L2__C5_D8__r01_s28101,scene_lift_and_relocate_v01,LIFT_AND_RELOCATE,C5,D8,28101,59,30,0,0.0,DOES_NOT_INTERFERE,DOES_NOT_INTERFERE,False,False,True
v1__scene_lift_and_relocate_v01__L2__C5_D8__r01_s28101,scene_lift_and_relocate_v01,LIFT_AND_RELOCATE,C5,D8,28101,59,32,0,0.0,DOES_NOT_INTERFERE,DOES_NOT_INTERFERE,False,False,True
v1__scene_lift_and_relocate_v01__L2__C5_D8__r01_s28101,scene_lift_and_relocate_v01,LIFT_AND_RELOCATE,C5,D8,28101,59,64,6071,0.606130192,INTERFERES,DOES_NOT_INTERFERE,True,False,False
v1__scene_lift_and_relocate_v01__L2__C5_D8__r01_s28101,scene_lift_and_relocate_v01,LIFT_AND_RELOCATE,C5,D8,28101,59,79,0,0.0,DOES_NOT_INTERFERE,DOES_NOT_INTERFERE,False,False,True
v1__scene_lift_and_relocate_v01__L2__C5_D8__r02_s28102,scene_lift_and_relocate_v01,LIFT_AND_RELOCATE,C5,D8,28102,59,16,0,0.0,DOES_NOT_INTERFERE,DOES_NOT_INTERFERE,False,False,True
v1__scene_lift_and_relocate_v01__L2__C5_D8__r02_s28102,scene_lift_and_relocate_v01,LIFT_AND_RELOCATE,C5,D8,28102,59,30,0,0.0,DOES_NOT_INTERFERE,DOES_NOT_INTERFERE,False,False,True
v1__scene_lift_and_relocate_v01__L2__C5_D8__r02_s28102,scene_lift_and_relocate_v01,LIFT_AND_RELOCATE,C5,D8,28102,59,32,0,0.0,DOES_NOT_INTERFERE,DOES_NOT_INTERFERE,False,False,True
v1__scene_lift_and_relocate_v01__L2__C5_D8__r02_s28102,scene_lift_and_relocate_v01,LIFT_AND_RELOCATE,C5,D8,28102,59,64,6071,0.606130192,INTERFERES,DOES_NOT_INTERFERE,True,False,False
v1__scene_lift_and_relocate_v01__L2__C5_D8__r02_s28102,scene_lift_and_relocate_v01,LIFT_AND_RELOCATE,C5,D8,28102,59,79,0,0.0,DOES_NOT_INTERFERE,DOES_NOT_INTERFERE,False,False,True
v1__scene_lift_and_relocate_v01__L2__C5_D8__r03_s28103,scene_lift_and_relocate_v01,LIFT_AND_RELOCATE,C5,D8,28103,59,16,0,0.0,DOES_NOT_INTERFERE,DOES_NOT_INTERFERE,False,False,True
v1__scene_lift_and_relocate_v01__L2__C5_D8__r03_s28103,scene_lift_and_relocate_v01,LIFT_AND_RELOCATE,C5,D8,28103,59,30,0,0.0,DOES_NOT_INTERFERE,DOES_NOT_INTERFERE,False,False,True
v1__scene_lift_and_relocate_v01__L2__C5_D8__r03_s28103,scene_lift_and_relocate_v01,LIFT_AND_RELOCATE,C5,D8,28103,59,32,0,0.0,DOES_NOT_INTERFERE,DOES_NOT_INTERFERE,False,False,True
v1__scene_lift_and_relocate_v01__L2__C5_D8__r03_s28103,scene_lift_and_relocate_v01,LIFT_AND_RELOCATE,C5,D8,28103,59,64,6071,0.606130192,INTERFERES,DOES_NOT_INTERFERE,True,False,False
v1__scene_lift_and_relocate_v01__L2__C5_D8__r03_s28103,scene_lift_and_relocate_v01,LIFT_AND_RELOCATE,C5,D8,28103,59,79,0,0.0,DOES_NOT_INTERFERE,DOES_NOT_INTERFERE,False,False,True
v1__scene_lift_and_relocate_v01__L2__C5_D8__r04_s28104,scene_lift_and_relocate_v01,LIFT_AND_RELOCATE,C5,D8,28104,59,16,0,0.0,DOES_NOT_INTERFERE,DOES_NOT_INTERFERE,False,False,True
v1__scene_lift_and_relocate_v01__L2__C5_D8__r04_s28104,scene_lift_and_relocate_v01,LIFT_AND_RELOCATE,C5,D8,28104,59,30,0,0.0,DOES_NOT_INTERFERE,DOES_NOT_INTERFERE,False,False,True
v1__scene_lift_and_relocate_v01__L2__C5_D8__r04_s28104,scene_lift_and_relocate_v01,LIFT_AND_RELOCATE,C5,D8,28104,59,32,0,0.0,DOES_NOT_INTERFERE,DOES_NOT_INTERFERE,False,False,True
v1__scene_lift_and_relocate_v01__L2__C5_D8__r04_s28104,scene_lift_and_relocate_v01,LIFT_AND_RELOCATE,C5,D8,28104,59,64,6071,0.606130192,INTERFERES,DOES_NOT_INTERFERE,True,False,False
v1__scene_lift_and_relocate_v01__L2__C5_D8__r04_s28104,scene_lift_and_relocate_v01,LIFT_AND_RELOCATE,C5,D8,28104,59,79,0,0.0,DOES_NOT_INTERFERE,DOES_NOT_INTERFERE,False,False,True
v1__scene_lift_and_relocate_v01__L2__C5_D8__r05_s28105,scene_lift_and_relocate_v01,LIFT_AND_RELOCATE,C5,D8,28105,59,16,0,0.0,DOES_NOT_INTERFERE,DOES_NOT_INTERFERE,False,False,True
v1__scene_lift_and_relocate_v01__L2__C5_D8__r05_s28105,scene_lift_and_relocate_v01,LIFT_AND_RELOCATE,C5,D8,28105,59,30,0,0.0,DOES_NOT_INTERFERE,DOES_NOT_INTERFERE,False,False,True
v1__scene_lift_and_relocate_v01__L2__C5_D8__r05_s28105,scene_lift_and_relocate_v01,LIFT_AND_RELOCATE,C5,D8,28105,59,32,0,0.0,DOES_NOT_INTERFERE,DOES_NOT_INTERFERE,False,False,True
v1__scene_lift_and_relocate_v01__L2__C5_D8__r05_s28105,scene_lift_and_relocate_v01,LIFT_AND_RELOCATE,C5,D8,28105,59,64,6071,0.606130192,INTERFERES,DOES_NOT_INTERFERE,True,False,False
v1__scene_lift_and_relocate_v01__L2__C5_D8__r05_s28105,scene_lift_and_relocate_v01,LIFT_AND_RELOCATE,C5,D8,28105,59,79,0,0.0,DOES_NOT_INTERFERE,DOES_NOT_INTERFERE,False,False,True
v1__scene_lift_and_relocate_v01__L2__C6_D4__r01_s28101,scene_lift_and_relocate_v01,LIFT_AND_RELOCATE,C6,D4,28101,59,16,0,0.0,DOES_NOT_INTERFERE,DOES_NOT_INTERFERE,False,False,True
v1__scene_lift_and_relocate_v01__L2__C6_D4__r01_s28101,scene_lift_and_relocate_v01,LIFT_AND_RELOCATE,C6,D4,28101,59,30,0,0.0,DOES_NOT_INTERFERE,DOES_NOT_INTERFERE,False,False,True
v1__scene_lift_and_relocate_v01__L2__C6_D4__r01_s28101,scene_lift_and_relocate_v01,LIFT_AND_RELOCATE,C6,D4,28101,59,32,0,0.0,DOES_NOT_INTERFERE,DOES_NOT_INTERFERE,False,False,True
v1__scene_lift_and_relocate_v01__L2__C6_D4__r01_s28101,scene_lift_and_relocate_v01,LIFT_AND_RELOCATE,C6,D4,28101,59,64,6071,0.606130192,INTERFERES,INTERFERES,True,True,True
v1__scene_lift_and_relocate_v01__L2__C6_D4__r01_s28101,scene_lift_and_relocate_v01,LIFT_AND_RELOCATE,C6,D4,28101,59,79,0,0.0,DOES_NOT_INTERFERE,INTERFERES,False,True,False
v1__scene_lift_and_relocate_v01__L2__C6_D4__r02_s28102,scene_lift_and_relocate_v01,LIFT_AND_RELOCATE,C6,D4,28102,59,16,0,0.0,DOES_NOT_INTERFERE,DOES_NOT_INTERFERE,False,False,True
v1__scene_lift_and_relocate_v01__L2__C6_D4__r02_s28102,scene_lift_and_relocate_v01,LIFT_AND_RELOCATE,C6,D4,28102,59,30,0,0.0,DOES_NOT_INTERFERE,DOES_NOT_INTERFERE,False,False,True
v1__scene_lift_and_relocate_v01__L2__C6_D4__r02_s28102,scene_lift_and_relocate_v01,LIFT_AND_RELOCATE,C6,D4,28102,59,32,0,0.0,DOES_NOT_INTERFERE,DOES_NOT_INTERFERE,False,False,True
v1__scene_lift_and_relocate_v01__L2__C6_D4__r02_s28102,scene_lift_and_relocate_v01,LIFT_AND_RELOCATE,C6,D4,28102,59,64,6071,0.606130192,INTERFERES,DOES_NOT_INTERFERE,True,False,False
v1__scene_lift_and_relocate_v01__L2__C6_D4__r02_s28102,scene_lift_and_relocate_v01,LIFT_AND_RELOCATE,C6,D4,28102,59,79,0,0.0,DOES_NOT_INTERFERE,DOES_NOT_INTERFERE,False,False,True
v1__scene_lift_and_relocate_v01__L2__C6_D4__r03_s28103,scene_lift_and_relocate_v01,LIFT_AND_RELOCATE,C6,D4,28103,59,16,0,0.0,DOES_NOT_INTERFERE,DOES_NOT_INTERFERE,False,False,True
v1__scene_lift_and_relocate_v01__L2__C6_D4__r03_s28103,scene_lift_and_relocate_v01,LIFT_AND_RELOCATE,C6,D4,28103,59,30,0,0.0,DOES_NOT_INTERFERE,DOES_NOT_INTERFERE,False,False,True
v1__scene_lift_and_relocate_v01__L2__C6_D4__r03_s28103,scene_lift_and_relocate_v01,LIFT_AND_RELOCATE,C6,D4,28103,59,32,0,0.0,DOES_NOT_INTERFERE,DOES_NOT_INTERFERE,False,False,True
v1__scene_lift_and_relocate_v01__L2__C6_D4__r03_s28103,scene_lift_and_relocate_v01,LIFT_AND_RELOCATE,C6,D4,28103,59,64,6071,0.606130192,INTERFERES,DOES_NOT_INTERFERE,True,False,False
v1__scene_lift_and_relocate_v01__L2__C6_D4__r03_s28103,scene_lift_and_relocate_v01,LIFT_AND_RELOCATE,C6,D4,28103,59,79,0,0.0,DOES_NOT_INTERFERE,DOES_NOT_INTERFERE,False,False,True
v1__scene_lift_and_relocate_v01__L2__C6_D4__r04_s28104,scene_lift_and_relocate_v01,LIFT_AND_RELOCATE,C6,D4,28104,59,16,0,0.0,DOES_NOT_INTERFERE,DOES_NOT_INTERFERE,False,False,True
v1__scene_lift_and_relocate_v01__L2__C6_D4__r04_s28104,scene_lift_and_relocate_v01,LIFT_AND_RELOCATE,C6,D4,28104,59,30,0,0.0,DOES_NOT_INTERFERE,DOES_NOT_INTERFERE,False,False,True
v1__scene_lift_and_relocate_v01__L2__C6_D4__r04_s28104,scene_lift_and_relocate_v01,LIFT_AND_RELOCATE,C6,D4,28104,59,32,0,0.0,DOES_NOT_INTERFERE,DOES_NOT_INTERFERE,False,False,True
v1__scene_lift_and_relocate_v01__L2__C6_D4__r04_s28104,scene_lift_and_relocate_v01,LIFT_AND_RELOCATE,C6,D4,28104,59,64,6071,0.606130192,INTERFERES,DOES_NOT_INTERFERE,True,False,False
v1__scene_lift_and_relocate_v01__L2__C6_D4__r04_s28104,scene_lift_and_relocate_v01,LIFT_AND_RELOCATE,C6,D4,28104,59,79,0,0.0,DOES_NOT_INTERFERE,DOES_NOT_INTERFERE,False,False,True
v1__scene_lift_and_relocate_v01__L2__C6_D4__r05_s28105,scene_lift_and_relocate_v01,LIFT_AND_RELOCATE,C6,D4,28105,59,16,0,0.0,DOES_NOT_INTERFERE,DOES_NOT_INTERFERE,False,False,True
v1__scene_lift_and_relocate_v01__L2__C6_D4__r05_s28105,scene_lift_and_relocate_v01,LIFT_AND_RELOCATE,C6,D4,28105,59,30,0,0.0,DOES_NOT_INTERFERE,DOES_NOT_INTERFERE,False,False,True
v1__scene_lift_and_relocate_v01__L2__C6_D4__r05_s28105,scene_lift_and_relocate_v01,LIFT_AND_RELOCATE,C6,D4,28105,59,32,0,0.0,DOES_NOT_INTERFERE,DOES_NOT_INTERFERE,False,False,True
v1__scene_lift_and_relocate_v01__L2__C6_D4__r05_s28105,scene_lift_and_relocate_v01,LIFT_AND_RELOCATE,C6,D4,28105,59,64,6071,0.606130192,INTERFERES,DOES_NOT_INTERFERE,True,False,False
v1__scene_lift_and_relocate_v01__L2__C6_D4__r05_s28105,scene_lift_and_relocate_v01,LIFT_AND_RELOCATE,C6,D4,28105,59,79,0,0.0,DOES_NOT_INTERFERE,DOES_NOT_INTERFERE,False,False,True
v1__scene_lift_and_relocate_v01__L2__C6_D8__r01_s28101,scene_lift_and_relocate_v01,LIFT_AND_RELOCATE,C6,D8,28101,59,16,0,0.0,DOES_NOT_INTERFERE,DOES_NOT_INTERFERE,False,False,True
v1__scene_lift_and_relocate_v01__L2__C6_D8__r01_s28101,scene_lift_and_relocate_v01,LIFT_AND_RELOCATE,C6,D8,28101,59,30,0,0.0,DOES_NOT_INTERFERE,DOES_NOT_INTERFERE,False,False,True
v1__scene_lift_and_relocate_v01__L2__C6_D8__r01_s28101,scene_lift_and_relocate_v01,LIFT_AND_RELOCATE,C6,D8,28101,59,32,0,0.0,DOES_NOT_INTERFERE,DOES_NOT_INTERFERE,False,False,True
v1__scene_lift_and_relocate_v01__L2__C6_D8__r01_s28101,scene_lift_and_relocate_v01,LIFT_AND_RELOCATE,C6,D8,28101,59,64,6071,0.606130192,INTERFERES,INTERFERES,True,True,True
v1__scene_lift_and_relocate_v01__L2__C6_D8__r01_s28101,scene_lift_and_relocate_v01,LIFT_AND_RELOCATE,C6,D8,28101,59,79,0,0.0,DOES_NOT_INTERFERE,INTERFERES,False,True,False
v1__scene_lift_and_relocate_v01__L2__C6_D8__r02_s28102,scene_lift_and_relocate_v01,LIFT_AND_RELOCATE,C6,D8,28102,59,16,0,0.0,DOES_NOT_INTERFERE,DOES_NOT_INTERFERE,False,False,True
v1__scene_lift_and_relocate_v01__L2__C6_D8__r02_s28102,scene_lift_and_relocate_v01,LIFT_AND_RELOCATE,C6,D8,28102,59,30,0,0.0,DOES_NOT_INTERFERE,DOES_NOT_INTERFERE,False,False,True
v1__scene_lift_and_relocate_v01__L2__C6_D8__r02_s28102,scene_lift_and_relocate_v01,LIFT_AND_RELOCATE,C6,D8,28102,59,32,0,0.0,DOES_NOT_INTERFERE,DOES_NOT_INTERFERE,False,False,True
v1__scene_lift_and_relocate_v01__L2__C6_D8__r02_s28102,scene_lift_and_relocate_v01,LIFT_AND_RELOCATE,C6,D8,28102,59,64,6071,0.606130192,INTERFERES,DOES_NOT_INTERFERE,True,False,False
v1__scene_lift_and_relocate_v01__L2__C6_D8__r02_s28102,scene_lift_and_relocate_v01,LIFT_AND_RELOCATE,C6,D8,28102,59,79,0,0.0,DOES_NOT_INTERFERE,DOES_NOT_INTERFERE,False,False,True
v1__scene_lift_and_relocate_v01__L2__C6_D8__r03_s28103,scene_lift_and_relocate_v01,LIFT_AND_RELOCATE,C6,D8,28103,59,16,0,0.0,DOES_NOT_INTERFERE,DOES_NOT_INTERFERE,False,False,True
v1__scene_lift_and_relocate_v01__L2__C6_D8__r03_s28103,scene_lift_and_relocate_v01,LIFT_AND_RELOCATE,C6,D8,28103,59,30,0,0.0,DOES_NOT_INTERFERE,DOES_NOT_INTERFERE,False,False,True
v1__scene_lift_and_relocate_v01__L2__C6_D8__r03_s28103,scene_lift_and_relocate_v01,LIFT_AND_RELOCATE,C6,D8,28103,59,32,0,0.0,DOES_NOT_INTERFERE,DOES_NOT_INTERFERE,False,False,True
v1__scene_lift_and_relocate_v01__L2__C6_D8__r03_s28103,scene_lift_and_relocate_v01,LIFT_AND_RELOCATE,C6,D8,28103,59,64,6071,0.606130192,INTERFERES,DOES_NOT_INTERFERE,True,False,False
v1__scene_lift_and_relocate_v01__L2__C6_D8__r03_s28103,scene_lift_and_relocate_v01,LIFT_AND_RELOCATE,C6,D8,28103,59,79,0,0.0,DOES_NOT_INTERFERE,DOES_NOT_INTERFERE,False,False,True
v1__scene_lift_and_relocate_v01__L2__C6_D8__r04_s28104,scene_lift_and_relocate_v01,LIFT_AND_RELOCATE,C6,D8,28104,59,16,0,0.0,DOES_NOT_INTERFERE,DOES_NOT_INTERFERE,False,False,True
v1__scene_lift_and_relocate_v01__L2__C6_D8__r04_s28104,scene_lift_and_relocate_v01,LIFT_AND_RELOCATE,C6,D8,28104,59,30,0,0.0,DOES_NOT_INTERFERE,DOES_NOT_INTERFERE,False,False,True
v1__scene_lift_and_relocate_v01__L2__C6_D8__r04_s28104,scene_lift_and_relocate_v01,LIFT_AND_RELOCATE,C6,D8,28104,59,32,0,0.0,DOES_NOT_INTERFERE,DOES_NOT_INTERFERE,False,False,True
v1__scene_lift_and_relocate_v01__L2__C6_D8__r04_s28104,scene_lift_and_relocate_v01,LIFT_AND_RELOCATE,C6,D8,28104,59,64,6071,0.606130192,INTERFERES,DOES_NOT_INTERFERE,True,False,False
v1__scene_lift_and_relocate_v01__L2__C6_D8__r04_s28104,scene_lift_and_relocate_v01,LIFT_AND_RELOCATE,C6,D8,28104,59,79,0,0.0,DOES_NOT_INTERFERE,DOES_NOT_INTERFERE,False,False,True
v1__scene_lift_and_relocate_v01__L2__C6_D8__r05_s28105,scene_lift_and_relocate_v01,LIFT_AND_RELOCATE,C6,D8,28105,59,16,0,0.0,DOES_NOT_INTERFERE,DOES_NOT_INTERFERE,False,False,True
v1__scene_lift_and_relocate_v01__L2__C6_D8__r05_s28105,scene_lift_and_relocate_v01,LIFT_AND_RELOCATE,C6,D8,28105,59,30,0,0.0,DOES_NOT_INTERFERE,DOES_NOT_INTERFERE,False,False,True
v1__scene_lift_and_relocate_v01__L2__C6_D8__r05_s28105,scene_lift_and_relocate_v01,LIFT_AND_RELOCATE,C6,D8,28105,59,32,0,0.0,DOES_NOT_INTERFERE,DOES_NOT_INTERFERE,False,False,True
v1__scene_lift_and_relocate_v01__L2__C6_D8__r05_s28105,scene_lift_and_relocate_v01,LIFT_AND_RELOCATE,C6,D8,28105,59,64,6071,0.606130192,INTERFERES,DOES_NOT_INTERFERE,True,False,False
v1__scene_lift_and_relocate_v01__L2__C6_D8__r05_s28105,scene_lift_and_relocate_v01,LIFT_AND_RELOCATE,C6,D8,28105,59,79,0,0.0,DOES_NOT_INTERFERE,DOES_NOT_INTERFERE,False,False,True
v1__scene_lift_and_relocate_v02__L2__C0_NA__r01_s28101,scene_lift_and_relocate_v02,LIFT_AND_RELOCATE,C0,,28101,70,14,2951,0.300692888,INTERFERES,INTERFERES,True,True,True
v1__scene_lift_and_relocate_v02__L2__C0_NA__r01_s28101,scene_lift_and_relocate_v02,LIFT_AND_RELOCATE,C0,,28101,70,22,0,0.0,DOES_NOT_INTERFERE,INTERFERES,False,True,False
v1__scene_lift_and_relocate_v02__L2__C0_NA__r01_s28101,scene_lift_and_relocate_v02,LIFT_AND_RELOCATE,C0,,28101,70,72,0,0.0,DOES_NOT_INTERFERE,INTERFERES,False,True,False
v1__scene_lift_and_relocate_v02__L2__C0_NA__r01_s28101,scene_lift_and_relocate_v02,LIFT_AND_RELOCATE,C0,,28101,70,77,0,0.0,DOES_NOT_INTERFERE,INTERFERES,False,True,False
v1__scene_lift_and_relocate_v02__L2__C0_NA__r01_s28101,scene_lift_and_relocate_v02,LIFT_AND_RELOCATE,C0,,28101,70,79,0,0.0,DOES_NOT_INTERFERE,INTERFERES,False,True,False
v1__scene_lift_and_relocate_v02__L2__C0_NA__r02_s28102,scene_lift_and_relocate_v02,LIFT_AND_RELOCATE,C0,,28102,70,14,2951,0.300692888,INTERFERES,DOES_NOT_INTERFERE,True,False,False
v1__scene_lift_and_relocate_v02__L2__C0_NA__r02_s28102,scene_lift_and_relocate_v02,LIFT_AND_RELOCATE,C0,,28102,70,22,0,0.0,DOES_NOT_INTERFERE,DOES_NOT_INTERFERE,False,False,True
v1__scene_lift_and_relocate_v02__L2__C0_NA__r02_s28102,scene_lift_and_relocate_v02,LIFT_AND_RELOCATE,C0,,28102,70,72,0,0.0,DOES_NOT_INTERFERE,DOES_NOT_INTERFERE,False,False,True
v1__scene_lift_and_relocate_v02__L2__C0_NA__r02_s28102,scene_lift_and_relocate_v02,LIFT_AND_RELOCATE,C0,,28102,70,77,0,0.0,DOES_NOT_INTERFERE,DOES_NOT_INTERFERE,False,False,True
v1__scene_lift_and_relocate_v02__L2__C0_NA__r02_s28102,scene_lift_and_relocate_v02,LIFT_AND_RELOCATE,C0,,28102,70,79,0,0.0,DOES_NOT_INTERFERE,DOES_NOT_INTERFERE,False,False,True
v1__scene_lift_and_relocate_v02__L2__C0_NA__r03_s28103,scene_lift_and_relocate_v02,LIFT_AND_RELOCATE,C0,,28103,70,14,2951,0.300692888,INTERFERES,INTERFERES,True,True,True
v1__scene_lift_and_relocate_v02__L2__C0_NA__r03_s28103,scene_lift_and_relocate_v02,LIFT_AND_RELOCATE,C0,,28103,70,22,0,0.0,DOES_NOT_INTERFERE,INTERFERES,False,True,False
v1__scene_lift_and_relocate_v02__L2__C0_NA__r03_s28103,scene_lift_and_relocate_v02,LIFT_AND_RELOCATE,C0,,28103,70,72,0,0.0,DOES_NOT_INTERFERE,INTERFERES,False,True,False
v1__scene_lift_and_relocate_v02__L2__C0_NA__r03_s28103,scene_lift_and_relocate_v02,LIFT_AND_RELOCATE,C0,,28103,70,77,0,0.0,DOES_NOT_INTERFERE,INTERFERES,False,True,False
v1__scene_lift_and_relocate_v02__L2__C0_NA__r03_s28103,scene_lift_and_relocate_v02,LIFT_AND_RELOCATE,C0,,28103,70,79,0,0.0,DOES_NOT_INTERFERE,INTERFERES,False,True,False
v1__scene_lift_and_relocate_v02__L2__C0_NA__r04_s28104,scene_lift_and_relocate_v02,LIFT_AND_RELOCATE,C0,,28104,70,14,2951,0.300692888,INTERFERES,DOES_NOT_INTERFERE,True,False,False
v1__scene_lift_and_relocate_v02__L2__C0_NA__r04_s28104,scene_lift_and_relocate_v02,LIFT_AND_RELOCATE,C0,,28104,70,22,0,0.0,DOES_NOT_INTERFERE,DOES_NOT_INTERFERE,False,False,True
v1__scene_lift_and_relocate_v02__L2__C0_NA__r04_s28104,scene_lift_and_relocate_v02,LIFT_AND_RELOCATE,C0,,28104,70,72,0,0.0,DOES_NOT_INTERFERE,DOES_NOT_INTERFERE,False,False,True
v1__scene_lift_and_relocate_v02__L2__C0_NA__r04_s28104,scene_lift_and_relocate_v02,LIFT_AND_RELOCATE,C0,,28104,70,77,0,0.0,DOES_NOT_INTERFERE,DOES_NOT_INTERFERE,False,False,True
v1__scene_lift_and_relocate_v02__L2__C0_NA__r04_s28104,scene_lift_and_relocate_v02,LIFT_AND_RELOCATE,C0,,28104,70,79,0,0.0,DOES_NOT_INTERFERE,DOES_NOT_INTERFERE,False,False,True
v1__scene_lift_and_relocate_v02__L2__C0_NA__r05_s28105,scene_lift_and_relocate_v02,LIFT_AND_RELOCATE,C0,,28105,70,14,2951,0.300692888,INTERFERES,DOES_NOT_INTERFERE,True,False,False
v1__scene_lift_and_relocate_v02__L2__C0_NA__r05_s28105,scene_lift_and_relocate_v02,LIFT_AND_RELOCATE,C0,,28105,70,22,0,0.0,DOES_NOT_INTERFERE,DOES_NOT_INTERFERE,False,False,True
v1__scene_lift_and_relocate_v02__L2__C0_NA__r05_s28105,scene_lift_and_relocate_v02,LIFT_AND_RELOCATE,C0,,28105,70,72,0,0.0,DOES_NOT_INTERFERE,DOES_NOT_INTERFERE,False,False,True
v1__scene_lift_and_relocate_v02__L2__C0_NA__r05_s28105,scene_lift_and_relocate_v02,LIFT_AND_RELOCATE,C0,,28105,70,77,0,0.0,DOES_NOT_INTERFERE,DOES_NOT_INTERFERE,False,False,True
v1__scene_lift_and_relocate_v02__L2__C0_NA__r05_s28105,scene_lift_and_relocate_v02,LIFT_AND_RELOCATE,C0,,28105,70,79,0,0.0,DOES_NOT_INTERFERE,DOES_NOT_INTERFERE,False,False,True
v1__scene_lift_and_relocate_v02__L2__C1_NA__r01_s28101,scene_lift_and_relocate_v02,LIFT_AND_RELOCATE,C1,,28101,70,14,2951,0.300692888,INTERFERES,INTERFERES,True,True,True
v1__scene_lift_and_relocate_v02__L2__C1_NA__r01_s28101,scene_lift_and_relocate_v02,LIFT_AND_RELOCATE,C1,,28101,70,22,0,0.0,DOES_NOT_INTERFERE,DOES_NOT_INTERFERE,False,False,True
v1__scene_lift_and_relocate_v02__L2__C1_NA__r01_s28101,scene_lift_and_relocate_v02,LIFT_AND_RELOCATE,C1,,28101,70,72,0,0.0,DOES_NOT_INTERFERE,DOES_NOT_INTERFERE,False,False,True
v1__scene_lift_and_relocate_v02__L2__C1_NA__r01_s28101,scene_lift_and_relocate_v02,LIFT_AND_RELOCATE,C1,,28101,70,77,0,0.0,DOES_NOT_INTERFERE,DOES_NOT_INTERFERE,False,False,True
v1__scene_lift_and_relocate_v02__L2__C1_NA__r01_s28101,scene_lift_and_relocate_v02,LIFT_AND_RELOCATE,C1,,28101,70,79,0,0.0,DOES_NOT_INTERFERE,DOES_NOT_INTERFERE,False,False,True
v1__scene_lift_and_relocate_v02__L2__C1_NA__r02_s28102,scene_lift_and_relocate_v02,LIFT_AND_RELOCATE,C1,,28102,70,14,2951,0.300692888,INTERFERES,INTERFERES,True,True,True
v1__scene_lift_and_relocate_v02__L2__C1_NA__r02_s28102,scene_lift_and_relocate_v02,LIFT_AND_RELOCATE,C1,,28102,70,22,0,0.0,DOES_NOT_INTERFERE,INTERFERES,False,True,False
v1__scene_lift_and_relocate_v02__L2__C1_NA__r02_s28102,scene_lift_and_relocate_v02,LIFT_AND_RELOCATE,C1,,28102,70,72,0,0.0,DOES_NOT_INTERFERE,DOES_NOT_INTERFERE,False,False,True
v1__scene_lift_and_relocate_v02__L2__C1_NA__r02_s28102,scene_lift_and_relocate_v02,LIFT_AND_RELOCATE,C1,,28102,70,77,0,0.0,DOES_NOT_INTERFERE,DOES_NOT_INTERFERE,False,False,True
v1__scene_lift_and_relocate_v02__L2__C1_NA__r02_s28102,scene_lift_and_relocate_v02,LIFT_AND_RELOCATE,C1,,28102,70,79,0,0.0,DOES_NOT_INTERFERE,DOES_NOT_INTERFERE,False,False,True
v1__scene_lift_and_relocate_v02__L2__C1_NA__r03_s28103,scene_lift_and_relocate_v02,LIFT_AND_RELOCATE,C1,,28103,70,14,2951,0.300692888,INTERFERES,INTERFERES,True,True,True
v1__scene_lift_and_relocate_v02__L2__C1_NA__r03_s28103,scene_lift_and_relocate_v02,LIFT_AND_RELOCATE,C1,,28103,70,22,0,0.0,DOES_NOT_INTERFERE,INTERFERES,False,True,False
v1__scene_lift_and_relocate_v02__L2__C1_NA__r03_s28103,scene_lift_and_relocate_v02,LIFT_AND_RELOCATE,C1,,28103,70,72,0,0.0,DOES_NOT_INTERFERE,DOES_NOT_INTERFERE,False,False,True
v1__scene_lift_and_relocate_v02__L2__C1_NA__r03_s28103,scene_lift_and_relocate_v02,LIFT_AND_RELOCATE,C1,,28103,70,77,0,0.0,DOES_NOT_INTERFERE,DOES_NOT_INTERFERE,False,False,True
v1__scene_lift_and_relocate_v02__L2__C1_NA__r03_s28103,scene_lift_and_relocate_v02,LIFT_AND_RELOCATE,C1,,28103,70,79,0,0.0,DOES_NOT_INTERFERE,DOES_NOT_INTERFERE,False,False,True
v1__scene_lift_and_relocate_v02__L2__C1_NA__r04_s28104,scene_lift_and_relocate_v02,LIFT_AND_RELOCATE,C1,,28104,70,14,2951,0.300692888,INTERFERES,INTERFERES,True,True,True
v1__scene_lift_and_relocate_v02__L2__C1_NA__r04_s28104,scene_lift_and_relocate_v02,LIFT_AND_RELOCATE,C1,,28104,70,22,0,0.0,DOES_NOT_INTERFERE,INTERFERES,False,True,False
v1__scene_lift_and_relocate_v02__L2__C1_NA__r04_s28104,scene_lift_and_relocate_v02,LIFT_AND_RELOCATE,C1,,28104,70,72,0,0.0,DOES_NOT_INTERFERE,DOES_NOT_INTERFERE,False,False,True
v1__scene_lift_and_relocate_v02__L2__C1_NA__r04_s28104,scene_lift_and_relocate_v02,LIFT_AND_RELOCATE,C1,,28104,70,77,0,0.0,DOES_NOT_INTERFERE,DOES_NOT_INTERFERE,False,False,True
v1__scene_lift_and_relocate_v02__L2__C1_NA__r04_s28104,scene_lift_and_relocate_v02,LIFT_AND_RELOCATE,C1,,28104,70,79,0,0.0,DOES_NOT_INTERFERE,DOES_NOT_INTERFERE,False,False,True
v1__scene_lift_and_relocate_v02__L2__C1_NA__r05_s28105,scene_lift_and_relocate_v02,LIFT_AND_RELOCATE,C1,,28105,70,14,2951,0.300692888,INTERFERES,INTERFERES,True,True,True
v1__scene_lift_and_relocate_v02__L2__C1_NA__r05_s28105,scene_lift_and_relocate_v02,LIFT_AND_RELOCATE,C1,,28105,70,22,0,0.0,DOES_NOT_INTERFERE,INTERFERES,False,True,False
v1__scene_lift_and_relocate_v02__L2__C1_NA__r05_s28105,scene_lift_and_relocate_v02,LIFT_AND_RELOCATE,C1,,28105,70,72,0,0.0,DOES_NOT_INTERFERE,DOES_NOT_INTERFERE,False,False,True
v1__scene_lift_and_relocate_v02__L2__C1_NA__r05_s28105,scene_lift_and_relocate_v02,LIFT_AND_RELOCATE,C1,,28105,70,77,0,0.0,DOES_NOT_INTERFERE,DOES_NOT_INTERFERE,False,False,True
v1__scene_lift_and_relocate_v02__L2__C1_NA__r05_s28105,scene_lift_and_relocate_v02,LIFT_AND_RELOCATE,C1,,28105,70,79,0,0.0,DOES_NOT_INTERFERE,DOES_NOT_INTERFERE,False,False,True
v1__scene_lift_and_relocate_v02__L2__C2_D4__r01_s28101,scene_lift_and_relocate_v02,LIFT_AND_RELOCATE,C2,D4,28101,70,14,2951,0.300692888,INTERFERES,INTERFERES,True,True,True
v1__scene_lift_and_relocate_v02__L2__C2_D4__r01_s28101,scene_lift_and_relocate_v02,LIFT_AND_RELOCATE,C2,D4,28101,70,22,0,0.0,DOES_NOT_INTERFERE,DOES_NOT_INTERFERE,False,False,True
v1__scene_lift_and_relocate_v02__L2__C2_D4__r01_s28101,scene_lift_and_relocate_v02,LIFT_AND_RELOCATE,C2,D4,28101,70,72,0,0.0,DOES_NOT_INTERFERE,DOES_NOT_INTERFERE,False,False,True
v1__scene_lift_and_relocate_v02__L2__C2_D4__r01_s28101,scene_lift_and_relocate_v02,LIFT_AND_RELOCATE,C2,D4,28101,70,77,0,0.0,DOES_NOT_INTERFERE,DOES_NOT_INTERFERE,False,False,True
v1__scene_lift_and_relocate_v02__L2__C2_D4__r01_s28101,scene_lift_and_relocate_v02,LIFT_AND_RELOCATE,C2,D4,28101,70,79,0,0.0,DOES_NOT_INTERFERE,DOES_NOT_INTERFERE,False,False,True
v1__scene_lift_and_relocate_v02__L2__C2_D4__r02_s28102,scene_lift_and_relocate_v02,LIFT_AND_RELOCATE,C2,D4,28102,70,14,2951,0.300692888,INTERFERES,INTERFERES,True,True,True
v1__scene_lift_and_relocate_v02__L2__C2_D4__r02_s28102,scene_lift_and_relocate_v02,LIFT_AND_RELOCATE,C2,D4,28102,70,22,0,0.0,DOES_NOT_INTERFERE,INTERFERES,False,True,False
v1__scene_lift_and_relocate_v02__L2__C2_D4__r02_s28102,scene_lift_and_relocate_v02,LIFT_AND_RELOCATE,C2,D4,28102,70,72,0,0.0,DOES_NOT_INTERFERE,INTERFERES,False,True,False
v1__scene_lift_and_relocate_v02__L2__C2_D4__r02_s28102,scene_lift_and_relocate_v02,LIFT_AND_RELOCATE,C2,D4,28102,70,77,0,0.0,DOES_NOT_INTERFERE,INTERFERES,False,True,False
v1__scene_lift_and_relocate_v02__L2__C2_D4__r02_s28102,scene_lift_and_relocate_v02,LIFT_AND_RELOCATE,C2,D4,28102,70,79,0,0.0,DOES_NOT_INTERFERE,INTERFERES,False,True,False
v1__scene_lift_and_relocate_v02__L2__C2_D4__r03_s28103,scene_lift_and_relocate_v02,LIFT_AND_RELOCATE,C2,D4,28103,70,14,2951,0.300692888,INTERFERES,INTERFERES,True,True,True
v1__scene_lift_and_relocate_v02__L2__C2_D4__r03_s28103,scene_lift_and_relocate_v02,LIFT_AND_RELOCATE,C2,D4,28103,70,22,0,0.0,DOES_NOT_INTERFERE,INTERFERES,False,True,False
v1__scene_lift_and_relocate_v02__L2__C2_D4__r03_s28103,scene_lift_and_relocate_v02,LIFT_AND_RELOCATE,C2,D4,28103,70,72,0,0.0,DOES_NOT_INTERFERE,INTERFERES,False,True,False
v1__scene_lift_and_relocate_v02__L2__C2_D4__r03_s28103,scene_lift_and_relocate_v02,LIFT_AND_RELOCATE,C2,D4,28103,70,77,0,0.0,DOES_NOT_INTERFERE,INTERFERES,False,True,False
v1__scene_lift_and_relocate_v02__L2__C2_D4__r03_s28103,scene_lift_and_relocate_v02,LIFT_AND_RELOCATE,C2,D4,28103,70,79,0,0.0,DOES_NOT_INTERFERE,INTERFERES,False,True,False
v1__scene_lift_and_relocate_v02__L2__C2_D4__r04_s28104,scene_lift_and_relocate_v02,LIFT_AND_RELOCATE,C2,D4,28104,70,14,2951,0.300692888,INTERFERES,INTERFERES,True,True,True
v1__scene_lift_and_relocate_v02__L2__C2_D4__r04_s28104,scene_lift_and_relocate_v02,LIFT_AND_RELOCATE,C2,D4,28104,70,22,0,0.0,DOES_NOT_INTERFERE,INTERFERES,False,True,False
v1__scene_lift_and_relocate_v02__L2__C2_D4__r04_s28104,scene_lift_and_relocate_v02,LIFT_AND_RELOCATE,C2,D4,28104,70,72,0,0.0,DOES_NOT_INTERFERE,INTERFERES,False,True,False
v1__scene_lift_and_relocate_v02__L2__C2_D4__r04_s28104,scene_lift_and_relocate_v02,LIFT_AND_RELOCATE,C2,D4,28104,70,77,0,0.0,DOES_NOT_INTERFERE,INTERFERES,False,True,False
v1__scene_lift_and_relocate_v02__L2__C2_D4__r04_s28104,scene_lift_and_relocate_v02,LIFT_AND_RELOCATE,C2,D4,28104,70,79,0,0.0,DOES_NOT_INTERFERE,INTERFERES,False,True,False
v1__scene_lift_and_relocate_v02__L2__C2_D4__r05_s28105,scene_lift_and_relocate_v02,LIFT_AND_RELOCATE,C2,D4,28105,70,14,2951,0.300692888,INTERFERES,INTERFERES,True,True,True
v1__scene_lift_and_relocate_v02__L2__C2_D4__r05_s28105,scene_lift_and_relocate_v02,LIFT_AND_RELOCATE,C2,D4,28105,70,22,0,0.0,DOES_NOT_INTERFERE,INTERFERES,False,True,False
v1__scene_lift_and_relocate_v02__L2__C2_D4__r05_s28105,scene_lift_and_relocate_v02,LIFT_AND_RELOCATE,C2,D4,28105,70,72,0,0.0,DOES_NOT_INTERFERE,INTERFERES,False,True,False
v1__scene_lift_and_relocate_v02__L2__C2_D4__r05_s28105,scene_lift_and_relocate_v02,LIFT_AND_RELOCATE,C2,D4,28105,70,77,0,0.0,DOES_NOT_INTERFERE,INTERFERES,False,True,False
v1__scene_lift_and_relocate_v02__L2__C2_D4__r05_s28105,scene_lift_and_relocate_v02,LIFT_AND_RELOCATE,C2,D4,28105,70,79,0,0.0,DOES_NOT_INTERFERE,INTERFERES,False,True,False
v1__scene_lift_and_relocate_v02__L2__C2_D8__r01_s28101,scene_lift_and_relocate_v02,LIFT_AND_RELOCATE,C2,D8,28101,70,14,2951,0.300692888,INTERFERES,INTERFERES,True,True,True
v1__scene_lift_and_relocate_v02__L2__C2_D8__r01_s28101,scene_lift_and_relocate_v02,LIFT_AND_RELOCATE,C2,D8,28101,70,22,0,0.0,DOES_NOT_INTERFERE,INTERFERES,False,True,False
v1__scene_lift_and_relocate_v02__L2__C2_D8__r01_s28101,scene_lift_and_relocate_v02,LIFT_AND_RELOCATE,C2,D8,28101,70,72,0,0.0,DOES_NOT_INTERFERE,INTERFERES,False,True,False
v1__scene_lift_and_relocate_v02__L2__C2_D8__r01_s28101,scene_lift_and_relocate_v02,LIFT_AND_RELOCATE,C2,D8,28101,70,77,0,0.0,DOES_NOT_INTERFERE,INTERFERES,False,True,False
v1__scene_lift_and_relocate_v02__L2__C2_D8__r01_s28101,scene_lift_and_relocate_v02,LIFT_AND_RELOCATE,C2,D8,28101,70,79,0,0.0,DOES_NOT_INTERFERE,INTERFERES,False,True,False
v1__scene_lift_and_relocate_v02__L2__C2_D8__r02_s28102,scene_lift_and_relocate_v02,LIFT_AND_RELOCATE,C2,D8,28102,70,14,2951,0.300692888,INTERFERES,INTERFERES,True,True,True
v1__scene_lift_and_relocate_v02__L2__C2_D8__r02_s28102,scene_lift_and_relocate_v02,LIFT_AND_RELOCATE,C2,D8,28102,70,22,0,0.0,DOES_NOT_INTERFERE,INTERFERES,False,True,False
v1__scene_lift_and_relocate_v02__L2__C2_D8__r02_s28102,scene_lift_and_relocate_v02,LIFT_AND_RELOCATE,C2,D8,28102,70,72,0,0.0,DOES_NOT_INTERFERE,INTERFERES,False,True,False
v1__scene_lift_and_relocate_v02__L2__C2_D8__r02_s28102,scene_lift_and_relocate_v02,LIFT_AND_RELOCATE,C2,D8,28102,70,77,0,0.0,DOES_NOT_INTERFERE,INTERFERES,False,True,False
v1__scene_lift_and_relocate_v02__L2__C2_D8__r02_s28102,scene_lift_and_relocate_v02,LIFT_AND_RELOCATE,C2,D8,28102,70,79,0,0.0,DOES_NOT_INTERFERE,INTERFERES,False,True,False
v1__scene_lift_and_relocate_v02__L2__C2_D8__r03_s28103,scene_lift_and_relocate_v02,LIFT_AND_RELOCATE,C2,D8,28103,70,14,2951,0.300692888,INTERFERES,INTERFERES,True,True,True
v1__scene_lift_and_relocate_v02__L2__C2_D8__r03_s28103,scene_lift_and_relocate_v02,LIFT_AND_RELOCATE,C2,D8,28103,70,22,0,0.0,DOES_NOT_INTERFERE,INTERFERES,False,True,False
v1__scene_lift_and_relocate_v02__L2__C2_D8__r03_s28103,scene_lift_and_relocate_v02,LIFT_AND_RELOCATE,C2,D8,28103,70,72,0,0.0,DOES_NOT_INTERFERE,INTERFERES,False,True,False
v1__scene_lift_and_relocate_v02__L2__C2_D8__r03_s28103,scene_lift_and_relocate_v02,LIFT_AND_RELOCATE,C2,D8,28103,70,77,0,0.0,DOES_NOT_INTERFERE,INTERFERES,False,True,False
v1__scene_lift_and_relocate_v02__L2__C2_D8__r03_s28103,scene_lift_and_relocate_v02,LIFT_AND_RELOCATE,C2,D8,28103,70,79,0,0.0,DOES_NOT_INTERFERE,INTERFERES,False,True,False
v1__scene_lift_and_relocate_v02__L2__C2_D8__r04_s28104,scene_lift_and_relocate_v02,LIFT_AND_RELOCATE,C2,D8,28104,70,14,2951,0.300692888,INTERFERES,INTERFERES,True,True,True
v1__scene_lift_and_relocate_v02__L2__C2_D8__r04_s28104,scene_lift_and_relocate_v02,LIFT_AND_RELOCATE,C2,D8,28104,70,22,0,0.0,DOES_NOT_INTERFERE,INTERFERES,False,True,False
v1__scene_lift_and_relocate_v02__L2__C2_D8__r04_s28104,scene_lift_and_relocate_v02,LIFT_AND_RELOCATE,C2,D8,28104,70,72,0,0.0,DOES_NOT_INTERFERE,INTERFERES,False,True,False
v1__scene_lift_and_relocate_v02__L2__C2_D8__r04_s28104,scene_lift_and_relocate_v02,LIFT_AND_RELOCATE,C2,D8,28104,70,77,0,0.0,DOES_NOT_INTERFERE,INTERFERES,False,True,False
v1__scene_lift_and_relocate_v02__L2__C2_D8__r04_s28104,scene_lift_and_relocate_v02,LIFT_AND_RELOCATE,C2,D8,28104,70,79,0,0.0,DOES_NOT_INTERFERE,INTERFERES,False,True,False
v1__scene_lift_and_relocate_v02__L2__C2_D8__r05_s28105,scene_lift_and_relocate_v02,LIFT_AND_RELOCATE,C2,D8,28105,70,14,2951,0.300692888,INTERFERES,INTERFERES,True,True,True
v1__scene_lift_and_relocate_v02__L2__C2_D8__r05_s28105,scene_lift_and_relocate_v02,LIFT_AND_RELOCATE,C2,D8,28105,70,22,0,0.0,DOES_NOT_INTERFERE,INTERFERES,False,True,False
v1__scene_lift_and_relocate_v02__L2__C2_D8__r05_s28105,scene_lift_and_relocate_v02,LIFT_AND_RELOCATE,C2,D8,28105,70,72,0,0.0,DOES_NOT_INTERFERE,INTERFERES,False,True,False
v1__scene_lift_and_relocate_v02__L2__C2_D8__r05_s28105,scene_lift_and_relocate_v02,LIFT_AND_RELOCATE,C2,D8,28105,70,77,0,0.0,DOES_NOT_INTERFERE,DOES_NOT_INTERFERE,False,False,True
v1__scene_lift_and_relocate_v02__L2__C2_D8__r05_s28105,scene_lift_and_relocate_v02,LIFT_AND_RELOCATE,C2,D8,28105,70,79,0,0.0,DOES_NOT_INTERFERE,DOES_NOT_INTERFERE,False,False,True
v1__scene_lift_and_relocate_v02__L2__C3_D4__r01_s28101,scene_lift_and_relocate_v02,LIFT_AND_RELOCATE,C3,D4,28101,70,14,2951,0.300692888,INTERFERES,INTERFERES,True,True,True
v1__scene_lift_and_relocate_v02__L2__C3_D4__r01_s28101,scene_lift_and_relocate_v02,LIFT_AND_RELOCATE,C3,D4,28101,70,22,0,0.0,DOES_NOT_INTERFERE,INTERFERES,False,True,False
v1__scene_lift_and_relocate_v02__L2__C3_D4__r01_s28101,scene_lift_and_relocate_v02,LIFT_AND_RELOCATE,C3,D4,28101,70,72,0,0.0,DOES_NOT_INTERFERE,INTERFERES,False,True,False
v1__scene_lift_and_relocate_v02__L2__C3_D4__r01_s28101,scene_lift_and_relocate_v02,LIFT_AND_RELOCATE,C3,D4,28101,70,77,0,0.0,DOES_NOT_INTERFERE,INTERFERES,False,True,False
v1__scene_lift_and_relocate_v02__L2__C3_D4__r01_s28101,scene_lift_and_relocate_v02,LIFT_AND_RELOCATE,C3,D4,28101,70,79,0,0.0,DOES_NOT_INTERFERE,INTERFERES,False,True,False
v1__scene_lift_and_relocate_v02__L2__C3_D4__r02_s28102,scene_lift_and_relocate_v02,LIFT_AND_RELOCATE,C3,D4,28102,70,14,2951,0.300692888,INTERFERES,INTERFERES,True,True,True
v1__scene_lift_and_relocate_v02__L2__C3_D4__r02_s28102,scene_lift_and_relocate_v02,LIFT_AND_RELOCATE,C3,D4,28102,70,22,0,0.0,DOES_NOT_INTERFERE,INTERFERES,False,True,False
v1__scene_lift_and_relocate_v02__L2__C3_D4__r02_s28102,scene_lift_and_relocate_v02,LIFT_AND_RELOCATE,C3,D4,28102,70,72,0,0.0,DOES_NOT_INTERFERE,INTERFERES,False,True,False
v1__scene_lift_and_relocate_v02__L2__C3_D4__r02_s28102,scene_lift_and_relocate_v02,LIFT_AND_RELOCATE,C3,D4,28102,70,77,0,0.0,DOES_NOT_INTERFERE,INTERFERES,False,True,False
v1__scene_lift_and_relocate_v02__L2__C3_D4__r02_s28102,scene_lift_and_relocate_v02,LIFT_AND_RELOCATE,C3,D4,28102,70,79,0,0.0,DOES_NOT_INTERFERE,INTERFERES,False,True,False
v1__scene_lift_and_relocate_v02__L2__C3_D4__r03_s28103,scene_lift_and_relocate_v02,LIFT_AND_RELOCATE,C3,D4,28103,70,14,2951,0.300692888,INTERFERES,INTERFERES,True,True,True
v1__scene_lift_and_relocate_v02__L2__C3_D4__r03_s28103,scene_lift_and_relocate_v02,LIFT_AND_RELOCATE,C3,D4,28103,70,22,0,0.0,DOES_NOT_INTERFERE,INTERFERES,False,True,False
v1__scene_lift_and_relocate_v02__L2__C3_D4__r03_s28103,scene_lift_and_relocate_v02,LIFT_AND_RELOCATE,C3,D4,28103,70,72,0,0.0,DOES_NOT_INTERFERE,INTERFERES,False,True,False
v1__scene_lift_and_relocate_v02__L2__C3_D4__r03_s28103,scene_lift_and_relocate_v02,LIFT_AND_RELOCATE,C3,D4,28103,70,77,0,0.0,DOES_NOT_INTERFERE,INTERFERES,False,True,False
v1__scene_lift_and_relocate_v02__L2__C3_D4__r03_s28103,scene_lift_and_relocate_v02,LIFT_AND_RELOCATE,C3,D4,28103,70,79,0,0.0,DOES_NOT_INTERFERE,INTERFERES,False,True,False
v1__scene_lift_and_relocate_v02__L2__C3_D4__r04_s28104,scene_lift_and_relocate_v02,LIFT_AND_RELOCATE,C3,D4,28104,70,14,2951,0.300692888,INTERFERES,INTERFERES,True,True,True
v1__scene_lift_and_relocate_v02__L2__C3_D4__r04_s28104,scene_lift_and_relocate_v02,LIFT_AND_RELOCATE,C3,D4,28104,70,22,0,0.0,DOES_NOT_INTERFERE,INTERFERES,False,True,False
v1__scene_lift_and_relocate_v02__L2__C3_D4__r04_s28104,scene_lift_and_relocate_v02,LIFT_AND_RELOCATE,C3,D4,28104,70,72,0,0.0,DOES_NOT_INTERFERE,INTERFERES,False,True,False
v1__scene_lift_and_relocate_v02__L2__C3_D4__r04_s28104,scene_lift_and_relocate_v02,LIFT_AND_RELOCATE,C3,D4,28104,70,77,0,0.0,DOES_NOT_INTERFERE,INTERFERES,False,True,False
v1__scene_lift_and_relocate_v02__L2__C3_D4__r04_s28104,scene_lift_and_relocate_v02,LIFT_AND_RELOCATE,C3,D4,28104,70,79,0,0.0,DOES_NOT_INTERFERE,INTERFERES,False,True,False
v1__scene_lift_and_relocate_v02__L2__C3_D4__r05_s28105,scene_lift_and_relocate_v02,LIFT_AND_RELOCATE,C3,D4,28105,70,14,2951,0.300692888,INTERFERES,INTERFERES,True,True,True
v1__scene_lift_and_relocate_v02__L2__C3_D4__r05_s28105,scene_lift_and_relocate_v02,LIFT_AND_RELOCATE,C3,D4,28105,70,22,0,0.0,DOES_NOT_INTERFERE,INTERFERES,False,True,False
v1__scene_lift_and_relocate_v02__L2__C3_D4__r05_s28105,scene_lift_and_relocate_v02,LIFT_AND_RELOCATE,C3,D4,28105,70,72,0,0.0,DOES_NOT_INTERFERE,INTERFERES,False,True,False
v1__scene_lift_and_relocate_v02__L2__C3_D4__r05_s28105,scene_lift_and_relocate_v02,LIFT_AND_RELOCATE,C3,D4,28105,70,77,0,0.0,DOES_NOT_INTERFERE,INTERFERES,False,True,False
v1__scene_lift_and_relocate_v02__L2__C3_D4__r05_s28105,scene_lift_and_relocate_v02,LIFT_AND_RELOCATE,C3,D4,28105,70,79,0,0.0,DOES_NOT_INTERFERE,INTERFERES,False,True,False
v1__scene_lift_and_relocate_v02__L2__C3_D8__r01_s28101,scene_lift_and_relocate_v02,LIFT_AND_RELOCATE,C3,D8,28101,70,14,2951,0.300692888,INTERFERES,INTERFERES,True,True,True
v1__scene_lift_and_relocate_v02__L2__C3_D8__r01_s28101,scene_lift_and_relocate_v02,LIFT_AND_RELOCATE,C3,D8,28101,70,22,0,0.0,DOES_NOT_INTERFERE,INTERFERES,False,True,False
v1__scene_lift_and_relocate_v02__L2__C3_D8__r01_s28101,scene_lift_and_relocate_v02,LIFT_AND_RELOCATE,C3,D8,28101,70,72,0,0.0,DOES_NOT_INTERFERE,INTERFERES,False,True,False
v1__scene_lift_and_relocate_v02__L2__C3_D8__r01_s28101,scene_lift_and_relocate_v02,LIFT_AND_RELOCATE,C3,D8,28101,70,77,0,0.0,DOES_NOT_INTERFERE,INTERFERES,False,True,False
v1__scene_lift_and_relocate_v02__L2__C3_D8__r01_s28101,scene_lift_and_relocate_v02,LIFT_AND_RELOCATE,C3,D8,28101,70,79,0,0.0,DOES_NOT_INTERFERE,INTERFERES,False,True,False
v1__scene_lift_and_relocate_v02__L2__C3_D8__r02_s28102,scene_lift_and_relocate_v02,LIFT_AND_RELOCATE,C3,D8,28102,70,14,2951,0.300692888,INTERFERES,INTERFERES,True,True,True
v1__scene_lift_and_relocate_v02__L2__C3_D8__r02_s28102,scene_lift_and_relocate_v02,LIFT_AND_RELOCATE,C3,D8,28102,70,22,0,0.0,DOES_NOT_INTERFERE,INTERFERES,False,True,False
v1__scene_lift_and_relocate_v02__L2__C3_D8__r02_s28102,scene_lift_and_relocate_v02,LIFT_AND_RELOCATE,C3,D8,28102,70,72,0,0.0,DOES_NOT_INTERFERE,INTERFERES,False,True,False
v1__scene_lift_and_relocate_v02__L2__C3_D8__r02_s28102,scene_lift_and_relocate_v02,LIFT_AND_RELOCATE,C3,D8,28102,70,77,0,0.0,DOES_NOT_INTERFERE,INTERFERES,False,True,False
v1__scene_lift_and_relocate_v02__L2__C3_D8__r02_s28102,scene_lift_and_relocate_v02,LIFT_AND_RELOCATE,C3,D8,28102,70,79,0,0.0,DOES_NOT_INTERFERE,INTERFERES,False,True,False
v1__scene_lift_and_relocate_v02__L2__C3_D8__r03_s28103,scene_lift_and_relocate_v02,LIFT_AND_RELOCATE,C3,D8,28103,70,14,2951,0.300692888,INTERFERES,INTERFERES,True,True,True
v1__scene_lift_and_relocate_v02__L2__C3_D8__r03_s28103,scene_lift_and_relocate_v02,LIFT_AND_RELOCATE,C3,D8,28103,70,22,0,0.0,DOES_NOT_INTERFERE,INTERFERES,False,True,False
v1__scene_lift_and_relocate_v02__L2__C3_D8__r03_s28103,scene_lift_and_relocate_v02,LIFT_AND_RELOCATE,C3,D8,28103,70,72,0,0.0,DOES_NOT_INTERFERE,INTERFERES,False,True,False
v1__scene_lift_and_relocate_v02__L2__C3_D8__r03_s28103,scene_lift_and_relocate_v02,LIFT_AND_RELOCATE,C3,D8,28103,70,77,0,0.0,DOES_NOT_INTERFERE,INTERFERES,False,True,False
v1__scene_lift_and_relocate_v02__L2__C3_D8__r03_s28103,scene_lift_and_relocate_v02,LIFT_AND_RELOCATE,C3,D8,28103,70,79,0,0.0,DOES_NOT_INTERFERE,INTERFERES,False,True,False
v1__scene_lift_and_relocate_v02__L2__C3_D8__r04_s28104,scene_lift_and_relocate_v02,LIFT_AND_RELOCATE,C3,D8,28104,70,14,2951,0.300692888,INTERFERES,INTERFERES,True,True,True
v1__scene_lift_and_relocate_v02__L2__C3_D8__r04_s28104,scene_lift_and_relocate_v02,LIFT_AND_RELOCATE,C3,D8,28104,70,22,0,0.0,DOES_NOT_INTERFERE,INTERFERES,False,True,False
v1__scene_lift_and_relocate_v02__L2__C3_D8__r04_s28104,scene_lift_and_relocate_v02,LIFT_AND_RELOCATE,C3,D8,28104,70,72,0,0.0,DOES_NOT_INTERFERE,INTERFERES,False,True,False
v1__scene_lift_and_relocate_v02__L2__C3_D8__r04_s28104,scene_lift_and_relocate_v02,LIFT_AND_RELOCATE,C3,D8,28104,70,77,0,0.0,DOES_NOT_INTERFERE,INTERFERES,False,True,False
v1__scene_lift_and_relocate_v02__L2__C3_D8__r04_s28104,scene_lift_and_relocate_v02,LIFT_AND_RELOCATE,C3,D8,28104,70,79,0,0.0,DOES_NOT_INTERFERE,INTERFERES,False,True,False
v1__scene_lift_and_relocate_v02__L2__C3_D8__r05_s28105,scene_lift_and_relocate_v02,LIFT_AND_RELOCATE,C3,D8,28105,70,14,2951,0.300692888,INTERFERES,INTERFERES,True,True,True
v1__scene_lift_and_relocate_v02__L2__C3_D8__r05_s28105,scene_lift_and_relocate_v02,LIFT_AND_RELOCATE,C3,D8,28105,70,22,0,0.0,DOES_NOT_INTERFERE,INTERFERES,False,True,False
v1__scene_lift_and_relocate_v02__L2__C3_D8__r05_s28105,scene_lift_and_relocate_v02,LIFT_AND_RELOCATE,C3,D8,28105,70,72,0,0.0,DOES_NOT_INTERFERE,INTERFERES,False,True,False
v1__scene_lift_and_relocate_v02__L2__C3_D8__r05_s28105,scene_lift_and_relocate_v02,LIFT_AND_RELOCATE,C3,D8,28105,70,77,0,0.0,DOES_NOT_INTERFERE,INTERFERES,False,True,False
v1__scene_lift_and_relocate_v02__L2__C3_D8__r05_s28105,scene_lift_and_relocate_v02,LIFT_AND_RELOCATE,C3,D8,28105,70,79,0,0.0,DOES_NOT_INTERFERE,INTERFERES,False,True,False
v1__scene_lift_and_relocate_v02__L2__C4_D4__r01_s28101,scene_lift_and_relocate_v02,LIFT_AND_RELOCATE,C4,D4,28101,70,14,2951,0.300692888,INTERFERES,INTERFERES,True,True,True
v1__scene_lift_and_relocate_v02__L2__C4_D4__r01_s28101,scene_lift_and_relocate_v02,LIFT_AND_RELOCATE,C4,D4,28101,70,22,0,0.0,DOES_NOT_INTERFERE,INTERFERES,False,True,False
v1__scene_lift_and_relocate_v02__L2__C4_D4__r01_s28101,scene_lift_and_relocate_v02,LIFT_AND_RELOCATE,C4,D4,28101,70,72,0,0.0,DOES_NOT_INTERFERE,INTERFERES,False,True,False
v1__scene_lift_and_relocate_v02__L2__C4_D4__r01_s28101,scene_lift_and_relocate_v02,LIFT_AND_RELOCATE,C4,D4,28101,70,77,0,0.0,DOES_NOT_INTERFERE,INTERFERES,False,True,False
v1__scene_lift_and_relocate_v02__L2__C4_D4__r01_s28101,scene_lift_and_relocate_v02,LIFT_AND_RELOCATE,C4,D4,28101,70,79,0,0.0,DOES_NOT_INTERFERE,INTERFERES,False,True,False
v1__scene_lift_and_relocate_v02__L2__C4_D4__r02_s28102,scene_lift_and_relocate_v02,LIFT_AND_RELOCATE,C4,D4,28102,70,14,2951,0.300692888,INTERFERES,INTERFERES,True,True,True
v1__scene_lift_and_relocate_v02__L2__C4_D4__r02_s28102,scene_lift_and_relocate_v02,LIFT_AND_RELOCATE,C4,D4,28102,70,22,0,0.0,DOES_NOT_INTERFERE,INTERFERES,False,True,False
v1__scene_lift_and_relocate_v02__L2__C4_D4__r02_s28102,scene_lift_and_relocate_v02,LIFT_AND_RELOCATE,C4,D4,28102,70,72,0,0.0,DOES_NOT_INTERFERE,INTERFERES,False,True,False
v1__scene_lift_and_relocate_v02__L2__C4_D4__r02_s28102,scene_lift_and_relocate_v02,LIFT_AND_RELOCATE,C4,D4,28102,70,77,0,0.0,DOES_NOT_INTERFERE,INTERFERES,False,True,False
v1__scene_lift_and_relocate_v02__L2__C4_D4__r02_s28102,scene_lift_and_relocate_v02,LIFT_AND_RELOCATE,C4,D4,28102,70,79,0,0.0,DOES_NOT_INTERFERE,INTERFERES,False,True,False
v1__scene_lift_and_relocate_v02__L2__C4_D4__r03_s28103,scene_lift_and_relocate_v02,LIFT_AND_RELOCATE,C4,D4,28103,70,14,2951,0.300692888,INTERFERES,INTERFERES,True,True,True
v1__scene_lift_and_relocate_v02__L2__C4_D4__r03_s28103,scene_lift_and_relocate_v02,LIFT_AND_RELOCATE,C4,D4,28103,70,22,0,0.0,DOES_NOT_INTERFERE,INTERFERES,False,True,False
v1__scene_lift_and_relocate_v02__L2__C4_D4__r03_s28103,scene_lift_and_relocate_v02,LIFT_AND_RELOCATE,C4,D4,28103,70,72,0,0.0,DOES_NOT_INTERFERE,INTERFERES,False,True,False
v1__scene_lift_and_relocate_v02__L2__C4_D4__r03_s28103,scene_lift_and_relocate_v02,LIFT_AND_RELOCATE,C4,D4,28103,70,77,0,0.0,DOES_NOT_INTERFERE,INTERFERES,False,True,False
v1__scene_lift_and_relocate_v02__L2__C4_D4__r03_s28103,scene_lift_and_relocate_v02,LIFT_AND_RELOCATE,C4,D4,28103,70,79,0,0.0,DOES_NOT_INTERFERE,INTERFERES,False,True,False
v1__scene_lift_and_relocate_v02__L2__C4_D4__r04_s28104,scene_lift_and_relocate_v02,LIFT_AND_RELOCATE,C4,D4,28104,70,14,2951,0.300692888,INTERFERES,INTERFERES,True,True,True
v1__scene_lift_and_relocate_v02__L2__C4_D4__r04_s28104,scene_lift_and_relocate_v02,LIFT_AND_RELOCATE,C4,D4,28104,70,22,0,0.0,DOES_NOT_INTERFERE,INTERFERES,False,True,False
v1__scene_lift_and_relocate_v02__L2__C4_D4__r04_s28104,scene_lift_and_relocate_v02,LIFT_AND_RELOCATE,C4,D4,28104,70,72,0,0.0,DOES_NOT_INTERFERE,INTERFERES,False,True,False
v1__scene_lift_and_relocate_v02__L2__C4_D4__r04_s28104,scene_lift_and_relocate_v02,LIFT_AND_RELOCATE,C4,D4,28104,70,77,0,0.0,DOES_NOT_INTERFERE,INTERFERES,False,True,False
v1__scene_lift_and_relocate_v02__L2__C4_D4__r04_s28104,scene_lift_and_relocate_v02,LIFT_AND_RELOCATE,C4,D4,28104,70,79,0,0.0,DOES_NOT_INTERFERE,INTERFERES,False,True,False
v1__scene_lift_and_relocate_v02__L2__C4_D4__r05_s28105,scene_lift_and_relocate_v02,LIFT_AND_RELOCATE,C4,D4,28105,70,14,2951,0.300692888,INTERFERES,INTERFERES,True,True,True
v1__scene_lift_and_relocate_v02__L2__C4_D4__r05_s28105,scene_lift_and_relocate_v02,LIFT_AND_RELOCATE,C4,D4,28105,70,22,0,0.0,DOES_NOT_INTERFERE,INTERFERES,False,True,False
v1__scene_lift_and_relocate_v02__L2__C4_D4__r05_s28105,scene_lift_and_relocate_v02,LIFT_AND_RELOCATE,C4,D4,28105,70,72,0,0.0,DOES_NOT_INTERFERE,INTERFERES,False,True,False
v1__scene_lift_and_relocate_v02__L2__C4_D4__r05_s28105,scene_lift_and_relocate_v02,LIFT_AND_RELOCATE,C4,D4,28105,70,77,0,0.0,DOES_NOT_INTERFERE,INTERFERES,False,True,False
v1__scene_lift_and_relocate_v02__L2__C4_D4__r05_s28105,scene_lift_and_relocate_v02,LIFT_AND_RELOCATE,C4,D4,28105,70,79,0,0.0,DOES_NOT_INTERFERE,INTERFERES,False,True,False
v1__scene_lift_and_relocate_v02__L2__C4_D8__r01_s28101,scene_lift_and_relocate_v02,LIFT_AND_RELOCATE,C4,D8,28101,70,14,2951,0.300692888,INTERFERES,INTERFERES,True,True,True
v1__scene_lift_and_relocate_v02__L2__C4_D8__r01_s28101,scene_lift_and_relocate_v02,LIFT_AND_RELOCATE,C4,D8,28101,70,22,0,0.0,DOES_NOT_INTERFERE,INTERFERES,False,True,False
v1__scene_lift_and_relocate_v02__L2__C4_D8__r01_s28101,scene_lift_and_relocate_v02,LIFT_AND_RELOCATE,C4,D8,28101,70,72,0,0.0,DOES_NOT_INTERFERE,INTERFERES,False,True,False
v1__scene_lift_and_relocate_v02__L2__C4_D8__r01_s28101,scene_lift_and_relocate_v02,LIFT_AND_RELOCATE,C4,D8,28101,70,77,0,0.0,DOES_NOT_INTERFERE,INTERFERES,False,True,False
v1__scene_lift_and_relocate_v02__L2__C4_D8__r01_s28101,scene_lift_and_relocate_v02,LIFT_AND_RELOCATE,C4,D8,28101,70,79,0,0.0,DOES_NOT_INTERFERE,INTERFERES,False,True,False
v1__scene_lift_and_relocate_v02__L2__C4_D8__r02_s28102,scene_lift_and_relocate_v02,LIFT_AND_RELOCATE,C4,D8,28102,70,14,2951,0.300692888,INTERFERES,INTERFERES,True,True,True
v1__scene_lift_and_relocate_v02__L2__C4_D8__r02_s28102,scene_lift_and_relocate_v02,LIFT_AND_RELOCATE,C4,D8,28102,70,22,0,0.0,DOES_NOT_INTERFERE,INTERFERES,False,True,False
v1__scene_lift_and_relocate_v02__L2__C4_D8__r02_s28102,scene_lift_and_relocate_v02,LIFT_AND_RELOCATE,C4,D8,28102,70,72,0,0.0,DOES_NOT_INTERFERE,INTERFERES,False,True,False
v1__scene_lift_and_relocate_v02__L2__C4_D8__r02_s28102,scene_lift_and_relocate_v02,LIFT_AND_RELOCATE,C4,D8,28102,70,77,0,0.0,DOES_NOT_INTERFERE,INTERFERES,False,True,False
v1__scene_lift_and_relocate_v02__L2__C4_D8__r02_s28102,scene_lift_and_relocate_v02,LIFT_AND_RELOCATE,C4,D8,28102,70,79,0,0.0,DOES_NOT_INTERFERE,INTERFERES,False,True,False
v1__scene_lift_and_relocate_v02__L2__C4_D8__r03_s28103,scene_lift_and_relocate_v02,LIFT_AND_RELOCATE,C4,D8,28103,70,14,2951,0.300692888,INTERFERES,INTERFERES,True,True,True
v1__scene_lift_and_relocate_v02__L2__C4_D8__r03_s28103,scene_lift_and_relocate_v02,LIFT_AND_RELOCATE,C4,D8,28103,70,22,0,0.0,DOES_NOT_INTERFERE,INTERFERES,False,True,False
v1__scene_lift_and_relocate_v02__L2__C4_D8__r03_s28103,scene_lift_and_relocate_v02,LIFT_AND_RELOCATE,C4,D8,28103,70,72,0,0.0,DOES_NOT_INTERFERE,INTERFERES,False,True,False
v1__scene_lift_and_relocate_v02__L2__C4_D8__r03_s28103,scene_lift_and_relocate_v02,LIFT_AND_RELOCATE,C4,D8,28103,70,77,0,0.0,DOES_NOT_INTERFERE,INTERFERES,False,True,False
v1__scene_lift_and_relocate_v02__L2__C4_D8__r03_s28103,scene_lift_and_relocate_v02,LIFT_AND_RELOCATE,C4,D8,28103,70,79,0,0.0,DOES_NOT_INTERFERE,INTERFERES,False,True,False
v1__scene_lift_and_relocate_v02__L2__C4_D8__r04_s28104,scene_lift_and_relocate_v02,LIFT_AND_RELOCATE,C4,D8,28104,70,14,2951,0.300692888,INTERFERES,INTERFERES,True,True,True
v1__scene_lift_and_relocate_v02__L2__C4_D8__r04_s28104,scene_lift_and_relocate_v02,LIFT_AND_RELOCATE,C4,D8,28104,70,22,0,0.0,DOES_NOT_INTERFERE,INTERFERES,False,True,False
v1__scene_lift_and_relocate_v02__L2__C4_D8__r04_s28104,scene_lift_and_relocate_v02,LIFT_AND_RELOCATE,C4,D8,28104,70,72,0,0.0,DOES_NOT_INTERFERE,INTERFERES,False,True,False
v1__scene_lift_and_relocate_v02__L2__C4_D8__r04_s28104,scene_lift_and_relocate_v02,LIFT_AND_RELOCATE,C4,D8,28104,70,77,0,0.0,DOES_NOT_INTERFERE,INTERFERES,False,True,False
v1__scene_lift_and_relocate_v02__L2__C4_D8__r04_s28104,scene_lift_and_relocate_v02,LIFT_AND_RELOCATE,C4,D8,28104,70,79,0,0.0,DOES_NOT_INTERFERE,INTERFERES,False,True,False
v1__scene_lift_and_relocate_v02__L2__C4_D8__r05_s28105,scene_lift_and_relocate_v02,LIFT_AND_RELOCATE,C4,D8,28105,70,14,2951,0.300692888,INTERFERES,INTERFERES,True,True,True
v1__scene_lift_and_relocate_v02__L2__C4_D8__r05_s28105,scene_lift_and_relocate_v02,LIFT_AND_RELOCATE,C4,D8,28105,70,22,0,0.0,DOES_NOT_INTERFERE,INTERFERES,False,True,False
v1__scene_lift_and_relocate_v02__L2__C4_D8__r05_s28105,scene_lift_and_relocate_v02,LIFT_AND_RELOCATE,C4,D8,28105,70,72,0,0.0,DOES_NOT_INTERFERE,INTERFERES,False,True,False
v1__scene_lift_and_relocate_v02__L2__C4_D8__r05_s28105,scene_lift_and_relocate_v02,LIFT_AND_RELOCATE,C4,D8,28105,70,77,0,0.0,DOES_NOT_INTERFERE,INTERFERES,False,True,False
v1__scene_lift_and_relocate_v02__L2__C4_D8__r05_s28105,scene_lift_and_relocate_v02,LIFT_AND_RELOCATE,C4,D8,28105,70,79,0,0.0,DOES_NOT_INTERFERE,INTERFERES,False,True,False
v1__scene_lift_and_relocate_v02__L2__C5_D4__r01_s28101,scene_lift_and_relocate_v02,LIFT_AND_RELOCATE,C5,D4,28101,70,14,2951,0.300692888,INTERFERES,INTERFERES,True,True,True
v1__scene_lift_and_relocate_v02__L2__C5_D4__r01_s28101,scene_lift_and_relocate_v02,LIFT_AND_RELOCATE,C5,D4,28101,70,22,0,0.0,DOES_NOT_INTERFERE,INTERFERES,False,True,False
v1__scene_lift_and_relocate_v02__L2__C5_D4__r01_s28101,scene_lift_and_relocate_v02,LIFT_AND_RELOCATE,C5,D4,28101,70,72,0,0.0,DOES_NOT_INTERFERE,INTERFERES,False,True,False
v1__scene_lift_and_relocate_v02__L2__C5_D4__r01_s28101,scene_lift_and_relocate_v02,LIFT_AND_RELOCATE,C5,D4,28101,70,77,0,0.0,DOES_NOT_INTERFERE,INTERFERES,False,True,False
v1__scene_lift_and_relocate_v02__L2__C5_D4__r01_s28101,scene_lift_and_relocate_v02,LIFT_AND_RELOCATE,C5,D4,28101,70,79,0,0.0,DOES_NOT_INTERFERE,INTERFERES,False,True,False
v1__scene_lift_and_relocate_v02__L2__C5_D4__r02_s28102,scene_lift_and_relocate_v02,LIFT_AND_RELOCATE,C5,D4,28102,70,14,2951,0.300692888,INTERFERES,INTERFERES,True,True,True
v1__scene_lift_and_relocate_v02__L2__C5_D4__r02_s28102,scene_lift_and_relocate_v02,LIFT_AND_RELOCATE,C5,D4,28102,70,22,0,0.0,DOES_NOT_INTERFERE,INTERFERES,False,True,False
v1__scene_lift_and_relocate_v02__L2__C5_D4__r02_s28102,scene_lift_and_relocate_v02,LIFT_AND_RELOCATE,C5,D4,28102,70,72,0,0.0,DOES_NOT_INTERFERE,INTERFERES,False,True,False
v1__scene_lift_and_relocate_v02__L2__C5_D4__r02_s28102,scene_lift_and_relocate_v02,LIFT_AND_RELOCATE,C5,D4,28102,70,77,0,0.0,DOES_NOT_INTERFERE,INTERFERES,False,True,False
v1__scene_lift_and_relocate_v02__L2__C5_D4__r02_s28102,scene_lift_and_relocate_v02,LIFT_AND_RELOCATE,C5,D4,28102,70,79,0,0.0,DOES_NOT_INTERFERE,INTERFERES,False,True,False
v1__scene_lift_and_relocate_v02__L2__C5_D4__r03_s28103,scene_lift_and_relocate_v02,LIFT_AND_RELOCATE,C5,D4,28103,70,14,2951,0.300692888,INTERFERES,INTERFERES,True,True,True
v1__scene_lift_and_relocate_v02__L2__C5_D4__r03_s28103,scene_lift_and_relocate_v02,LIFT_AND_RELOCATE,C5,D4,28103,70,22,0,0.0,DOES_NOT_INTERFERE,INTERFERES,False,True,False
v1__scene_lift_and_relocate_v02__L2__C5_D4__r03_s28103,scene_lift_and_relocate_v02,LIFT_AND_RELOCATE,C5,D4,28103,70,72,0,0.0,DOES_NOT_INTERFERE,INTERFERES,False,True,False
v1__scene_lift_and_relocate_v02__L2__C5_D4__r03_s28103,scene_lift_and_relocate_v02,LIFT_AND_RELOCATE,C5,D4,28103,70,77,0,0.0,DOES_NOT_INTERFERE,INTERFERES,False,True,False
v1__scene_lift_and_relocate_v02__L2__C5_D4__r03_s28103,scene_lift_and_relocate_v02,LIFT_AND_RELOCATE,C5,D4,28103,70,79,0,0.0,DOES_NOT_INTERFERE,INTERFERES,False,True,False
v1__scene_lift_and_relocate_v02__L2__C5_D4__r04_s28104,scene_lift_and_relocate_v02,LIFT_AND_RELOCATE,C5,D4,28104,70,14,2951,0.300692888,INTERFERES,INTERFERES,True,True,True
v1__scene_lift_and_relocate_v02__L2__C5_D4__r04_s28104,scene_lift_and_relocate_v02,LIFT_AND_RELOCATE,C5,D4,28104,70,22,0,0.0,DOES_NOT_INTERFERE,INTERFERES,False,True,False
v1__scene_lift_and_relocate_v02__L2__C5_D4__r04_s28104,scene_lift_and_relocate_v02,LIFT_AND_RELOCATE,C5,D4,28104,70,72,0,0.0,DOES_NOT_INTERFERE,INTERFERES,False,True,False
v1__scene_lift_and_relocate_v02__L2__C5_D4__r04_s28104,scene_lift_and_relocate_v02,LIFT_AND_RELOCATE,C5,D4,28104,70,77,0,0.0,DOES_NOT_INTERFERE,INTERFERES,False,True,False
v1__scene_lift_and_relocate_v02__L2__C5_D4__r04_s28104,scene_lift_and_relocate_v02,LIFT_AND_RELOCATE,C5,D4,28104,70,79,0,0.0,DOES_NOT_INTERFERE,INTERFERES,False,True,False
v1__scene_lift_and_relocate_v02__L2__C5_D4__r05_s28105,scene_lift_and_relocate_v02,LIFT_AND_RELOCATE,C5,D4,28105,70,14,2951,0.300692888,INTERFERES,INTERFERES,True,True,True
v1__scene_lift_and_relocate_v02__L2__C5_D4__r05_s28105,scene_lift_and_relocate_v02,LIFT_AND_RELOCATE,C5,D4,28105,70,22,0,0.0,DOES_NOT_INTERFERE,INTERFERES,False,True,False
v1__scene_lift_and_relocate_v02__L2__C5_D4__r05_s28105,scene_lift_and_relocate_v02,LIFT_AND_RELOCATE,C5,D4,28105,70,72,0,0.0,DOES_NOT_INTERFERE,INTERFERES,False,True,False
v1__scene_lift_and_relocate_v02__L2__C5_D4__r05_s28105,scene_lift_and_relocate_v02,LIFT_AND_RELOCATE,C5,D4,28105,70,77,0,0.0,DOES_NOT_INTERFERE,INTERFERES,False,True,False
v1__scene_lift_and_relocate_v02__L2__C5_D4__r05_s28105,scene_lift_and_relocate_v02,LIFT_AND_RELOCATE,C5,D4,28105,70,79,0,0.0,DOES_NOT_INTERFERE,INTERFERES,False,True,False
v1__scene_lift_and_relocate_v02__L2__C5_D8__r01_s28101,scene_lift_and_relocate_v02,LIFT_AND_RELOCATE,C5,D8,28101,70,14,2951,0.300692888,INTERFERES,INTERFERES,True,True,True
v1__scene_lift_and_relocate_v02__L2__C5_D8__r01_s28101,scene_lift_and_relocate_v02,LIFT_AND_RELOCATE,C5,D8,28101,70,22,0,0.0,DOES_NOT_INTERFERE,INTERFERES,False,True,False
v1__scene_lift_and_relocate_v02__L2__C5_D8__r01_s28101,scene_lift_and_relocate_v02,LIFT_AND_RELOCATE,C5,D8,28101,70,72,0,0.0,DOES_NOT_INTERFERE,INTERFERES,False,True,False
v1__scene_lift_and_relocate_v02__L2__C5_D8__r01_s28101,scene_lift_and_relocate_v02,LIFT_AND_RELOCATE,C5,D8,28101,70,77,0,0.0,DOES_NOT_INTERFERE,INTERFERES,False,True,False
v1__scene_lift_and_relocate_v02__L2__C5_D8__r01_s28101,scene_lift_and_relocate_v02,LIFT_AND_RELOCATE,C5,D8,28101,70,79,0,0.0,DOES_NOT_INTERFERE,INTERFERES,False,True,False
v1__scene_lift_and_relocate_v02__L2__C5_D8__r02_s28102,scene_lift_and_relocate_v02,LIFT_AND_RELOCATE,C5,D8,28102,70,14,2951,0.300692888,INTERFERES,INTERFERES,True,True,True
v1__scene_lift_and_relocate_v02__L2__C5_D8__r02_s28102,scene_lift_and_relocate_v02,LIFT_AND_RELOCATE,C5,D8,28102,70,22,0,0.0,DOES_NOT_INTERFERE,INTERFERES,False,True,False
v1__scene_lift_and_relocate_v02__L2__C5_D8__r02_s28102,scene_lift_and_relocate_v02,LIFT_AND_RELOCATE,C5,D8,28102,70,72,0,0.0,DOES_NOT_INTERFERE,INTERFERES,False,True,False
v1__scene_lift_and_relocate_v02__L2__C5_D8__r02_s28102,scene_lift_and_relocate_v02,LIFT_AND_RELOCATE,C5,D8,28102,70,77,0,0.0,DOES_NOT_INTERFERE,INTERFERES,False,True,False
v1__scene_lift_and_relocate_v02__L2__C5_D8__r02_s28102,scene_lift_and_relocate_v02,LIFT_AND_RELOCATE,C5,D8,28102,70,79,0,0.0,DOES_NOT_INTERFERE,INTERFERES,False,True,False
v1__scene_lift_and_relocate_v02__L2__C5_D8__r03_s28103,scene_lift_and_relocate_v02,LIFT_AND_RELOCATE,C5,D8,28103,70,14,2951,0.300692888,INTERFERES,INTERFERES,True,True,True
v1__scene_lift_and_relocate_v02__L2__C5_D8__r03_s28103,scene_lift_and_relocate_v02,LIFT_AND_RELOCATE,C5,D8,28103,70,22,0,0.0,DOES_NOT_INTERFERE,INTERFERES,False,True,False
v1__scene_lift_and_relocate_v02__L2__C5_D8__r03_s28103,scene_lift_and_relocate_v02,LIFT_AND_RELOCATE,C5,D8,28103,70,72,0,0.0,DOES_NOT_INTERFERE,INTERFERES,False,True,False
v1__scene_lift_and_relocate_v02__L2__C5_D8__r03_s28103,scene_lift_and_relocate_v02,LIFT_AND_RELOCATE,C5,D8,28103,70,77,0,0.0,DOES_NOT_INTERFERE,INTERFERES,False,True,False
v1__scene_lift_and_relocate_v02__L2__C5_D8__r03_s28103,scene_lift_and_relocate_v02,LIFT_AND_RELOCATE,C5,D8,28103,70,79,0,0.0,DOES_NOT_INTERFERE,INTERFERES,False,True,False
v1__scene_lift_and_relocate_v02__L2__C5_D8__r04_s28104,scene_lift_and_relocate_v02,LIFT_AND_RELOCATE,C5,D8,28104,70,14,2951,0.300692888,INTERFERES,INTERFERES,True,True,True
v1__scene_lift_and_relocate_v02__L2__C5_D8__r04_s28104,scene_lift_and_relocate_v02,LIFT_AND_RELOCATE,C5,D8,28104,70,22,0,0.0,DOES_NOT_INTERFERE,INTERFERES,False,True,False
v1__scene_lift_and_relocate_v02__L2__C5_D8__r04_s28104,scene_lift_and_relocate_v02,LIFT_AND_RELOCATE,C5,D8,28104,70,72,0,0.0,DOES_NOT_INTERFERE,INTERFERES,False,True,False
v1__scene_lift_and_relocate_v02__L2__C5_D8__r04_s28104,scene_lift_and_relocate_v02,LIFT_AND_RELOCATE,C5,D8,28104,70,77,0,0.0,DOES_NOT_INTERFERE,INTERFERES,False,True,False
v1__scene_lift_and_relocate_v02__L2__C5_D8__r04_s28104,scene_lift_and_relocate_v02,LIFT_AND_RELOCATE,C5,D8,28104,70,79,0,0.0,DOES_NOT_INTERFERE,INTERFERES,False,True,False
v1__scene_lift_and_relocate_v02__L2__C5_D8__r05_s28105,scene_lift_and_relocate_v02,LIFT_AND_RELOCATE,C5,D8,28105,70,14,2951,0.300692888,INTERFERES,INTERFERES,True,True,True
v1__scene_lift_and_relocate_v02__L2__C5_D8__r05_s28105,scene_lift_and_relocate_v02,LIFT_AND_RELOCATE,C5,D8,28105,70,22,0,0.0,DOES_NOT_INTERFERE,INTERFERES,False,True,False
v1__scene_lift_and_relocate_v02__L2__C5_D8__r05_s28105,scene_lift_and_relocate_v02,LIFT_AND_RELOCATE,C5,D8,28105,70,72,0,0.0,DOES_NOT_INTERFERE,INTERFERES,False,True,False
v1__scene_lift_and_relocate_v02__L2__C5_D8__r05_s28105,scene_lift_and_relocate_v02,LIFT_AND_RELOCATE,C5,D8,28105,70,77,0,0.0,DOES_NOT_INTERFERE,INTERFERES,False,True,False
v1__scene_lift_and_relocate_v02__L2__C5_D8__r05_s28105,scene_lift_and_relocate_v02,LIFT_AND_RELOCATE,C5,D8,28105,70,79,0,0.0,DOES_NOT_INTERFERE,INTERFERES,False,True,False
v1__scene_lift_and_relocate_v02__L2__C6_D4__r01_s28101,scene_lift_and_relocate_v02,LIFT_AND_RELOCATE,C6,D4,28101,70,14,2951,0.300692888,INTERFERES,INTERFERES,True,True,True
v1__scene_lift_and_relocate_v02__L2__C6_D4__r01_s28101,scene_lift_and_relocate_v02,LIFT_AND_RELOCATE,C6,D4,28101,70,22,0,0.0,DOES_NOT_INTERFERE,INTERFERES,False,True,False
v1__scene_lift_and_relocate_v02__L2__C6_D4__r01_s28101,scene_lift_and_relocate_v02,LIFT_AND_RELOCATE,C6,D4,28101,70,72,0,0.0,DOES_NOT_INTERFERE,INTERFERES,False,True,False
v1__scene_lift_and_relocate_v02__L2__C6_D4__r01_s28101,scene_lift_and_relocate_v02,LIFT_AND_RELOCATE,C6,D4,28101,70,77,0,0.0,DOES_NOT_INTERFERE,INTERFERES,False,True,False
v1__scene_lift_and_relocate_v02__L2__C6_D4__r01_s28101,scene_lift_and_relocate_v02,LIFT_AND_RELOCATE,C6,D4,28101,70,79,0,0.0,DOES_NOT_INTERFERE,INTERFERES,False,True,False
v1__scene_lift_and_relocate_v02__L2__C6_D4__r02_s28102,scene_lift_and_relocate_v02,LIFT_AND_RELOCATE,C6,D4,28102,70,14,2951,0.300692888,INTERFERES,INTERFERES,True,True,True
v1__scene_lift_and_relocate_v02__L2__C6_D4__r02_s28102,scene_lift_and_relocate_v02,LIFT_AND_RELOCATE,C6,D4,28102,70,22,0,0.0,DOES_NOT_INTERFERE,INTERFERES,False,True,False
v1__scene_lift_and_relocate_v02__L2__C6_D4__r02_s28102,scene_lift_and_relocate_v02,LIFT_AND_RELOCATE,C6,D4,28102,70,72,0,0.0,DOES_NOT_INTERFERE,INTERFERES,False,True,False
v1__scene_lift_and_relocate_v02__L2__C6_D4__r02_s28102,scene_lift_and_relocate_v02,LIFT_AND_RELOCATE,C6,D4,28102,70,77,0,0.0,DOES_NOT_INTERFERE,INTERFERES,False,True,False
v1__scene_lift_and_relocate_v02__L2__C6_D4__r02_s28102,scene_lift_and_relocate_v02,LIFT_AND_RELOCATE,C6,D4,28102,70,79,0,0.0,DOES_NOT_INTERFERE,INTERFERES,False,True,False
v1__scene_lift_and_relocate_v02__L2__C6_D4__r03_s28103,scene_lift_and_relocate_v02,LIFT_AND_RELOCATE,C6,D4,28103,70,14,2951,0.300692888,INTERFERES,INTERFERES,True,True,True
v1__scene_lift_and_relocate_v02__L2__C6_D4__r03_s28103,scene_lift_and_relocate_v02,LIFT_AND_RELOCATE,C6,D4,28103,70,22,0,0.0,DOES_NOT_INTERFERE,INTERFERES,False,True,False
v1__scene_lift_and_relocate_v02__L2__C6_D4__r03_s28103,scene_lift_and_relocate_v02,LIFT_AND_RELOCATE,C6,D4,28103,70,72,0,0.0,DOES_NOT_INTERFERE,INTERFERES,False,True,False
v1__scene_lift_and_relocate_v02__L2__C6_D4__r03_s28103,scene_lift_and_relocate_v02,LIFT_AND_RELOCATE,C6,D4,28103,70,77,0,0.0,DOES_NOT_INTERFERE,INTERFERES,False,True,False
v1__scene_lift_and_relocate_v02__L2__C6_D4__r03_s28103,scene_lift_and_relocate_v02,LIFT_AND_RELOCATE,C6,D4,28103,70,79,0,0.0,DOES_NOT_INTERFERE,INTERFERES,False,True,False
v1__scene_lift_and_relocate_v02__L2__C6_D4__r04_s28104,scene_lift_and_relocate_v02,LIFT_AND_RELOCATE,C6,D4,28104,70,14,2951,0.300692888,INTERFERES,INTERFERES,True,True,True
v1__scene_lift_and_relocate_v02__L2__C6_D4__r04_s28104,scene_lift_and_relocate_v02,LIFT_AND_RELOCATE,C6,D4,28104,70,22,0,0.0,DOES_NOT_INTERFERE,INTERFERES,False,True,False
v1__scene_lift_and_relocate_v02__L2__C6_D4__r04_s28104,scene_lift_and_relocate_v02,LIFT_AND_RELOCATE,C6,D4,28104,70,72,0,0.0,DOES_NOT_INTERFERE,INTERFERES,False,True,False
v1__scene_lift_and_relocate_v02__L2__C6_D4__r04_s28104,scene_lift_and_relocate_v02,LIFT_AND_RELOCATE,C6,D4,28104,70,77,0,0.0,DOES_NOT_INTERFERE,INTERFERES,False,True,False
v1__scene_lift_and_relocate_v02__L2__C6_D4__r04_s28104,scene_lift_and_relocate_v02,LIFT_AND_RELOCATE,C6,D4,28104,70,79,0,0.0,DOES_NOT_INTERFERE,INTERFERES,False,True,False
v1__scene_lift_and_relocate_v02__L2__C6_D4__r05_s28105,scene_lift_and_relocate_v02,LIFT_AND_RELOCATE,C6,D4,28105,70,14,2951,0.300692888,INTERFERES,INTERFERES,True,True,True
v1__scene_lift_and_relocate_v02__L2__C6_D4__r05_s28105,scene_lift_and_relocate_v02,LIFT_AND_RELOCATE,C6,D4,28105,70,22,0,0.0,DOES_NOT_INTERFERE,INTERFERES,False,True,False
v1__scene_lift_and_relocate_v02__L2__C6_D4__r05_s28105,scene_lift_and_relocate_v02,LIFT_AND_RELOCATE,C6,D4,28105,70,72,0,0.0,DOES_NOT_INTERFERE,INTERFERES,False,True,False
v1__scene_lift_and_relocate_v02__L2__C6_D4__r05_s28105,scene_lift_and_relocate_v02,LIFT_AND_RELOCATE,C6,D4,28105,70,77,0,0.0,DOES_NOT_INTERFERE,INTERFERES,False,True,False
v1__scene_lift_and_relocate_v02__L2__C6_D4__r05_s28105,scene_lift_and_relocate_v02,LIFT_AND_RELOCATE,C6,D4,28105,70,79,0,0.0,DOES_NOT_INTERFERE,INTERFERES,False,True,False
v1__scene_lift_and_relocate_v02__L2__C6_D8__r01_s28101,scene_lift_and_relocate_v02,LIFT_AND_RELOCATE,C6,D8,28101,70,14,2951,0.300692888,INTERFERES,INTERFERES,True,True,True
v1__scene_lift_and_relocate_v02__L2__C6_D8__r01_s28101,scene_lift_and_relocate_v02,LIFT_AND_RELOCATE,C6,D8,28101,70,22,0,0.0,DOES_NOT_INTERFERE,INTERFERES,False,True,False
v1__scene_lift_and_relocate_v02__L2__C6_D8__r01_s28101,scene_lift_and_relocate_v02,LIFT_AND_RELOCATE,C6,D8,28101,70,72,0,0.0,DOES_NOT_INTERFERE,INTERFERES,False,True,False
v1__scene_lift_and_relocate_v02__L2__C6_D8__r01_s28101,scene_lift_and_relocate_v02,LIFT_AND_RELOCATE,C6,D8,28101,70,77,0,0.0,DOES_NOT_INTERFERE,INTERFERES,False,True,False
v1__scene_lift_and_relocate_v02__L2__C6_D8__r01_s28101,scene_lift_and_relocate_v02,LIFT_AND_RELOCATE,C6,D8,28101,70,79,0,0.0,DOES_NOT_INTERFERE,INTERFERES,False,True,False
v1__scene_lift_and_relocate_v02__L2__C6_D8__r02_s28102,scene_lift_and_relocate_v02,LIFT_AND_RELOCATE,C6,D8,28102,70,14,2951,0.300692888,INTERFERES,INTERFERES,True,True,True
v1__scene_lift_and_relocate_v02__L2__C6_D8__r02_s28102,scene_lift_and_relocate_v02,LIFT_AND_RELOCATE,C6,D8,28102,70,22,0,0.0,DOES_NOT_INTERFERE,INTERFERES,False,True,False
v1__scene_lift_and_relocate_v02__L2__C6_D8__r02_s28102,scene_lift_and_relocate_v02,LIFT_AND_RELOCATE,C6,D8,28102,70,72,0,0.0,DOES_NOT_INTERFERE,INTERFERES,False,True,False
v1__scene_lift_and_relocate_v02__L2__C6_D8__r02_s28102,scene_lift_and_relocate_v02,LIFT_AND_RELOCATE,C6,D8,28102,70,77,0,0.0,DOES_NOT_INTERFERE,INTERFERES,False,True,False
v1__scene_lift_and_relocate_v02__L2__C6_D8__r02_s28102,scene_lift_and_relocate_v02,LIFT_AND_RELOCATE,C6,D8,28102,70,79,0,0.0,DOES_NOT_INTERFERE,INTERFERES,False,True,False
v1__scene_lift_and_relocate_v02__L2__C6_D8__r03_s28103,scene_lift_and_relocate_v02,LIFT_AND_RELOCATE,C6,D8,28103,70,14,2951,0.300692888,INTERFERES,INTERFERES,True,True,True
v1__scene_lift_and_relocate_v02__L2__C6_D8__r03_s28103,scene_lift_and_relocate_v02,LIFT_AND_RELOCATE,C6,D8,28103,70,22,0,0.0,DOES_NOT_INTERFERE,INTERFERES,False,True,False
v1__scene_lift_and_relocate_v02__L2__C6_D8__r03_s28103,scene_lift_and_relocate_v02,LIFT_AND_RELOCATE,C6,D8,28103,70,72,0,0.0,DOES_NOT_INTERFERE,INTERFERES,False,True,False
v1__scene_lift_and_relocate_v02__L2__C6_D8__r03_s28103,scene_lift_and_relocate_v02,LIFT_AND_RELOCATE,C6,D8,28103,70,77,0,0.0,DOES_NOT_INTERFERE,INTERFERES,False,True,False
v1__scene_lift_and_relocate_v02__L2__C6_D8__r03_s28103,scene_lift_and_relocate_v02,LIFT_AND_RELOCATE,C6,D8,28103,70,79,0,0.0,DOES_NOT_INTERFERE,INTERFERES,False,True,False
v1__scene_lift_and_relocate_v02__L2__C6_D8__r04_s28104,scene_lift_and_relocate_v02,LIFT_AND_RELOCATE,C6,D8,28104,70,14,2951,0.300692888,INTERFERES,INTERFERES,True,True,True
v1__scene_lift_and_relocate_v02__L2__C6_D8__r04_s28104,scene_lift_and_relocate_v02,LIFT_AND_RELOCATE,C6,D8,28104,70,22,0,0.0,DOES_NOT_INTERFERE,INTERFERES,False,True,False
v1__scene_lift_and_relocate_v02__L2__C6_D8__r04_s28104,scene_lift_and_relocate_v02,LIFT_AND_RELOCATE,C6,D8,28104,70,72,0,0.0,DOES_NOT_INTERFERE,INTERFERES,False,True,False
v1__scene_lift_and_relocate_v02__L2__C6_D8__r04_s28104,scene_lift_and_relocate_v02,LIFT_AND_RELOCATE,C6,D8,28104,70,77,0,0.0,DOES_NOT_INTERFERE,INTERFERES,False,True,False
v1__scene_lift_and_relocate_v02__L2__C6_D8__r04_s28104,scene_lift_and_relocate_v02,LIFT_AND_RELOCATE,C6,D8,28104,70,79,0,0.0,DOES_NOT_INTERFERE,INTERFERES,False,True,False
v1__scene_lift_and_relocate_v02__L2__C6_D8__r05_s28105,scene_lift_and_relocate_v02,LIFT_AND_RELOCATE,C6,D8,28105,70,14,2951,0.300692888,INTERFERES,INTERFERES,True,True,True
v1__scene_lift_and_relocate_v02__L2__C6_D8__r05_s28105,scene_lift_and_relocate_v02,LIFT_AND_RELOCATE,C6,D8,28105,70,22,0,0.0,DOES_NOT_INTERFERE,INTERFERES,False,True,False
v1__scene_lift_and_relocate_v02__L2__C6_D8__r05_s28105,scene_lift_and_relocate_v02,LIFT_AND_RELOCATE,C6,D8,28105,70,72,0,0.0,DOES_NOT_INTERFERE,INTERFERES,False,True,False
v1__scene_lift_and_relocate_v02__L2__C6_D8__r05_s28105,scene_lift_and_relocate_v02,LIFT_AND_RELOCATE,C6,D8,28105,70,77,0,0.0,DOES_NOT_INTERFERE,INTERFERES,False,True,False
v1__scene_lift_and_relocate_v02__L2__C6_D8__r05_s28105,scene_lift_and_relocate_v02,LIFT_AND_RELOCATE,C6,D8,28105,70,79,0,0.0,DOES_NOT_INTERFERE,INTERFERES,False,True,False
v1__scene_lift_and_relocate_v03__L2__C0_NA__r01_s28101,scene_lift_and_relocate_v03,LIFT_AND_RELOCATE,C0,,28101,12,16,0,0.0,DOES_NOT_INTERFERE,INTERFERES,False,True,False
v1__scene_lift_and_relocate_v03__L2__C0_NA__r01_s28101,scene_lift_and_relocate_v03,LIFT_AND_RELOCATE,C0,,28101,12,35,3422,0.351479047,INTERFERES,INTERFERES,True,True,True
v1__scene_lift_and_relocate_v03__L2__C0_NA__r01_s28101,scene_lift_and_relocate_v03,LIFT_AND_RELOCATE,C0,,28101,12,50,0,0.0,DOES_NOT_INTERFERE,INTERFERES,False,True,False
v1__scene_lift_and_relocate_v03__L2__C0_NA__r01_s28101,scene_lift_and_relocate_v03,LIFT_AND_RELOCATE,C0,,28101,12,80,0,0.0,DOES_NOT_INTERFERE,INTERFERES,False,True,False
v1__scene_lift_and_relocate_v03__L2__C0_NA__r01_s28101,scene_lift_and_relocate_v03,LIFT_AND_RELOCATE,C0,,28101,12,92,0,0.0,DOES_NOT_INTERFERE,INTERFERES,False,True,False
v1__scene_lift_and_relocate_v03__L2__C0_NA__r02_s28102,scene_lift_and_relocate_v03,LIFT_AND_RELOCATE,C0,,28102,12,16,0,0.0,DOES_NOT_INTERFERE,INTERFERES,False,True,False
v1__scene_lift_and_relocate_v03__L2__C0_NA__r02_s28102,scene_lift_and_relocate_v03,LIFT_AND_RELOCATE,C0,,28102,12,35,3422,0.351479047,INTERFERES,INTERFERES,True,True,True
v1__scene_lift_and_relocate_v03__L2__C0_NA__r02_s28102,scene_lift_and_relocate_v03,LIFT_AND_RELOCATE,C0,,28102,12,50,0,0.0,DOES_NOT_INTERFERE,INTERFERES,False,True,False
v1__scene_lift_and_relocate_v03__L2__C0_NA__r02_s28102,scene_lift_and_relocate_v03,LIFT_AND_RELOCATE,C0,,28102,12,80,0,0.0,DOES_NOT_INTERFERE,INTERFERES,False,True,False
v1__scene_lift_and_relocate_v03__L2__C0_NA__r02_s28102,scene_lift_and_relocate_v03,LIFT_AND_RELOCATE,C0,,28102,12,92,0,0.0,DOES_NOT_INTERFERE,INTERFERES,False,True,False
v1__scene_lift_and_relocate_v03__L2__C0_NA__r03_s28103,scene_lift_and_relocate_v03,LIFT_AND_RELOCATE,C0,,28103,12,16,0,0.0,DOES_NOT_INTERFERE,INTERFERES,False,True,False
v1__scene_lift_and_relocate_v03__L2__C0_NA__r03_s28103,scene_lift_and_relocate_v03,LIFT_AND_RELOCATE,C0,,28103,12,35,3422,0.351479047,INTERFERES,INTERFERES,True,True,True
v1__scene_lift_and_relocate_v03__L2__C0_NA__r03_s28103,scene_lift_and_relocate_v03,LIFT_AND_RELOCATE,C0,,28103,12,50,0,0.0,DOES_NOT_INTERFERE,INTERFERES,False,True,False
v1__scene_lift_and_relocate_v03__L2__C0_NA__r03_s28103,scene_lift_and_relocate_v03,LIFT_AND_RELOCATE,C0,,28103,12,80,0,0.0,DOES_NOT_INTERFERE,INTERFERES,False,True,False
v1__scene_lift_and_relocate_v03__L2__C0_NA__r03_s28103,scene_lift_and_relocate_v03,LIFT_AND_RELOCATE,C0,,28103,12,92,0,0.0,DOES_NOT_INTERFERE,INTERFERES,False,True,False
v1__scene_lift_and_relocate_v03__L2__C0_NA__r04_s28104,scene_lift_and_relocate_v03,LIFT_AND_RELOCATE,C0,,28104,12,16,0,0.0,DOES_NOT_INTERFERE,INTERFERES,False,True,False
v1__scene_lift_and_relocate_v03__L2__C0_NA__r04_s28104,scene_lift_and_relocate_v03,LIFT_AND_RELOCATE,C0,,28104,12,35,3422,0.351479047,INTERFERES,INTERFERES,True,True,True
v1__scene_lift_and_relocate_v03__L2__C0_NA__r04_s28104,scene_lift_and_relocate_v03,LIFT_AND_RELOCATE,C0,,28104,12,50,0,0.0,DOES_NOT_INTERFERE,INTERFERES,False,True,False
v1__scene_lift_and_relocate_v03__L2__C0_NA__r04_s28104,scene_lift_and_relocate_v03,LIFT_AND_RELOCATE,C0,,28104,12,80,0,0.0,DOES_NOT_INTERFERE,INTERFERES,False,True,False
v1__scene_lift_and_relocate_v03__L2__C0_NA__r04_s28104,scene_lift_and_relocate_v03,LIFT_AND_RELOCATE,C0,,28104,12,92,0,0.0,DOES_NOT_INTERFERE,INTERFERES,False,True,False
v1__scene_lift_and_relocate_v03__L2__C0_NA__r05_s28105,scene_lift_and_relocate_v03,LIFT_AND_RELOCATE,C0,,28105,12,16,0,0.0,DOES_NOT_INTERFERE,INTERFERES,False,True,False
v1__scene_lift_and_relocate_v03__L2__C0_NA__r05_s28105,scene_lift_and_relocate_v03,LIFT_AND_RELOCATE,C0,,28105,12,35,3422,0.351479047,INTERFERES,INTERFERES,True,True,True
v1__scene_lift_and_relocate_v03__L2__C0_NA__r05_s28105,scene_lift_and_relocate_v03,LIFT_AND_RELOCATE,C0,,28105,12,50,0,0.0,DOES_NOT_INTERFERE,INTERFERES,False,True,False
v1__scene_lift_and_relocate_v03__L2__C0_NA__r05_s28105,scene_lift_and_relocate_v03,LIFT_AND_RELOCATE,C0,,28105,12,80,0,0.0,DOES_NOT_INTERFERE,INTERFERES,False,True,False
v1__scene_lift_and_relocate_v03__L2__C0_NA__r05_s28105,scene_lift_and_relocate_v03,LIFT_AND_RELOCATE,C0,,28105,12,92,0,0.0,DOES_NOT_INTERFERE,INTERFERES,False,True,False
v1__scene_lift_and_relocate_v03__L2__C1_NA__r01_s28101,scene_lift_and_relocate_v03,LIFT_AND_RELOCATE,C1,,28101,12,16,0,0.0,DOES_NOT_INTERFERE,INTERFERES,False,True,False
v1__scene_lift_and_relocate_v03__L2__C1_NA__r01_s28101,scene_lift_and_relocate_v03,LIFT_AND_RELOCATE,C1,,28101,12,35,3422,0.351479047,INTERFERES,INTERFERES,True,True,True
v1__scene_lift_and_relocate_v03__L2__C1_NA__r01_s28101,scene_lift_and_relocate_v03,LIFT_AND_RELOCATE,C1,,28101,12,50,0,0.0,DOES_NOT_INTERFERE,DOES_NOT_INTERFERE,False,False,True
v1__scene_lift_and_relocate_v03__L2__C1_NA__r01_s28101,scene_lift_and_relocate_v03,LIFT_AND_RELOCATE,C1,,28101,12,80,0,0.0,DOES_NOT_INTERFERE,DOES_NOT_INTERFERE,False,False,True
v1__scene_lift_and_relocate_v03__L2__C1_NA__r01_s28101,scene_lift_and_relocate_v03,LIFT_AND_RELOCATE,C1,,28101,12,92,0,0.0,DOES_NOT_INTERFERE,DOES_NOT_INTERFERE,False,False,True
v1__scene_lift_and_relocate_v03__L2__C1_NA__r02_s28102,scene_lift_and_relocate_v03,LIFT_AND_RELOCATE,C1,,28102,12,16,0,0.0,DOES_NOT_INTERFERE,INTERFERES,False,True,False
v1__scene_lift_and_relocate_v03__L2__C1_NA__r02_s28102,scene_lift_and_relocate_v03,LIFT_AND_RELOCATE,C1,,28102,12,35,3422,0.351479047,INTERFERES,INTERFERES,True,True,True
v1__scene_lift_and_relocate_v03__L2__C1_NA__r02_s28102,scene_lift_and_relocate_v03,LIFT_AND_RELOCATE,C1,,28102,12,50,0,0.0,DOES_NOT_INTERFERE,DOES_NOT_INTERFERE,False,False,True
v1__scene_lift_and_relocate_v03__L2__C1_NA__r02_s28102,scene_lift_and_relocate_v03,LIFT_AND_RELOCATE,C1,,28102,12,80,0,0.0,DOES_NOT_INTERFERE,DOES_NOT_INTERFERE,False,False,True
v1__scene_lift_and_relocate_v03__L2__C1_NA__r02_s28102,scene_lift_and_relocate_v03,LIFT_AND_RELOCATE,C1,,28102,12,92,0,0.0,DOES_NOT_INTERFERE,DOES_NOT_INTERFERE,False,False,True
v1__scene_lift_and_relocate_v03__L2__C1_NA__r03_s28103,scene_lift_and_relocate_v03,LIFT_AND_RELOCATE,C1,,28103,12,16,0,0.0,DOES_NOT_INTERFERE,INTERFERES,False,True,False
v1__scene_lift_and_relocate_v03__L2__C1_NA__r03_s28103,scene_lift_and_relocate_v03,LIFT_AND_RELOCATE,C1,,28103,12,35,3422,0.351479047,INTERFERES,INTERFERES,True,True,True
v1__scene_lift_and_relocate_v03__L2__C1_NA__r03_s28103,scene_lift_and_relocate_v03,LIFT_AND_RELOCATE,C1,,28103,12,50,0,0.0,DOES_NOT_INTERFERE,DOES_NOT_INTERFERE,False,False,True
v1__scene_lift_and_relocate_v03__L2__C1_NA__r03_s28103,scene_lift_and_relocate_v03,LIFT_AND_RELOCATE,C1,,28103,12,80,0,0.0,DOES_NOT_INTERFERE,DOES_NOT_INTERFERE,False,False,True
v1__scene_lift_and_relocate_v03__L2__C1_NA__r03_s28103,scene_lift_and_relocate_v03,LIFT_AND_RELOCATE,C1,,28103,12,92,0,0.0,DOES_NOT_INTERFERE,DOES_NOT_INTERFERE,False,False,True
v1__scene_lift_and_relocate_v03__L2__C1_NA__r04_s28104,scene_lift_and_relocate_v03,LIFT_AND_RELOCATE,C1,,28104,12,16,0,0.0,DOES_NOT_INTERFERE,INTERFERES,False,True,False
v1__scene_lift_and_relocate_v03__L2__C1_NA__r04_s28104,scene_lift_and_relocate_v03,LIFT_AND_RELOCATE,C1,,28104,12,35,3422,0.351479047,INTERFERES,INTERFERES,True,True,True
v1__scene_lift_and_relocate_v03__L2__C1_NA__r04_s28104,scene_lift_and_relocate_v03,LIFT_AND_RELOCATE,C1,,28104,12,50,0,0.0,DOES_NOT_INTERFERE,DOES_NOT_INTERFERE,False,False,True
v1__scene_lift_and_relocate_v03__L2__C1_NA__r04_s28104,scene_lift_and_relocate_v03,LIFT_AND_RELOCATE,C1,,28104,12,80,0,0.0,DOES_NOT_INTERFERE,DOES_NOT_INTERFERE,False,False,True
v1__scene_lift_and_relocate_v03__L2__C1_NA__r04_s28104,scene_lift_and_relocate_v03,LIFT_AND_RELOCATE,C1,,28104,12,92,0,0.0,DOES_NOT_INTERFERE,DOES_NOT_INTERFERE,False,False,True
v1__scene_lift_and_relocate_v03__L2__C1_NA__r05_s28105,scene_lift_and_relocate_v03,LIFT_AND_RELOCATE,C1,,28105,12,16,0,0.0,DOES_NOT_INTERFERE,INTERFERES,False,True,False
v1__scene_lift_and_relocate_v03__L2__C1_NA__r05_s28105,scene_lift_and_relocate_v03,LIFT_AND_RELOCATE,C1,,28105,12,35,3422,0.351479047,INTERFERES,INTERFERES,True,True,True
v1__scene_lift_and_relocate_v03__L2__C1_NA__r05_s28105,scene_lift_and_relocate_v03,LIFT_AND_RELOCATE,C1,,28105,12,50,0,0.0,DOES_NOT_INTERFERE,DOES_NOT_INTERFERE,False,False,True
v1__scene_lift_and_relocate_v03__L2__C1_NA__r05_s28105,scene_lift_and_relocate_v03,LIFT_AND_RELOCATE,C1,,28105,12,80,0,0.0,DOES_NOT_INTERFERE,DOES_NOT_INTERFERE,False,False,True
v1__scene_lift_and_relocate_v03__L2__C1_NA__r05_s28105,scene_lift_and_relocate_v03,LIFT_AND_RELOCATE,C1,,28105,12,92,0,0.0,DOES_NOT_INTERFERE,DOES_NOT_INTERFERE,False,False,True
v1__scene_lift_and_relocate_v03__L2__C2_D4__r01_s28101,scene_lift_and_relocate_v03,LIFT_AND_RELOCATE,C2,D4,28101,12,16,0,0.0,DOES_NOT_INTERFERE,INTERFERES,False,True,False
v1__scene_lift_and_relocate_v03__L2__C2_D4__r01_s28101,scene_lift_and_relocate_v03,LIFT_AND_RELOCATE,C2,D4,28101,12,35,3422,0.351479047,INTERFERES,INTERFERES,True,True,True
v1__scene_lift_and_relocate_v03__L2__C2_D4__r01_s28101,scene_lift_and_relocate_v03,LIFT_AND_RELOCATE,C2,D4,28101,12,50,0,0.0,DOES_NOT_INTERFERE,INTERFERES,False,True,False
v1__scene_lift_and_relocate_v03__L2__C2_D4__r01_s28101,scene_lift_and_relocate_v03,LIFT_AND_RELOCATE,C2,D4,28101,12,80,0,0.0,DOES_NOT_INTERFERE,INTERFERES,False,True,False
v1__scene_lift_and_relocate_v03__L2__C2_D4__r01_s28101,scene_lift_and_relocate_v03,LIFT_AND_RELOCATE,C2,D4,28101,12,92,0,0.0,DOES_NOT_INTERFERE,INTERFERES,False,True,False
v1__scene_lift_and_relocate_v03__L2__C2_D4__r02_s28102,scene_lift_and_relocate_v03,LIFT_AND_RELOCATE,C2,D4,28102,12,16,0,0.0,DOES_NOT_INTERFERE,INTERFERES,False,True,False
v1__scene_lift_and_relocate_v03__L2__C2_D4__r02_s28102,scene_lift_and_relocate_v03,LIFT_AND_RELOCATE,C2,D4,28102,12,35,3422,0.351479047,INTERFERES,INTERFERES,True,True,True
v1__scene_lift_and_relocate_v03__L2__C2_D4__r02_s28102,scene_lift_and_relocate_v03,LIFT_AND_RELOCATE,C2,D4,28102,12,50,0,0.0,DOES_NOT_INTERFERE,INTERFERES,False,True,False
v1__scene_lift_and_relocate_v03__L2__C2_D4__r02_s28102,scene_lift_and_relocate_v03,LIFT_AND_RELOCATE,C2,D4,28102,12,80,0,0.0,DOES_NOT_INTERFERE,INTERFERES,False,True,False
v1__scene_lift_and_relocate_v03__L2__C2_D4__r02_s28102,scene_lift_and_relocate_v03,LIFT_AND_RELOCATE,C2,D4,28102,12,92,0,0.0,DOES_NOT_INTERFERE,INTERFERES,False,True,False
v1__scene_lift_and_relocate_v03__L2__C2_D4__r03_s28103,scene_lift_and_relocate_v03,LIFT_AND_RELOCATE,C2,D4,28103,12,16,0,0.0,DOES_NOT_INTERFERE,INTERFERES,False,True,False
v1__scene_lift_and_relocate_v03__L2__C2_D4__r03_s28103,scene_lift_and_relocate_v03,LIFT_AND_RELOCATE,C2,D4,28103,12,35,3422,0.351479047,INTERFERES,INTERFERES,True,True,True
v1__scene_lift_and_relocate_v03__L2__C2_D4__r03_s28103,scene_lift_and_relocate_v03,LIFT_AND_RELOCATE,C2,D4,28103,12,50,0,0.0,DOES_NOT_INTERFERE,INTERFERES,False,True,False
v1__scene_lift_and_relocate_v03__L2__C2_D4__r03_s28103,scene_lift_and_relocate_v03,LIFT_AND_RELOCATE,C2,D4,28103,12,80,0,0.0,DOES_NOT_INTERFERE,INTERFERES,False,True,False
v1__scene_lift_and_relocate_v03__L2__C2_D4__r03_s28103,scene_lift_and_relocate_v03,LIFT_AND_RELOCATE,C2,D4,28103,12,92,0,0.0,DOES_NOT_INTERFERE,INTERFERES,False,True,False
v1__scene_lift_and_relocate_v03__L2__C2_D4__r04_s28104,scene_lift_and_relocate_v03,LIFT_AND_RELOCATE,C2,D4,28104,12,16,0,0.0,DOES_NOT_INTERFERE,INTERFERES,False,True,False
v1__scene_lift_and_relocate_v03__L2__C2_D4__r04_s28104,scene_lift_and_relocate_v03,LIFT_AND_RELOCATE,C2,D4,28104,12,35,3422,0.351479047,INTERFERES,INTERFERES,True,True,True
v1__scene_lift_and_relocate_v03__L2__C2_D4__r04_s28104,scene_lift_and_relocate_v03,LIFT_AND_RELOCATE,C2,D4,28104,12,50,0,0.0,DOES_NOT_INTERFERE,INTERFERES,False,True,False
v1__scene_lift_and_relocate_v03__L2__C2_D4__r04_s28104,scene_lift_and_relocate_v03,LIFT_AND_RELOCATE,C2,D4,28104,12,80,0,0.0,DOES_NOT_INTERFERE,INTERFERES,False,True,False
v1__scene_lift_and_relocate_v03__L2__C2_D4__r04_s28104,scene_lift_and_relocate_v03,LIFT_AND_RELOCATE,C2,D4,28104,12,92,0,0.0,DOES_NOT_INTERFERE,INTERFERES,False,True,False
v1__scene_lift_and_relocate_v03__L2__C2_D4__r05_s28105,scene_lift_and_relocate_v03,LIFT_AND_RELOCATE,C2,D4,28105,12,16,0,0.0,DOES_NOT_INTERFERE,INTERFERES,False,True,False
v1__scene_lift_and_relocate_v03__L2__C2_D4__r05_s28105,scene_lift_and_relocate_v03,LIFT_AND_RELOCATE,C2,D4,28105,12,35,3422,0.351479047,INTERFERES,INTERFERES,True,True,True
v1__scene_lift_and_relocate_v03__L2__C2_D4__r05_s28105,scene_lift_and_relocate_v03,LIFT_AND_RELOCATE,C2,D4,28105,12,50,0,0.0,DOES_NOT_INTERFERE,INTERFERES,False,True,False
v1__scene_lift_and_relocate_v03__L2__C2_D4__r05_s28105,scene_lift_and_relocate_v03,LIFT_AND_RELOCATE,C2,D4,28105,12,80,0,0.0,DOES_NOT_INTERFERE,INTERFERES,False,True,False
v1__scene_lift_and_relocate_v03__L2__C2_D4__r05_s28105,scene_lift_and_relocate_v03,LIFT_AND_RELOCATE,C2,D4,28105,12,92,0,0.0,DOES_NOT_INTERFERE,INTERFERES,False,True,False
v1__scene_lift_and_relocate_v03__L2__C2_D8__r01_s28101,scene_lift_and_relocate_v03,LIFT_AND_RELOCATE,C2,D8,28101,12,16,0,0.0,DOES_NOT_INTERFERE,INTERFERES,False,True,False
v1__scene_lift_and_relocate_v03__L2__C2_D8__r01_s28101,scene_lift_and_relocate_v03,LIFT_AND_RELOCATE,C2,D8,28101,12,35,3422,0.351479047,INTERFERES,INTERFERES,True,True,True
v1__scene_lift_and_relocate_v03__L2__C2_D8__r01_s28101,scene_lift_and_relocate_v03,LIFT_AND_RELOCATE,C2,D8,28101,12,50,0,0.0,DOES_NOT_INTERFERE,DOES_NOT_INTERFERE,False,False,True
v1__scene_lift_and_relocate_v03__L2__C2_D8__r01_s28101,scene_lift_and_relocate_v03,LIFT_AND_RELOCATE,C2,D8,28101,12,80,0,0.0,DOES_NOT_INTERFERE,INTERFERES,False,True,False
v1__scene_lift_and_relocate_v03__L2__C2_D8__r01_s28101,scene_lift_and_relocate_v03,LIFT_AND_RELOCATE,C2,D8,28101,12,92,0,0.0,DOES_NOT_INTERFERE,DOES_NOT_INTERFERE,False,False,True
v1__scene_lift_and_relocate_v03__L2__C2_D8__r02_s28102,scene_lift_and_relocate_v03,LIFT_AND_RELOCATE,C2,D8,28102,12,16,0,0.0,DOES_NOT_INTERFERE,INTERFERES,False,True,False
v1__scene_lift_and_relocate_v03__L2__C2_D8__r02_s28102,scene_lift_and_relocate_v03,LIFT_AND_RELOCATE,C2,D8,28102,12,35,3422,0.351479047,INTERFERES,INTERFERES,True,True,True
v1__scene_lift_and_relocate_v03__L2__C2_D8__r02_s28102,scene_lift_and_relocate_v03,LIFT_AND_RELOCATE,C2,D8,28102,12,50,0,0.0,DOES_NOT_INTERFERE,INTERFERES,False,True,False
v1__scene_lift_and_relocate_v03__L2__C2_D8__r02_s28102,scene_lift_and_relocate_v03,LIFT_AND_RELOCATE,C2,D8,28102,12,80,0,0.0,DOES_NOT_INTERFERE,INTERFERES,False,True,False
v1__scene_lift_and_relocate_v03__L2__C2_D8__r02_s28102,scene_lift_and_relocate_v03,LIFT_AND_RELOCATE,C2,D8,28102,12,92,0,0.0,DOES_NOT_INTERFERE,INTERFERES,False,True,False
v1__scene_lift_and_relocate_v03__L2__C2_D8__r03_s28103,scene_lift_and_relocate_v03,LIFT_AND_RELOCATE,C2,D8,28103,12,16,0,0.0,DOES_NOT_INTERFERE,INTERFERES,False,True,False
v1__scene_lift_and_relocate_v03__L2__C2_D8__r03_s28103,scene_lift_and_relocate_v03,LIFT_AND_RELOCATE,C2,D8,28103,12,35,3422,0.351479047,INTERFERES,INTERFERES,True,True,True
v1__scene_lift_and_relocate_v03__L2__C2_D8__r03_s28103,scene_lift_and_relocate_v03,LIFT_AND_RELOCATE,C2,D8,28103,12,50,0,0.0,DOES_NOT_INTERFERE,INTERFERES,False,True,False
v1__scene_lift_and_relocate_v03__L2__C2_D8__r03_s28103,scene_lift_and_relocate_v03,LIFT_AND_RELOCATE,C2,D8,28103,12,80,0,0.0,DOES_NOT_INTERFERE,INTERFERES,False,True,False
v1__scene_lift_and_relocate_v03__L2__C2_D8__r03_s28103,scene_lift_and_relocate_v03,LIFT_AND_RELOCATE,C2,D8,28103,12,92,0,0.0,DOES_NOT_INTERFERE,INTERFERES,False,True,False
v1__scene_lift_and_relocate_v03__L2__C2_D8__r04_s28104,scene_lift_and_relocate_v03,LIFT_AND_RELOCATE,C2,D8,28104,12,16,0,0.0,DOES_NOT_INTERFERE,INTERFERES,False,True,False
v1__scene_lift_and_relocate_v03__L2__C2_D8__r04_s28104,scene_lift_and_relocate_v03,LIFT_AND_RELOCATE,C2,D8,28104,12,35,3422,0.351479047,INTERFERES,INTERFERES,True,True,True
v1__scene_lift_and_relocate_v03__L2__C2_D8__r04_s28104,scene_lift_and_relocate_v03,LIFT_AND_RELOCATE,C2,D8,28104,12,50,0,0.0,DOES_NOT_INTERFERE,INTERFERES,False,True,False
v1__scene_lift_and_relocate_v03__L2__C2_D8__r04_s28104,scene_lift_and_relocate_v03,LIFT_AND_RELOCATE,C2,D8,28104,12,80,0,0.0,DOES_NOT_INTERFERE,INTERFERES,False,True,False
v1__scene_lift_and_relocate_v03__L2__C2_D8__r04_s28104,scene_lift_and_relocate_v03,LIFT_AND_RELOCATE,C2,D8,28104,12,92,0,0.0,DOES_NOT_INTERFERE,INTERFERES,False,True,False
v1__scene_lift_and_relocate_v03__L2__C2_D8__r05_s28105,scene_lift_and_relocate_v03,LIFT_AND_RELOCATE,C2,D8,28105,12,16,0,0.0,DOES_NOT_INTERFERE,INTERFERES,False,True,False
v1__scene_lift_and_relocate_v03__L2__C2_D8__r05_s28105,scene_lift_and_relocate_v03,LIFT_AND_RELOCATE,C2,D8,28105,12,35,3422,0.351479047,INTERFERES,INTERFERES,True,True,True
v1__scene_lift_and_relocate_v03__L2__C2_D8__r05_s28105,scene_lift_and_relocate_v03,LIFT_AND_RELOCATE,C2,D8,28105,12,50,0,0.0,DOES_NOT_INTERFERE,DOES_NOT_INTERFERE,False,False,True
v1__scene_lift_and_relocate_v03__L2__C2_D8__r05_s28105,scene_lift_and_relocate_v03,LIFT_AND_RELOCATE,C2,D8,28105,12,80,0,0.0,DOES_NOT_INTERFERE,DOES_NOT_INTERFERE,False,False,True
v1__scene_lift_and_relocate_v03__L2__C2_D8__r05_s28105,scene_lift_and_relocate_v03,LIFT_AND_RELOCATE,C2,D8,28105,12,92,0,0.0,DOES_NOT_INTERFERE,DOES_NOT_INTERFERE,False,False,True
v1__scene_lift_and_relocate_v03__L2__C3_D4__r01_s28101,scene_lift_and_relocate_v03,LIFT_AND_RELOCATE,C3,D4,28101,12,16,0,0.0,DOES_NOT_INTERFERE,INTERFERES,False,True,False
v1__scene_lift_and_relocate_v03__L2__C3_D4__r01_s28101,scene_lift_and_relocate_v03,LIFT_AND_RELOCATE,C3,D4,28101,12,35,3422,0.351479047,INTERFERES,INTERFERES,True,True,True
v1__scene_lift_and_relocate_v03__L2__C3_D4__r01_s28101,scene_lift_and_relocate_v03,LIFT_AND_RELOCATE,C3,D4,28101,12,50,0,0.0,DOES_NOT_INTERFERE,DOES_NOT_INTERFERE,False,False,True
v1__scene_lift_and_relocate_v03__L2__C3_D4__r01_s28101,scene_lift_and_relocate_v03,LIFT_AND_RELOCATE,C3,D4,28101,12,80,0,0.0,DOES_NOT_INTERFERE,INTERFERES,False,True,False
v1__scene_lift_and_relocate_v03__L2__C3_D4__r01_s28101,scene_lift_and_relocate_v03,LIFT_AND_RELOCATE,C3,D4,28101,12,92,0,0.0,DOES_NOT_INTERFERE,DOES_NOT_INTERFERE,False,False,True
v1__scene_lift_and_relocate_v03__L2__C3_D4__r02_s28102,scene_lift_and_relocate_v03,LIFT_AND_RELOCATE,C3,D4,28102,12,16,0,0.0,DOES_NOT_INTERFERE,INTERFERES,False,True,False
v1__scene_lift_and_relocate_v03__L2__C3_D4__r02_s28102,scene_lift_and_relocate_v03,LIFT_AND_RELOCATE,C3,D4,28102,12,35,3422,0.351479047,INTERFERES,INTERFERES,True,True,True
v1__scene_lift_and_relocate_v03__L2__C3_D4__r02_s28102,scene_lift_and_relocate_v03,LIFT_AND_RELOCATE,C3,D4,28102,12,50,0,0.0,DOES_NOT_INTERFERE,DOES_NOT_INTERFERE,False,False,True
v1__scene_lift_and_relocate_v03__L2__C3_D4__r02_s28102,scene_lift_and_relocate_v03,LIFT_AND_RELOCATE,C3,D4,28102,12,80,0,0.0,DOES_NOT_INTERFERE,DOES_NOT_INTERFERE,False,False,True
v1__scene_lift_and_relocate_v03__L2__C3_D4__r02_s28102,scene_lift_and_relocate_v03,LIFT_AND_RELOCATE,C3,D4,28102,12,92,0,0.0,DOES_NOT_INTERFERE,DOES_NOT_INTERFERE,False,False,True
v1__scene_lift_and_relocate_v03__L2__C3_D4__r03_s28103,scene_lift_and_relocate_v03,LIFT_AND_RELOCATE,C3,D4,28103,12,16,0,0.0,DOES_NOT_INTERFERE,INTERFERES,False,True,False
v1__scene_lift_and_relocate_v03__L2__C3_D4__r03_s28103,scene_lift_and_relocate_v03,LIFT_AND_RELOCATE,C3,D4,28103,12,35,3422,0.351479047,INTERFERES,INTERFERES,True,True,True
v1__scene_lift_and_relocate_v03__L2__C3_D4__r03_s28103,scene_lift_and_relocate_v03,LIFT_AND_RELOCATE,C3,D4,28103,12,50,0,0.0,DOES_NOT_INTERFERE,DOES_NOT_INTERFERE,False,False,True
v1__scene_lift_and_relocate_v03__L2__C3_D4__r03_s28103,scene_lift_and_relocate_v03,LIFT_AND_RELOCATE,C3,D4,28103,12,80,0,0.0,DOES_NOT_INTERFERE,INTERFERES,False,True,False
v1__scene_lift_and_relocate_v03__L2__C3_D4__r03_s28103,scene_lift_and_relocate_v03,LIFT_AND_RELOCATE,C3,D4,28103,12,92,0,0.0,DOES_NOT_INTERFERE,DOES_NOT_INTERFERE,False,False,True
v1__scene_lift_and_relocate_v03__L2__C3_D4__r04_s28104,scene_lift_and_relocate_v03,LIFT_AND_RELOCATE,C3,D4,28104,12,16,0,0.0,DOES_NOT_INTERFERE,INTERFERES,False,True,False
v1__scene_lift_and_relocate_v03__L2__C3_D4__r04_s28104,scene_lift_and_relocate_v03,LIFT_AND_RELOCATE,C3,D4,28104,12,35,3422,0.351479047,INTERFERES,INTERFERES,True,True,True
v1__scene_lift_and_relocate_v03__L2__C3_D4__r04_s28104,scene_lift_and_relocate_v03,LIFT_AND_RELOCATE,C3,D4,28104,12,50,0,0.0,DOES_NOT_INTERFERE,DOES_NOT_INTERFERE,False,False,True
v1__scene_lift_and_relocate_v03__L2__C3_D4__r04_s28104,scene_lift_and_relocate_v03,LIFT_AND_RELOCATE,C3,D4,28104,12,80,0,0.0,DOES_NOT_INTERFERE,INTERFERES,False,True,False
v1__scene_lift_and_relocate_v03__L2__C3_D4__r04_s28104,scene_lift_and_relocate_v03,LIFT_AND_RELOCATE,C3,D4,28104,12,92,0,0.0,DOES_NOT_INTERFERE,DOES_NOT_INTERFERE,False,False,True
v1__scene_lift_and_relocate_v03__L2__C3_D4__r05_s28105,scene_lift_and_relocate_v03,LIFT_AND_RELOCATE,C3,D4,28105,12,16,0,0.0,DOES_NOT_INTERFERE,INTERFERES,False,True,False
v1__scene_lift_and_relocate_v03__L2__C3_D4__r05_s28105,scene_lift_and_relocate_v03,LIFT_AND_RELOCATE,C3,D4,28105,12,35,3422,0.351479047,INTERFERES,INTERFERES,True,True,True
v1__scene_lift_and_relocate_v03__L2__C3_D4__r05_s28105,scene_lift_and_relocate_v03,LIFT_AND_RELOCATE,C3,D4,28105,12,50,0,0.0,DOES_NOT_INTERFERE,DOES_NOT_INTERFERE,False,False,True
v1__scene_lift_and_relocate_v03__L2__C3_D4__r05_s28105,scene_lift_and_relocate_v03,LIFT_AND_RELOCATE,C3,D4,28105,12,80,0,0.0,DOES_NOT_INTERFERE,DOES_NOT_INTERFERE,False,False,True
v1__scene_lift_and_relocate_v03__L2__C3_D4__r05_s28105,scene_lift_and_relocate_v03,LIFT_AND_RELOCATE,C3,D4,28105,12,92,0,0.0,DOES_NOT_INTERFERE,DOES_NOT_INTERFERE,False,False,True
v1__scene_lift_and_relocate_v03__L2__C3_D8__r01_s28101,scene_lift_and_relocate_v03,LIFT_AND_RELOCATE,C3,D8,28101,12,16,0,0.0,DOES_NOT_INTERFERE,INTERFERES,False,True,False
v1__scene_lift_and_relocate_v03__L2__C3_D8__r01_s28101,scene_lift_and_relocate_v03,LIFT_AND_RELOCATE,C3,D8,28101,12,35,3422,0.351479047,INTERFERES,INTERFERES,True,True,True
v1__scene_lift_and_relocate_v03__L2__C3_D8__r01_s28101,scene_lift_and_relocate_v03,LIFT_AND_RELOCATE,C3,D8,28101,12,50,0,0.0,DOES_NOT_INTERFERE,DOES_NOT_INTERFERE,False,False,True
v1__scene_lift_and_relocate_v03__L2__C3_D8__r01_s28101,scene_lift_and_relocate_v03,LIFT_AND_RELOCATE,C3,D8,28101,12,80,0,0.0,DOES_NOT_INTERFERE,INTERFERES,False,True,False
v1__scene_lift_and_relocate_v03__L2__C3_D8__r01_s28101,scene_lift_and_relocate_v03,LIFT_AND_RELOCATE,C3,D8,28101,12,92,0,0.0,DOES_NOT_INTERFERE,DOES_NOT_INTERFERE,False,False,True
v1__scene_lift_and_relocate_v03__L2__C3_D8__r02_s28102,scene_lift_and_relocate_v03,LIFT_AND_RELOCATE,C3,D8,28102,12,16,0,0.0,DOES_NOT_INTERFERE,INTERFERES,False,True,False
v1__scene_lift_and_relocate_v03__L2__C3_D8__r02_s28102,scene_lift_and_relocate_v03,LIFT_AND_RELOCATE,C3,D8,28102,12,35,3422,0.351479047,INTERFERES,INTERFERES,True,True,True
v1__scene_lift_and_relocate_v03__L2__C3_D8__r02_s28102,scene_lift_and_relocate_v03,LIFT_AND_RELOCATE,C3,D8,28102,12,50,0,0.0,DOES_NOT_INTERFERE,INTERFERES,False,True,False
v1__scene_lift_and_relocate_v03__L2__C3_D8__r02_s28102,scene_lift_and_relocate_v03,LIFT_AND_RELOCATE,C3,D8,28102,12,80,0,0.0,DOES_NOT_INTERFERE,INTERFERES,False,True,False
v1__scene_lift_and_relocate_v03__L2__C3_D8__r02_s28102,scene_lift_and_relocate_v03,LIFT_AND_RELOCATE,C3,D8,28102,12,92,0,0.0,DOES_NOT_INTERFERE,INTERFERES,False,True,False
v1__scene_lift_and_relocate_v03__L2__C3_D8__r03_s28103,scene_lift_and_relocate_v03,LIFT_AND_RELOCATE,C3,D8,28103,12,16,0,0.0,DOES_NOT_INTERFERE,INTERFERES,False,True,False
v1__scene_lift_and_relocate_v03__L2__C3_D8__r03_s28103,scene_lift_and_relocate_v03,LIFT_AND_RELOCATE,C3,D8,28103,12,35,3422,0.351479047,INTERFERES,INTERFERES,True,True,True
v1__scene_lift_and_relocate_v03__L2__C3_D8__r03_s28103,scene_lift_and_relocate_v03,LIFT_AND_RELOCATE,C3,D8,28103,12,50,0,0.0,DOES_NOT_INTERFERE,INTERFERES,False,True,False
v1__scene_lift_and_relocate_v03__L2__C3_D8__r03_s28103,scene_lift_and_relocate_v03,LIFT_AND_RELOCATE,C3,D8,28103,12,80,0,0.0,DOES_NOT_INTERFERE,INTERFERES,False,True,False
v1__scene_lift_and_relocate_v03__L2__C3_D8__r03_s28103,scene_lift_and_relocate_v03,LIFT_AND_RELOCATE,C3,D8,28103,12,92,0,0.0,DOES_NOT_INTERFERE,INTERFERES,False,True,False
v1__scene_lift_and_relocate_v03__L2__C3_D8__r04_s28104,scene_lift_and_relocate_v03,LIFT_AND_RELOCATE,C3,D8,28104,12,16,0,0.0,DOES_NOT_INTERFERE,INTERFERES,False,True,False
v1__scene_lift_and_relocate_v03__L2__C3_D8__r04_s28104,scene_lift_and_relocate_v03,LIFT_AND_RELOCATE,C3,D8,28104,12,35,3422,0.351479047,INTERFERES,INTERFERES,True,True,True
v1__scene_lift_and_relocate_v03__L2__C3_D8__r04_s28104,scene_lift_and_relocate_v03,LIFT_AND_RELOCATE,C3,D8,28104,12,50,0,0.0,DOES_NOT_INTERFERE,INTERFERES,False,True,False
v1__scene_lift_and_relocate_v03__L2__C3_D8__r04_s28104,scene_lift_and_relocate_v03,LIFT_AND_RELOCATE,C3,D8,28104,12,80,0,0.0,DOES_NOT_INTERFERE,INTERFERES,False,True,False
v1__scene_lift_and_relocate_v03__L2__C3_D8__r04_s28104,scene_lift_and_relocate_v03,LIFT_AND_RELOCATE,C3,D8,28104,12,92,0,0.0,DOES_NOT_INTERFERE,INTERFERES,False,True,False
v1__scene_lift_and_relocate_v03__L2__C3_D8__r05_s28105,scene_lift_and_relocate_v03,LIFT_AND_RELOCATE,C3,D8,28105,12,16,0,0.0,DOES_NOT_INTERFERE,INTERFERES,False,True,False
v1__scene_lift_and_relocate_v03__L2__C3_D8__r05_s28105,scene_lift_and_relocate_v03,LIFT_AND_RELOCATE,C3,D8,28105,12,35,3422,0.351479047,INTERFERES,INTERFERES,True,True,True
v1__scene_lift_and_relocate_v03__L2__C3_D8__r05_s28105,scene_lift_and_relocate_v03,LIFT_AND_RELOCATE,C3,D8,28105,12,50,0,0.0,DOES_NOT_INTERFERE,DOES_NOT_INTERFERE,False,False,True
v1__scene_lift_and_relocate_v03__L2__C3_D8__r05_s28105,scene_lift_and_relocate_v03,LIFT_AND_RELOCATE,C3,D8,28105,12,80,0,0.0,DOES_NOT_INTERFERE,INTERFERES,False,True,False
v1__scene_lift_and_relocate_v03__L2__C3_D8__r05_s28105,scene_lift_and_relocate_v03,LIFT_AND_RELOCATE,C3,D8,28105,12,92,0,0.0,DOES_NOT_INTERFERE,DOES_NOT_INTERFERE,False,False,True
v1__scene_lift_and_relocate_v03__L2__C4_D4__r01_s28101,scene_lift_and_relocate_v03,LIFT_AND_RELOCATE,C4,D4,28101,12,16,0,0.0,DOES_NOT_INTERFERE,INTERFERES,False,True,False
v1__scene_lift_and_relocate_v03__L2__C4_D4__r01_s28101,scene_lift_and_relocate_v03,LIFT_AND_RELOCATE,C4,D4,28101,12,35,3422,0.351479047,INTERFERES,INTERFERES,True,True,True
v1__scene_lift_and_relocate_v03__L2__C4_D4__r01_s28101,scene_lift_and_relocate_v03,LIFT_AND_RELOCATE,C4,D4,28101,12,50,0,0.0,DOES_NOT_INTERFERE,DOES_NOT_INTERFERE,False,False,True
v1__scene_lift_and_relocate_v03__L2__C4_D4__r01_s28101,scene_lift_and_relocate_v03,LIFT_AND_RELOCATE,C4,D4,28101,12,80,0,0.0,DOES_NOT_INTERFERE,DOES_NOT_INTERFERE,False,False,True
v1__scene_lift_and_relocate_v03__L2__C4_D4__r01_s28101,scene_lift_and_relocate_v03,LIFT_AND_RELOCATE,C4,D4,28101,12,92,0,0.0,DOES_NOT_INTERFERE,DOES_NOT_INTERFERE,False,False,True
v1__scene_lift_and_relocate_v03__L2__C4_D4__r02_s28102,scene_lift_and_relocate_v03,LIFT_AND_RELOCATE,C4,D4,28102,12,16,0,0.0,DOES_NOT_INTERFERE,INTERFERES,False,True,False
v1__scene_lift_and_relocate_v03__L2__C4_D4__r02_s28102,scene_lift_and_relocate_v03,LIFT_AND_RELOCATE,C4,D4,28102,12,35,3422,0.351479047,INTERFERES,INTERFERES,True,True,True
v1__scene_lift_and_relocate_v03__L2__C4_D4__r02_s28102,scene_lift_and_relocate_v03,LIFT_AND_RELOCATE,C4,D4,28102,12,50,0,0.0,DOES_NOT_INTERFERE,DOES_NOT_INTERFERE,False,False,True
v1__scene_lift_and_relocate_v03__L2__C4_D4__r02_s28102,scene_lift_and_relocate_v03,LIFT_AND_RELOCATE,C4,D4,28102,12,80,0,0.0,DOES_NOT_INTERFERE,DOES_NOT_INTERFERE,False,False,True
v1__scene_lift_and_relocate_v03__L2__C4_D4__r02_s28102,scene_lift_and_relocate_v03,LIFT_AND_RELOCATE,C4,D4,28102,12,92,0,0.0,DOES_NOT_INTERFERE,DOES_NOT_INTERFERE,False,False,True
v1__scene_lift_and_relocate_v03__L2__C4_D4__r03_s28103,scene_lift_and_relocate_v03,LIFT_AND_RELOCATE,C4,D4,28103,12,16,0,0.0,DOES_NOT_INTERFERE,INTERFERES,False,True,False
v1__scene_lift_and_relocate_v03__L2__C4_D4__r03_s28103,scene_lift_and_relocate_v03,LIFT_AND_RELOCATE,C4,D4,28103,12,35,3422,0.351479047,INTERFERES,INTERFERES,True,True,True
v1__scene_lift_and_relocate_v03__L2__C4_D4__r03_s28103,scene_lift_and_relocate_v03,LIFT_AND_RELOCATE,C4,D4,28103,12,50,0,0.0,DOES_NOT_INTERFERE,DOES_NOT_INTERFERE,False,False,True
v1__scene_lift_and_relocate_v03__L2__C4_D4__r03_s28103,scene_lift_and_relocate_v03,LIFT_AND_RELOCATE,C4,D4,28103,12,80,0,0.0,DOES_NOT_INTERFERE,DOES_NOT_INTERFERE,False,False,True
v1__scene_lift_and_relocate_v03__L2__C4_D4__r03_s28103,scene_lift_and_relocate_v03,LIFT_AND_RELOCATE,C4,D4,28103,12,92,0,0.0,DOES_NOT_INTERFERE,DOES_NOT_INTERFERE,False,False,True
v1__scene_lift_and_relocate_v03__L2__C4_D4__r04_s28104,scene_lift_and_relocate_v03,LIFT_AND_RELOCATE,C4,D4,28104,12,16,0,0.0,DOES_NOT_INTERFERE,INTERFERES,False,True,False
v1__scene_lift_and_relocate_v03__L2__C4_D4__r04_s28104,scene_lift_and_relocate_v03,LIFT_AND_RELOCATE,C4,D4,28104,12,35,3422,0.351479047,INTERFERES,INTERFERES,True,True,True
v1__scene_lift_and_relocate_v03__L2__C4_D4__r04_s28104,scene_lift_and_relocate_v03,LIFT_AND_RELOCATE,C4,D4,28104,12,50,0,0.0,DOES_NOT_INTERFERE,DOES_NOT_INTERFERE,False,False,True
v1__scene_lift_and_relocate_v03__L2__C4_D4__r04_s28104,scene_lift_and_relocate_v03,LIFT_AND_RELOCATE,C4,D4,28104,12,80,0,0.0,DOES_NOT_INTERFERE,DOES_NOT_INTERFERE,False,False,True
v1__scene_lift_and_relocate_v03__L2__C4_D4__r04_s28104,scene_lift_and_relocate_v03,LIFT_AND_RELOCATE,C4,D4,28104,12,92,0,0.0,DOES_NOT_INTERFERE,DOES_NOT_INTERFERE,False,False,True
v1__scene_lift_and_relocate_v03__L2__C4_D4__r05_s28105,scene_lift_and_relocate_v03,LIFT_AND_RELOCATE,C4,D4,28105,12,16,0,0.0,DOES_NOT_INTERFERE,INTERFERES,False,True,False
v1__scene_lift_and_relocate_v03__L2__C4_D4__r05_s28105,scene_lift_and_relocate_v03,LIFT_AND_RELOCATE,C4,D4,28105,12,35,3422,0.351479047,INTERFERES,INTERFERES,True,True,True
v1__scene_lift_and_relocate_v03__L2__C4_D4__r05_s28105,scene_lift_and_relocate_v03,LIFT_AND_RELOCATE,C4,D4,28105,12,50,0,0.0,DOES_NOT_INTERFERE,DOES_NOT_INTERFERE,False,False,True
v1__scene_lift_and_relocate_v03__L2__C4_D4__r05_s28105,scene_lift_and_relocate_v03,LIFT_AND_RELOCATE,C4,D4,28105,12,80,0,0.0,DOES_NOT_INTERFERE,DOES_NOT_INTERFERE,False,False,True
v1__scene_lift_and_relocate_v03__L2__C4_D4__r05_s28105,scene_lift_and_relocate_v03,LIFT_AND_RELOCATE,C4,D4,28105,12,92,0,0.0,DOES_NOT_INTERFERE,DOES_NOT_INTERFERE,False,False,True
v1__scene_lift_and_relocate_v03__L2__C4_D8__r01_s28101,scene_lift_and_relocate_v03,LIFT_AND_RELOCATE,C4,D8,28101,12,16,0,0.0,DOES_NOT_INTERFERE,INTERFERES,False,True,False
v1__scene_lift_and_relocate_v03__L2__C4_D8__r01_s28101,scene_lift_and_relocate_v03,LIFT_AND_RELOCATE,C4,D8,28101,12,35,3422,0.351479047,INTERFERES,INTERFERES,True,True,True
v1__scene_lift_and_relocate_v03__L2__C4_D8__r01_s28101,scene_lift_and_relocate_v03,LIFT_AND_RELOCATE,C4,D8,28101,12,50,0,0.0,DOES_NOT_INTERFERE,INTERFERES,False,True,False
v1__scene_lift_and_relocate_v03__L2__C4_D8__r01_s28101,scene_lift_and_relocate_v03,LIFT_AND_RELOCATE,C4,D8,28101,12,80,0,0.0,DOES_NOT_INTERFERE,INTERFERES,False,True,False
v1__scene_lift_and_relocate_v03__L2__C4_D8__r01_s28101,scene_lift_and_relocate_v03,LIFT_AND_RELOCATE,C4,D8,28101,12,92,0,0.0,DOES_NOT_INTERFERE,INTERFERES,False,True,False
v1__scene_lift_and_relocate_v03__L2__C4_D8__r02_s28102,scene_lift_and_relocate_v03,LIFT_AND_RELOCATE,C4,D8,28102,12,16,0,0.0,DOES_NOT_INTERFERE,INTERFERES,False,True,False
v1__scene_lift_and_relocate_v03__L2__C4_D8__r02_s28102,scene_lift_and_relocate_v03,LIFT_AND_RELOCATE,C4,D8,28102,12,35,3422,0.351479047,INTERFERES,INTERFERES,True,True,True
v1__scene_lift_and_relocate_v03__L2__C4_D8__r02_s28102,scene_lift_and_relocate_v03,LIFT_AND_RELOCATE,C4,D8,28102,12,50,0,0.0,DOES_NOT_INTERFERE,INTERFERES,False,True,False
v1__scene_lift_and_relocate_v03__L2__C4_D8__r02_s28102,scene_lift_and_relocate_v03,LIFT_AND_RELOCATE,C4,D8,28102,12,80,0,0.0,DOES_NOT_INTERFERE,INTERFERES,False,True,False
v1__scene_lift_and_relocate_v03__L2__C4_D8__r02_s28102,scene_lift_and_relocate_v03,LIFT_AND_RELOCATE,C4,D8,28102,12,92,0,0.0,DOES_NOT_INTERFERE,INTERFERES,False,True,False
v1__scene_lift_and_relocate_v03__L2__C4_D8__r03_s28103,scene_lift_and_relocate_v03,LIFT_AND_RELOCATE,C4,D8,28103,12,16,0,0.0,DOES_NOT_INTERFERE,INTERFERES,False,True,False
v1__scene_lift_and_relocate_v03__L2__C4_D8__r03_s28103,scene_lift_and_relocate_v03,LIFT_AND_RELOCATE,C4,D8,28103,12,35,3422,0.351479047,INTERFERES,INTERFERES,True,True,True
v1__scene_lift_and_relocate_v03__L2__C4_D8__r03_s28103,scene_lift_and_relocate_v03,LIFT_AND_RELOCATE,C4,D8,28103,12,50,0,0.0,DOES_NOT_INTERFERE,INTERFERES,False,True,False
v1__scene_lift_and_relocate_v03__L2__C4_D8__r03_s28103,scene_lift_and_relocate_v03,LIFT_AND_RELOCATE,C4,D8,28103,12,80,0,0.0,DOES_NOT_INTERFERE,INTERFERES,False,True,False
v1__scene_lift_and_relocate_v03__L2__C4_D8__r03_s28103,scene_lift_and_relocate_v03,LIFT_AND_RELOCATE,C4,D8,28103,12,92,0,0.0,DOES_NOT_INTERFERE,INTERFERES,False,True,False
v1__scene_lift_and_relocate_v03__L2__C4_D8__r04_s28104,scene_lift_and_relocate_v03,LIFT_AND_RELOCATE,C4,D8,28104,12,16,0,0.0,DOES_NOT_INTERFERE,INTERFERES,False,True,False
v1__scene_lift_and_relocate_v03__L2__C4_D8__r04_s28104,scene_lift_and_relocate_v03,LIFT_AND_RELOCATE,C4,D8,28104,12,35,3422,0.351479047,INTERFERES,INTERFERES,True,True,True
v1__scene_lift_and_relocate_v03__L2__C4_D8__r04_s28104,scene_lift_and_relocate_v03,LIFT_AND_RELOCATE,C4,D8,28104,12,50,0,0.0,DOES_NOT_INTERFERE,INTERFERES,False,True,False
v1__scene_lift_and_relocate_v03__L2__C4_D8__r04_s28104,scene_lift_and_relocate_v03,LIFT_AND_RELOCATE,C4,D8,28104,12,80,0,0.0,DOES_NOT_INTERFERE,INTERFERES,False,True,False
v1__scene_lift_and_relocate_v03__L2__C4_D8__r04_s28104,scene_lift_and_relocate_v03,LIFT_AND_RELOCATE,C4,D8,28104,12,92,0,0.0,DOES_NOT_INTERFERE,INTERFERES,False,True,False
v1__scene_lift_and_relocate_v03__L2__C4_D8__r05_s28105,scene_lift_and_relocate_v03,LIFT_AND_RELOCATE,C4,D8,28105,12,16,0,0.0,DOES_NOT_INTERFERE,INTERFERES,False,True,False
v1__scene_lift_and_relocate_v03__L2__C4_D8__r05_s28105,scene_lift_and_relocate_v03,LIFT_AND_RELOCATE,C4,D8,28105,12,35,3422,0.351479047,INTERFERES,INTERFERES,True,True,True
v1__scene_lift_and_relocate_v03__L2__C4_D8__r05_s28105,scene_lift_and_relocate_v03,LIFT_AND_RELOCATE,C4,D8,28105,12,50,0,0.0,DOES_NOT_INTERFERE,INTERFERES,False,True,False
v1__scene_lift_and_relocate_v03__L2__C4_D8__r05_s28105,scene_lift_and_relocate_v03,LIFT_AND_RELOCATE,C4,D8,28105,12,80,0,0.0,DOES_NOT_INTERFERE,INTERFERES,False,True,False
v1__scene_lift_and_relocate_v03__L2__C4_D8__r05_s28105,scene_lift_and_relocate_v03,LIFT_AND_RELOCATE,C4,D8,28105,12,92,0,0.0,DOES_NOT_INTERFERE,INTERFERES,False,True,False
v1__scene_lift_and_relocate_v03__L2__C5_D4__r01_s28101,scene_lift_and_relocate_v03,LIFT_AND_RELOCATE,C5,D4,28101,12,16,0,0.0,DOES_NOT_INTERFERE,INTERFERES,False,True,False
v1__scene_lift_and_relocate_v03__L2__C5_D4__r01_s28101,scene_lift_and_relocate_v03,LIFT_AND_RELOCATE,C5,D4,28101,12,35,3422,0.351479047,INTERFERES,INTERFERES,True,True,True
v1__scene_lift_and_relocate_v03__L2__C5_D4__r01_s28101,scene_lift_and_relocate_v03,LIFT_AND_RELOCATE,C5,D4,28101,12,50,0,0.0,DOES_NOT_INTERFERE,DOES_NOT_INTERFERE,False,False,True
v1__scene_lift_and_relocate_v03__L2__C5_D4__r01_s28101,scene_lift_and_relocate_v03,LIFT_AND_RELOCATE,C5,D4,28101,12,80,0,0.0,DOES_NOT_INTERFERE,DOES_NOT_INTERFERE,False,False,True
v1__scene_lift_and_relocate_v03__L2__C5_D4__r01_s28101,scene_lift_and_relocate_v03,LIFT_AND_RELOCATE,C5,D4,28101,12,92,0,0.0,DOES_NOT_INTERFERE,DOES_NOT_INTERFERE,False,False,True
v1__scene_lift_and_relocate_v03__L2__C5_D4__r02_s28102,scene_lift_and_relocate_v03,LIFT_AND_RELOCATE,C5,D4,28102,12,16,0,0.0,DOES_NOT_INTERFERE,INTERFERES,False,True,False
v1__scene_lift_and_relocate_v03__L2__C5_D4__r02_s28102,scene_lift_and_relocate_v03,LIFT_AND_RELOCATE,C5,D4,28102,12,35,3422,0.351479047,INTERFERES,INTERFERES,True,True,True
v1__scene_lift_and_relocate_v03__L2__C5_D4__r02_s28102,scene_lift_and_relocate_v03,LIFT_AND_RELOCATE,C5,D4,28102,12,50,0,0.0,DOES_NOT_INTERFERE,INTERFERES,False,True,False
v1__scene_lift_and_relocate_v03__L2__C5_D4__r02_s28102,scene_lift_and_relocate_v03,LIFT_AND_RELOCATE,C5,D4,28102,12,80,0,0.0,DOES_NOT_INTERFERE,INTERFERES,False,True,False
v1__scene_lift_and_relocate_v03__L2__C5_D4__r02_s28102,scene_lift_and_relocate_v03,LIFT_AND_RELOCATE,C5,D4,28102,12,92,0,0.0,DOES_NOT_INTERFERE,INTERFERES,False,True,False
v1__scene_lift_and_relocate_v03__L2__C5_D4__r03_s28103,scene_lift_and_relocate_v03,LIFT_AND_RELOCATE,C5,D4,28103,12,16,0,0.0,DOES_NOT_INTERFERE,INTERFERES,False,True,False
v1__scene_lift_and_relocate_v03__L2__C5_D4__r03_s28103,scene_lift_and_relocate_v03,LIFT_AND_RELOCATE,C5,D4,28103,12,35,3422,0.351479047,INTERFERES,INTERFERES,True,True,True
v1__scene_lift_and_relocate_v03__L2__C5_D4__r03_s28103,scene_lift_and_relocate_v03,LIFT_AND_RELOCATE,C5,D4,28103,12,50,0,0.0,DOES_NOT_INTERFERE,INTERFERES,False,True,False
v1__scene_lift_and_relocate_v03__L2__C5_D4__r03_s28103,scene_lift_and_relocate_v03,LIFT_AND_RELOCATE,C5,D4,28103,12,80,0,0.0,DOES_NOT_INTERFERE,INTERFERES,False,True,False
v1__scene_lift_and_relocate_v03__L2__C5_D4__r03_s28103,scene_lift_and_relocate_v03,LIFT_AND_RELOCATE,C5,D4,28103,12,92,0,0.0,DOES_NOT_INTERFERE,INTERFERES,False,True,False
v1__scene_lift_and_relocate_v03__L2__C5_D4__r04_s28104,scene_lift_and_relocate_v03,LIFT_AND_RELOCATE,C5,D4,28104,12,16,0,0.0,DOES_NOT_INTERFERE,INTERFERES,False,True,False
v1__scene_lift_and_relocate_v03__L2__C5_D4__r04_s28104,scene_lift_and_relocate_v03,LIFT_AND_RELOCATE,C5,D4,28104,12,35,3422,0.351479047,INTERFERES,INTERFERES,True,True,True
v1__scene_lift_and_relocate_v03__L2__C5_D4__r04_s28104,scene_lift_and_relocate_v03,LIFT_AND_RELOCATE,C5,D4,28104,12,50,0,0.0,DOES_NOT_INTERFERE,INTERFERES,False,True,False
v1__scene_lift_and_relocate_v03__L2__C5_D4__r04_s28104,scene_lift_and_relocate_v03,LIFT_AND_RELOCATE,C5,D4,28104,12,80,0,0.0,DOES_NOT_INTERFERE,INTERFERES,False,True,False
v1__scene_lift_and_relocate_v03__L2__C5_D4__r04_s28104,scene_lift_and_relocate_v03,LIFT_AND_RELOCATE,C5,D4,28104,12,92,0,0.0,DOES_NOT_INTERFERE,INTERFERES,False,True,False
v1__scene_lift_and_relocate_v03__L2__C5_D4__r05_s28105,scene_lift_and_relocate_v03,LIFT_AND_RELOCATE,C5,D4,28105,12,16,0,0.0,DOES_NOT_INTERFERE,INTERFERES,False,True,False
v1__scene_lift_and_relocate_v03__L2__C5_D4__r05_s28105,scene_lift_and_relocate_v03,LIFT_AND_RELOCATE,C5,D4,28105,12,35,3422,0.351479047,INTERFERES,INTERFERES,True,True,True
v1__scene_lift_and_relocate_v03__L2__C5_D4__r05_s28105,scene_lift_and_relocate_v03,LIFT_AND_RELOCATE,C5,D4,28105,12,50,0,0.0,DOES_NOT_INTERFERE,DOES_NOT_INTERFERE,False,False,True
v1__scene_lift_and_relocate_v03__L2__C5_D4__r05_s28105,scene_lift_and_relocate_v03,LIFT_AND_RELOCATE,C5,D4,28105,12,80,0,0.0,DOES_NOT_INTERFERE,DOES_NOT_INTERFERE,False,False,True
v1__scene_lift_and_relocate_v03__L2__C5_D4__r05_s28105,scene_lift_and_relocate_v03,LIFT_AND_RELOCATE,C5,D4,28105,12,92,0,0.0,DOES_NOT_INTERFERE,DOES_NOT_INTERFERE,False,False,True
v1__scene_lift_and_relocate_v03__L2__C5_D8__r01_s28101,scene_lift_and_relocate_v03,LIFT_AND_RELOCATE,C5,D8,28101,12,16,0,0.0,DOES_NOT_INTERFERE,INTERFERES,False,True,False
v1__scene_lift_and_relocate_v03__L2__C5_D8__r01_s28101,scene_lift_and_relocate_v03,LIFT_AND_RELOCATE,C5,D8,28101,12,35,3422,0.351479047,INTERFERES,INTERFERES,True,True,True
v1__scene_lift_and_relocate_v03__L2__C5_D8__r01_s28101,scene_lift_and_relocate_v03,LIFT_AND_RELOCATE,C5,D8,28101,12,50,0,0.0,DOES_NOT_INTERFERE,DOES_NOT_INTERFERE,False,False,True
v1__scene_lift_and_relocate_v03__L2__C5_D8__r01_s28101,scene_lift_and_relocate_v03,LIFT_AND_RELOCATE,C5,D8,28101,12,80,0,0.0,DOES_NOT_INTERFERE,INTERFERES,False,True,False
v1__scene_lift_and_relocate_v03__L2__C5_D8__r01_s28101,scene_lift_and_relocate_v03,LIFT_AND_RELOCATE,C5,D8,28101,12,92,0,0.0,DOES_NOT_INTERFERE,DOES_NOT_INTERFERE,False,False,True
v1__scene_lift_and_relocate_v03__L2__C5_D8__r02_s28102,scene_lift_and_relocate_v03,LIFT_AND_RELOCATE,C5,D8,28102,12,16,0,0.0,DOES_NOT_INTERFERE,INTERFERES,False,True,False
v1__scene_lift_and_relocate_v03__L2__C5_D8__r02_s28102,scene_lift_and_relocate_v03,LIFT_AND_RELOCATE,C5,D8,28102,12,35,3422,0.351479047,INTERFERES,INTERFERES,True,True,True
v1__scene_lift_and_relocate_v03__L2__C5_D8__r02_s28102,scene_lift_and_relocate_v03,LIFT_AND_RELOCATE,C5,D8,28102,12,50,0,0.0,DOES_NOT_INTERFERE,INTERFERES,False,True,False
v1__scene_lift_and_relocate_v03__L2__C5_D8__r02_s28102,scene_lift_and_relocate_v03,LIFT_AND_RELOCATE,C5,D8,28102,12,80,0,0.0,DOES_NOT_INTERFERE,INTERFERES,False,True,False
v1__scene_lift_and_relocate_v03__L2__C5_D8__r02_s28102,scene_lift_and_relocate_v03,LIFT_AND_RELOCATE,C5,D8,28102,12,92,0,0.0,DOES_NOT_INTERFERE,INTERFERES,False,True,False
v1__scene_lift_and_relocate_v03__L2__C5_D8__r03_s28103,scene_lift_and_relocate_v03,LIFT_AND_RELOCATE,C5,D8,28103,12,16,0,0.0,DOES_NOT_INTERFERE,INTERFERES,False,True,False
v1__scene_lift_and_relocate_v03__L2__C5_D8__r03_s28103,scene_lift_and_relocate_v03,LIFT_AND_RELOCATE,C5,D8,28103,12,35,3422,0.351479047,INTERFERES,INTERFERES,True,True,True
v1__scene_lift_and_relocate_v03__L2__C5_D8__r03_s28103,scene_lift_and_relocate_v03,LIFT_AND_RELOCATE,C5,D8,28103,12,50,0,0.0,DOES_NOT_INTERFERE,INTERFERES,False,True,False
v1__scene_lift_and_relocate_v03__L2__C5_D8__r03_s28103,scene_lift_and_relocate_v03,LIFT_AND_RELOCATE,C5,D8,28103,12,80,0,0.0,DOES_NOT_INTERFERE,INTERFERES,False,True,False
v1__scene_lift_and_relocate_v03__L2__C5_D8__r03_s28103,scene_lift_and_relocate_v03,LIFT_AND_RELOCATE,C5,D8,28103,12,92,0,0.0,DOES_NOT_INTERFERE,INTERFERES,False,True,False
v1__scene_lift_and_relocate_v03__L2__C5_D8__r04_s28104,scene_lift_and_relocate_v03,LIFT_AND_RELOCATE,C5,D8,28104,12,16,0,0.0,DOES_NOT_INTERFERE,INTERFERES,False,True,False
v1__scene_lift_and_relocate_v03__L2__C5_D8__r04_s28104,scene_lift_and_relocate_v03,LIFT_AND_RELOCATE,C5,D8,28104,12,35,3422,0.351479047,INTERFERES,INTERFERES,True,True,True
v1__scene_lift_and_relocate_v03__L2__C5_D8__r04_s28104,scene_lift_and_relocate_v03,LIFT_AND_RELOCATE,C5,D8,28104,12,50,0,0.0,DOES_NOT_INTERFERE,INTERFERES,False,True,False
v1__scene_lift_and_relocate_v03__L2__C5_D8__r04_s28104,scene_lift_and_relocate_v03,LIFT_AND_RELOCATE,C5,D8,28104,12,80,0,0.0,DOES_NOT_INTERFERE,INTERFERES,False,True,False
v1__scene_lift_and_relocate_v03__L2__C5_D8__r04_s28104,scene_lift_and_relocate_v03,LIFT_AND_RELOCATE,C5,D8,28104,12,92,0,0.0,DOES_NOT_INTERFERE,INTERFERES,False,True,False
v1__scene_lift_and_relocate_v03__L2__C5_D8__r05_s28105,scene_lift_and_relocate_v03,LIFT_AND_RELOCATE,C5,D8,28105,12,16,0,0.0,DOES_NOT_INTERFERE,INTERFERES,False,True,False
v1__scene_lift_and_relocate_v03__L2__C5_D8__r05_s28105,scene_lift_and_relocate_v03,LIFT_AND_RELOCATE,C5,D8,28105,12,35,3422,0.351479047,INTERFERES,INTERFERES,True,True,True
v1__scene_lift_and_relocate_v03__L2__C5_D8__r05_s28105,scene_lift_and_relocate_v03,LIFT_AND_RELOCATE,C5,D8,28105,12,50,0,0.0,DOES_NOT_INTERFERE,DOES_NOT_INTERFERE,False,False,True
v1__scene_lift_and_relocate_v03__L2__C5_D8__r05_s28105,scene_lift_and_relocate_v03,LIFT_AND_RELOCATE,C5,D8,28105,12,80,0,0.0,DOES_NOT_INTERFERE,INTERFERES,False,True,False
v1__scene_lift_and_relocate_v03__L2__C5_D8__r05_s28105,scene_lift_and_relocate_v03,LIFT_AND_RELOCATE,C5,D8,28105,12,92,0,0.0,DOES_NOT_INTERFERE,DOES_NOT_INTERFERE,False,False,True
v1__scene_lift_and_relocate_v03__L2__C6_D4__r01_s28101,scene_lift_and_relocate_v03,LIFT_AND_RELOCATE,C6,D4,28101,12,16,0,0.0,DOES_NOT_INTERFERE,INTERFERES,False,True,False
v1__scene_lift_and_relocate_v03__L2__C6_D4__r01_s28101,scene_lift_and_relocate_v03,LIFT_AND_RELOCATE,C6,D4,28101,12,35,3422,0.351479047,INTERFERES,INTERFERES,True,True,True
v1__scene_lift_and_relocate_v03__L2__C6_D4__r01_s28101,scene_lift_and_relocate_v03,LIFT_AND_RELOCATE,C6,D4,28101,12,50,0,0.0,DOES_NOT_INTERFERE,INTERFERES,False,True,False
v1__scene_lift_and_relocate_v03__L2__C6_D4__r01_s28101,scene_lift_and_relocate_v03,LIFT_AND_RELOCATE,C6,D4,28101,12,80,0,0.0,DOES_NOT_INTERFERE,INTERFERES,False,True,False
v1__scene_lift_and_relocate_v03__L2__C6_D4__r01_s28101,scene_lift_and_relocate_v03,LIFT_AND_RELOCATE,C6,D4,28101,12,92,0,0.0,DOES_NOT_INTERFERE,INTERFERES,False,True,False
v1__scene_lift_and_relocate_v03__L2__C6_D4__r02_s28102,scene_lift_and_relocate_v03,LIFT_AND_RELOCATE,C6,D4,28102,12,16,0,0.0,DOES_NOT_INTERFERE,INTERFERES,False,True,False
v1__scene_lift_and_relocate_v03__L2__C6_D4__r02_s28102,scene_lift_and_relocate_v03,LIFT_AND_RELOCATE,C6,D4,28102,12,35,3422,0.351479047,INTERFERES,INTERFERES,True,True,True
v1__scene_lift_and_relocate_v03__L2__C6_D4__r02_s28102,scene_lift_and_relocate_v03,LIFT_AND_RELOCATE,C6,D4,28102,12,50,0,0.0,DOES_NOT_INTERFERE,DOES_NOT_INTERFERE,False,False,True
v1__scene_lift_and_relocate_v03__L2__C6_D4__r02_s28102,scene_lift_and_relocate_v03,LIFT_AND_RELOCATE,C6,D4,28102,12,80,0,0.0,DOES_NOT_INTERFERE,DOES_NOT_INTERFERE,False,False,True
v1__scene_lift_and_relocate_v03__L2__C6_D4__r02_s28102,scene_lift_and_relocate_v03,LIFT_AND_RELOCATE,C6,D4,28102,12,92,0,0.0,DOES_NOT_INTERFERE,DOES_NOT_INTERFERE,False,False,True
v1__scene_lift_and_relocate_v03__L2__C6_D4__r03_s28103,scene_lift_and_relocate_v03,LIFT_AND_RELOCATE,C6,D4,28103,12,16,0,0.0,DOES_NOT_INTERFERE,INTERFERES,False,True,False
v1__scene_lift_and_relocate_v03__L2__C6_D4__r03_s28103,scene_lift_and_relocate_v03,LIFT_AND_RELOCATE,C6,D4,28103,12,35,3422,0.351479047,INTERFERES,INTERFERES,True,True,True
v1__scene_lift_and_relocate_v03__L2__C6_D4__r03_s28103,scene_lift_and_relocate_v03,LIFT_AND_RELOCATE,C6,D4,28103,12,50,0,0.0,DOES_NOT_INTERFERE,INTERFERES,False,True,False
v1__scene_lift_and_relocate_v03__L2__C6_D4__r03_s28103,scene_lift_and_relocate_v03,LIFT_AND_RELOCATE,C6,D4,28103,12,80,0,0.0,DOES_NOT_INTERFERE,INTERFERES,False,True,False
v1__scene_lift_and_relocate_v03__L2__C6_D4__r03_s28103,scene_lift_and_relocate_v03,LIFT_AND_RELOCATE,C6,D4,28103,12,92,0,0.0,DOES_NOT_INTERFERE,INTERFERES,False,True,False
v1__scene_lift_and_relocate_v03__L2__C6_D4__r04_s28104,scene_lift_and_relocate_v03,LIFT_AND_RELOCATE,C6,D4,28104,12,16,0,0.0,DOES_NOT_INTERFERE,INTERFERES,False,True,False
v1__scene_lift_and_relocate_v03__L2__C6_D4__r04_s28104,scene_lift_and_relocate_v03,LIFT_AND_RELOCATE,C6,D4,28104,12,35,3422,0.351479047,INTERFERES,INTERFERES,True,True,True
v1__scene_lift_and_relocate_v03__L2__C6_D4__r04_s28104,scene_lift_and_relocate_v03,LIFT_AND_RELOCATE,C6,D4,28104,12,50,0,0.0,DOES_NOT_INTERFERE,INTERFERES,False,True,False
v1__scene_lift_and_relocate_v03__L2__C6_D4__r04_s28104,scene_lift_and_relocate_v03,LIFT_AND_RELOCATE,C6,D4,28104,12,80,0,0.0,DOES_NOT_INTERFERE,INTERFERES,False,True,False
v1__scene_lift_and_relocate_v03__L2__C6_D4__r04_s28104,scene_lift_and_relocate_v03,LIFT_AND_RELOCATE,C6,D4,28104,12,92,0,0.0,DOES_NOT_INTERFERE,INTERFERES,False,True,False
v1__scene_lift_and_relocate_v03__L2__C6_D4__r05_s28105,scene_lift_and_relocate_v03,LIFT_AND_RELOCATE,C6,D4,28105,12,16,0,0.0,DOES_NOT_INTERFERE,INTERFERES,False,True,False
v1__scene_lift_and_relocate_v03__L2__C6_D4__r05_s28105,scene_lift_and_relocate_v03,LIFT_AND_RELOCATE,C6,D4,28105,12,35,3422,0.351479047,INTERFERES,INTERFERES,True,True,True
v1__scene_lift_and_relocate_v03__L2__C6_D4__r05_s28105,scene_lift_and_relocate_v03,LIFT_AND_RELOCATE,C6,D4,28105,12,50,0,0.0,DOES_NOT_INTERFERE,INTERFERES,False,True,False
v1__scene_lift_and_relocate_v03__L2__C6_D4__r05_s28105,scene_lift_and_relocate_v03,LIFT_AND_RELOCATE,C6,D4,28105,12,80,0,0.0,DOES_NOT_INTERFERE,INTERFERES,False,True,False
v1__scene_lift_and_relocate_v03__L2__C6_D4__r05_s28105,scene_lift_and_relocate_v03,LIFT_AND_RELOCATE,C6,D4,28105,12,92,0,0.0,DOES_NOT_INTERFERE,INTERFERES,False,True,False
v1__scene_lift_and_relocate_v03__L2__C6_D8__r01_s28101,scene_lift_and_relocate_v03,LIFT_AND_RELOCATE,C6,D8,28101,12,16,0,0.0,DOES_NOT_INTERFERE,INTERFERES,False,True,False
v1__scene_lift_and_relocate_v03__L2__C6_D8__r01_s28101,scene_lift_and_relocate_v03,LIFT_AND_RELOCATE,C6,D8,28101,12,35,3422,0.351479047,INTERFERES,INTERFERES,True,True,True
v1__scene_lift_and_relocate_v03__L2__C6_D8__r01_s28101,scene_lift_and_relocate_v03,LIFT_AND_RELOCATE,C6,D8,28101,12,50,0,0.0,DOES_NOT_INTERFERE,DOES_NOT_INTERFERE,False,False,True
v1__scene_lift_and_relocate_v03__L2__C6_D8__r01_s28101,scene_lift_and_relocate_v03,LIFT_AND_RELOCATE,C6,D8,28101,12,80,0,0.0,DOES_NOT_INTERFERE,INTERFERES,False,True,False
v1__scene_lift_and_relocate_v03__L2__C6_D8__r01_s28101,scene_lift_and_relocate_v03,LIFT_AND_RELOCATE,C6,D8,28101,12,92,0,0.0,DOES_NOT_INTERFERE,DOES_NOT_INTERFERE,False,False,True
v1__scene_lift_and_relocate_v03__L2__C6_D8__r02_s28102,scene_lift_and_relocate_v03,LIFT_AND_RELOCATE,C6,D8,28102,12,16,0,0.0,DOES_NOT_INTERFERE,INTERFERES,False,True,False
v1__scene_lift_and_relocate_v03__L2__C6_D8__r02_s28102,scene_lift_and_relocate_v03,LIFT_AND_RELOCATE,C6,D8,28102,12,35,3422,0.351479047,INTERFERES,INTERFERES,True,True,True
v1__scene_lift_and_relocate_v03__L2__C6_D8__r02_s28102,scene_lift_and_relocate_v03,LIFT_AND_RELOCATE,C6,D8,28102,12,50,0,0.0,DOES_NOT_INTERFERE,DOES_NOT_INTERFERE,False,False,True
v1__scene_lift_and_relocate_v03__L2__C6_D8__r02_s28102,scene_lift_and_relocate_v03,LIFT_AND_RELOCATE,C6,D8,28102,12,80,0,0.0,DOES_NOT_INTERFERE,DOES_NOT_INTERFERE,False,False,True
v1__scene_lift_and_relocate_v03__L2__C6_D8__r02_s28102,scene_lift_and_relocate_v03,LIFT_AND_RELOCATE,C6,D8,28102,12,92,0,0.0,DOES_NOT_INTERFERE,DOES_NOT_INTERFERE,False,False,True
v1__scene_lift_and_relocate_v03__L2__C6_D8__r03_s28103,scene_lift_and_relocate_v03,LIFT_AND_RELOCATE,C6,D8,28103,12,16,0,0.0,DOES_NOT_INTERFERE,INTERFERES,False,True,False
v1__scene_lift_and_relocate_v03__L2__C6_D8__r03_s28103,scene_lift_and_relocate_v03,LIFT_AND_RELOCATE,C6,D8,28103,12,35,3422,0.351479047,INTERFERES,INTERFERES,True,True,True
v1__scene_lift_and_relocate_v03__L2__C6_D8__r03_s28103,scene_lift_and_relocate_v03,LIFT_AND_RELOCATE,C6,D8,28103,12,50,0,0.0,DOES_NOT_INTERFERE,INTERFERES,False,True,False
v1__scene_lift_and_relocate_v03__L2__C6_D8__r03_s28103,scene_lift_and_relocate_v03,LIFT_AND_RELOCATE,C6,D8,28103,12,80,0,0.0,DOES_NOT_INTERFERE,INTERFERES,False,True,False
v1__scene_lift_and_relocate_v03__L2__C6_D8__r03_s28103,scene_lift_and_relocate_v03,LIFT_AND_RELOCATE,C6,D8,28103,12,92,0,0.0,DOES_NOT_INTERFERE,INTERFERES,False,True,False
v1__scene_lift_and_relocate_v03__L2__C6_D8__r04_s28104,scene_lift_and_relocate_v03,LIFT_AND_RELOCATE,C6,D8,28104,12,16,0,0.0,DOES_NOT_INTERFERE,INTERFERES,False,True,False
v1__scene_lift_and_relocate_v03__L2__C6_D8__r04_s28104,scene_lift_and_relocate_v03,LIFT_AND_RELOCATE,C6,D8,28104,12,35,3422,0.351479047,INTERFERES,INTERFERES,True,True,True
v1__scene_lift_and_relocate_v03__L2__C6_D8__r04_s28104,scene_lift_and_relocate_v03,LIFT_AND_RELOCATE,C6,D8,28104,12,50,0,0.0,DOES_NOT_INTERFERE,INTERFERES,False,True,False
v1__scene_lift_and_relocate_v03__L2__C6_D8__r04_s28104,scene_lift_and_relocate_v03,LIFT_AND_RELOCATE,C6,D8,28104,12,80,0,0.0,DOES_NOT_INTERFERE,INTERFERES,False,True,False
v1__scene_lift_and_relocate_v03__L2__C6_D8__r04_s28104,scene_lift_and_relocate_v03,LIFT_AND_RELOCATE,C6,D8,28104,12,92,0,0.0,DOES_NOT_INTERFERE,INTERFERES,False,True,False
v1__scene_lift_and_relocate_v03__L2__C6_D8__r05_s28105,scene_lift_and_relocate_v03,LIFT_AND_RELOCATE,C6,D8,28105,12,16,0,0.0,DOES_NOT_INTERFERE,INTERFERES,False,True,False
v1__scene_lift_and_relocate_v03__L2__C6_D8__r05_s28105,scene_lift_and_relocate_v03,LIFT_AND_RELOCATE,C6,D8,28105,12,35,3422,0.351479047,INTERFERES,INTERFERES,True,True,True
v1__scene_lift_and_relocate_v03__L2__C6_D8__r05_s28105,scene_lift_and_relocate_v03,LIFT_AND_RELOCATE,C6,D8,28105,12,50,0,0.0,DOES_NOT_INTERFERE,DOES_NOT_INTERFERE,False,False,True
v1__scene_lift_and_relocate_v03__L2__C6_D8__r05_s28105,scene_lift_and_relocate_v03,LIFT_AND_RELOCATE,C6,D8,28105,12,80,0,0.0,DOES_NOT_INTERFERE,INTERFERES,False,True,False
v1__scene_lift_and_relocate_v03__L2__C6_D8__r05_s28105,scene_lift_and_relocate_v03,LIFT_AND_RELOCATE,C6,D8,28105,12,92,0,0.0,DOES_NOT_INTERFERE,DOES_NOT_INTERFERE,False,False,True
v1__scene_lift_and_relocate_v04__L2__C0_NA__r01_s28101,scene_lift_and_relocate_v04,LIFT_AND_RELOCATE,C0,,28101,68,30,0,0.0,DOES_NOT_INTERFERE,DOES_NOT_INTERFERE,False,False,True
v1__scene_lift_and_relocate_v04__L2__C0_NA__r01_s28101,scene_lift_and_relocate_v04,LIFT_AND_RELOCATE,C0,,28101,68,45,0,0.0,DOES_NOT_INTERFERE,DOES_NOT_INTERFERE,False,False,True
v1__scene_lift_and_relocate_v04__L2__C0_NA__r01_s28101,scene_lift_and_relocate_v04,LIFT_AND_RELOCATE,C0,,28101,68,54,0,0.0,DOES_NOT_INTERFERE,DOES_NOT_INTERFERE,False,False,True
v1__scene_lift_and_relocate_v04__L2__C0_NA__r01_s28101,scene_lift_and_relocate_v04,LIFT_AND_RELOCATE,C0,,28101,68,73,5697,0.581504542,INTERFERES,INTERFERES,True,True,True
v1__scene_lift_and_relocate_v04__L2__C0_NA__r02_s28102,scene_lift_and_relocate_v04,LIFT_AND_RELOCATE,C0,,28102,68,30,0,0.0,DOES_NOT_INTERFERE,DOES_NOT_INTERFERE,False,False,True
v1__scene_lift_and_relocate_v04__L2__C0_NA__r02_s28102,scene_lift_and_relocate_v04,LIFT_AND_RELOCATE,C0,,28102,68,45,0,0.0,DOES_NOT_INTERFERE,DOES_NOT_INTERFERE,False,False,True
v1__scene_lift_and_relocate_v04__L2__C0_NA__r02_s28102,scene_lift_and_relocate_v04,LIFT_AND_RELOCATE,C0,,28102,68,54,0,0.0,DOES_NOT_INTERFERE,DOES_NOT_INTERFERE,False,False,True
v1__scene_lift_and_relocate_v04__L2__C0_NA__r02_s28102,scene_lift_and_relocate_v04,LIFT_AND_RELOCATE,C0,,28102,68,73,5697,0.581504542,INTERFERES,INTERFERES,True,True,True
v1__scene_lift_and_relocate_v04__L2__C0_NA__r03_s28103,scene_lift_and_relocate_v04,LIFT_AND_RELOCATE,C0,,28103,68,30,0,0.0,DOES_NOT_INTERFERE,DOES_NOT_INTERFERE,False,False,True
v1__scene_lift_and_relocate_v04__L2__C0_NA__r03_s28103,scene_lift_and_relocate_v04,LIFT_AND_RELOCATE,C0,,28103,68,45,0,0.0,DOES_NOT_INTERFERE,DOES_NOT_INTERFERE,False,False,True
v1__scene_lift_and_relocate_v04__L2__C0_NA__r03_s28103,scene_lift_and_relocate_v04,LIFT_AND_RELOCATE,C0,,28103,68,54,0,0.0,DOES_NOT_INTERFERE,DOES_NOT_INTERFERE,False,False,True
v1__scene_lift_and_relocate_v04__L2__C0_NA__r03_s28103,scene_lift_and_relocate_v04,LIFT_AND_RELOCATE,C0,,28103,68,73,5697,0.581504542,INTERFERES,INTERFERES,True,True,True
v1__scene_lift_and_relocate_v04__L2__C0_NA__r04_s28104,scene_lift_and_relocate_v04,LIFT_AND_RELOCATE,C0,,28104,68,30,0,0.0,DOES_NOT_INTERFERE,DOES_NOT_INTERFERE,False,False,True
v1__scene_lift_and_relocate_v04__L2__C0_NA__r04_s28104,scene_lift_and_relocate_v04,LIFT_AND_RELOCATE,C0,,28104,68,45,0,0.0,DOES_NOT_INTERFERE,DOES_NOT_INTERFERE,False,False,True
v1__scene_lift_and_relocate_v04__L2__C0_NA__r04_s28104,scene_lift_and_relocate_v04,LIFT_AND_RELOCATE,C0,,28104,68,54,0,0.0,DOES_NOT_INTERFERE,DOES_NOT_INTERFERE,False,False,True
v1__scene_lift_and_relocate_v04__L2__C0_NA__r04_s28104,scene_lift_and_relocate_v04,LIFT_AND_RELOCATE,C0,,28104,68,73,5697,0.581504542,INTERFERES,INTERFERES,True,True,True
v1__scene_lift_and_relocate_v04__L2__C0_NA__r05_s28105,scene_lift_and_relocate_v04,LIFT_AND_RELOCATE,C0,,28105,68,30,0,0.0,DOES_NOT_INTERFERE,DOES_NOT_INTERFERE,False,False,True
v1__scene_lift_and_relocate_v04__L2__C0_NA__r05_s28105,scene_lift_and_relocate_v04,LIFT_AND_RELOCATE,C0,,28105,68,45,0,0.0,DOES_NOT_INTERFERE,DOES_NOT_INTERFERE,False,False,True
v1__scene_lift_and_relocate_v04__L2__C0_NA__r05_s28105,scene_lift_and_relocate_v04,LIFT_AND_RELOCATE,C0,,28105,68,54,0,0.0,DOES_NOT_INTERFERE,DOES_NOT_INTERFERE,False,False,True
v1__scene_lift_and_relocate_v04__L2__C0_NA__r05_s28105,scene_lift_and_relocate_v04,LIFT_AND_RELOCATE,C0,,28105,68,73,5697,0.581504542,INTERFERES,INTERFERES,True,True,True
v1__scene_lift_and_relocate_v04__L2__C1_NA__r01_s28101,scene_lift_and_relocate_v04,LIFT_AND_RELOCATE,C1,,28101,68,30,0,0.0,DOES_NOT_INTERFERE,DOES_NOT_INTERFERE,False,False,True
v1__scene_lift_and_relocate_v04__L2__C1_NA__r01_s28101,scene_lift_and_relocate_v04,LIFT_AND_RELOCATE,C1,,28101,68,45,0,0.0,DOES_NOT_INTERFERE,DOES_NOT_INTERFERE,False,False,True
v1__scene_lift_and_relocate_v04__L2__C1_NA__r01_s28101,scene_lift_and_relocate_v04,LIFT_AND_RELOCATE,C1,,28101,68,54,0,0.0,DOES_NOT_INTERFERE,DOES_NOT_INTERFERE,False,False,True
v1__scene_lift_and_relocate_v04__L2__C1_NA__r01_s28101,scene_lift_and_relocate_v04,LIFT_AND_RELOCATE,C1,,28101,68,73,5697,0.581504542,INTERFERES,INTERFERES,True,True,True
v1__scene_lift_and_relocate_v04__L2__C1_NA__r02_s28102,scene_lift_and_relocate_v04,LIFT_AND_RELOCATE,C1,,28102,68,30,0,0.0,DOES_NOT_INTERFERE,DOES_NOT_INTERFERE,False,False,True
v1__scene_lift_and_relocate_v04__L2__C1_NA__r02_s28102,scene_lift_and_relocate_v04,LIFT_AND_RELOCATE,C1,,28102,68,45,0,0.0,DOES_NOT_INTERFERE,DOES_NOT_INTERFERE,False,False,True
v1__scene_lift_and_relocate_v04__L2__C1_NA__r02_s28102,scene_lift_and_relocate_v04,LIFT_AND_RELOCATE,C1,,28102,68,54,0,0.0,DOES_NOT_INTERFERE,DOES_NOT_INTERFERE,False,False,True
v1__scene_lift_and_relocate_v04__L2__C1_NA__r02_s28102,scene_lift_and_relocate_v04,LIFT_AND_RELOCATE,C1,,28102,68,73,5697,0.581504542,INTERFERES,INTERFERES,True,True,True
v1__scene_lift_and_relocate_v04__L2__C1_NA__r03_s28103,scene_lift_and_relocate_v04,LIFT_AND_RELOCATE,C1,,28103,68,30,0,0.0,DOES_NOT_INTERFERE,DOES_NOT_INTERFERE,False,False,True
v1__scene_lift_and_relocate_v04__L2__C1_NA__r03_s28103,scene_lift_and_relocate_v04,LIFT_AND_RELOCATE,C1,,28103,68,45,0,0.0,DOES_NOT_INTERFERE,DOES_NOT_INTERFERE,False,False,True
v1__scene_lift_and_relocate_v04__L2__C1_NA__r03_s28103,scene_lift_and_relocate_v04,LIFT_AND_RELOCATE,C1,,28103,68,54,0,0.0,DOES_NOT_INTERFERE,DOES_NOT_INTERFERE,False,False,True
v1__scene_lift_and_relocate_v04__L2__C1_NA__r03_s28103,scene_lift_and_relocate_v04,LIFT_AND_RELOCATE,C1,,28103,68,73,5697,0.581504542,INTERFERES,INTERFERES,True,True,True
v1__scene_lift_and_relocate_v04__L2__C1_NA__r04_s28104,scene_lift_and_relocate_v04,LIFT_AND_RELOCATE,C1,,28104,68,30,0,0.0,DOES_NOT_INTERFERE,DOES_NOT_INTERFERE,False,False,True
v1__scene_lift_and_relocate_v04__L2__C1_NA__r04_s28104,scene_lift_and_relocate_v04,LIFT_AND_RELOCATE,C1,,28104,68,45,0,0.0,DOES_NOT_INTERFERE,DOES_NOT_INTERFERE,False,False,True
v1__scene_lift_and_relocate_v04__L2__C1_NA__r04_s28104,scene_lift_and_relocate_v04,LIFT_AND_RELOCATE,C1,,28104,68,54,0,0.0,DOES_NOT_INTERFERE,DOES_NOT_INTERFERE,False,False,True
v1__scene_lift_and_relocate_v04__L2__C1_NA__r04_s28104,scene_lift_and_relocate_v04,LIFT_AND_RELOCATE,C1,,28104,68,73,5697,0.581504542,INTERFERES,INTERFERES,True,True,True
v1__scene_lift_and_relocate_v04__L2__C1_NA__r05_s28105,scene_lift_and_relocate_v04,LIFT_AND_RELOCATE,C1,,28105,68,30,0,0.0,DOES_NOT_INTERFERE,DOES_NOT_INTERFERE,False,False,True
v1__scene_lift_and_relocate_v04__L2__C1_NA__r05_s28105,scene_lift_and_relocate_v04,LIFT_AND_RELOCATE,C1,,28105,68,45,0,0.0,DOES_NOT_INTERFERE,DOES_NOT_INTERFERE,False,False,True
v1__scene_lift_and_relocate_v04__L2__C1_NA__r05_s28105,scene_lift_and_relocate_v04,LIFT_AND_RELOCATE,C1,,28105,68,54,0,0.0,DOES_NOT_INTERFERE,DOES_NOT_INTERFERE,False,False,True
v1__scene_lift_and_relocate_v04__L2__C1_NA__r05_s28105,scene_lift_and_relocate_v04,LIFT_AND_RELOCATE,C1,,28105,68,73,5697,0.581504542,INTERFERES,INTERFERES,True,True,True
v1__scene_lift_and_relocate_v04__L2__C2_D4__r01_s28101,scene_lift_and_relocate_v04,LIFT_AND_RELOCATE,C2,D4,28101,68,30,0,0.0,DOES_NOT_INTERFERE,DOES_NOT_INTERFERE,False,False,True
v1__scene_lift_and_relocate_v04__L2__C2_D4__r01_s28101,scene_lift_and_relocate_v04,LIFT_AND_RELOCATE,C2,D4,28101,68,45,0,0.0,DOES_NOT_INTERFERE,DOES_NOT_INTERFERE,False,False,True
v1__scene_lift_and_relocate_v04__L2__C2_D4__r01_s28101,scene_lift_and_relocate_v04,LIFT_AND_RELOCATE,C2,D4,28101,68,54,0,0.0,DOES_NOT_INTERFERE,DOES_NOT_INTERFERE,False,False,True
v1__scene_lift_and_relocate_v04__L2__C2_D4__r01_s28101,scene_lift_and_relocate_v04,LIFT_AND_RELOCATE,C2,D4,28101,68,73,5697,0.581504542,INTERFERES,INTERFERES,True,True,True
v1__scene_lift_and_relocate_v04__L2__C2_D4__r02_s28102,scene_lift_and_relocate_v04,LIFT_AND_RELOCATE,C2,D4,28102,68,30,0,0.0,DOES_NOT_INTERFERE,DOES_NOT_INTERFERE,False,False,True
v1__scene_lift_and_relocate_v04__L2__C2_D4__r02_s28102,scene_lift_and_relocate_v04,LIFT_AND_RELOCATE,C2,D4,28102,68,45,0,0.0,DOES_NOT_INTERFERE,DOES_NOT_INTERFERE,False,False,True
v1__scene_lift_and_relocate_v04__L2__C2_D4__r02_s28102,scene_lift_and_relocate_v04,LIFT_AND_RELOCATE,C2,D4,28102,68,54,0,0.0,DOES_NOT_INTERFERE,DOES_NOT_INTERFERE,False,False,True
v1__scene_lift_and_relocate_v04__L2__C2_D4__r02_s28102,scene_lift_and_relocate_v04,LIFT_AND_RELOCATE,C2,D4,28102,68,73,5697,0.581504542,INTERFERES,INTERFERES,True,True,True
v1__scene_lift_and_relocate_v04__L2__C2_D4__r03_s28103,scene_lift_and_relocate_v04,LIFT_AND_RELOCATE,C2,D4,28103,68,30,0,0.0,DOES_NOT_INTERFERE,DOES_NOT_INTERFERE,False,False,True
v1__scene_lift_and_relocate_v04__L2__C2_D4__r03_s28103,scene_lift_and_relocate_v04,LIFT_AND_RELOCATE,C2,D4,28103,68,45,0,0.0,DOES_NOT_INTERFERE,DOES_NOT_INTERFERE,False,False,True
v1__scene_lift_and_relocate_v04__L2__C2_D4__r03_s28103,scene_lift_and_relocate_v04,LIFT_AND_RELOCATE,C2,D4,28103,68,54,0,0.0,DOES_NOT_INTERFERE,DOES_NOT_INTERFERE,False,False,True
v1__scene_lift_and_relocate_v04__L2__C2_D4__r03_s28103,scene_lift_and_relocate_v04,LIFT_AND_RELOCATE,C2,D4,28103,68,73,5697,0.581504542,INTERFERES,INTERFERES,True,True,True
v1__scene_lift_and_relocate_v04__L2__C2_D4__r04_s28104,scene_lift_and_relocate_v04,LIFT_AND_RELOCATE,C2,D4,28104,68,30,0,0.0,DOES_NOT_INTERFERE,DOES_NOT_INTERFERE,False,False,True
v1__scene_lift_and_relocate_v04__L2__C2_D4__r04_s28104,scene_lift_and_relocate_v04,LIFT_AND_RELOCATE,C2,D4,28104,68,45,0,0.0,DOES_NOT_INTERFERE,DOES_NOT_INTERFERE,False,False,True
v1__scene_lift_and_relocate_v04__L2__C2_D4__r04_s28104,scene_lift_and_relocate_v04,LIFT_AND_RELOCATE,C2,D4,28104,68,54,0,0.0,DOES_NOT_INTERFERE,DOES_NOT_INTERFERE,False,False,True
v1__scene_lift_and_relocate_v04__L2__C2_D4__r04_s28104,scene_lift_and_relocate_v04,LIFT_AND_RELOCATE,C2,D4,28104,68,73,5697,0.581504542,INTERFERES,INTERFERES,True,True,True
v1__scene_lift_and_relocate_v04__L2__C2_D4__r05_s28105,scene_lift_and_relocate_v04,LIFT_AND_RELOCATE,C2,D4,28105,68,30,0,0.0,DOES_NOT_INTERFERE,DOES_NOT_INTERFERE,False,False,True
v1__scene_lift_and_relocate_v04__L2__C2_D4__r05_s28105,scene_lift_and_relocate_v04,LIFT_AND_RELOCATE,C2,D4,28105,68,45,0,0.0,DOES_NOT_INTERFERE,DOES_NOT_INTERFERE,False,False,True
v1__scene_lift_and_relocate_v04__L2__C2_D4__r05_s28105,scene_lift_and_relocate_v04,LIFT_AND_RELOCATE,C2,D4,28105,68,54,0,0.0,DOES_NOT_INTERFERE,DOES_NOT_INTERFERE,False,False,True
v1__scene_lift_and_relocate_v04__L2__C2_D4__r05_s28105,scene_lift_and_relocate_v04,LIFT_AND_RELOCATE,C2,D4,28105,68,73,5697,0.581504542,INTERFERES,INTERFERES,True,True,True
v1__scene_lift_and_relocate_v04__L2__C2_D8__r01_s28101,scene_lift_and_relocate_v04,LIFT_AND_RELOCATE,C2,D8,28101,68,30,0,0.0,DOES_NOT_INTERFERE,DOES_NOT_INTERFERE,False,False,True
v1__scene_lift_and_relocate_v04__L2__C2_D8__r01_s28101,scene_lift_and_relocate_v04,LIFT_AND_RELOCATE,C2,D8,28101,68,45,0,0.0,DOES_NOT_INTERFERE,DOES_NOT_INTERFERE,False,False,True
v1__scene_lift_and_relocate_v04__L2__C2_D8__r01_s28101,scene_lift_and_relocate_v04,LIFT_AND_RELOCATE,C2,D8,28101,68,54,0,0.0,DOES_NOT_INTERFERE,DOES_NOT_INTERFERE,False,False,True
v1__scene_lift_and_relocate_v04__L2__C2_D8__r01_s28101,scene_lift_and_relocate_v04,LIFT_AND_RELOCATE,C2,D8,28101,68,73,5697,0.581504542,INTERFERES,INTERFERES,True,True,True
v1__scene_lift_and_relocate_v04__L2__C2_D8__r02_s28102,scene_lift_and_relocate_v04,LIFT_AND_RELOCATE,C2,D8,28102,68,30,0,0.0,DOES_NOT_INTERFERE,DOES_NOT_INTERFERE,False,False,True
v1__scene_lift_and_relocate_v04__L2__C2_D8__r02_s28102,scene_lift_and_relocate_v04,LIFT_AND_RELOCATE,C2,D8,28102,68,45,0,0.0,DOES_NOT_INTERFERE,DOES_NOT_INTERFERE,False,False,True
v1__scene_lift_and_relocate_v04__L2__C2_D8__r02_s28102,scene_lift_and_relocate_v04,LIFT_AND_RELOCATE,C2,D8,28102,68,54,0,0.0,DOES_NOT_INTERFERE,DOES_NOT_INTERFERE,False,False,True
v1__scene_lift_and_relocate_v04__L2__C2_D8__r02_s28102,scene_lift_and_relocate_v04,LIFT_AND_RELOCATE,C2,D8,28102,68,73,5697,0.581504542,INTERFERES,INTERFERES,True,True,True
v1__scene_lift_and_relocate_v04__L2__C2_D8__r03_s28103,scene_lift_and_relocate_v04,LIFT_AND_RELOCATE,C2,D8,28103,68,30,0,0.0,DOES_NOT_INTERFERE,DOES_NOT_INTERFERE,False,False,True
v1__scene_lift_and_relocate_v04__L2__C2_D8__r03_s28103,scene_lift_and_relocate_v04,LIFT_AND_RELOCATE,C2,D8,28103,68,45,0,0.0,DOES_NOT_INTERFERE,DOES_NOT_INTERFERE,False,False,True
v1__scene_lift_and_relocate_v04__L2__C2_D8__r03_s28103,scene_lift_and_relocate_v04,LIFT_AND_RELOCATE,C2,D8,28103,68,54,0,0.0,DOES_NOT_INTERFERE,DOES_NOT_INTERFERE,False,False,True
v1__scene_lift_and_relocate_v04__L2__C2_D8__r03_s28103,scene_lift_and_relocate_v04,LIFT_AND_RELOCATE,C2,D8,28103,68,73,5697,0.581504542,INTERFERES,INTERFERES,True,True,True
v1__scene_lift_and_relocate_v04__L2__C2_D8__r04_s28104,scene_lift_and_relocate_v04,LIFT_AND_RELOCATE,C2,D8,28104,68,30,0,0.0,DOES_NOT_INTERFERE,DOES_NOT_INTERFERE,False,False,True
v1__scene_lift_and_relocate_v04__L2__C2_D8__r04_s28104,scene_lift_and_relocate_v04,LIFT_AND_RELOCATE,C2,D8,28104,68,45,0,0.0,DOES_NOT_INTERFERE,DOES_NOT_INTERFERE,False,False,True
v1__scene_lift_and_relocate_v04__L2__C2_D8__r04_s28104,scene_lift_and_relocate_v04,LIFT_AND_RELOCATE,C2,D8,28104,68,54,0,0.0,DOES_NOT_INTERFERE,DOES_NOT_INTERFERE,False,False,True
v1__scene_lift_and_relocate_v04__L2__C2_D8__r04_s28104,scene_lift_and_relocate_v04,LIFT_AND_RELOCATE,C2,D8,28104,68,73,5697,0.581504542,INTERFERES,INTERFERES,True,True,True
v1__scene_lift_and_relocate_v04__L2__C2_D8__r05_s28105,scene_lift_and_relocate_v04,LIFT_AND_RELOCATE,C2,D8,28105,68,30,0,0.0,DOES_NOT_INTERFERE,DOES_NOT_INTERFERE,False,False,True
v1__scene_lift_and_relocate_v04__L2__C2_D8__r05_s28105,scene_lift_and_relocate_v04,LIFT_AND_RELOCATE,C2,D8,28105,68,45,0,0.0,DOES_NOT_INTERFERE,DOES_NOT_INTERFERE,False,False,True
v1__scene_lift_and_relocate_v04__L2__C2_D8__r05_s28105,scene_lift_and_relocate_v04,LIFT_AND_RELOCATE,C2,D8,28105,68,54,0,0.0,DOES_NOT_INTERFERE,DOES_NOT_INTERFERE,False,False,True
v1__scene_lift_and_relocate_v04__L2__C2_D8__r05_s28105,scene_lift_and_relocate_v04,LIFT_AND_RELOCATE,C2,D8,28105,68,73,5697,0.581504542,INTERFERES,DOES_NOT_INTERFERE,True,False,False
v1__scene_lift_and_relocate_v04__L2__C3_D4__r01_s28101,scene_lift_and_relocate_v04,LIFT_AND_RELOCATE,C3,D4,28101,68,30,0,0.0,DOES_NOT_INTERFERE,DOES_NOT_INTERFERE,False,False,True
v1__scene_lift_and_relocate_v04__L2__C3_D4__r01_s28101,scene_lift_and_relocate_v04,LIFT_AND_RELOCATE,C3,D4,28101,68,45,0,0.0,DOES_NOT_INTERFERE,DOES_NOT_INTERFERE,False,False,True
v1__scene_lift_and_relocate_v04__L2__C3_D4__r01_s28101,scene_lift_and_relocate_v04,LIFT_AND_RELOCATE,C3,D4,28101,68,54,0,0.0,DOES_NOT_INTERFERE,DOES_NOT_INTERFERE,False,False,True
v1__scene_lift_and_relocate_v04__L2__C3_D4__r01_s28101,scene_lift_and_relocate_v04,LIFT_AND_RELOCATE,C3,D4,28101,68,73,5697,0.581504542,INTERFERES,INTERFERES,True,True,True
v1__scene_lift_and_relocate_v04__L2__C3_D4__r02_s28102,scene_lift_and_relocate_v04,LIFT_AND_RELOCATE,C3,D4,28102,68,30,0,0.0,DOES_NOT_INTERFERE,DOES_NOT_INTERFERE,False,False,True
v1__scene_lift_and_relocate_v04__L2__C3_D4__r02_s28102,scene_lift_and_relocate_v04,LIFT_AND_RELOCATE,C3,D4,28102,68,45,0,0.0,DOES_NOT_INTERFERE,DOES_NOT_INTERFERE,False,False,True
v1__scene_lift_and_relocate_v04__L2__C3_D4__r02_s28102,scene_lift_and_relocate_v04,LIFT_AND_RELOCATE,C3,D4,28102,68,54,0,0.0,DOES_NOT_INTERFERE,DOES_NOT_INTERFERE,False,False,True
v1__scene_lift_and_relocate_v04__L2__C3_D4__r02_s28102,scene_lift_and_relocate_v04,LIFT_AND_RELOCATE,C3,D4,28102,68,73,5697,0.581504542,INTERFERES,DOES_NOT_INTERFERE,True,False,False
v1__scene_lift_and_relocate_v04__L2__C3_D4__r03_s28103,scene_lift_and_relocate_v04,LIFT_AND_RELOCATE,C3,D4,28103,68,30,0,0.0,DOES_NOT_INTERFERE,DOES_NOT_INTERFERE,False,False,True
v1__scene_lift_and_relocate_v04__L2__C3_D4__r03_s28103,scene_lift_and_relocate_v04,LIFT_AND_RELOCATE,C3,D4,28103,68,45,0,0.0,DOES_NOT_INTERFERE,DOES_NOT_INTERFERE,False,False,True
v1__scene_lift_and_relocate_v04__L2__C3_D4__r03_s28103,scene_lift_and_relocate_v04,LIFT_AND_RELOCATE,C3,D4,28103,68,54,0,0.0,DOES_NOT_INTERFERE,DOES_NOT_INTERFERE,False,False,True
v1__scene_lift_and_relocate_v04__L2__C3_D4__r03_s28103,scene_lift_and_relocate_v04,LIFT_AND_RELOCATE,C3,D4,28103,68,73,5697,0.581504542,INTERFERES,INTERFERES,True,True,True
v1__scene_lift_and_relocate_v04__L2__C3_D4__r04_s28104,scene_lift_and_relocate_v04,LIFT_AND_RELOCATE,C3,D4,28104,68,30,0,0.0,DOES_NOT_INTERFERE,DOES_NOT_INTERFERE,False,False,True
v1__scene_lift_and_relocate_v04__L2__C3_D4__r04_s28104,scene_lift_and_relocate_v04,LIFT_AND_RELOCATE,C3,D4,28104,68,45,0,0.0,DOES_NOT_INTERFERE,DOES_NOT_INTERFERE,False,False,True
v1__scene_lift_and_relocate_v04__L2__C3_D4__r04_s28104,scene_lift_and_relocate_v04,LIFT_AND_RELOCATE,C3,D4,28104,68,54,0,0.0,DOES_NOT_INTERFERE,DOES_NOT_INTERFERE,False,False,True
v1__scene_lift_and_relocate_v04__L2__C3_D4__r04_s28104,scene_lift_and_relocate_v04,LIFT_AND_RELOCATE,C3,D4,28104,68,73,5697,0.581504542,INTERFERES,DOES_NOT_INTERFERE,True,False,False
v1__scene_lift_and_relocate_v04__L2__C3_D4__r05_s28105,scene_lift_and_relocate_v04,LIFT_AND_RELOCATE,C3,D4,28105,68,30,0,0.0,DOES_NOT_INTERFERE,DOES_NOT_INTERFERE,False,False,True
v1__scene_lift_and_relocate_v04__L2__C3_D4__r05_s28105,scene_lift_and_relocate_v04,LIFT_AND_RELOCATE,C3,D4,28105,68,45,0,0.0,DOES_NOT_INTERFERE,DOES_NOT_INTERFERE,False,False,True
v1__scene_lift_and_relocate_v04__L2__C3_D4__r05_s28105,scene_lift_and_relocate_v04,LIFT_AND_RELOCATE,C3,D4,28105,68,54,0,0.0,DOES_NOT_INTERFERE,DOES_NOT_INTERFERE,False,False,True
v1__scene_lift_and_relocate_v04__L2__C3_D4__r05_s28105,scene_lift_and_relocate_v04,LIFT_AND_RELOCATE,C3,D4,28105,68,73,5697,0.581504542,INTERFERES,DOES_NOT_INTERFERE,True,False,False
v1__scene_lift_and_relocate_v04__L2__C3_D8__r01_s28101,scene_lift_and_relocate_v04,LIFT_AND_RELOCATE,C3,D8,28101,68,30,0,0.0,DOES_NOT_INTERFERE,DOES_NOT_INTERFERE,False,False,True
v1__scene_lift_and_relocate_v04__L2__C3_D8__r01_s28101,scene_lift_and_relocate_v04,LIFT_AND_RELOCATE,C3,D8,28101,68,45,0,0.0,DOES_NOT_INTERFERE,DOES_NOT_INTERFERE,False,False,True
v1__scene_lift_and_relocate_v04__L2__C3_D8__r01_s28101,scene_lift_and_relocate_v04,LIFT_AND_RELOCATE,C3,D8,28101,68,54,0,0.0,DOES_NOT_INTERFERE,DOES_NOT_INTERFERE,False,False,True
v1__scene_lift_and_relocate_v04__L2__C3_D8__r01_s28101,scene_lift_and_relocate_v04,LIFT_AND_RELOCATE,C3,D8,28101,68,73,5697,0.581504542,INTERFERES,DOES_NOT_INTERFERE,True,False,False
v1__scene_lift_and_relocate_v04__L2__C3_D8__r02_s28102,scene_lift_and_relocate_v04,LIFT_AND_RELOCATE,C3,D8,28102,68,30,0,0.0,DOES_NOT_INTERFERE,DOES_NOT_INTERFERE,False,False,True
v1__scene_lift_and_relocate_v04__L2__C3_D8__r02_s28102,scene_lift_and_relocate_v04,LIFT_AND_RELOCATE,C3,D8,28102,68,45,0,0.0,DOES_NOT_INTERFERE,DOES_NOT_INTERFERE,False,False,True
v1__scene_lift_and_relocate_v04__L2__C3_D8__r02_s28102,scene_lift_and_relocate_v04,LIFT_AND_RELOCATE,C3,D8,28102,68,54,0,0.0,DOES_NOT_INTERFERE,DOES_NOT_INTERFERE,False,False,True
v1__scene_lift_and_relocate_v04__L2__C3_D8__r02_s28102,scene_lift_and_relocate_v04,LIFT_AND_RELOCATE,C3,D8,28102,68,73,5697,0.581504542,INTERFERES,DOES_NOT_INTERFERE,True,False,False
v1__scene_lift_and_relocate_v04__L2__C3_D8__r03_s28103,scene_lift_and_relocate_v04,LIFT_AND_RELOCATE,C3,D8,28103,68,30,0,0.0,DOES_NOT_INTERFERE,DOES_NOT_INTERFERE,False,False,True
v1__scene_lift_and_relocate_v04__L2__C3_D8__r03_s28103,scene_lift_and_relocate_v04,LIFT_AND_RELOCATE,C3,D8,28103,68,45,0,0.0,DOES_NOT_INTERFERE,DOES_NOT_INTERFERE,False,False,True
v1__scene_lift_and_relocate_v04__L2__C3_D8__r03_s28103,scene_lift_and_relocate_v04,LIFT_AND_RELOCATE,C3,D8,28103,68,54,0,0.0,DOES_NOT_INTERFERE,DOES_NOT_INTERFERE,False,False,True
v1__scene_lift_and_relocate_v04__L2__C3_D8__r03_s28103,scene_lift_and_relocate_v04,LIFT_AND_RELOCATE,C3,D8,28103,68,73,5697,0.581504542,INTERFERES,DOES_NOT_INTERFERE,True,False,False
v1__scene_lift_and_relocate_v04__L2__C3_D8__r04_s28104,scene_lift_and_relocate_v04,LIFT_AND_RELOCATE,C3,D8,28104,68,30,0,0.0,DOES_NOT_INTERFERE,DOES_NOT_INTERFERE,False,False,True
v1__scene_lift_and_relocate_v04__L2__C3_D8__r04_s28104,scene_lift_and_relocate_v04,LIFT_AND_RELOCATE,C3,D8,28104,68,45,0,0.0,DOES_NOT_INTERFERE,DOES_NOT_INTERFERE,False,False,True
v1__scene_lift_and_relocate_v04__L2__C3_D8__r04_s28104,scene_lift_and_relocate_v04,LIFT_AND_RELOCATE,C3,D8,28104,68,54,0,0.0,DOES_NOT_INTERFERE,DOES_NOT_INTERFERE,False,False,True
v1__scene_lift_and_relocate_v04__L2__C3_D8__r04_s28104,scene_lift_and_relocate_v04,LIFT_AND_RELOCATE,C3,D8,28104,68,73,5697,0.581504542,INTERFERES,DOES_NOT_INTERFERE,True,False,False
v1__scene_lift_and_relocate_v04__L2__C3_D8__r05_s28105,scene_lift_and_relocate_v04,LIFT_AND_RELOCATE,C3,D8,28105,68,30,0,0.0,DOES_NOT_INTERFERE,DOES_NOT_INTERFERE,False,False,True
v1__scene_lift_and_relocate_v04__L2__C3_D8__r05_s28105,scene_lift_and_relocate_v04,LIFT_AND_RELOCATE,C3,D8,28105,68,45,0,0.0,DOES_NOT_INTERFERE,DOES_NOT_INTERFERE,False,False,True
v1__scene_lift_and_relocate_v04__L2__C3_D8__r05_s28105,scene_lift_and_relocate_v04,LIFT_AND_RELOCATE,C3,D8,28105,68,54,0,0.0,DOES_NOT_INTERFERE,DOES_NOT_INTERFERE,False,False,True
v1__scene_lift_and_relocate_v04__L2__C3_D8__r05_s28105,scene_lift_and_relocate_v04,LIFT_AND_RELOCATE,C3,D8,28105,68,73,5697,0.581504542,INTERFERES,DOES_NOT_INTERFERE,True,False,False
v1__scene_lift_and_relocate_v04__L2__C4_D4__r01_s28101,scene_lift_and_relocate_v04,LIFT_AND_RELOCATE,C4,D4,28101,68,30,0,0.0,DOES_NOT_INTERFERE,INTERFERES,False,True,False
v1__scene_lift_and_relocate_v04__L2__C4_D4__r01_s28101,scene_lift_and_relocate_v04,LIFT_AND_RELOCATE,C4,D4,28101,68,45,0,0.0,DOES_NOT_INTERFERE,INTERFERES,False,True,False
v1__scene_lift_and_relocate_v04__L2__C4_D4__r01_s28101,scene_lift_and_relocate_v04,LIFT_AND_RELOCATE,C4,D4,28101,68,54,0,0.0,DOES_NOT_INTERFERE,DOES_NOT_INTERFERE,False,False,True
v1__scene_lift_and_relocate_v04__L2__C4_D4__r01_s28101,scene_lift_and_relocate_v04,LIFT_AND_RELOCATE,C4,D4,28101,68,73,5697,0.581504542,INTERFERES,INTERFERES,True,True,True
v1__scene_lift_and_relocate_v04__L2__C4_D4__r02_s28102,scene_lift_and_relocate_v04,LIFT_AND_RELOCATE,C4,D4,28102,68,30,0,0.0,DOES_NOT_INTERFERE,INTERFERES,False,True,False
v1__scene_lift_and_relocate_v04__L2__C4_D4__r02_s28102,scene_lift_and_relocate_v04,LIFT_AND_RELOCATE,C4,D4,28102,68,45,0,0.0,DOES_NOT_INTERFERE,INTERFERES,False,True,False
v1__scene_lift_and_relocate_v04__L2__C4_D4__r02_s28102,scene_lift_and_relocate_v04,LIFT_AND_RELOCATE,C4,D4,28102,68,54,0,0.0,DOES_NOT_INTERFERE,INTERFERES,False,True,False
v1__scene_lift_and_relocate_v04__L2__C4_D4__r02_s28102,scene_lift_and_relocate_v04,LIFT_AND_RELOCATE,C4,D4,28102,68,73,5697,0.581504542,INTERFERES,INTERFERES,True,True,True
v1__scene_lift_and_relocate_v04__L2__C4_D4__r03_s28103,scene_lift_and_relocate_v04,LIFT_AND_RELOCATE,C4,D4,28103,68,30,0,0.0,DOES_NOT_INTERFERE,INTERFERES,False,True,False
v1__scene_lift_and_relocate_v04__L2__C4_D4__r03_s28103,scene_lift_and_relocate_v04,LIFT_AND_RELOCATE,C4,D4,28103,68,45,0,0.0,DOES_NOT_INTERFERE,INTERFERES,False,True,False
v1__scene_lift_and_relocate_v04__L2__C4_D4__r03_s28103,scene_lift_and_relocate_v04,LIFT_AND_RELOCATE,C4,D4,28103,68,54,0,0.0,DOES_NOT_INTERFERE,DOES_NOT_INTERFERE,False,False,True
v1__scene_lift_and_relocate_v04__L2__C4_D4__r03_s28103,scene_lift_and_relocate_v04,LIFT_AND_RELOCATE,C4,D4,28103,68,73,5697,0.581504542,INTERFERES,INTERFERES,True,True,True
v1__scene_lift_and_relocate_v04__L2__C4_D4__r04_s28104,scene_lift_and_relocate_v04,LIFT_AND_RELOCATE,C4,D4,28104,68,30,0,0.0,DOES_NOT_INTERFERE,INTERFERES,False,True,False
v1__scene_lift_and_relocate_v04__L2__C4_D4__r04_s28104,scene_lift_and_relocate_v04,LIFT_AND_RELOCATE,C4,D4,28104,68,45,0,0.0,DOES_NOT_INTERFERE,INTERFERES,False,True,False
v1__scene_lift_and_relocate_v04__L2__C4_D4__r04_s28104,scene_lift_and_relocate_v04,LIFT_AND_RELOCATE,C4,D4,28104,68,54,0,0.0,DOES_NOT_INTERFERE,DOES_NOT_INTERFERE,False,False,True
v1__scene_lift_and_relocate_v04__L2__C4_D4__r04_s28104,scene_lift_and_relocate_v04,LIFT_AND_RELOCATE,C4,D4,28104,68,73,5697,0.581504542,INTERFERES,INTERFERES,True,True,True
v1__scene_lift_and_relocate_v04__L2__C4_D4__r05_s28105,scene_lift_and_relocate_v04,LIFT_AND_RELOCATE,C4,D4,28105,68,30,0,0.0,DOES_NOT_INTERFERE,INTERFERES,False,True,False
v1__scene_lift_and_relocate_v04__L2__C4_D4__r05_s28105,scene_lift_and_relocate_v04,LIFT_AND_RELOCATE,C4,D4,28105,68,45,0,0.0,DOES_NOT_INTERFERE,INTERFERES,False,True,False
v1__scene_lift_and_relocate_v04__L2__C4_D4__r05_s28105,scene_lift_and_relocate_v04,LIFT_AND_RELOCATE,C4,D4,28105,68,54,0,0.0,DOES_NOT_INTERFERE,DOES_NOT_INTERFERE,False,False,True
v1__scene_lift_and_relocate_v04__L2__C4_D4__r05_s28105,scene_lift_and_relocate_v04,LIFT_AND_RELOCATE,C4,D4,28105,68,73,5697,0.581504542,INTERFERES,INTERFERES,True,True,True
v1__scene_lift_and_relocate_v04__L2__C4_D8__r01_s28101,scene_lift_and_relocate_v04,LIFT_AND_RELOCATE,C4,D8,28101,68,30,0,0.0,DOES_NOT_INTERFERE,INTERFERES,False,True,False
v1__scene_lift_and_relocate_v04__L2__C4_D8__r01_s28101,scene_lift_and_relocate_v04,LIFT_AND_RELOCATE,C4,D8,28101,68,45,0,0.0,DOES_NOT_INTERFERE,INTERFERES,False,True,False
v1__scene_lift_and_relocate_v04__L2__C4_D8__r01_s28101,scene_lift_and_relocate_v04,LIFT_AND_RELOCATE,C4,D8,28101,68,54,0,0.0,DOES_NOT_INTERFERE,DOES_NOT_INTERFERE,False,False,True
v1__scene_lift_and_relocate_v04__L2__C4_D8__r01_s28101,scene_lift_and_relocate_v04,LIFT_AND_RELOCATE,C4,D8,28101,68,73,5697,0.581504542,INTERFERES,INTERFERES,True,True,True
v1__scene_lift_and_relocate_v04__L2__C4_D8__r02_s28102,scene_lift_and_relocate_v04,LIFT_AND_RELOCATE,C4,D8,28102,68,30,0,0.0,DOES_NOT_INTERFERE,INTERFERES,False,True,False
v1__scene_lift_and_relocate_v04__L2__C4_D8__r02_s28102,scene_lift_and_relocate_v04,LIFT_AND_RELOCATE,C4,D8,28102,68,45,0,0.0,DOES_NOT_INTERFERE,INTERFERES,False,True,False
v1__scene_lift_and_relocate_v04__L2__C4_D8__r02_s28102,scene_lift_and_relocate_v04,LIFT_AND_RELOCATE,C4,D8,28102,68,54,0,0.0,DOES_NOT_INTERFERE,INTERFERES,False,True,False
v1__scene_lift_and_relocate_v04__L2__C4_D8__r02_s28102,scene_lift_and_relocate_v04,LIFT_AND_RELOCATE,C4,D8,28102,68,73,5697,0.581504542,INTERFERES,INTERFERES,True,True,True
v1__scene_lift_and_relocate_v04__L2__C4_D8__r03_s28103,scene_lift_and_relocate_v04,LIFT_AND_RELOCATE,C4,D8,28103,68,30,0,0.0,DOES_NOT_INTERFERE,INTERFERES,False,True,False
v1__scene_lift_and_relocate_v04__L2__C4_D8__r03_s28103,scene_lift_and_relocate_v04,LIFT_AND_RELOCATE,C4,D8,28103,68,45,0,0.0,DOES_NOT_INTERFERE,INTERFERES,False,True,False
v1__scene_lift_and_relocate_v04__L2__C4_D8__r03_s28103,scene_lift_and_relocate_v04,LIFT_AND_RELOCATE,C4,D8,28103,68,54,0,0.0,DOES_NOT_INTERFERE,INTERFERES,False,True,False
v1__scene_lift_and_relocate_v04__L2__C4_D8__r03_s28103,scene_lift_and_relocate_v04,LIFT_AND_RELOCATE,C4,D8,28103,68,73,5697,0.581504542,INTERFERES,INTERFERES,True,True,True
v1__scene_lift_and_relocate_v04__L2__C4_D8__r04_s28104,scene_lift_and_relocate_v04,LIFT_AND_RELOCATE,C4,D8,28104,68,30,0,0.0,DOES_NOT_INTERFERE,INTERFERES,False,True,False
v1__scene_lift_and_relocate_v04__L2__C4_D8__r04_s28104,scene_lift_and_relocate_v04,LIFT_AND_RELOCATE,C4,D8,28104,68,45,0,0.0,DOES_NOT_INTERFERE,INTERFERES,False,True,False
v1__scene_lift_and_relocate_v04__L2__C4_D8__r04_s28104,scene_lift_and_relocate_v04,LIFT_AND_RELOCATE,C4,D8,28104,68,54,0,0.0,DOES_NOT_INTERFERE,DOES_NOT_INTERFERE,False,False,True
v1__scene_lift_and_relocate_v04__L2__C4_D8__r04_s28104,scene_lift_and_relocate_v04,LIFT_AND_RELOCATE,C4,D8,28104,68,73,5697,0.581504542,INTERFERES,INTERFERES,True,True,True
v1__scene_lift_and_relocate_v04__L2__C4_D8__r05_s28105,scene_lift_and_relocate_v04,LIFT_AND_RELOCATE,C4,D8,28105,68,30,0,0.0,DOES_NOT_INTERFERE,INTERFERES,False,True,False
v1__scene_lift_and_relocate_v04__L2__C4_D8__r05_s28105,scene_lift_and_relocate_v04,LIFT_AND_RELOCATE,C4,D8,28105,68,45,0,0.0,DOES_NOT_INTERFERE,INTERFERES,False,True,False
v1__scene_lift_and_relocate_v04__L2__C4_D8__r05_s28105,scene_lift_and_relocate_v04,LIFT_AND_RELOCATE,C4,D8,28105,68,54,0,0.0,DOES_NOT_INTERFERE,DOES_NOT_INTERFERE,False,False,True
v1__scene_lift_and_relocate_v04__L2__C4_D8__r05_s28105,scene_lift_and_relocate_v04,LIFT_AND_RELOCATE,C4,D8,28105,68,73,5697,0.581504542,INTERFERES,INTERFERES,True,True,True
v1__scene_lift_and_relocate_v04__L2__C5_D4__r01_s28101,scene_lift_and_relocate_v04,LIFT_AND_RELOCATE,C5,D4,28101,68,30,0,0.0,DOES_NOT_INTERFERE,DOES_NOT_INTERFERE,False,False,True
v1__scene_lift_and_relocate_v04__L2__C5_D4__r01_s28101,scene_lift_and_relocate_v04,LIFT_AND_RELOCATE,C5,D4,28101,68,45,0,0.0,DOES_NOT_INTERFERE,DOES_NOT_INTERFERE,False,False,True
v1__scene_lift_and_relocate_v04__L2__C5_D4__r01_s28101,scene_lift_and_relocate_v04,LIFT_AND_RELOCATE,C5,D4,28101,68,54,0,0.0,DOES_NOT_INTERFERE,DOES_NOT_INTERFERE,False,False,True
v1__scene_lift_and_relocate_v04__L2__C5_D4__r01_s28101,scene_lift_and_relocate_v04,LIFT_AND_RELOCATE,C5,D4,28101,68,73,5697,0.581504542,INTERFERES,INTERFERES,True,True,True
v1__scene_lift_and_relocate_v04__L2__C5_D4__r02_s28102,scene_lift_and_relocate_v04,LIFT_AND_RELOCATE,C5,D4,28102,68,30,0,0.0,DOES_NOT_INTERFERE,DOES_NOT_INTERFERE,False,False,True
v1__scene_lift_and_relocate_v04__L2__C5_D4__r02_s28102,scene_lift_and_relocate_v04,LIFT_AND_RELOCATE,C5,D4,28102,68,45,0,0.0,DOES_NOT_INTERFERE,DOES_NOT_INTERFERE,False,False,True
v1__scene_lift_and_relocate_v04__L2__C5_D4__r02_s28102,scene_lift_and_relocate_v04,LIFT_AND_RELOCATE,C5,D4,28102,68,54,0,0.0,DOES_NOT_INTERFERE,DOES_NOT_INTERFERE,False,False,True
v1__scene_lift_and_relocate_v04__L2__C5_D4__r02_s28102,scene_lift_and_relocate_v04,LIFT_AND_RELOCATE,C5,D4,28102,68,73,5697,0.581504542,INTERFERES,INTERFERES,True,True,True
v1__scene_lift_and_relocate_v04__L2__C5_D4__r03_s28103,scene_lift_and_relocate_v04,LIFT_AND_RELOCATE,C5,D4,28103,68,30,0,0.0,DOES_NOT_INTERFERE,DOES_NOT_INTERFERE,False,False,True
v1__scene_lift_and_relocate_v04__L2__C5_D4__r03_s28103,scene_lift_and_relocate_v04,LIFT_AND_RELOCATE,C5,D4,28103,68,45,0,0.0,DOES_NOT_INTERFERE,DOES_NOT_INTERFERE,False,False,True
v1__scene_lift_and_relocate_v04__L2__C5_D4__r03_s28103,scene_lift_and_relocate_v04,LIFT_AND_RELOCATE,C5,D4,28103,68,54,0,0.0,DOES_NOT_INTERFERE,DOES_NOT_INTERFERE,False,False,True
v1__scene_lift_and_relocate_v04__L2__C5_D4__r03_s28103,scene_lift_and_relocate_v04,LIFT_AND_RELOCATE,C5,D4,28103,68,73,5697,0.581504542,INTERFERES,DOES_NOT_INTERFERE,True,False,False
v1__scene_lift_and_relocate_v04__L2__C5_D4__r04_s28104,scene_lift_and_relocate_v04,LIFT_AND_RELOCATE,C5,D4,28104,68,30,0,0.0,DOES_NOT_INTERFERE,DOES_NOT_INTERFERE,False,False,True
v1__scene_lift_and_relocate_v04__L2__C5_D4__r04_s28104,scene_lift_and_relocate_v04,LIFT_AND_RELOCATE,C5,D4,28104,68,45,0,0.0,DOES_NOT_INTERFERE,DOES_NOT_INTERFERE,False,False,True
v1__scene_lift_and_relocate_v04__L2__C5_D4__r04_s28104,scene_lift_and_relocate_v04,LIFT_AND_RELOCATE,C5,D4,28104,68,54,0,0.0,DOES_NOT_INTERFERE,DOES_NOT_INTERFERE,False,False,True
v1__scene_lift_and_relocate_v04__L2__C5_D4__r04_s28104,scene_lift_and_relocate_v04,LIFT_AND_RELOCATE,C5,D4,28104,68,73,5697,0.581504542,INTERFERES,DOES_NOT_INTERFERE,True,False,False
v1__scene_lift_and_relocate_v04__L2__C5_D4__r05_s28105,scene_lift_and_relocate_v04,LIFT_AND_RELOCATE,C5,D4,28105,68,30,0,0.0,DOES_NOT_INTERFERE,DOES_NOT_INTERFERE,False,False,True
v1__scene_lift_and_relocate_v04__L2__C5_D4__r05_s28105,scene_lift_and_relocate_v04,LIFT_AND_RELOCATE,C5,D4,28105,68,45,0,0.0,DOES_NOT_INTERFERE,DOES_NOT_INTERFERE,False,False,True
v1__scene_lift_and_relocate_v04__L2__C5_D4__r05_s28105,scene_lift_and_relocate_v04,LIFT_AND_RELOCATE,C5,D4,28105,68,54,0,0.0,DOES_NOT_INTERFERE,DOES_NOT_INTERFERE,False,False,True
v1__scene_lift_and_relocate_v04__L2__C5_D4__r05_s28105,scene_lift_and_relocate_v04,LIFT_AND_RELOCATE,C5,D4,28105,68,73,5697,0.581504542,INTERFERES,DOES_NOT_INTERFERE,True,False,False
v1__scene_lift_and_relocate_v04__L2__C5_D8__r01_s28101,scene_lift_and_relocate_v04,LIFT_AND_RELOCATE,C5,D8,28101,68,30,0,0.0,DOES_NOT_INTERFERE,INTERFERES,False,True,False
v1__scene_lift_and_relocate_v04__L2__C5_D8__r01_s28101,scene_lift_and_relocate_v04,LIFT_AND_RELOCATE,C5,D8,28101,68,45,0,0.0,DOES_NOT_INTERFERE,INTERFERES,False,True,False
v1__scene_lift_and_relocate_v04__L2__C5_D8__r01_s28101,scene_lift_and_relocate_v04,LIFT_AND_RELOCATE,C5,D8,28101,68,54,0,0.0,DOES_NOT_INTERFERE,DOES_NOT_INTERFERE,False,False,True
v1__scene_lift_and_relocate_v04__L2__C5_D8__r01_s28101,scene_lift_and_relocate_v04,LIFT_AND_RELOCATE,C5,D8,28101,68,73,5697,0.581504542,INTERFERES,INTERFERES,True,True,True
v1__scene_lift_and_relocate_v04__L2__C5_D8__r02_s28102,scene_lift_and_relocate_v04,LIFT_AND_RELOCATE,C5,D8,28102,68,30,0,0.0,DOES_NOT_INTERFERE,INTERFERES,False,True,False
v1__scene_lift_and_relocate_v04__L2__C5_D8__r02_s28102,scene_lift_and_relocate_v04,LIFT_AND_RELOCATE,C5,D8,28102,68,45,0,0.0,DOES_NOT_INTERFERE,INTERFERES,False,True,False
v1__scene_lift_and_relocate_v04__L2__C5_D8__r02_s28102,scene_lift_and_relocate_v04,LIFT_AND_RELOCATE,C5,D8,28102,68,54,0,0.0,DOES_NOT_INTERFERE,DOES_NOT_INTERFERE,False,False,True
v1__scene_lift_and_relocate_v04__L2__C5_D8__r02_s28102,scene_lift_and_relocate_v04,LIFT_AND_RELOCATE,C5,D8,28102,68,73,5697,0.581504542,INTERFERES,INTERFERES,True,True,True
v1__scene_lift_and_relocate_v04__L2__C5_D8__r03_s28103,scene_lift_and_relocate_v04,LIFT_AND_RELOCATE,C5,D8,28103,68,30,0,0.0,DOES_NOT_INTERFERE,INTERFERES,False,True,False
v1__scene_lift_and_relocate_v04__L2__C5_D8__r03_s28103,scene_lift_and_relocate_v04,LIFT_AND_RELOCATE,C5,D8,28103,68,45,0,0.0,DOES_NOT_INTERFERE,INTERFERES,False,True,False
v1__scene_lift_and_relocate_v04__L2__C5_D8__r03_s28103,scene_lift_and_relocate_v04,LIFT_AND_RELOCATE,C5,D8,28103,68,54,0,0.0,DOES_NOT_INTERFERE,DOES_NOT_INTERFERE,False,False,True
v1__scene_lift_and_relocate_v04__L2__C5_D8__r03_s28103,scene_lift_and_relocate_v04,LIFT_AND_RELOCATE,C5,D8,28103,68,73,5697,0.581504542,INTERFERES,INTERFERES,True,True,True
v1__scene_lift_and_relocate_v04__L2__C5_D8__r04_s28104,scene_lift_and_relocate_v04,LIFT_AND_RELOCATE,C5,D8,28104,68,30,0,0.0,DOES_NOT_INTERFERE,INTERFERES,False,True,False
v1__scene_lift_and_relocate_v04__L2__C5_D8__r04_s28104,scene_lift_and_relocate_v04,LIFT_AND_RELOCATE,C5,D8,28104,68,45,0,0.0,DOES_NOT_INTERFERE,INTERFERES,False,True,False
v1__scene_lift_and_relocate_v04__L2__C5_D8__r04_s28104,scene_lift_and_relocate_v04,LIFT_AND_RELOCATE,C5,D8,28104,68,54,0,0.0,DOES_NOT_INTERFERE,DOES_NOT_INTERFERE,False,False,True
v1__scene_lift_and_relocate_v04__L2__C5_D8__r04_s28104,scene_lift_and_relocate_v04,LIFT_AND_RELOCATE,C5,D8,28104,68,73,5697,0.581504542,INTERFERES,INTERFERES,True,True,True
v1__scene_lift_and_relocate_v04__L2__C5_D8__r05_s28105,scene_lift_and_relocate_v04,LIFT_AND_RELOCATE,C5,D8,28105,68,30,0,0.0,DOES_NOT_INTERFERE,INTERFERES,False,True,False
v1__scene_lift_and_relocate_v04__L2__C5_D8__r05_s28105,scene_lift_and_relocate_v04,LIFT_AND_RELOCATE,C5,D8,28105,68,45,0,0.0,DOES_NOT_INTERFERE,INTERFERES,False,True,False
v1__scene_lift_and_relocate_v04__L2__C5_D8__r05_s28105,scene_lift_and_relocate_v04,LIFT_AND_RELOCATE,C5,D8,28105,68,54,0,0.0,DOES_NOT_INTERFERE,DOES_NOT_INTERFERE,False,False,True
v1__scene_lift_and_relocate_v04__L2__C5_D8__r05_s28105,scene_lift_and_relocate_v04,LIFT_AND_RELOCATE,C5,D8,28105,68,73,5697,0.581504542,INTERFERES,INTERFERES,True,True,True
v1__scene_lift_and_relocate_v04__L2__C6_D4__r01_s28101,scene_lift_and_relocate_v04,LIFT_AND_RELOCATE,C6,D4,28101,68,30,0,0.0,DOES_NOT_INTERFERE,DOES_NOT_INTERFERE,False,False,True
v1__scene_lift_and_relocate_v04__L2__C6_D4__r01_s28101,scene_lift_and_relocate_v04,LIFT_AND_RELOCATE,C6,D4,28101,68,45,0,0.0,DOES_NOT_INTERFERE,DOES_NOT_INTERFERE,False,False,True
v1__scene_lift_and_relocate_v04__L2__C6_D4__r01_s28101,scene_lift_and_relocate_v04,LIFT_AND_RELOCATE,C6,D4,28101,68,54,0,0.0,DOES_NOT_INTERFERE,DOES_NOT_INTERFERE,False,False,True
v1__scene_lift_and_relocate_v04__L2__C6_D4__r01_s28101,scene_lift_and_relocate_v04,LIFT_AND_RELOCATE,C6,D4,28101,68,73,5697,0.581504542,INTERFERES,DOES_NOT_INTERFERE,True,False,False
v1__scene_lift_and_relocate_v04__L2__C6_D4__r02_s28102,scene_lift_and_relocate_v04,LIFT_AND_RELOCATE,C6,D4,28102,68,30,0,0.0,DOES_NOT_INTERFERE,DOES_NOT_INTERFERE,False,False,True
v1__scene_lift_and_relocate_v04__L2__C6_D4__r02_s28102,scene_lift_and_relocate_v04,LIFT_AND_RELOCATE,C6,D4,28102,68,45,0,0.0,DOES_NOT_INTERFERE,DOES_NOT_INTERFERE,False,False,True
v1__scene_lift_and_relocate_v04__L2__C6_D4__r02_s28102,scene_lift_and_relocate_v04,LIFT_AND_RELOCATE,C6,D4,28102,68,54,0,0.0,DOES_NOT_INTERFERE,DOES_NOT_INTERFERE,False,False,True
v1__scene_lift_and_relocate_v04__L2__C6_D4__r02_s28102,scene_lift_and_relocate_v04,LIFT_AND_RELOCATE,C6,D4,28102,68,73,5697,0.581504542,INTERFERES,INTERFERES,True,True,True
v1__scene_lift_and_relocate_v04__L2__C6_D4__r03_s28103,scene_lift_and_relocate_v04,LIFT_AND_RELOCATE,C6,D4,28103,68,30,0,0.0,DOES_NOT_INTERFERE,INTERFERES,False,True,False
v1__scene_lift_and_relocate_v04__L2__C6_D4__r03_s28103,scene_lift_and_relocate_v04,LIFT_AND_RELOCATE,C6,D4,28103,68,45,0,0.0,DOES_NOT_INTERFERE,INTERFERES,False,True,False
v1__scene_lift_and_relocate_v04__L2__C6_D4__r03_s28103,scene_lift_and_relocate_v04,LIFT_AND_RELOCATE,C6,D4,28103,68,54,0,0.0,DOES_NOT_INTERFERE,DOES_NOT_INTERFERE,False,False,True
v1__scene_lift_and_relocate_v04__L2__C6_D4__r03_s28103,scene_lift_and_relocate_v04,LIFT_AND_RELOCATE,C6,D4,28103,68,73,5697,0.581504542,INTERFERES,INTERFERES,True,True,True
v1__scene_lift_and_relocate_v04__L2__C6_D4__r04_s28104,scene_lift_and_relocate_v04,LIFT_AND_RELOCATE,C6,D4,28104,68,30,0,0.0,DOES_NOT_INTERFERE,INTERFERES,False,True,False
v1__scene_lift_and_relocate_v04__L2__C6_D4__r04_s28104,scene_lift_and_relocate_v04,LIFT_AND_RELOCATE,C6,D4,28104,68,45,0,0.0,DOES_NOT_INTERFERE,INTERFERES,False,True,False
v1__scene_lift_and_relocate_v04__L2__C6_D4__r04_s28104,scene_lift_and_relocate_v04,LIFT_AND_RELOCATE,C6,D4,28104,68,54,0,0.0,DOES_NOT_INTERFERE,DOES_NOT_INTERFERE,False,False,True
v1__scene_lift_and_relocate_v04__L2__C6_D4__r04_s28104,scene_lift_and_relocate_v04,LIFT_AND_RELOCATE,C6,D4,28104,68,73,5697,0.581504542,INTERFERES,INTERFERES,True,True,True
v1__scene_lift_and_relocate_v04__L2__C6_D4__r05_s28105,scene_lift_and_relocate_v04,LIFT_AND_RELOCATE,C6,D4,28105,68,30,0,0.0,DOES_NOT_INTERFERE,DOES_NOT_INTERFERE,False,False,True
v1__scene_lift_and_relocate_v04__L2__C6_D4__r05_s28105,scene_lift_and_relocate_v04,LIFT_AND_RELOCATE,C6,D4,28105,68,45,0,0.0,DOES_NOT_INTERFERE,DOES_NOT_INTERFERE,False,False,True
v1__scene_lift_and_relocate_v04__L2__C6_D4__r05_s28105,scene_lift_and_relocate_v04,LIFT_AND_RELOCATE,C6,D4,28105,68,54,0,0.0,DOES_NOT_INTERFERE,DOES_NOT_INTERFERE,False,False,True
v1__scene_lift_and_relocate_v04__L2__C6_D4__r05_s28105,scene_lift_and_relocate_v04,LIFT_AND_RELOCATE,C6,D4,28105,68,73,5697,0.581504542,INTERFERES,DOES_NOT_INTERFERE,True,False,False
v1__scene_lift_and_relocate_v04__L2__C6_D8__r01_s28101,scene_lift_and_relocate_v04,LIFT_AND_RELOCATE,C6,D8,28101,68,30,0,0.0,DOES_NOT_INTERFERE,INTERFERES,False,True,False
v1__scene_lift_and_relocate_v04__L2__C6_D8__r01_s28101,scene_lift_and_relocate_v04,LIFT_AND_RELOCATE,C6,D8,28101,68,45,0,0.0,DOES_NOT_INTERFERE,INTERFERES,False,True,False
v1__scene_lift_and_relocate_v04__L2__C6_D8__r01_s28101,scene_lift_and_relocate_v04,LIFT_AND_RELOCATE,C6,D8,28101,68,54,0,0.0,DOES_NOT_INTERFERE,DOES_NOT_INTERFERE,False,False,True
v1__scene_lift_and_relocate_v04__L2__C6_D8__r01_s28101,scene_lift_and_relocate_v04,LIFT_AND_RELOCATE,C6,D8,28101,68,73,5697,0.581504542,INTERFERES,INTERFERES,True,True,True
v1__scene_lift_and_relocate_v04__L2__C6_D8__r02_s28102,scene_lift_and_relocate_v04,LIFT_AND_RELOCATE,C6,D8,28102,68,30,0,0.0,DOES_NOT_INTERFERE,INTERFERES,False,True,False
v1__scene_lift_and_relocate_v04__L2__C6_D8__r02_s28102,scene_lift_and_relocate_v04,LIFT_AND_RELOCATE,C6,D8,28102,68,45,0,0.0,DOES_NOT_INTERFERE,INTERFERES,False,True,False
v1__scene_lift_and_relocate_v04__L2__C6_D8__r02_s28102,scene_lift_and_relocate_v04,LIFT_AND_RELOCATE,C6,D8,28102,68,54,0,0.0,DOES_NOT_INTERFERE,DOES_NOT_INTERFERE,False,False,True
v1__scene_lift_and_relocate_v04__L2__C6_D8__r02_s28102,scene_lift_and_relocate_v04,LIFT_AND_RELOCATE,C6,D8,28102,68,73,5697,0.581504542,INTERFERES,INTERFERES,True,True,True
v1__scene_lift_and_relocate_v04__L2__C6_D8__r03_s28103,scene_lift_and_relocate_v04,LIFT_AND_RELOCATE,C6,D8,28103,68,30,0,0.0,DOES_NOT_INTERFERE,DOES_NOT_INTERFERE,False,False,True
v1__scene_lift_and_relocate_v04__L2__C6_D8__r03_s28103,scene_lift_and_relocate_v04,LIFT_AND_RELOCATE,C6,D8,28103,68,45,0,0.0,DOES_NOT_INTERFERE,DOES_NOT_INTERFERE,False,False,True
v1__scene_lift_and_relocate_v04__L2__C6_D8__r03_s28103,scene_lift_and_relocate_v04,LIFT_AND_RELOCATE,C6,D8,28103,68,54,0,0.0,DOES_NOT_INTERFERE,DOES_NOT_INTERFERE,False,False,True
v1__scene_lift_and_relocate_v04__L2__C6_D8__r03_s28103,scene_lift_and_relocate_v04,LIFT_AND_RELOCATE,C6,D8,28103,68,73,5697,0.581504542,INTERFERES,INTERFERES,True,True,True
v1__scene_lift_and_relocate_v04__L2__C6_D8__r04_s28104,scene_lift_and_relocate_v04,LIFT_AND_RELOCATE,C6,D8,28104,68,30,0,0.0,DOES_NOT_INTERFERE,INTERFERES,False,True,False
v1__scene_lift_and_relocate_v04__L2__C6_D8__r04_s28104,scene_lift_and_relocate_v04,LIFT_AND_RELOCATE,C6,D8,28104,68,45,0,0.0,DOES_NOT_INTERFERE,INTERFERES,False,True,False
v1__scene_lift_and_relocate_v04__L2__C6_D8__r04_s28104,scene_lift_and_relocate_v04,LIFT_AND_RELOCATE,C6,D8,28104,68,54,0,0.0,DOES_NOT_INTERFERE,DOES_NOT_INTERFERE,False,False,True
v1__scene_lift_and_relocate_v04__L2__C6_D8__r04_s28104,scene_lift_and_relocate_v04,LIFT_AND_RELOCATE,C6,D8,28104,68,73,5697,0.581504542,INTERFERES,INTERFERES,True,True,True
v1__scene_lift_and_relocate_v04__L2__C6_D8__r05_s28105,scene_lift_and_relocate_v04,LIFT_AND_RELOCATE,C6,D8,28105,68,30,0,0.0,DOES_NOT_INTERFERE,INTERFERES,False,True,False
v1__scene_lift_and_relocate_v04__L2__C6_D8__r05_s28105,scene_lift_and_relocate_v04,LIFT_AND_RELOCATE,C6,D8,28105,68,45,0,0.0,DOES_NOT_INTERFERE,INTERFERES,False,True,False
v1__scene_lift_and_relocate_v04__L2__C6_D8__r05_s28105,scene_lift_and_relocate_v04,LIFT_AND_RELOCATE,C6,D8,28105,68,54,0,0.0,DOES_NOT_INTERFERE,DOES_NOT_INTERFERE,False,False,True
v1__scene_lift_and_relocate_v04__L2__C6_D8__r05_s28105,scene_lift_and_relocate_v04,LIFT_AND_RELOCATE,C6,D8,28105,68,73,5697,0.581504542,INTERFERES,INTERFERES,True,True,True
v1__scene_lift_and_relocate_v05__L2__C0_NA__r01_s28101,scene_lift_and_relocate_v05,LIFT_AND_RELOCATE,C0,,28101,43,15,6011,0.625038993,INTERFERES,INTERFERES,True,True,True
v1__scene_lift_and_relocate_v05__L2__C0_NA__r01_s28101,scene_lift_and_relocate_v05,LIFT_AND_RELOCATE,C0,,28101,43,24,0,0.0,DOES_NOT_INTERFERE,INTERFERES,False,True,False
v1__scene_lift_and_relocate_v05__L2__C0_NA__r01_s28101,scene_lift_and_relocate_v05,LIFT_AND_RELOCATE,C0,,28101,43,48,0,0.0,DOES_NOT_INTERFERE,INTERFERES,False,True,False
v1__scene_lift_and_relocate_v05__L2__C0_NA__r01_s28101,scene_lift_and_relocate_v05,LIFT_AND_RELOCATE,C0,,28101,43,52,0,0.0,DOES_NOT_INTERFERE,INTERFERES,False,True,False
v1__scene_lift_and_relocate_v05__L2__C0_NA__r01_s28101,scene_lift_and_relocate_v05,LIFT_AND_RELOCATE,C0,,28101,43,76,0,0.0,DOES_NOT_INTERFERE,INTERFERES,False,True,False
v1__scene_lift_and_relocate_v05__L2__C0_NA__r02_s28102,scene_lift_and_relocate_v05,LIFT_AND_RELOCATE,C0,,28102,43,15,6011,0.625038993,INTERFERES,INTERFERES,True,True,True
v1__scene_lift_and_relocate_v05__L2__C0_NA__r02_s28102,scene_lift_and_relocate_v05,LIFT_AND_RELOCATE,C0,,28102,43,24,0,0.0,DOES_NOT_INTERFERE,INTERFERES,False,True,False
v1__scene_lift_and_relocate_v05__L2__C0_NA__r02_s28102,scene_lift_and_relocate_v05,LIFT_AND_RELOCATE,C0,,28102,43,48,0,0.0,DOES_NOT_INTERFERE,INTERFERES,False,True,False
v1__scene_lift_and_relocate_v05__L2__C0_NA__r02_s28102,scene_lift_and_relocate_v05,LIFT_AND_RELOCATE,C0,,28102,43,52,0,0.0,DOES_NOT_INTERFERE,INTERFERES,False,True,False
v1__scene_lift_and_relocate_v05__L2__C0_NA__r02_s28102,scene_lift_and_relocate_v05,LIFT_AND_RELOCATE,C0,,28102,43,76,0,0.0,DOES_NOT_INTERFERE,INTERFERES,False,True,False
v1__scene_lift_and_relocate_v05__L2__C0_NA__r03_s28103,scene_lift_and_relocate_v05,LIFT_AND_RELOCATE,C0,,28103,43,15,6011,0.625038993,INTERFERES,INTERFERES,True,True,True
v1__scene_lift_and_relocate_v05__L2__C0_NA__r03_s28103,scene_lift_and_relocate_v05,LIFT_AND_RELOCATE,C0,,28103,43,24,0,0.0,DOES_NOT_INTERFERE,INTERFERES,False,True,False
v1__scene_lift_and_relocate_v05__L2__C0_NA__r03_s28103,scene_lift_and_relocate_v05,LIFT_AND_RELOCATE,C0,,28103,43,48,0,0.0,DOES_NOT_INTERFERE,INTERFERES,False,True,False
v1__scene_lift_and_relocate_v05__L2__C0_NA__r03_s28103,scene_lift_and_relocate_v05,LIFT_AND_RELOCATE,C0,,28103,43,52,0,0.0,DOES_NOT_INTERFERE,INTERFERES,False,True,False
v1__scene_lift_and_relocate_v05__L2__C0_NA__r03_s28103,scene_lift_and_relocate_v05,LIFT_AND_RELOCATE,C0,,28103,43,76,0,0.0,DOES_NOT_INTERFERE,INTERFERES,False,True,False
v1__scene_lift_and_relocate_v05__L2__C0_NA__r04_s28104,scene_lift_and_relocate_v05,LIFT_AND_RELOCATE,C0,,28104,43,15,6011,0.625038993,INTERFERES,INTERFERES,True,True,True
v1__scene_lift_and_relocate_v05__L2__C0_NA__r04_s28104,scene_lift_and_relocate_v05,LIFT_AND_RELOCATE,C0,,28104,43,24,0,0.0,DOES_NOT_INTERFERE,INTERFERES,False,True,False
v1__scene_lift_and_relocate_v05__L2__C0_NA__r04_s28104,scene_lift_and_relocate_v05,LIFT_AND_RELOCATE,C0,,28104,43,48,0,0.0,DOES_NOT_INTERFERE,INTERFERES,False,True,False
v1__scene_lift_and_relocate_v05__L2__C0_NA__r04_s28104,scene_lift_and_relocate_v05,LIFT_AND_RELOCATE,C0,,28104,43,52,0,0.0,DOES_NOT_INTERFERE,INTERFERES,False,True,False
v1__scene_lift_and_relocate_v05__L2__C0_NA__r04_s28104,scene_lift_and_relocate_v05,LIFT_AND_RELOCATE,C0,,28104,43,76,0,0.0,DOES_NOT_INTERFERE,INTERFERES,False,True,False
v1__scene_lift_and_relocate_v05__L2__C0_NA__r05_s28105,scene_lift_and_relocate_v05,LIFT_AND_RELOCATE,C0,,28105,43,15,6011,0.625038993,INTERFERES,INTERFERES,True,True,True
v1__scene_lift_and_relocate_v05__L2__C0_NA__r05_s28105,scene_lift_and_relocate_v05,LIFT_AND_RELOCATE,C0,,28105,43,24,0,0.0,DOES_NOT_INTERFERE,INTERFERES,False,True,False
v1__scene_lift_and_relocate_v05__L2__C0_NA__r05_s28105,scene_lift_and_relocate_v05,LIFT_AND_RELOCATE,C0,,28105,43,48,0,0.0,DOES_NOT_INTERFERE,INTERFERES,False,True,False
v1__scene_lift_and_relocate_v05__L2__C0_NA__r05_s28105,scene_lift_and_relocate_v05,LIFT_AND_RELOCATE,C0,,28105,43,52,0,0.0,DOES_NOT_INTERFERE,INTERFERES,False,True,False
v1__scene_lift_and_relocate_v05__L2__C0_NA__r05_s28105,scene_lift_and_relocate_v05,LIFT_AND_RELOCATE,C0,,28105,43,76,0,0.0,DOES_NOT_INTERFERE,INTERFERES,False,True,False
v1__scene_lift_and_relocate_v05__L2__C1_NA__r01_s28101,scene_lift_and_relocate_v05,LIFT_AND_RELOCATE,C1,,28101,43,15,6011,0.625038993,INTERFERES,INTERFERES,True,True,True
v1__scene_lift_and_relocate_v05__L2__C1_NA__r01_s28101,scene_lift_and_relocate_v05,LIFT_AND_RELOCATE,C1,,28101,43,24,0,0.0,DOES_NOT_INTERFERE,DOES_NOT_INTERFERE,False,False,True
v1__scene_lift_and_relocate_v05__L2__C1_NA__r01_s28101,scene_lift_and_relocate_v05,LIFT_AND_RELOCATE,C1,,28101,43,48,0,0.0,DOES_NOT_INTERFERE,DOES_NOT_INTERFERE,False,False,True
v1__scene_lift_and_relocate_v05__L2__C1_NA__r01_s28101,scene_lift_and_relocate_v05,LIFT_AND_RELOCATE,C1,,28101,43,52,0,0.0,DOES_NOT_INTERFERE,DOES_NOT_INTERFERE,False,False,True
v1__scene_lift_and_relocate_v05__L2__C1_NA__r01_s28101,scene_lift_and_relocate_v05,LIFT_AND_RELOCATE,C1,,28101,43,76,0,0.0,DOES_NOT_INTERFERE,DOES_NOT_INTERFERE,False,False,True
v1__scene_lift_and_relocate_v05__L2__C1_NA__r02_s28102,scene_lift_and_relocate_v05,LIFT_AND_RELOCATE,C1,,28102,43,15,6011,0.625038993,INTERFERES,INTERFERES,True,True,True
v1__scene_lift_and_relocate_v05__L2__C1_NA__r02_s28102,scene_lift_and_relocate_v05,LIFT_AND_RELOCATE,C1,,28102,43,24,0,0.0,DOES_NOT_INTERFERE,DOES_NOT_INTERFERE,False,False,True
v1__scene_lift_and_relocate_v05__L2__C1_NA__r02_s28102,scene_lift_and_relocate_v05,LIFT_AND_RELOCATE,C1,,28102,43,48,0,0.0,DOES_NOT_INTERFERE,DOES_NOT_INTERFERE,False,False,True
v1__scene_lift_and_relocate_v05__L2__C1_NA__r02_s28102,scene_lift_and_relocate_v05,LIFT_AND_RELOCATE,C1,,28102,43,52,0,0.0,DOES_NOT_INTERFERE,DOES_NOT_INTERFERE,False,False,True
v1__scene_lift_and_relocate_v05__L2__C1_NA__r02_s28102,scene_lift_and_relocate_v05,LIFT_AND_RELOCATE,C1,,28102,43,76,0,0.0,DOES_NOT_INTERFERE,DOES_NOT_INTERFERE,False,False,True
v1__scene_lift_and_relocate_v05__L2__C1_NA__r03_s28103,scene_lift_and_relocate_v05,LIFT_AND_RELOCATE,C1,,28103,43,15,6011,0.625038993,INTERFERES,INTERFERES,True,True,True
v1__scene_lift_and_relocate_v05__L2__C1_NA__r03_s28103,scene_lift_and_relocate_v05,LIFT_AND_RELOCATE,C1,,28103,43,24,0,0.0,DOES_NOT_INTERFERE,DOES_NOT_INTERFERE,False,False,True
v1__scene_lift_and_relocate_v05__L2__C1_NA__r03_s28103,scene_lift_and_relocate_v05,LIFT_AND_RELOCATE,C1,,28103,43,48,0,0.0,DOES_NOT_INTERFERE,DOES_NOT_INTERFERE,False,False,True
v1__scene_lift_and_relocate_v05__L2__C1_NA__r03_s28103,scene_lift_and_relocate_v05,LIFT_AND_RELOCATE,C1,,28103,43,52,0,0.0,DOES_NOT_INTERFERE,DOES_NOT_INTERFERE,False,False,True
v1__scene_lift_and_relocate_v05__L2__C1_NA__r03_s28103,scene_lift_and_relocate_v05,LIFT_AND_RELOCATE,C1,,28103,43,76,0,0.0,DOES_NOT_INTERFERE,DOES_NOT_INTERFERE,False,False,True
v1__scene_lift_and_relocate_v05__L2__C1_NA__r04_s28104,scene_lift_and_relocate_v05,LIFT_AND_RELOCATE,C1,,28104,43,15,6011,0.625038993,INTERFERES,INTERFERES,True,True,True
v1__scene_lift_and_relocate_v05__L2__C1_NA__r04_s28104,scene_lift_and_relocate_v05,LIFT_AND_RELOCATE,C1,,28104,43,24,0,0.0,DOES_NOT_INTERFERE,DOES_NOT_INTERFERE,False,False,True
v1__scene_lift_and_relocate_v05__L2__C1_NA__r04_s28104,scene_lift_and_relocate_v05,LIFT_AND_RELOCATE,C1,,28104,43,48,0,0.0,DOES_NOT_INTERFERE,DOES_NOT_INTERFERE,False,False,True
v1__scene_lift_and_relocate_v05__L2__C1_NA__r04_s28104,scene_lift_and_relocate_v05,LIFT_AND_RELOCATE,C1,,28104,43,52,0,0.0,DOES_NOT_INTERFERE,DOES_NOT_INTERFERE,False,False,True
v1__scene_lift_and_relocate_v05__L2__C1_NA__r04_s28104,scene_lift_and_relocate_v05,LIFT_AND_RELOCATE,C1,,28104,43,76,0,0.0,DOES_NOT_INTERFERE,DOES_NOT_INTERFERE,False,False,True
v1__scene_lift_and_relocate_v05__L2__C1_NA__r05_s28105,scene_lift_and_relocate_v05,LIFT_AND_RELOCATE,C1,,28105,43,15,6011,0.625038993,INTERFERES,INTERFERES,True,True,True
v1__scene_lift_and_relocate_v05__L2__C1_NA__r05_s28105,scene_lift_and_relocate_v05,LIFT_AND_RELOCATE,C1,,28105,43,24,0,0.0,DOES_NOT_INTERFERE,DOES_NOT_INTERFERE,False,False,True
v1__scene_lift_and_relocate_v05__L2__C1_NA__r05_s28105,scene_lift_and_relocate_v05,LIFT_AND_RELOCATE,C1,,28105,43,48,0,0.0,DOES_NOT_INTERFERE,DOES_NOT_INTERFERE,False,False,True
v1__scene_lift_and_relocate_v05__L2__C1_NA__r05_s28105,scene_lift_and_relocate_v05,LIFT_AND_RELOCATE,C1,,28105,43,52,0,0.0,DOES_NOT_INTERFERE,DOES_NOT_INTERFERE,False,False,True
v1__scene_lift_and_relocate_v05__L2__C1_NA__r05_s28105,scene_lift_and_relocate_v05,LIFT_AND_RELOCATE,C1,,28105,43,76,0,0.0,DOES_NOT_INTERFERE,DOES_NOT_INTERFERE,False,False,True
v1__scene_lift_and_relocate_v05__L2__C2_D4__r01_s28101,scene_lift_and_relocate_v05,LIFT_AND_RELOCATE,C2,D4,28101,43,15,6011,0.625038993,INTERFERES,INTERFERES,True,True,True
v1__scene_lift_and_relocate_v05__L2__C2_D4__r01_s28101,scene_lift_and_relocate_v05,LIFT_AND_RELOCATE,C2,D4,28101,43,24,0,0.0,DOES_NOT_INTERFERE,INTERFERES,False,True,False
v1__scene_lift_and_relocate_v05__L2__C2_D4__r01_s28101,scene_lift_and_relocate_v05,LIFT_AND_RELOCATE,C2,D4,28101,43,48,0,0.0,DOES_NOT_INTERFERE,INTERFERES,False,True,False
v1__scene_lift_and_relocate_v05__L2__C2_D4__r01_s28101,scene_lift_and_relocate_v05,LIFT_AND_RELOCATE,C2,D4,28101,43,52,0,0.0,DOES_NOT_INTERFERE,INTERFERES,False,True,False
v1__scene_lift_and_relocate_v05__L2__C2_D4__r01_s28101,scene_lift_and_relocate_v05,LIFT_AND_RELOCATE,C2,D4,28101,43,76,0,0.0,DOES_NOT_INTERFERE,INTERFERES,False,True,False
v1__scene_lift_and_relocate_v05__L2__C2_D4__r02_s28102,scene_lift_and_relocate_v05,LIFT_AND_RELOCATE,C2,D4,28102,43,15,6011,0.625038993,INTERFERES,INTERFERES,True,True,True
v1__scene_lift_and_relocate_v05__L2__C2_D4__r02_s28102,scene_lift_and_relocate_v05,LIFT_AND_RELOCATE,C2,D4,28102,43,24,0,0.0,DOES_NOT_INTERFERE,INTERFERES,False,True,False
v1__scene_lift_and_relocate_v05__L2__C2_D4__r02_s28102,scene_lift_and_relocate_v05,LIFT_AND_RELOCATE,C2,D4,28102,43,48,0,0.0,DOES_NOT_INTERFERE,INTERFERES,False,True,False
v1__scene_lift_and_relocate_v05__L2__C2_D4__r02_s28102,scene_lift_and_relocate_v05,LIFT_AND_RELOCATE,C2,D4,28102,43,52,0,0.0,DOES_NOT_INTERFERE,INTERFERES,False,True,False
v1__scene_lift_and_relocate_v05__L2__C2_D4__r02_s28102,scene_lift_and_relocate_v05,LIFT_AND_RELOCATE,C2,D4,28102,43,76,0,0.0,DOES_NOT_INTERFERE,INTERFERES,False,True,False
v1__scene_lift_and_relocate_v05__L2__C2_D4__r03_s28103,scene_lift_and_relocate_v05,LIFT_AND_RELOCATE,C2,D4,28103,43,15,6011,0.625038993,INTERFERES,INTERFERES,True,True,True
v1__scene_lift_and_relocate_v05__L2__C2_D4__r03_s28103,scene_lift_and_relocate_v05,LIFT_AND_RELOCATE,C2,D4,28103,43,24,0,0.0,DOES_NOT_INTERFERE,INTERFERES,False,True,False
v1__scene_lift_and_relocate_v05__L2__C2_D4__r03_s28103,scene_lift_and_relocate_v05,LIFT_AND_RELOCATE,C2,D4,28103,43,48,0,0.0,DOES_NOT_INTERFERE,INTERFERES,False,True,False
v1__scene_lift_and_relocate_v05__L2__C2_D4__r03_s28103,scene_lift_and_relocate_v05,LIFT_AND_RELOCATE,C2,D4,28103,43,52,0,0.0,DOES_NOT_INTERFERE,INTERFERES,False,True,False
v1__scene_lift_and_relocate_v05__L2__C2_D4__r03_s28103,scene_lift_and_relocate_v05,LIFT_AND_RELOCATE,C2,D4,28103,43,76,0,0.0,DOES_NOT_INTERFERE,INTERFERES,False,True,False
v1__scene_lift_and_relocate_v05__L2__C2_D4__r04_s28104,scene_lift_and_relocate_v05,LIFT_AND_RELOCATE,C2,D4,28104,43,15,6011,0.625038993,INTERFERES,INTERFERES,True,True,True
v1__scene_lift_and_relocate_v05__L2__C2_D4__r04_s28104,scene_lift_and_relocate_v05,LIFT_AND_RELOCATE,C2,D4,28104,43,24,0,0.0,DOES_NOT_INTERFERE,INTERFERES,False,True,False
v1__scene_lift_and_relocate_v05__L2__C2_D4__r04_s28104,scene_lift_and_relocate_v05,LIFT_AND_RELOCATE,C2,D4,28104,43,48,0,0.0,DOES_NOT_INTERFERE,INTERFERES,False,True,False
v1__scene_lift_and_relocate_v05__L2__C2_D4__r04_s28104,scene_lift_and_relocate_v05,LIFT_AND_RELOCATE,C2,D4,28104,43,52,0,0.0,DOES_NOT_INTERFERE,INTERFERES,False,True,False
v1__scene_lift_and_relocate_v05__L2__C2_D4__r04_s28104,scene_lift_and_relocate_v05,LIFT_AND_RELOCATE,C2,D4,28104,43,76,0,0.0,DOES_NOT_INTERFERE,INTERFERES,False,True,False
v1__scene_lift_and_relocate_v05__L2__C2_D4__r05_s28105,scene_lift_and_relocate_v05,LIFT_AND_RELOCATE,C2,D4,28105,43,15,6011,0.625038993,INTERFERES,INTERFERES,True,True,True
v1__scene_lift_and_relocate_v05__L2__C2_D4__r05_s28105,scene_lift_and_relocate_v05,LIFT_AND_RELOCATE,C2,D4,28105,43,24,0,0.0,DOES_NOT_INTERFERE,INTERFERES,False,True,False
v1__scene_lift_and_relocate_v05__L2__C2_D4__r05_s28105,scene_lift_and_relocate_v05,LIFT_AND_RELOCATE,C2,D4,28105,43,48,0,0.0,DOES_NOT_INTERFERE,INTERFERES,False,True,False
v1__scene_lift_and_relocate_v05__L2__C2_D4__r05_s28105,scene_lift_and_relocate_v05,LIFT_AND_RELOCATE,C2,D4,28105,43,52,0,0.0,DOES_NOT_INTERFERE,INTERFERES,False,True,False
v1__scene_lift_and_relocate_v05__L2__C2_D4__r05_s28105,scene_lift_and_relocate_v05,LIFT_AND_RELOCATE,C2,D4,28105,43,76,0,0.0,DOES_NOT_INTERFERE,INTERFERES,False,True,False
v1__scene_lift_and_relocate_v05__L2__C2_D8__r01_s28101,scene_lift_and_relocate_v05,LIFT_AND_RELOCATE,C2,D8,28101,43,15,6011,0.625038993,INTERFERES,INTERFERES,True,True,True
v1__scene_lift_and_relocate_v05__L2__C2_D8__r01_s28101,scene_lift_and_relocate_v05,LIFT_AND_RELOCATE,C2,D8,28101,43,24,0,0.0,DOES_NOT_INTERFERE,INTERFERES,False,True,False
v1__scene_lift_and_relocate_v05__L2__C2_D8__r01_s28101,scene_lift_and_relocate_v05,LIFT_AND_RELOCATE,C2,D8,28101,43,48,0,0.0,DOES_NOT_INTERFERE,INTERFERES,False,True,False
v1__scene_lift_and_relocate_v05__L2__C2_D8__r01_s28101,scene_lift_and_relocate_v05,LIFT_AND_RELOCATE,C2,D8,28101,43,52,0,0.0,DOES_NOT_INTERFERE,INTERFERES,False,True,False
v1__scene_lift_and_relocate_v05__L2__C2_D8__r01_s28101,scene_lift_and_relocate_v05,LIFT_AND_RELOCATE,C2,D8,28101,43,76,0,0.0,DOES_NOT_INTERFERE,INTERFERES,False,True,False
v1__scene_lift_and_relocate_v05__L2__C2_D8__r02_s28102,scene_lift_and_relocate_v05,LIFT_AND_RELOCATE,C2,D8,28102,43,15,6011,0.625038993,INTERFERES,INTERFERES,True,True,True
v1__scene_lift_and_relocate_v05__L2__C2_D8__r02_s28102,scene_lift_and_relocate_v05,LIFT_AND_RELOCATE,C2,D8,28102,43,24,0,0.0,DOES_NOT_INTERFERE,INTERFERES,False,True,False
v1__scene_lift_and_relocate_v05__L2__C2_D8__r02_s28102,scene_lift_and_relocate_v05,LIFT_AND_RELOCATE,C2,D8,28102,43,48,0,0.0,DOES_NOT_INTERFERE,INTERFERES,False,True,False
v1__scene_lift_and_relocate_v05__L2__C2_D8__r02_s28102,scene_lift_and_relocate_v05,LIFT_AND_RELOCATE,C2,D8,28102,43,52,0,0.0,DOES_NOT_INTERFERE,INTERFERES,False,True,False
v1__scene_lift_and_relocate_v05__L2__C2_D8__r02_s28102,scene_lift_and_relocate_v05,LIFT_AND_RELOCATE,C2,D8,28102,43,76,0,0.0,DOES_NOT_INTERFERE,INTERFERES,False,True,False
v1__scene_lift_and_relocate_v05__L2__C2_D8__r03_s28103,scene_lift_and_relocate_v05,LIFT_AND_RELOCATE,C2,D8,28103,43,15,6011,0.625038993,INTERFERES,INTERFERES,True,True,True
v1__scene_lift_and_relocate_v05__L2__C2_D8__r03_s28103,scene_lift_and_relocate_v05,LIFT_AND_RELOCATE,C2,D8,28103,43,24,0,0.0,DOES_NOT_INTERFERE,INTERFERES,False,True,False
v1__scene_lift_and_relocate_v05__L2__C2_D8__r03_s28103,scene_lift_and_relocate_v05,LIFT_AND_RELOCATE,C2,D8,28103,43,48,0,0.0,DOES_NOT_INTERFERE,INTERFERES,False,True,False
v1__scene_lift_and_relocate_v05__L2__C2_D8__r03_s28103,scene_lift_and_relocate_v05,LIFT_AND_RELOCATE,C2,D8,28103,43,52,0,0.0,DOES_NOT_INTERFERE,INTERFERES,False,True,False
v1__scene_lift_and_relocate_v05__L2__C2_D8__r03_s28103,scene_lift_and_relocate_v05,LIFT_AND_RELOCATE,C2,D8,28103,43,76,0,0.0,DOES_NOT_INTERFERE,INTERFERES,False,True,False
v1__scene_lift_and_relocate_v05__L2__C2_D8__r04_s28104,scene_lift_and_relocate_v05,LIFT_AND_RELOCATE,C2,D8,28104,43,15,6011,0.625038993,INTERFERES,INTERFERES,True,True,True
v1__scene_lift_and_relocate_v05__L2__C2_D8__r04_s28104,scene_lift_and_relocate_v05,LIFT_AND_RELOCATE,C2,D8,28104,43,24,0,0.0,DOES_NOT_INTERFERE,INTERFERES,False,True,False
v1__scene_lift_and_relocate_v05__L2__C2_D8__r04_s28104,scene_lift_and_relocate_v05,LIFT_AND_RELOCATE,C2,D8,28104,43,48,0,0.0,DOES_NOT_INTERFERE,INTERFERES,False,True,False
v1__scene_lift_and_relocate_v05__L2__C2_D8__r04_s28104,scene_lift_and_relocate_v05,LIFT_AND_RELOCATE,C2,D8,28104,43,52,0,0.0,DOES_NOT_INTERFERE,INTERFERES,False,True,False
v1__scene_lift_and_relocate_v05__L2__C2_D8__r04_s28104,scene_lift_and_relocate_v05,LIFT_AND_RELOCATE,C2,D8,28104,43,76,0,0.0,DOES_NOT_INTERFERE,INTERFERES,False,True,False
v1__scene_lift_and_relocate_v05__L2__C2_D8__r05_s28105,scene_lift_and_relocate_v05,LIFT_AND_RELOCATE,C2,D8,28105,43,15,6011,0.625038993,INTERFERES,INTERFERES,True,True,True
v1__scene_lift_and_relocate_v05__L2__C2_D8__r05_s28105,scene_lift_and_relocate_v05,LIFT_AND_RELOCATE,C2,D8,28105,43,24,0,0.0,DOES_NOT_INTERFERE,INTERFERES,False,True,False
v1__scene_lift_and_relocate_v05__L2__C2_D8__r05_s28105,scene_lift_and_relocate_v05,LIFT_AND_RELOCATE,C2,D8,28105,43,48,0,0.0,DOES_NOT_INTERFERE,INTERFERES,False,True,False
v1__scene_lift_and_relocate_v05__L2__C2_D8__r05_s28105,scene_lift_and_relocate_v05,LIFT_AND_RELOCATE,C2,D8,28105,43,52,0,0.0,DOES_NOT_INTERFERE,INTERFERES,False,True,False
v1__scene_lift_and_relocate_v05__L2__C2_D8__r05_s28105,scene_lift_and_relocate_v05,LIFT_AND_RELOCATE,C2,D8,28105,43,76,0,0.0,DOES_NOT_INTERFERE,INTERFERES,False,True,False
v1__scene_lift_and_relocate_v05__L2__C3_D4__r01_s28101,scene_lift_and_relocate_v05,LIFT_AND_RELOCATE,C3,D4,28101,43,15,6011,0.625038993,INTERFERES,INTERFERES,True,True,True
v1__scene_lift_and_relocate_v05__L2__C3_D4__r01_s28101,scene_lift_and_relocate_v05,LIFT_AND_RELOCATE,C3,D4,28101,43,24,0,0.0,DOES_NOT_INTERFERE,INTERFERES,False,True,False
v1__scene_lift_and_relocate_v05__L2__C3_D4__r01_s28101,scene_lift_and_relocate_v05,LIFT_AND_RELOCATE,C3,D4,28101,43,48,0,0.0,DOES_NOT_INTERFERE,INTERFERES,False,True,False
v1__scene_lift_and_relocate_v05__L2__C3_D4__r01_s28101,scene_lift_and_relocate_v05,LIFT_AND_RELOCATE,C3,D4,28101,43,52,0,0.0,DOES_NOT_INTERFERE,INTERFERES,False,True,False
v1__scene_lift_and_relocate_v05__L2__C3_D4__r01_s28101,scene_lift_and_relocate_v05,LIFT_AND_RELOCATE,C3,D4,28101,43,76,0,0.0,DOES_NOT_INTERFERE,INTERFERES,False,True,False
v1__scene_lift_and_relocate_v05__L2__C3_D4__r02_s28102,scene_lift_and_relocate_v05,LIFT_AND_RELOCATE,C3,D4,28102,43,15,6011,0.625038993,INTERFERES,INTERFERES,True,True,True
v1__scene_lift_and_relocate_v05__L2__C3_D4__r02_s28102,scene_lift_and_relocate_v05,LIFT_AND_RELOCATE,C3,D4,28102,43,24,0,0.0,DOES_NOT_INTERFERE,INTERFERES,False,True,False
v1__scene_lift_and_relocate_v05__L2__C3_D4__r02_s28102,scene_lift_and_relocate_v05,LIFT_AND_RELOCATE,C3,D4,28102,43,48,0,0.0,DOES_NOT_INTERFERE,INTERFERES,False,True,False
v1__scene_lift_and_relocate_v05__L2__C3_D4__r02_s28102,scene_lift_and_relocate_v05,LIFT_AND_RELOCATE,C3,D4,28102,43,52,0,0.0,DOES_NOT_INTERFERE,INTERFERES,False,True,False
v1__scene_lift_and_relocate_v05__L2__C3_D4__r02_s28102,scene_lift_and_relocate_v05,LIFT_AND_RELOCATE,C3,D4,28102,43,76,0,0.0,DOES_NOT_INTERFERE,INTERFERES,False,True,False
v1__scene_lift_and_relocate_v05__L2__C3_D4__r03_s28103,scene_lift_and_relocate_v05,LIFT_AND_RELOCATE,C3,D4,28103,43,15,6011,0.625038993,INTERFERES,INTERFERES,True,True,True
v1__scene_lift_and_relocate_v05__L2__C3_D4__r03_s28103,scene_lift_and_relocate_v05,LIFT_AND_RELOCATE,C3,D4,28103,43,24,0,0.0,DOES_NOT_INTERFERE,INTERFERES,False,True,False
v1__scene_lift_and_relocate_v05__L2__C3_D4__r03_s28103,scene_lift_and_relocate_v05,LIFT_AND_RELOCATE,C3,D4,28103,43,48,0,0.0,DOES_NOT_INTERFERE,INTERFERES,False,True,False
v1__scene_lift_and_relocate_v05__L2__C3_D4__r03_s28103,scene_lift_and_relocate_v05,LIFT_AND_RELOCATE,C3,D4,28103,43,52,0,0.0,DOES_NOT_INTERFERE,INTERFERES,False,True,False
v1__scene_lift_and_relocate_v05__L2__C3_D4__r03_s28103,scene_lift_and_relocate_v05,LIFT_AND_RELOCATE,C3,D4,28103,43,76,0,0.0,DOES_NOT_INTERFERE,INTERFERES,False,True,False
v1__scene_lift_and_relocate_v05__L2__C3_D4__r04_s28104,scene_lift_and_relocate_v05,LIFT_AND_RELOCATE,C3,D4,28104,43,15,6011,0.625038993,INTERFERES,INTERFERES,True,True,True
v1__scene_lift_and_relocate_v05__L2__C3_D4__r04_s28104,scene_lift_and_relocate_v05,LIFT_AND_RELOCATE,C3,D4,28104,43,24,0,0.0,DOES_NOT_INTERFERE,INTERFERES,False,True,False
v1__scene_lift_and_relocate_v05__L2__C3_D4__r04_s28104,scene_lift_and_relocate_v05,LIFT_AND_RELOCATE,C3,D4,28104,43,48,0,0.0,DOES_NOT_INTERFERE,INTERFERES,False,True,False
v1__scene_lift_and_relocate_v05__L2__C3_D4__r04_s28104,scene_lift_and_relocate_v05,LIFT_AND_RELOCATE,C3,D4,28104,43,52,0,0.0,DOES_NOT_INTERFERE,INTERFERES,False,True,False
v1__scene_lift_and_relocate_v05__L2__C3_D4__r04_s28104,scene_lift_and_relocate_v05,LIFT_AND_RELOCATE,C3,D4,28104,43,76,0,0.0,DOES_NOT_INTERFERE,INTERFERES,False,True,False
v1__scene_lift_and_relocate_v05__L2__C3_D4__r05_s28105,scene_lift_and_relocate_v05,LIFT_AND_RELOCATE,C3,D4,28105,43,15,6011,0.625038993,INTERFERES,INTERFERES,True,True,True
v1__scene_lift_and_relocate_v05__L2__C3_D4__r05_s28105,scene_lift_and_relocate_v05,LIFT_AND_RELOCATE,C3,D4,28105,43,24,0,0.0,DOES_NOT_INTERFERE,INTERFERES,False,True,False
v1__scene_lift_and_relocate_v05__L2__C3_D4__r05_s28105,scene_lift_and_relocate_v05,LIFT_AND_RELOCATE,C3,D4,28105,43,48,0,0.0,DOES_NOT_INTERFERE,INTERFERES,False,True,False
v1__scene_lift_and_relocate_v05__L2__C3_D4__r05_s28105,scene_lift_and_relocate_v05,LIFT_AND_RELOCATE,C3,D4,28105,43,52,0,0.0,DOES_NOT_INTERFERE,INTERFERES,False,True,False
v1__scene_lift_and_relocate_v05__L2__C3_D4__r05_s28105,scene_lift_and_relocate_v05,LIFT_AND_RELOCATE,C3,D4,28105,43,76,0,0.0,DOES_NOT_INTERFERE,INTERFERES,False,True,False
v1__scene_lift_and_relocate_v05__L2__C3_D8__r01_s28101,scene_lift_and_relocate_v05,LIFT_AND_RELOCATE,C3,D8,28101,43,15,6011,0.625038993,INTERFERES,INTERFERES,True,True,True
v1__scene_lift_and_relocate_v05__L2__C3_D8__r01_s28101,scene_lift_and_relocate_v05,LIFT_AND_RELOCATE,C3,D8,28101,43,24,0,0.0,DOES_NOT_INTERFERE,INTERFERES,False,True,False
v1__scene_lift_and_relocate_v05__L2__C3_D8__r01_s28101,scene_lift_and_relocate_v05,LIFT_AND_RELOCATE,C3,D8,28101,43,48,0,0.0,DOES_NOT_INTERFERE,INTERFERES,False,True,False
v1__scene_lift_and_relocate_v05__L2__C3_D8__r01_s28101,scene_lift_and_relocate_v05,LIFT_AND_RELOCATE,C3,D8,28101,43,52,0,0.0,DOES_NOT_INTERFERE,INTERFERES,False,True,False
v1__scene_lift_and_relocate_v05__L2__C3_D8__r01_s28101,scene_lift_and_relocate_v05,LIFT_AND_RELOCATE,C3,D8,28101,43,76,0,0.0,DOES_NOT_INTERFERE,INTERFERES,False,True,False
v1__scene_lift_and_relocate_v05__L2__C3_D8__r02_s28102,scene_lift_and_relocate_v05,LIFT_AND_RELOCATE,C3,D8,28102,43,15,6011,0.625038993,INTERFERES,INTERFERES,True,True,True
v1__scene_lift_and_relocate_v05__L2__C3_D8__r02_s28102,scene_lift_and_relocate_v05,LIFT_AND_RELOCATE,C3,D8,28102,43,24,0,0.0,DOES_NOT_INTERFERE,INTERFERES,False,True,False
v1__scene_lift_and_relocate_v05__L2__C3_D8__r02_s28102,scene_lift_and_relocate_v05,LIFT_AND_RELOCATE,C3,D8,28102,43,48,0,0.0,DOES_NOT_INTERFERE,INTERFERES,False,True,False
v1__scene_lift_and_relocate_v05__L2__C3_D8__r02_s28102,scene_lift_and_relocate_v05,LIFT_AND_RELOCATE,C3,D8,28102,43,52,0,0.0,DOES_NOT_INTERFERE,INTERFERES,False,True,False
v1__scene_lift_and_relocate_v05__L2__C3_D8__r02_s28102,scene_lift_and_relocate_v05,LIFT_AND_RELOCATE,C3,D8,28102,43,76,0,0.0,DOES_NOT_INTERFERE,INTERFERES,False,True,False
v1__scene_lift_and_relocate_v05__L2__C3_D8__r03_s28103,scene_lift_and_relocate_v05,LIFT_AND_RELOCATE,C3,D8,28103,43,15,6011,0.625038993,INTERFERES,INTERFERES,True,True,True
v1__scene_lift_and_relocate_v05__L2__C3_D8__r03_s28103,scene_lift_and_relocate_v05,LIFT_AND_RELOCATE,C3,D8,28103,43,24,0,0.0,DOES_NOT_INTERFERE,INTERFERES,False,True,False
v1__scene_lift_and_relocate_v05__L2__C3_D8__r03_s28103,scene_lift_and_relocate_v05,LIFT_AND_RELOCATE,C3,D8,28103,43,48,0,0.0,DOES_NOT_INTERFERE,INTERFERES,False,True,False
v1__scene_lift_and_relocate_v05__L2__C3_D8__r03_s28103,scene_lift_and_relocate_v05,LIFT_AND_RELOCATE,C3,D8,28103,43,52,0,0.0,DOES_NOT_INTERFERE,INTERFERES,False,True,False
v1__scene_lift_and_relocate_v05__L2__C3_D8__r03_s28103,scene_lift_and_relocate_v05,LIFT_AND_RELOCATE,C3,D8,28103,43,76,0,0.0,DOES_NOT_INTERFERE,INTERFERES,False,True,False
v1__scene_lift_and_relocate_v05__L2__C3_D8__r04_s28104,scene_lift_and_relocate_v05,LIFT_AND_RELOCATE,C3,D8,28104,43,15,6011,0.625038993,INTERFERES,INTERFERES,True,True,True
v1__scene_lift_and_relocate_v05__L2__C3_D8__r04_s28104,scene_lift_and_relocate_v05,LIFT_AND_RELOCATE,C3,D8,28104,43,24,0,0.0,DOES_NOT_INTERFERE,INTERFERES,False,True,False
v1__scene_lift_and_relocate_v05__L2__C3_D8__r04_s28104,scene_lift_and_relocate_v05,LIFT_AND_RELOCATE,C3,D8,28104,43,48,0,0.0,DOES_NOT_INTERFERE,INTERFERES,False,True,False
v1__scene_lift_and_relocate_v05__L2__C3_D8__r04_s28104,scene_lift_and_relocate_v05,LIFT_AND_RELOCATE,C3,D8,28104,43,52,0,0.0,DOES_NOT_INTERFERE,INTERFERES,False,True,False
v1__scene_lift_and_relocate_v05__L2__C3_D8__r04_s28104,scene_lift_and_relocate_v05,LIFT_AND_RELOCATE,C3,D8,28104,43,76,0,0.0,DOES_NOT_INTERFERE,INTERFERES,False,True,False
v1__scene_lift_and_relocate_v05__L2__C3_D8__r05_s28105,scene_lift_and_relocate_v05,LIFT_AND_RELOCATE,C3,D8,28105,43,15,6011,0.625038993,INTERFERES,INTERFERES,True,True,True
v1__scene_lift_and_relocate_v05__L2__C3_D8__r05_s28105,scene_lift_and_relocate_v05,LIFT_AND_RELOCATE,C3,D8,28105,43,24,0,0.0,DOES_NOT_INTERFERE,INTERFERES,False,True,False
v1__scene_lift_and_relocate_v05__L2__C3_D8__r05_s28105,scene_lift_and_relocate_v05,LIFT_AND_RELOCATE,C3,D8,28105,43,48,0,0.0,DOES_NOT_INTERFERE,INTERFERES,False,True,False
v1__scene_lift_and_relocate_v05__L2__C3_D8__r05_s28105,scene_lift_and_relocate_v05,LIFT_AND_RELOCATE,C3,D8,28105,43,52,0,0.0,DOES_NOT_INTERFERE,INTERFERES,False,True,False
v1__scene_lift_and_relocate_v05__L2__C3_D8__r05_s28105,scene_lift_and_relocate_v05,LIFT_AND_RELOCATE,C3,D8,28105,43,76,0,0.0,DOES_NOT_INTERFERE,INTERFERES,False,True,False
v1__scene_lift_and_relocate_v05__L2__C4_D4__r01_s28101,scene_lift_and_relocate_v05,LIFT_AND_RELOCATE,C4,D4,28101,43,15,6011,0.625038993,INTERFERES,INTERFERES,True,True,True
v1__scene_lift_and_relocate_v05__L2__C4_D4__r01_s28101,scene_lift_and_relocate_v05,LIFT_AND_RELOCATE,C4,D4,28101,43,24,0,0.0,DOES_NOT_INTERFERE,INTERFERES,False,True,False
v1__scene_lift_and_relocate_v05__L2__C4_D4__r01_s28101,scene_lift_and_relocate_v05,LIFT_AND_RELOCATE,C4,D4,28101,43,48,0,0.0,DOES_NOT_INTERFERE,INTERFERES,False,True,False
v1__scene_lift_and_relocate_v05__L2__C4_D4__r01_s28101,scene_lift_and_relocate_v05,LIFT_AND_RELOCATE,C4,D4,28101,43,52,0,0.0,DOES_NOT_INTERFERE,INTERFERES,False,True,False
v1__scene_lift_and_relocate_v05__L2__C4_D4__r01_s28101,scene_lift_and_relocate_v05,LIFT_AND_RELOCATE,C4,D4,28101,43,76,0,0.0,DOES_NOT_INTERFERE,INTERFERES,False,True,False
v1__scene_lift_and_relocate_v05__L2__C4_D4__r02_s28102,scene_lift_and_relocate_v05,LIFT_AND_RELOCATE,C4,D4,28102,43,15,6011,0.625038993,INTERFERES,INTERFERES,True,True,True
v1__scene_lift_and_relocate_v05__L2__C4_D4__r02_s28102,scene_lift_and_relocate_v05,LIFT_AND_RELOCATE,C4,D4,28102,43,24,0,0.0,DOES_NOT_INTERFERE,INTERFERES,False,True,False
v1__scene_lift_and_relocate_v05__L2__C4_D4__r02_s28102,scene_lift_and_relocate_v05,LIFT_AND_RELOCATE,C4,D4,28102,43,48,0,0.0,DOES_NOT_INTERFERE,INTERFERES,False,True,False
v1__scene_lift_and_relocate_v05__L2__C4_D4__r02_s28102,scene_lift_and_relocate_v05,LIFT_AND_RELOCATE,C4,D4,28102,43,52,0,0.0,DOES_NOT_INTERFERE,INTERFERES,False,True,False
v1__scene_lift_and_relocate_v05__L2__C4_D4__r02_s28102,scene_lift_and_relocate_v05,LIFT_AND_RELOCATE,C4,D4,28102,43,76,0,0.0,DOES_NOT_INTERFERE,INTERFERES,False,True,False
v1__scene_lift_and_relocate_v05__L2__C4_D4__r03_s28103,scene_lift_and_relocate_v05,LIFT_AND_RELOCATE,C4,D4,28103,43,15,6011,0.625038993,INTERFERES,INTERFERES,True,True,True
v1__scene_lift_and_relocate_v05__L2__C4_D4__r03_s28103,scene_lift_and_relocate_v05,LIFT_AND_RELOCATE,C4,D4,28103,43,24,0,0.0,DOES_NOT_INTERFERE,INTERFERES,False,True,False
v1__scene_lift_and_relocate_v05__L2__C4_D4__r03_s28103,scene_lift_and_relocate_v05,LIFT_AND_RELOCATE,C4,D4,28103,43,48,0,0.0,DOES_NOT_INTERFERE,INTERFERES,False,True,False
v1__scene_lift_and_relocate_v05__L2__C4_D4__r03_s28103,scene_lift_and_relocate_v05,LIFT_AND_RELOCATE,C4,D4,28103,43,52,0,0.0,DOES_NOT_INTERFERE,INTERFERES,False,True,False
v1__scene_lift_and_relocate_v05__L2__C4_D4__r03_s28103,scene_lift_and_relocate_v05,LIFT_AND_RELOCATE,C4,D4,28103,43,76,0,0.0,DOES_NOT_INTERFERE,INTERFERES,False,True,False
v1__scene_lift_and_relocate_v05__L2__C4_D4__r04_s28104,scene_lift_and_relocate_v05,LIFT_AND_RELOCATE,C4,D4,28104,43,15,6011,0.625038993,INTERFERES,INTERFERES,True,True,True
v1__scene_lift_and_relocate_v05__L2__C4_D4__r04_s28104,scene_lift_and_relocate_v05,LIFT_AND_RELOCATE,C4,D4,28104,43,24,0,0.0,DOES_NOT_INTERFERE,INTERFERES,False,True,False
v1__scene_lift_and_relocate_v05__L2__C4_D4__r04_s28104,scene_lift_and_relocate_v05,LIFT_AND_RELOCATE,C4,D4,28104,43,48,0,0.0,DOES_NOT_INTERFERE,INTERFERES,False,True,False
v1__scene_lift_and_relocate_v05__L2__C4_D4__r04_s28104,scene_lift_and_relocate_v05,LIFT_AND_RELOCATE,C4,D4,28104,43,52,0,0.0,DOES_NOT_INTERFERE,INTERFERES,False,True,False
v1__scene_lift_and_relocate_v05__L2__C4_D4__r04_s28104,scene_lift_and_relocate_v05,LIFT_AND_RELOCATE,C4,D4,28104,43,76,0,0.0,DOES_NOT_INTERFERE,INTERFERES,False,True,False
v1__scene_lift_and_relocate_v05__L2__C4_D4__r05_s28105,scene_lift_and_relocate_v05,LIFT_AND_RELOCATE,C4,D4,28105,43,15,6011,0.625038993,INTERFERES,INTERFERES,True,True,True
v1__scene_lift_and_relocate_v05__L2__C4_D4__r05_s28105,scene_lift_and_relocate_v05,LIFT_AND_RELOCATE,C4,D4,28105,43,24,0,0.0,DOES_NOT_INTERFERE,INTERFERES,False,True,False
v1__scene_lift_and_relocate_v05__L2__C4_D4__r05_s28105,scene_lift_and_relocate_v05,LIFT_AND_RELOCATE,C4,D4,28105,43,48,0,0.0,DOES_NOT_INTERFERE,INTERFERES,False,True,False
v1__scene_lift_and_relocate_v05__L2__C4_D4__r05_s28105,scene_lift_and_relocate_v05,LIFT_AND_RELOCATE,C4,D4,28105,43,52,0,0.0,DOES_NOT_INTERFERE,INTERFERES,False,True,False
v1__scene_lift_and_relocate_v05__L2__C4_D4__r05_s28105,scene_lift_and_relocate_v05,LIFT_AND_RELOCATE,C4,D4,28105,43,76,0,0.0,DOES_NOT_INTERFERE,INTERFERES,False,True,False
v1__scene_lift_and_relocate_v05__L2__C4_D8__r01_s28101,scene_lift_and_relocate_v05,LIFT_AND_RELOCATE,C4,D8,28101,43,15,6011,0.625038993,INTERFERES,INTERFERES,True,True,True
v1__scene_lift_and_relocate_v05__L2__C4_D8__r01_s28101,scene_lift_and_relocate_v05,LIFT_AND_RELOCATE,C4,D8,28101,43,24,0,0.0,DOES_NOT_INTERFERE,INTERFERES,False,True,False
v1__scene_lift_and_relocate_v05__L2__C4_D8__r01_s28101,scene_lift_and_relocate_v05,LIFT_AND_RELOCATE,C4,D8,28101,43,48,0,0.0,DOES_NOT_INTERFERE,INTERFERES,False,True,False
v1__scene_lift_and_relocate_v05__L2__C4_D8__r01_s28101,scene_lift_and_relocate_v05,LIFT_AND_RELOCATE,C4,D8,28101,43,52,0,0.0,DOES_NOT_INTERFERE,INTERFERES,False,True,False
v1__scene_lift_and_relocate_v05__L2__C4_D8__r01_s28101,scene_lift_and_relocate_v05,LIFT_AND_RELOCATE,C4,D8,28101,43,76,0,0.0,DOES_NOT_INTERFERE,INTERFERES,False,True,False
v1__scene_lift_and_relocate_v05__L2__C4_D8__r02_s28102,scene_lift_and_relocate_v05,LIFT_AND_RELOCATE,C4,D8,28102,43,15,6011,0.625038993,INTERFERES,INTERFERES,True,True,True
v1__scene_lift_and_relocate_v05__L2__C4_D8__r02_s28102,scene_lift_and_relocate_v05,LIFT_AND_RELOCATE,C4,D8,28102,43,24,0,0.0,DOES_NOT_INTERFERE,INTERFERES,False,True,False
v1__scene_lift_and_relocate_v05__L2__C4_D8__r02_s28102,scene_lift_and_relocate_v05,LIFT_AND_RELOCATE,C4,D8,28102,43,48,0,0.0,DOES_NOT_INTERFERE,INTERFERES,False,True,False
v1__scene_lift_and_relocate_v05__L2__C4_D8__r02_s28102,scene_lift_and_relocate_v05,LIFT_AND_RELOCATE,C4,D8,28102,43,52,0,0.0,DOES_NOT_INTERFERE,INTERFERES,False,True,False
v1__scene_lift_and_relocate_v05__L2__C4_D8__r02_s28102,scene_lift_and_relocate_v05,LIFT_AND_RELOCATE,C4,D8,28102,43,76,0,0.0,DOES_NOT_INTERFERE,INTERFERES,False,True,False
v1__scene_lift_and_relocate_v05__L2__C4_D8__r03_s28103,scene_lift_and_relocate_v05,LIFT_AND_RELOCATE,C4,D8,28103,43,15,6011,0.625038993,INTERFERES,INTERFERES,True,True,True
v1__scene_lift_and_relocate_v05__L2__C4_D8__r03_s28103,scene_lift_and_relocate_v05,LIFT_AND_RELOCATE,C4,D8,28103,43,24,0,0.0,DOES_NOT_INTERFERE,INTERFERES,False,True,False
v1__scene_lift_and_relocate_v05__L2__C4_D8__r03_s28103,scene_lift_and_relocate_v05,LIFT_AND_RELOCATE,C4,D8,28103,43,48,0,0.0,DOES_NOT_INTERFERE,INTERFERES,False,True,False
v1__scene_lift_and_relocate_v05__L2__C4_D8__r03_s28103,scene_lift_and_relocate_v05,LIFT_AND_RELOCATE,C4,D8,28103,43,52,0,0.0,DOES_NOT_INTERFERE,INTERFERES,False,True,False
v1__scene_lift_and_relocate_v05__L2__C4_D8__r03_s28103,scene_lift_and_relocate_v05,LIFT_AND_RELOCATE,C4,D8,28103,43,76,0,0.0,DOES_NOT_INTERFERE,INTERFERES,False,True,False
v1__scene_lift_and_relocate_v05__L2__C4_D8__r04_s28104,scene_lift_and_relocate_v05,LIFT_AND_RELOCATE,C4,D8,28104,43,15,6011,0.625038993,INTERFERES,INTERFERES,True,True,True
v1__scene_lift_and_relocate_v05__L2__C4_D8__r04_s28104,scene_lift_and_relocate_v05,LIFT_AND_RELOCATE,C4,D8,28104,43,24,0,0.0,DOES_NOT_INTERFERE,INTERFERES,False,True,False
v1__scene_lift_and_relocate_v05__L2__C4_D8__r04_s28104,scene_lift_and_relocate_v05,LIFT_AND_RELOCATE,C4,D8,28104,43,48,0,0.0,DOES_NOT_INTERFERE,INTERFERES,False,True,False
v1__scene_lift_and_relocate_v05__L2__C4_D8__r04_s28104,scene_lift_and_relocate_v05,LIFT_AND_RELOCATE,C4,D8,28104,43,52,0,0.0,DOES_NOT_INTERFERE,INTERFERES,False,True,False
v1__scene_lift_and_relocate_v05__L2__C4_D8__r04_s28104,scene_lift_and_relocate_v05,LIFT_AND_RELOCATE,C4,D8,28104,43,76,0,0.0,DOES_NOT_INTERFERE,INTERFERES,False,True,False
v1__scene_lift_and_relocate_v05__L2__C4_D8__r05_s28105,scene_lift_and_relocate_v05,LIFT_AND_RELOCATE,C4,D8,28105,43,15,6011,0.625038993,INTERFERES,INTERFERES,True,True,True
v1__scene_lift_and_relocate_v05__L2__C4_D8__r05_s28105,scene_lift_and_relocate_v05,LIFT_AND_RELOCATE,C4,D8,28105,43,24,0,0.0,DOES_NOT_INTERFERE,INTERFERES,False,True,False
v1__scene_lift_and_relocate_v05__L2__C4_D8__r05_s28105,scene_lift_and_relocate_v05,LIFT_AND_RELOCATE,C4,D8,28105,43,48,0,0.0,DOES_NOT_INTERFERE,INTERFERES,False,True,False
v1__scene_lift_and_relocate_v05__L2__C4_D8__r05_s28105,scene_lift_and_relocate_v05,LIFT_AND_RELOCATE,C4,D8,28105,43,52,0,0.0,DOES_NOT_INTERFERE,INTERFERES,False,True,False
v1__scene_lift_and_relocate_v05__L2__C4_D8__r05_s28105,scene_lift_and_relocate_v05,LIFT_AND_RELOCATE,C4,D8,28105,43,76,0,0.0,DOES_NOT_INTERFERE,INTERFERES,False,True,False
v1__scene_lift_and_relocate_v05__L2__C5_D4__r01_s28101,scene_lift_and_relocate_v05,LIFT_AND_RELOCATE,C5,D4,28101,43,15,6011,0.625038993,INTERFERES,INTERFERES,True,True,True
v1__scene_lift_and_relocate_v05__L2__C5_D4__r01_s28101,scene_lift_and_relocate_v05,LIFT_AND_RELOCATE,C5,D4,28101,43,24,0,0.0,DOES_NOT_INTERFERE,INTERFERES,False,True,False
v1__scene_lift_and_relocate_v05__L2__C5_D4__r01_s28101,scene_lift_and_relocate_v05,LIFT_AND_RELOCATE,C5,D4,28101,43,48,0,0.0,DOES_NOT_INTERFERE,INTERFERES,False,True,False
v1__scene_lift_and_relocate_v05__L2__C5_D4__r01_s28101,scene_lift_and_relocate_v05,LIFT_AND_RELOCATE,C5,D4,28101,43,52,0,0.0,DOES_NOT_INTERFERE,INTERFERES,False,True,False
v1__scene_lift_and_relocate_v05__L2__C5_D4__r01_s28101,scene_lift_and_relocate_v05,LIFT_AND_RELOCATE,C5,D4,28101,43,76,0,0.0,DOES_NOT_INTERFERE,INTERFERES,False,True,False
v1__scene_lift_and_relocate_v05__L2__C5_D4__r02_s28102,scene_lift_and_relocate_v05,LIFT_AND_RELOCATE,C5,D4,28102,43,15,6011,0.625038993,INTERFERES,INTERFERES,True,True,True
v1__scene_lift_and_relocate_v05__L2__C5_D4__r02_s28102,scene_lift_and_relocate_v05,LIFT_AND_RELOCATE,C5,D4,28102,43,24,0,0.0,DOES_NOT_INTERFERE,INTERFERES,False,True,False
v1__scene_lift_and_relocate_v05__L2__C5_D4__r02_s28102,scene_lift_and_relocate_v05,LIFT_AND_RELOCATE,C5,D4,28102,43,48,0,0.0,DOES_NOT_INTERFERE,INTERFERES,False,True,False
v1__scene_lift_and_relocate_v05__L2__C5_D4__r02_s28102,scene_lift_and_relocate_v05,LIFT_AND_RELOCATE,C5,D4,28102,43,52,0,0.0,DOES_NOT_INTERFERE,INTERFERES,False,True,False
v1__scene_lift_and_relocate_v05__L2__C5_D4__r02_s28102,scene_lift_and_relocate_v05,LIFT_AND_RELOCATE,C5,D4,28102,43,76,0,0.0,DOES_NOT_INTERFERE,INTERFERES,False,True,False
v1__scene_lift_and_relocate_v05__L2__C5_D4__r03_s28103,scene_lift_and_relocate_v05,LIFT_AND_RELOCATE,C5,D4,28103,43,15,6011,0.625038993,INTERFERES,INTERFERES,True,True,True
v1__scene_lift_and_relocate_v05__L2__C5_D4__r03_s28103,scene_lift_and_relocate_v05,LIFT_AND_RELOCATE,C5,D4,28103,43,24,0,0.0,DOES_NOT_INTERFERE,INTERFERES,False,True,False
v1__scene_lift_and_relocate_v05__L2__C5_D4__r03_s28103,scene_lift_and_relocate_v05,LIFT_AND_RELOCATE,C5,D4,28103,43,48,0,0.0,DOES_NOT_INTERFERE,INTERFERES,False,True,False
v1__scene_lift_and_relocate_v05__L2__C5_D4__r03_s28103,scene_lift_and_relocate_v05,LIFT_AND_RELOCATE,C5,D4,28103,43,52,0,0.0,DOES_NOT_INTERFERE,INTERFERES,False,True,False
v1__scene_lift_and_relocate_v05__L2__C5_D4__r03_s28103,scene_lift_and_relocate_v05,LIFT_AND_RELOCATE,C5,D4,28103,43,76,0,0.0,DOES_NOT_INTERFERE,INTERFERES,False,True,False
v1__scene_lift_and_relocate_v05__L2__C5_D4__r04_s28104,scene_lift_and_relocate_v05,LIFT_AND_RELOCATE,C5,D4,28104,43,15,6011,0.625038993,INTERFERES,INTERFERES,True,True,True
v1__scene_lift_and_relocate_v05__L2__C5_D4__r04_s28104,scene_lift_and_relocate_v05,LIFT_AND_RELOCATE,C5,D4,28104,43,24,0,0.0,DOES_NOT_INTERFERE,INTERFERES,False,True,False
v1__scene_lift_and_relocate_v05__L2__C5_D4__r04_s28104,scene_lift_and_relocate_v05,LIFT_AND_RELOCATE,C5,D4,28104,43,48,0,0.0,DOES_NOT_INTERFERE,INTERFERES,False,True,False
v1__scene_lift_and_relocate_v05__L2__C5_D4__r04_s28104,scene_lift_and_relocate_v05,LIFT_AND_RELOCATE,C5,D4,28104,43,52,0,0.0,DOES_NOT_INTERFERE,INTERFERES,False,True,False
v1__scene_lift_and_relocate_v05__L2__C5_D4__r04_s28104,scene_lift_and_relocate_v05,LIFT_AND_RELOCATE,C5,D4,28104,43,76,0,0.0,DOES_NOT_INTERFERE,INTERFERES,False,True,False
v1__scene_lift_and_relocate_v05__L2__C5_D4__r05_s28105,scene_lift_and_relocate_v05,LIFT_AND_RELOCATE,C5,D4,28105,43,15,6011,0.625038993,INTERFERES,INTERFERES,True,True,True
v1__scene_lift_and_relocate_v05__L2__C5_D4__r05_s28105,scene_lift_and_relocate_v05,LIFT_AND_RELOCATE,C5,D4,28105,43,24,0,0.0,DOES_NOT_INTERFERE,INTERFERES,False,True,False
v1__scene_lift_and_relocate_v05__L2__C5_D4__r05_s28105,scene_lift_and_relocate_v05,LIFT_AND_RELOCATE,C5,D4,28105,43,48,0,0.0,DOES_NOT_INTERFERE,INTERFERES,False,True,False
v1__scene_lift_and_relocate_v05__L2__C5_D4__r05_s28105,scene_lift_and_relocate_v05,LIFT_AND_RELOCATE,C5,D4,28105,43,52,0,0.0,DOES_NOT_INTERFERE,INTERFERES,False,True,False
v1__scene_lift_and_relocate_v05__L2__C5_D4__r05_s28105,scene_lift_and_relocate_v05,LIFT_AND_RELOCATE,C5,D4,28105,43,76,0,0.0,DOES_NOT_INTERFERE,INTERFERES,False,True,False
v1__scene_lift_and_relocate_v05__L2__C5_D8__r01_s28101,scene_lift_and_relocate_v05,LIFT_AND_RELOCATE,C5,D8,28101,43,15,6011,0.625038993,INTERFERES,INTERFERES,True,True,True
v1__scene_lift_and_relocate_v05__L2__C5_D8__r01_s28101,scene_lift_and_relocate_v05,LIFT_AND_RELOCATE,C5,D8,28101,43,24,0,0.0,DOES_NOT_INTERFERE,INTERFERES,False,True,False
v1__scene_lift_and_relocate_v05__L2__C5_D8__r01_s28101,scene_lift_and_relocate_v05,LIFT_AND_RELOCATE,C5,D8,28101,43,48,0,0.0,DOES_NOT_INTERFERE,INTERFERES,False,True,False
v1__scene_lift_and_relocate_v05__L2__C5_D8__r01_s28101,scene_lift_and_relocate_v05,LIFT_AND_RELOCATE,C5,D8,28101,43,52,0,0.0,DOES_NOT_INTERFERE,INTERFERES,False,True,False
v1__scene_lift_and_relocate_v05__L2__C5_D8__r01_s28101,scene_lift_and_relocate_v05,LIFT_AND_RELOCATE,C5,D8,28101,43,76,0,0.0,DOES_NOT_INTERFERE,INTERFERES,False,True,False
v1__scene_lift_and_relocate_v05__L2__C5_D8__r02_s28102,scene_lift_and_relocate_v05,LIFT_AND_RELOCATE,C5,D8,28102,43,15,6011,0.625038993,INTERFERES,INTERFERES,True,True,True
v1__scene_lift_and_relocate_v05__L2__C5_D8__r02_s28102,scene_lift_and_relocate_v05,LIFT_AND_RELOCATE,C5,D8,28102,43,24,0,0.0,DOES_NOT_INTERFERE,INTERFERES,False,True,False
v1__scene_lift_and_relocate_v05__L2__C5_D8__r02_s28102,scene_lift_and_relocate_v05,LIFT_AND_RELOCATE,C5,D8,28102,43,48,0,0.0,DOES_NOT_INTERFERE,INTERFERES,False,True,False
v1__scene_lift_and_relocate_v05__L2__C5_D8__r02_s28102,scene_lift_and_relocate_v05,LIFT_AND_RELOCATE,C5,D8,28102,43,52,0,0.0,DOES_NOT_INTERFERE,INTERFERES,False,True,False
v1__scene_lift_and_relocate_v05__L2__C5_D8__r02_s28102,scene_lift_and_relocate_v05,LIFT_AND_RELOCATE,C5,D8,28102,43,76,0,0.0,DOES_NOT_INTERFERE,INTERFERES,False,True,False
v1__scene_lift_and_relocate_v05__L2__C5_D8__r03_s28103,scene_lift_and_relocate_v05,LIFT_AND_RELOCATE,C5,D8,28103,43,15,6011,0.625038993,INTERFERES,INTERFERES,True,True,True
v1__scene_lift_and_relocate_v05__L2__C5_D8__r03_s28103,scene_lift_and_relocate_v05,LIFT_AND_RELOCATE,C5,D8,28103,43,24,0,0.0,DOES_NOT_INTERFERE,INTERFERES,False,True,False
v1__scene_lift_and_relocate_v05__L2__C5_D8__r03_s28103,scene_lift_and_relocate_v05,LIFT_AND_RELOCATE,C5,D8,28103,43,48,0,0.0,DOES_NOT_INTERFERE,INTERFERES,False,True,False
v1__scene_lift_and_relocate_v05__L2__C5_D8__r03_s28103,scene_lift_and_relocate_v05,LIFT_AND_RELOCATE,C5,D8,28103,43,52,0,0.0,DOES_NOT_INTERFERE,INTERFERES,False,True,False
v1__scene_lift_and_relocate_v05__L2__C5_D8__r03_s28103,scene_lift_and_relocate_v05,LIFT_AND_RELOCATE,C5,D8,28103,43,76,0,0.0,DOES_NOT_INTERFERE,INTERFERES,False,True,False
v1__scene_lift_and_relocate_v05__L2__C5_D8__r04_s28104,scene_lift_and_relocate_v05,LIFT_AND_RELOCATE,C5,D8,28104,43,15,6011,0.625038993,INTERFERES,INTERFERES,True,True,True
v1__scene_lift_and_relocate_v05__L2__C5_D8__r04_s28104,scene_lift_and_relocate_v05,LIFT_AND_RELOCATE,C5,D8,28104,43,24,0,0.0,DOES_NOT_INTERFERE,INTERFERES,False,True,False
v1__scene_lift_and_relocate_v05__L2__C5_D8__r04_s28104,scene_lift_and_relocate_v05,LIFT_AND_RELOCATE,C5,D8,28104,43,48,0,0.0,DOES_NOT_INTERFERE,INTERFERES,False,True,False
v1__scene_lift_and_relocate_v05__L2__C5_D8__r04_s28104,scene_lift_and_relocate_v05,LIFT_AND_RELOCATE,C5,D8,28104,43,52,0,0.0,DOES_NOT_INTERFERE,INTERFERES,False,True,False
v1__scene_lift_and_relocate_v05__L2__C5_D8__r04_s28104,scene_lift_and_relocate_v05,LIFT_AND_RELOCATE,C5,D8,28104,43,76,0,0.0,DOES_NOT_INTERFERE,INTERFERES,False,True,False
v1__scene_lift_and_relocate_v05__L2__C5_D8__r05_s28105,scene_lift_and_relocate_v05,LIFT_AND_RELOCATE,C5,D8,28105,43,15,6011,0.625038993,INTERFERES,INTERFERES,True,True,True
v1__scene_lift_and_relocate_v05__L2__C5_D8__r05_s28105,scene_lift_and_relocate_v05,LIFT_AND_RELOCATE,C5,D8,28105,43,24,0,0.0,DOES_NOT_INTERFERE,INTERFERES,False,True,False
v1__scene_lift_and_relocate_v05__L2__C5_D8__r05_s28105,scene_lift_and_relocate_v05,LIFT_AND_RELOCATE,C5,D8,28105,43,48,0,0.0,DOES_NOT_INTERFERE,INTERFERES,False,True,False
v1__scene_lift_and_relocate_v05__L2__C5_D8__r05_s28105,scene_lift_and_relocate_v05,LIFT_AND_RELOCATE,C5,D8,28105,43,52,0,0.0,DOES_NOT_INTERFERE,INTERFERES,False,True,False
v1__scene_lift_and_relocate_v05__L2__C5_D8__r05_s28105,scene_lift_and_relocate_v05,LIFT_AND_RELOCATE,C5,D8,28105,43,76,0,0.0,DOES_NOT_INTERFERE,INTERFERES,False,True,False
v1__scene_lift_and_relocate_v05__L2__C6_D4__r01_s28101,scene_lift_and_relocate_v05,LIFT_AND_RELOCATE,C6,D4,28101,43,15,6011,0.625038993,INTERFERES,INTERFERES,True,True,True
v1__scene_lift_and_relocate_v05__L2__C6_D4__r01_s28101,scene_lift_and_relocate_v05,LIFT_AND_RELOCATE,C6,D4,28101,43,24,0,0.0,DOES_NOT_INTERFERE,INTERFERES,False,True,False
v1__scene_lift_and_relocate_v05__L2__C6_D4__r01_s28101,scene_lift_and_relocate_v05,LIFT_AND_RELOCATE,C6,D4,28101,43,48,0,0.0,DOES_NOT_INTERFERE,INTERFERES,False,True,False
v1__scene_lift_and_relocate_v05__L2__C6_D4__r01_s28101,scene_lift_and_relocate_v05,LIFT_AND_RELOCATE,C6,D4,28101,43,52,0,0.0,DOES_NOT_INTERFERE,INTERFERES,False,True,False
v1__scene_lift_and_relocate_v05__L2__C6_D4__r01_s28101,scene_lift_and_relocate_v05,LIFT_AND_RELOCATE,C6,D4,28101,43,76,0,0.0,DOES_NOT_INTERFERE,INTERFERES,False,True,False
v1__scene_lift_and_relocate_v05__L2__C6_D4__r02_s28102,scene_lift_and_relocate_v05,LIFT_AND_RELOCATE,C6,D4,28102,43,15,6011,0.625038993,INTERFERES,INTERFERES,True,True,True
v1__scene_lift_and_relocate_v05__L2__C6_D4__r02_s28102,scene_lift_and_relocate_v05,LIFT_AND_RELOCATE,C6,D4,28102,43,24,0,0.0,DOES_NOT_INTERFERE,INTERFERES,False,True,False
v1__scene_lift_and_relocate_v05__L2__C6_D4__r02_s28102,scene_lift_and_relocate_v05,LIFT_AND_RELOCATE,C6,D4,28102,43,48,0,0.0,DOES_NOT_INTERFERE,INTERFERES,False,True,False
v1__scene_lift_and_relocate_v05__L2__C6_D4__r02_s28102,scene_lift_and_relocate_v05,LIFT_AND_RELOCATE,C6,D4,28102,43,52,0,0.0,DOES_NOT_INTERFERE,INTERFERES,False,True,False
v1__scene_lift_and_relocate_v05__L2__C6_D4__r02_s28102,scene_lift_and_relocate_v05,LIFT_AND_RELOCATE,C6,D4,28102,43,76,0,0.0,DOES_NOT_INTERFERE,INTERFERES,False,True,False
v1__scene_lift_and_relocate_v05__L2__C6_D4__r03_s28103,scene_lift_and_relocate_v05,LIFT_AND_RELOCATE,C6,D4,28103,43,15,6011,0.625038993,INTERFERES,INTERFERES,True,True,True
v1__scene_lift_and_relocate_v05__L2__C6_D4__r03_s28103,scene_lift_and_relocate_v05,LIFT_AND_RELOCATE,C6,D4,28103,43,24,0,0.0,DOES_NOT_INTERFERE,INTERFERES,False,True,False
v1__scene_lift_and_relocate_v05__L2__C6_D4__r03_s28103,scene_lift_and_relocate_v05,LIFT_AND_RELOCATE,C6,D4,28103,43,48,0,0.0,DOES_NOT_INTERFERE,INTERFERES,False,True,False
v1__scene_lift_and_relocate_v05__L2__C6_D4__r03_s28103,scene_lift_and_relocate_v05,LIFT_AND_RELOCATE,C6,D4,28103,43,52,0,0.0,DOES_NOT_INTERFERE,INTERFERES,False,True,False
v1__scene_lift_and_relocate_v05__L2__C6_D4__r03_s28103,scene_lift_and_relocate_v05,LIFT_AND_RELOCATE,C6,D4,28103,43,76,0,0.0,DOES_NOT_INTERFERE,INTERFERES,False,True,False
v1__scene_lift_and_relocate_v05__L2__C6_D4__r04_s28104,scene_lift_and_relocate_v05,LIFT_AND_RELOCATE,C6,D4,28104,43,15,6011,0.625038993,INTERFERES,INTERFERES,True,True,True
v1__scene_lift_and_relocate_v05__L2__C6_D4__r04_s28104,scene_lift_and_relocate_v05,LIFT_AND_RELOCATE,C6,D4,28104,43,24,0,0.0,DOES_NOT_INTERFERE,INTERFERES,False,True,False
v1__scene_lift_and_relocate_v05__L2__C6_D4__r04_s28104,scene_lift_and_relocate_v05,LIFT_AND_RELOCATE,C6,D4,28104,43,48,0,0.0,DOES_NOT_INTERFERE,INTERFERES,False,True,False
v1__scene_lift_and_relocate_v05__L2__C6_D4__r04_s28104,scene_lift_and_relocate_v05,LIFT_AND_RELOCATE,C6,D4,28104,43,52,0,0.0,DOES_NOT_INTERFERE,INTERFERES,False,True,False
v1__scene_lift_and_relocate_v05__L2__C6_D4__r04_s28104,scene_lift_and_relocate_v05,LIFT_AND_RELOCATE,C6,D4,28104,43,76,0,0.0,DOES_NOT_INTERFERE,INTERFERES,False,True,False
v1__scene_lift_and_relocate_v05__L2__C6_D4__r05_s28105,scene_lift_and_relocate_v05,LIFT_AND_RELOCATE,C6,D4,28105,43,15,6011,0.625038993,INTERFERES,INTERFERES,True,True,True
v1__scene_lift_and_relocate_v05__L2__C6_D4__r05_s28105,scene_lift_and_relocate_v05,LIFT_AND_RELOCATE,C6,D4,28105,43,24,0,0.0,DOES_NOT_INTERFERE,INTERFERES,False,True,False
v1__scene_lift_and_relocate_v05__L2__C6_D4__r05_s28105,scene_lift_and_relocate_v05,LIFT_AND_RELOCATE,C6,D4,28105,43,48,0,0.0,DOES_NOT_INTERFERE,INTERFERES,False,True,False
v1__scene_lift_and_relocate_v05__L2__C6_D4__r05_s28105,scene_lift_and_relocate_v05,LIFT_AND_RELOCATE,C6,D4,28105,43,52,0,0.0,DOES_NOT_INTERFERE,INTERFERES,False,True,False
v1__scene_lift_and_relocate_v05__L2__C6_D4__r05_s28105,scene_lift_and_relocate_v05,LIFT_AND_RELOCATE,C6,D4,28105,43,76,0,0.0,DOES_NOT_INTERFERE,INTERFERES,False,True,False
v1__scene_lift_and_relocate_v05__L2__C6_D8__r01_s28101,scene_lift_and_relocate_v05,LIFT_AND_RELOCATE,C6,D8,28101,43,15,6011,0.625038993,INTERFERES,INTERFERES,True,True,True
v1__scene_lift_and_relocate_v05__L2__C6_D8__r01_s28101,scene_lift_and_relocate_v05,LIFT_AND_RELOCATE,C6,D8,28101,43,24,0,0.0,DOES_NOT_INTERFERE,INTERFERES,False,True,False
v1__scene_lift_and_relocate_v05__L2__C6_D8__r01_s28101,scene_lift_and_relocate_v05,LIFT_AND_RELOCATE,C6,D8,28101,43,48,0,0.0,DOES_NOT_INTERFERE,INTERFERES,False,True,False
v1__scene_lift_and_relocate_v05__L2__C6_D8__r01_s28101,scene_lift_and_relocate_v05,LIFT_AND_RELOCATE,C6,D8,28101,43,52,0,0.0,DOES_NOT_INTERFERE,INTERFERES,False,True,False
v1__scene_lift_and_relocate_v05__L2__C6_D8__r01_s28101,scene_lift_and_relocate_v05,LIFT_AND_RELOCATE,C6,D8,28101,43,76,0,0.0,DOES_NOT_INTERFERE,INTERFERES,False,True,False
v1__scene_lift_and_relocate_v05__L2__C6_D8__r02_s28102,scene_lift_and_relocate_v05,LIFT_AND_RELOCATE,C6,D8,28102,43,15,6011,0.625038993,INTERFERES,INTERFERES,True,True,True
v1__scene_lift_and_relocate_v05__L2__C6_D8__r02_s28102,scene_lift_and_relocate_v05,LIFT_AND_RELOCATE,C6,D8,28102,43,24,0,0.0,DOES_NOT_INTERFERE,INTERFERES,False,True,False
v1__scene_lift_and_relocate_v05__L2__C6_D8__r02_s28102,scene_lift_and_relocate_v05,LIFT_AND_RELOCATE,C6,D8,28102,43,48,0,0.0,DOES_NOT_INTERFERE,INTERFERES,False,True,False
v1__scene_lift_and_relocate_v05__L2__C6_D8__r02_s28102,scene_lift_and_relocate_v05,LIFT_AND_RELOCATE,C6,D8,28102,43,52,0,0.0,DOES_NOT_INTERFERE,INTERFERES,False,True,False
v1__scene_lift_and_relocate_v05__L2__C6_D8__r02_s28102,scene_lift_and_relocate_v05,LIFT_AND_RELOCATE,C6,D8,28102,43,76,0,0.0,DOES_NOT_INTERFERE,INTERFERES,False,True,False
v1__scene_lift_and_relocate_v05__L2__C6_D8__r03_s28103,scene_lift_and_relocate_v05,LIFT_AND_RELOCATE,C6,D8,28103,43,15,6011,0.625038993,INTERFERES,INTERFERES,True,True,True
v1__scene_lift_and_relocate_v05__L2__C6_D8__r03_s28103,scene_lift_and_relocate_v05,LIFT_AND_RELOCATE,C6,D8,28103,43,24,0,0.0,DOES_NOT_INTERFERE,INTERFERES,False,True,False
v1__scene_lift_and_relocate_v05__L2__C6_D8__r03_s28103,scene_lift_and_relocate_v05,LIFT_AND_RELOCATE,C6,D8,28103,43,48,0,0.0,DOES_NOT_INTERFERE,INTERFERES,False,True,False
v1__scene_lift_and_relocate_v05__L2__C6_D8__r03_s28103,scene_lift_and_relocate_v05,LIFT_AND_RELOCATE,C6,D8,28103,43,52,0,0.0,DOES_NOT_INTERFERE,INTERFERES,False,True,False
v1__scene_lift_and_relocate_v05__L2__C6_D8__r03_s28103,scene_lift_and_relocate_v05,LIFT_AND_RELOCATE,C6,D8,28103,43,76,0,0.0,DOES_NOT_INTERFERE,INTERFERES,False,True,False
v1__scene_lift_and_relocate_v05__L2__C6_D8__r04_s28104,scene_lift_and_relocate_v05,LIFT_AND_RELOCATE,C6,D8,28104,43,15,6011,0.625038993,INTERFERES,INTERFERES,True,True,True
v1__scene_lift_and_relocate_v05__L2__C6_D8__r04_s28104,scene_lift_and_relocate_v05,LIFT_AND_RELOCATE,C6,D8,28104,43,24,0,0.0,DOES_NOT_INTERFERE,INTERFERES,False,True,False
v1__scene_lift_and_relocate_v05__L2__C6_D8__r04_s28104,scene_lift_and_relocate_v05,LIFT_AND_RELOCATE,C6,D8,28104,43,48,0,0.0,DOES_NOT_INTERFERE,INTERFERES,False,True,False
v1__scene_lift_and_relocate_v05__L2__C6_D8__r04_s28104,scene_lift_and_relocate_v05,LIFT_AND_RELOCATE,C6,D8,28104,43,52,0,0.0,DOES_NOT_INTERFERE,INTERFERES,False,True,False
v1__scene_lift_and_relocate_v05__L2__C6_D8__r04_s28104,scene_lift_and_relocate_v05,LIFT_AND_RELOCATE,C6,D8,28104,43,76,0,0.0,DOES_NOT_INTERFERE,INTERFERES,False,True,False
v1__scene_lift_and_relocate_v05__L2__C6_D8__r05_s28105,scene_lift_and_relocate_v05,LIFT_AND_RELOCATE,C6,D8,28105,43,15,6011,0.625038993,INTERFERES,INTERFERES,True,True,True
v1__scene_lift_and_relocate_v05__L2__C6_D8__r05_s28105,scene_lift_and_relocate_v05,LIFT_AND_RELOCATE,C6,D8,28105,43,24,0,0.0,DOES_NOT_INTERFERE,INTERFERES,False,True,False
v1__scene_lift_and_relocate_v05__L2__C6_D8__r05_s28105,scene_lift_and_relocate_v05,LIFT_AND_RELOCATE,C6,D8,28105,43,48,0,0.0,DOES_NOT_INTERFERE,INTERFERES,False,True,False
v1__scene_lift_and_relocate_v05__L2__C6_D8__r05_s28105,scene_lift_and_relocate_v05,LIFT_AND_RELOCATE,C6,D8,28105,43,52,0,0.0,DOES_NOT_INTERFERE,INTERFERES,False,True,False
v1__scene_lift_and_relocate_v05__L2__C6_D8__r05_s28105,scene_lift_and_relocate_v05,LIFT_AND_RELOCATE,C6,D8,28105,43,76,0,0.0,DOES_NOT_INTERFERE,INTERFERES,False,True,False
v1__scene_rotate_v01__L2__C0_NA__r01_s28101,scene_rotate_v01,ROTATE,C0,,28101,12,41,0,0.0,DOES_NOT_INTERFERE,INTERFERES,False,True,False
v1__scene_rotate_v01__L2__C0_NA__r01_s28101,scene_rotate_v01,ROTATE,C0,,28101,12,54,0,0.0,DOES_NOT_INTERFERE,INTERFERES,False,True,False
v1__scene_rotate_v01__L2__C0_NA__r01_s28101,scene_rotate_v01,ROTATE,C0,,28101,12,88,0,0.0,DOES_NOT_INTERFERE,INTERFERES,False,True,False
v1__scene_rotate_v01__L2__C0_NA__r01_s28101,scene_rotate_v01,ROTATE,C0,,28101,12,95,1780,0.190150625,INTERFERES,INTERFERES,True,True,True
v1__scene_rotate_v01__L2__C0_NA__r02_s28102,scene_rotate_v01,ROTATE,C0,,28102,12,41,0,0.0,DOES_NOT_INTERFERE,INTERFERES,False,True,False
v1__scene_rotate_v01__L2__C0_NA__r02_s28102,scene_rotate_v01,ROTATE,C0,,28102,12,54,0,0.0,DOES_NOT_INTERFERE,INTERFERES,False,True,False
v1__scene_rotate_v01__L2__C0_NA__r02_s28102,scene_rotate_v01,ROTATE,C0,,28102,12,88,0,0.0,DOES_NOT_INTERFERE,INTERFERES,False,True,False
v1__scene_rotate_v01__L2__C0_NA__r02_s28102,scene_rotate_v01,ROTATE,C0,,28102,12,95,1780,0.190150625,INTERFERES,INTERFERES,True,True,True
v1__scene_rotate_v01__L2__C0_NA__r03_s28103,scene_rotate_v01,ROTATE,C0,,28103,12,41,0,0.0,DOES_NOT_INTERFERE,INTERFERES,False,True,False
v1__scene_rotate_v01__L2__C0_NA__r03_s28103,scene_rotate_v01,ROTATE,C0,,28103,12,54,0,0.0,DOES_NOT_INTERFERE,INTERFERES,False,True,False
v1__scene_rotate_v01__L2__C0_NA__r03_s28103,scene_rotate_v01,ROTATE,C0,,28103,12,88,0,0.0,DOES_NOT_INTERFERE,INTERFERES,False,True,False
v1__scene_rotate_v01__L2__C0_NA__r03_s28103,scene_rotate_v01,ROTATE,C0,,28103,12,95,1780,0.190150625,INTERFERES,INTERFERES,True,True,True
v1__scene_rotate_v01__L2__C0_NA__r04_s28104,scene_rotate_v01,ROTATE,C0,,28104,12,41,0,0.0,DOES_NOT_INTERFERE,INTERFERES,False,True,False
v1__scene_rotate_v01__L2__C0_NA__r04_s28104,scene_rotate_v01,ROTATE,C0,,28104,12,54,0,0.0,DOES_NOT_INTERFERE,INTERFERES,False,True,False
v1__scene_rotate_v01__L2__C0_NA__r04_s28104,scene_rotate_v01,ROTATE,C0,,28104,12,88,0,0.0,DOES_NOT_INTERFERE,INTERFERES,False,True,False
v1__scene_rotate_v01__L2__C0_NA__r04_s28104,scene_rotate_v01,ROTATE,C0,,28104,12,95,1780,0.190150625,INTERFERES,INTERFERES,True,True,True
v1__scene_rotate_v01__L2__C0_NA__r05_s28105,scene_rotate_v01,ROTATE,C0,,28105,12,41,0,0.0,DOES_NOT_INTERFERE,INTERFERES,False,True,False
v1__scene_rotate_v01__L2__C0_NA__r05_s28105,scene_rotate_v01,ROTATE,C0,,28105,12,54,0,0.0,DOES_NOT_INTERFERE,INTERFERES,False,True,False
v1__scene_rotate_v01__L2__C0_NA__r05_s28105,scene_rotate_v01,ROTATE,C0,,28105,12,88,0,0.0,DOES_NOT_INTERFERE,INTERFERES,False,True,False
v1__scene_rotate_v01__L2__C0_NA__r05_s28105,scene_rotate_v01,ROTATE,C0,,28105,12,95,1780,0.190150625,INTERFERES,INTERFERES,True,True,True
v1__scene_rotate_v01__L2__C1_NA__r01_s28101,scene_rotate_v01,ROTATE,C1,,28101,12,41,0,0.0,DOES_NOT_INTERFERE,INTERFERES,False,True,False
v1__scene_rotate_v01__L2__C1_NA__r01_s28101,scene_rotate_v01,ROTATE,C1,,28101,12,54,0,0.0,DOES_NOT_INTERFERE,INTERFERES,False,True,False
v1__scene_rotate_v01__L2__C1_NA__r01_s28101,scene_rotate_v01,ROTATE,C1,,28101,12,88,0,0.0,DOES_NOT_INTERFERE,INTERFERES,False,True,False
v1__scene_rotate_v01__L2__C1_NA__r01_s28101,scene_rotate_v01,ROTATE,C1,,28101,12,95,1780,0.190150625,INTERFERES,INTERFERES,True,True,True
v1__scene_rotate_v01__L2__C1_NA__r02_s28102,scene_rotate_v01,ROTATE,C1,,28102,12,41,0,0.0,DOES_NOT_INTERFERE,INTERFERES,False,True,False
v1__scene_rotate_v01__L2__C1_NA__r02_s28102,scene_rotate_v01,ROTATE,C1,,28102,12,54,0,0.0,DOES_NOT_INTERFERE,INTERFERES,False,True,False
v1__scene_rotate_v01__L2__C1_NA__r02_s28102,scene_rotate_v01,ROTATE,C1,,28102,12,88,0,0.0,DOES_NOT_INTERFERE,INTERFERES,False,True,False
v1__scene_rotate_v01__L2__C1_NA__r02_s28102,scene_rotate_v01,ROTATE,C1,,28102,12,95,1780,0.190150625,INTERFERES,INTERFERES,True,True,True
v1__scene_rotate_v01__L2__C1_NA__r03_s28103,scene_rotate_v01,ROTATE,C1,,28103,12,41,0,0.0,DOES_NOT_INTERFERE,INTERFERES,False,True,False
v1__scene_rotate_v01__L2__C1_NA__r03_s28103,scene_rotate_v01,ROTATE,C1,,28103,12,54,0,0.0,DOES_NOT_INTERFERE,INTERFERES,False,True,False
v1__scene_rotate_v01__L2__C1_NA__r03_s28103,scene_rotate_v01,ROTATE,C1,,28103,12,88,0,0.0,DOES_NOT_INTERFERE,INTERFERES,False,True,False
v1__scene_rotate_v01__L2__C1_NA__r03_s28103,scene_rotate_v01,ROTATE,C1,,28103,12,95,1780,0.190150625,INTERFERES,INTERFERES,True,True,True
v1__scene_rotate_v01__L2__C1_NA__r04_s28104,scene_rotate_v01,ROTATE,C1,,28104,12,41,0,0.0,DOES_NOT_INTERFERE,INTERFERES,False,True,False
v1__scene_rotate_v01__L2__C1_NA__r04_s28104,scene_rotate_v01,ROTATE,C1,,28104,12,54,0,0.0,DOES_NOT_INTERFERE,INTERFERES,False,True,False
v1__scene_rotate_v01__L2__C1_NA__r04_s28104,scene_rotate_v01,ROTATE,C1,,28104,12,88,0,0.0,DOES_NOT_INTERFERE,INTERFERES,False,True,False
v1__scene_rotate_v01__L2__C1_NA__r04_s28104,scene_rotate_v01,ROTATE,C1,,28104,12,95,1780,0.190150625,INTERFERES,INTERFERES,True,True,True
v1__scene_rotate_v01__L2__C1_NA__r05_s28105,scene_rotate_v01,ROTATE,C1,,28105,12,41,0,0.0,DOES_NOT_INTERFERE,INTERFERES,False,True,False
v1__scene_rotate_v01__L2__C1_NA__r05_s28105,scene_rotate_v01,ROTATE,C1,,28105,12,54,0,0.0,DOES_NOT_INTERFERE,INTERFERES,False,True,False
v1__scene_rotate_v01__L2__C1_NA__r05_s28105,scene_rotate_v01,ROTATE,C1,,28105,12,88,0,0.0,DOES_NOT_INTERFERE,INTERFERES,False,True,False
v1__scene_rotate_v01__L2__C1_NA__r05_s28105,scene_rotate_v01,ROTATE,C1,,28105,12,95,1780,0.190150625,INTERFERES,INTERFERES,True,True,True
v1__scene_rotate_v01__L2__C2_D4__r01_s28101,scene_rotate_v01,ROTATE,C2,D4,28101,12,41,0,0.0,DOES_NOT_INTERFERE,INTERFERES,False,True,False
v1__scene_rotate_v01__L2__C2_D4__r01_s28101,scene_rotate_v01,ROTATE,C2,D4,28101,12,54,0,0.0,DOES_NOT_INTERFERE,INTERFERES,False,True,False
v1__scene_rotate_v01__L2__C2_D4__r01_s28101,scene_rotate_v01,ROTATE,C2,D4,28101,12,88,0,0.0,DOES_NOT_INTERFERE,INTERFERES,False,True,False
v1__scene_rotate_v01__L2__C2_D4__r01_s28101,scene_rotate_v01,ROTATE,C2,D4,28101,12,95,1780,0.190150625,INTERFERES,INTERFERES,True,True,True
v1__scene_rotate_v01__L2__C2_D4__r02_s28102,scene_rotate_v01,ROTATE,C2,D4,28102,12,41,0,0.0,DOES_NOT_INTERFERE,INTERFERES,False,True,False
v1__scene_rotate_v01__L2__C2_D4__r02_s28102,scene_rotate_v01,ROTATE,C2,D4,28102,12,54,0,0.0,DOES_NOT_INTERFERE,INTERFERES,False,True,False
v1__scene_rotate_v01__L2__C2_D4__r02_s28102,scene_rotate_v01,ROTATE,C2,D4,28102,12,88,0,0.0,DOES_NOT_INTERFERE,INTERFERES,False,True,False
v1__scene_rotate_v01__L2__C2_D4__r02_s28102,scene_rotate_v01,ROTATE,C2,D4,28102,12,95,1780,0.190150625,INTERFERES,INTERFERES,True,True,True
v1__scene_rotate_v01__L2__C2_D4__r03_s28103,scene_rotate_v01,ROTATE,C2,D4,28103,12,41,0,0.0,DOES_NOT_INTERFERE,INTERFERES,False,True,False
v1__scene_rotate_v01__L2__C2_D4__r03_s28103,scene_rotate_v01,ROTATE,C2,D4,28103,12,54,0,0.0,DOES_NOT_INTERFERE,INTERFERES,False,True,False
v1__scene_rotate_v01__L2__C2_D4__r03_s28103,scene_rotate_v01,ROTATE,C2,D4,28103,12,88,0,0.0,DOES_NOT_INTERFERE,INTERFERES,False,True,False
v1__scene_rotate_v01__L2__C2_D4__r03_s28103,scene_rotate_v01,ROTATE,C2,D4,28103,12,95,1780,0.190150625,INTERFERES,INTERFERES,True,True,True
v1__scene_rotate_v01__L2__C2_D4__r04_s28104,scene_rotate_v01,ROTATE,C2,D4,28104,12,41,0,0.0,DOES_NOT_INTERFERE,INTERFERES,False,True,False
v1__scene_rotate_v01__L2__C2_D4__r04_s28104,scene_rotate_v01,ROTATE,C2,D4,28104,12,54,0,0.0,DOES_NOT_INTERFERE,INTERFERES,False,True,False
v1__scene_rotate_v01__L2__C2_D4__r04_s28104,scene_rotate_v01,ROTATE,C2,D4,28104,12,88,0,0.0,DOES_NOT_INTERFERE,INTERFERES,False,True,False
v1__scene_rotate_v01__L2__C2_D4__r04_s28104,scene_rotate_v01,ROTATE,C2,D4,28104,12,95,1780,0.190150625,INTERFERES,INTERFERES,True,True,True
v1__scene_rotate_v01__L2__C2_D4__r05_s28105,scene_rotate_v01,ROTATE,C2,D4,28105,12,41,0,0.0,DOES_NOT_INTERFERE,INTERFERES,False,True,False
v1__scene_rotate_v01__L2__C2_D4__r05_s28105,scene_rotate_v01,ROTATE,C2,D4,28105,12,54,0,0.0,DOES_NOT_INTERFERE,INTERFERES,False,True,False
v1__scene_rotate_v01__L2__C2_D4__r05_s28105,scene_rotate_v01,ROTATE,C2,D4,28105,12,88,0,0.0,DOES_NOT_INTERFERE,INTERFERES,False,True,False
v1__scene_rotate_v01__L2__C2_D4__r05_s28105,scene_rotate_v01,ROTATE,C2,D4,28105,12,95,1780,0.190150625,INTERFERES,INTERFERES,True,True,True
v1__scene_rotate_v01__L2__C2_D8__r01_s28101,scene_rotate_v01,ROTATE,C2,D8,28101,12,41,0,0.0,DOES_NOT_INTERFERE,INTERFERES,False,True,False
v1__scene_rotate_v01__L2__C2_D8__r01_s28101,scene_rotate_v01,ROTATE,C2,D8,28101,12,54,0,0.0,DOES_NOT_INTERFERE,INTERFERES,False,True,False
v1__scene_rotate_v01__L2__C2_D8__r01_s28101,scene_rotate_v01,ROTATE,C2,D8,28101,12,88,0,0.0,DOES_NOT_INTERFERE,INTERFERES,False,True,False
v1__scene_rotate_v01__L2__C2_D8__r01_s28101,scene_rotate_v01,ROTATE,C2,D8,28101,12,95,1780,0.190150625,INTERFERES,INTERFERES,True,True,True
v1__scene_rotate_v01__L2__C2_D8__r02_s28102,scene_rotate_v01,ROTATE,C2,D8,28102,12,41,0,0.0,DOES_NOT_INTERFERE,INTERFERES,False,True,False
v1__scene_rotate_v01__L2__C2_D8__r02_s28102,scene_rotate_v01,ROTATE,C2,D8,28102,12,54,0,0.0,DOES_NOT_INTERFERE,INTERFERES,False,True,False
v1__scene_rotate_v01__L2__C2_D8__r02_s28102,scene_rotate_v01,ROTATE,C2,D8,28102,12,88,0,0.0,DOES_NOT_INTERFERE,INTERFERES,False,True,False
v1__scene_rotate_v01__L2__C2_D8__r02_s28102,scene_rotate_v01,ROTATE,C2,D8,28102,12,95,1780,0.190150625,INTERFERES,INTERFERES,True,True,True
v1__scene_rotate_v01__L2__C2_D8__r03_s28103,scene_rotate_v01,ROTATE,C2,D8,28103,12,41,0,0.0,DOES_NOT_INTERFERE,INTERFERES,False,True,False
v1__scene_rotate_v01__L2__C2_D8__r03_s28103,scene_rotate_v01,ROTATE,C2,D8,28103,12,54,0,0.0,DOES_NOT_INTERFERE,INTERFERES,False,True,False
v1__scene_rotate_v01__L2__C2_D8__r03_s28103,scene_rotate_v01,ROTATE,C2,D8,28103,12,88,0,0.0,DOES_NOT_INTERFERE,INTERFERES,False,True,False
v1__scene_rotate_v01__L2__C2_D8__r03_s28103,scene_rotate_v01,ROTATE,C2,D8,28103,12,95,1780,0.190150625,INTERFERES,INTERFERES,True,True,True
v1__scene_rotate_v01__L2__C2_D8__r04_s28104,scene_rotate_v01,ROTATE,C2,D8,28104,12,41,0,0.0,DOES_NOT_INTERFERE,INTERFERES,False,True,False
v1__scene_rotate_v01__L2__C2_D8__r04_s28104,scene_rotate_v01,ROTATE,C2,D8,28104,12,54,0,0.0,DOES_NOT_INTERFERE,INTERFERES,False,True,False
v1__scene_rotate_v01__L2__C2_D8__r04_s28104,scene_rotate_v01,ROTATE,C2,D8,28104,12,88,0,0.0,DOES_NOT_INTERFERE,INTERFERES,False,True,False
v1__scene_rotate_v01__L2__C2_D8__r04_s28104,scene_rotate_v01,ROTATE,C2,D8,28104,12,95,1780,0.190150625,INTERFERES,INTERFERES,True,True,True
v1__scene_rotate_v01__L2__C2_D8__r05_s28105,scene_rotate_v01,ROTATE,C2,D8,28105,12,41,0,0.0,DOES_NOT_INTERFERE,INTERFERES,False,True,False
v1__scene_rotate_v01__L2__C2_D8__r05_s28105,scene_rotate_v01,ROTATE,C2,D8,28105,12,54,0,0.0,DOES_NOT_INTERFERE,INTERFERES,False,True,False
v1__scene_rotate_v01__L2__C2_D8__r05_s28105,scene_rotate_v01,ROTATE,C2,D8,28105,12,88,0,0.0,DOES_NOT_INTERFERE,INTERFERES,False,True,False
v1__scene_rotate_v01__L2__C2_D8__r05_s28105,scene_rotate_v01,ROTATE,C2,D8,28105,12,95,1780,0.190150625,INTERFERES,INTERFERES,True,True,True
v1__scene_rotate_v01__L2__C3_D4__r01_s28101,scene_rotate_v01,ROTATE,C3,D4,28101,12,41,0,0.0,DOES_NOT_INTERFERE,INTERFERES,False,True,False
v1__scene_rotate_v01__L2__C3_D4__r01_s28101,scene_rotate_v01,ROTATE,C3,D4,28101,12,54,0,0.0,DOES_NOT_INTERFERE,INTERFERES,False,True,False
v1__scene_rotate_v01__L2__C3_D4__r01_s28101,scene_rotate_v01,ROTATE,C3,D4,28101,12,88,0,0.0,DOES_NOT_INTERFERE,INTERFERES,False,True,False
v1__scene_rotate_v01__L2__C3_D4__r01_s28101,scene_rotate_v01,ROTATE,C3,D4,28101,12,95,1780,0.190150625,INTERFERES,INTERFERES,True,True,True
v1__scene_rotate_v01__L2__C3_D4__r02_s28102,scene_rotate_v01,ROTATE,C3,D4,28102,12,41,0,0.0,DOES_NOT_INTERFERE,INTERFERES,False,True,False
v1__scene_rotate_v01__L2__C3_D4__r02_s28102,scene_rotate_v01,ROTATE,C3,D4,28102,12,54,0,0.0,DOES_NOT_INTERFERE,INTERFERES,False,True,False
v1__scene_rotate_v01__L2__C3_D4__r02_s28102,scene_rotate_v01,ROTATE,C3,D4,28102,12,88,0,0.0,DOES_NOT_INTERFERE,DOES_NOT_INTERFERE,False,False,True
v1__scene_rotate_v01__L2__C3_D4__r02_s28102,scene_rotate_v01,ROTATE,C3,D4,28102,12,95,1780,0.190150625,INTERFERES,DOES_NOT_INTERFERE,True,False,False
v1__scene_rotate_v01__L2__C3_D4__r03_s28103,scene_rotate_v01,ROTATE,C3,D4,28103,12,41,0,0.0,DOES_NOT_INTERFERE,INTERFERES,False,True,False
v1__scene_rotate_v01__L2__C3_D4__r03_s28103,scene_rotate_v01,ROTATE,C3,D4,28103,12,54,0,0.0,DOES_NOT_INTERFERE,INTERFERES,False,True,False
v1__scene_rotate_v01__L2__C3_D4__r03_s28103,scene_rotate_v01,ROTATE,C3,D4,28103,12,88,0,0.0,DOES_NOT_INTERFERE,INTERFERES,False,True,False
v1__scene_rotate_v01__L2__C3_D4__r03_s28103,scene_rotate_v01,ROTATE,C3,D4,28103,12,95,1780,0.190150625,INTERFERES,INTERFERES,True,True,True
v1__scene_rotate_v01__L2__C3_D4__r04_s28104,scene_rotate_v01,ROTATE,C3,D4,28104,12,41,0,0.0,DOES_NOT_INTERFERE,INTERFERES,False,True,False
v1__scene_rotate_v01__L2__C3_D4__r04_s28104,scene_rotate_v01,ROTATE,C3,D4,28104,12,54,0,0.0,DOES_NOT_INTERFERE,INTERFERES,False,True,False
v1__scene_rotate_v01__L2__C3_D4__r04_s28104,scene_rotate_v01,ROTATE,C3,D4,28104,12,88,0,0.0,DOES_NOT_INTERFERE,INTERFERES,False,True,False
v1__scene_rotate_v01__L2__C3_D4__r04_s28104,scene_rotate_v01,ROTATE,C3,D4,28104,12,95,1780,0.190150625,INTERFERES,INTERFERES,True,True,True
v1__scene_rotate_v01__L2__C3_D4__r05_s28105,scene_rotate_v01,ROTATE,C3,D4,28105,12,41,0,0.0,DOES_NOT_INTERFERE,INTERFERES,False,True,False
v1__scene_rotate_v01__L2__C3_D4__r05_s28105,scene_rotate_v01,ROTATE,C3,D4,28105,12,54,0,0.0,DOES_NOT_INTERFERE,INTERFERES,False,True,False
v1__scene_rotate_v01__L2__C3_D4__r05_s28105,scene_rotate_v01,ROTATE,C3,D4,28105,12,88,0,0.0,DOES_NOT_INTERFERE,INTERFERES,False,True,False
v1__scene_rotate_v01__L2__C3_D4__r05_s28105,scene_rotate_v01,ROTATE,C3,D4,28105,12,95,1780,0.190150625,INTERFERES,INTERFERES,True,True,True
v1__scene_rotate_v01__L2__C3_D8__r01_s28101,scene_rotate_v01,ROTATE,C3,D8,28101,12,41,0,0.0,DOES_NOT_INTERFERE,INTERFERES,False,True,False
v1__scene_rotate_v01__L2__C3_D8__r01_s28101,scene_rotate_v01,ROTATE,C3,D8,28101,12,54,0,0.0,DOES_NOT_INTERFERE,INTERFERES,False,True,False
v1__scene_rotate_v01__L2__C3_D8__r01_s28101,scene_rotate_v01,ROTATE,C3,D8,28101,12,88,0,0.0,DOES_NOT_INTERFERE,INTERFERES,False,True,False
v1__scene_rotate_v01__L2__C3_D8__r01_s28101,scene_rotate_v01,ROTATE,C3,D8,28101,12,95,1780,0.190150625,INTERFERES,INTERFERES,True,True,True
v1__scene_rotate_v01__L2__C3_D8__r02_s28102,scene_rotate_v01,ROTATE,C3,D8,28102,12,41,0,0.0,DOES_NOT_INTERFERE,INTERFERES,False,True,False
v1__scene_rotate_v01__L2__C3_D8__r02_s28102,scene_rotate_v01,ROTATE,C3,D8,28102,12,54,0,0.0,DOES_NOT_INTERFERE,INTERFERES,False,True,False
v1__scene_rotate_v01__L2__C3_D8__r02_s28102,scene_rotate_v01,ROTATE,C3,D8,28102,12,88,0,0.0,DOES_NOT_INTERFERE,INTERFERES,False,True,False
v1__scene_rotate_v01__L2__C3_D8__r02_s28102,scene_rotate_v01,ROTATE,C3,D8,28102,12,95,1780,0.190150625,INTERFERES,INTERFERES,True,True,True
v1__scene_rotate_v01__L2__C3_D8__r03_s28103,scene_rotate_v01,ROTATE,C3,D8,28103,12,41,0,0.0,DOES_NOT_INTERFERE,INTERFERES,False,True,False
v1__scene_rotate_v01__L2__C3_D8__r03_s28103,scene_rotate_v01,ROTATE,C3,D8,28103,12,54,0,0.0,DOES_NOT_INTERFERE,INTERFERES,False,True,False
v1__scene_rotate_v01__L2__C3_D8__r03_s28103,scene_rotate_v01,ROTATE,C3,D8,28103,12,88,0,0.0,DOES_NOT_INTERFERE,INTERFERES,False,True,False
v1__scene_rotate_v01__L2__C3_D8__r03_s28103,scene_rotate_v01,ROTATE,C3,D8,28103,12,95,1780,0.190150625,INTERFERES,INTERFERES,True,True,True
v1__scene_rotate_v01__L2__C3_D8__r04_s28104,scene_rotate_v01,ROTATE,C3,D8,28104,12,41,0,0.0,DOES_NOT_INTERFERE,INTERFERES,False,True,False
v1__scene_rotate_v01__L2__C3_D8__r04_s28104,scene_rotate_v01,ROTATE,C3,D8,28104,12,54,0,0.0,DOES_NOT_INTERFERE,INTERFERES,False,True,False
v1__scene_rotate_v01__L2__C3_D8__r04_s28104,scene_rotate_v01,ROTATE,C3,D8,28104,12,88,0,0.0,DOES_NOT_INTERFERE,INTERFERES,False,True,False
v1__scene_rotate_v01__L2__C3_D8__r04_s28104,scene_rotate_v01,ROTATE,C3,D8,28104,12,95,1780,0.190150625,INTERFERES,INTERFERES,True,True,True
v1__scene_rotate_v01__L2__C3_D8__r05_s28105,scene_rotate_v01,ROTATE,C3,D8,28105,12,41,0,0.0,DOES_NOT_INTERFERE,INTERFERES,False,True,False
v1__scene_rotate_v01__L2__C3_D8__r05_s28105,scene_rotate_v01,ROTATE,C3,D8,28105,12,54,0,0.0,DOES_NOT_INTERFERE,INTERFERES,False,True,False
v1__scene_rotate_v01__L2__C3_D8__r05_s28105,scene_rotate_v01,ROTATE,C3,D8,28105,12,88,0,0.0,DOES_NOT_INTERFERE,INTERFERES,False,True,False
v1__scene_rotate_v01__L2__C3_D8__r05_s28105,scene_rotate_v01,ROTATE,C3,D8,28105,12,95,1780,0.190150625,INTERFERES,INTERFERES,True,True,True
v1__scene_rotate_v01__L2__C4_D4__r01_s28101,scene_rotate_v01,ROTATE,C4,D4,28101,12,41,0,0.0,DOES_NOT_INTERFERE,INTERFERES,False,True,False
v1__scene_rotate_v01__L2__C4_D4__r01_s28101,scene_rotate_v01,ROTATE,C4,D4,28101,12,54,0,0.0,DOES_NOT_INTERFERE,INTERFERES,False,True,False
v1__scene_rotate_v01__L2__C4_D4__r01_s28101,scene_rotate_v01,ROTATE,C4,D4,28101,12,88,0,0.0,DOES_NOT_INTERFERE,INTERFERES,False,True,False
v1__scene_rotate_v01__L2__C4_D4__r01_s28101,scene_rotate_v01,ROTATE,C4,D4,28101,12,95,1780,0.190150625,INTERFERES,INTERFERES,True,True,True
v1__scene_rotate_v01__L2__C4_D4__r02_s28102,scene_rotate_v01,ROTATE,C4,D4,28102,12,41,0,0.0,DOES_NOT_INTERFERE,INTERFERES,False,True,False
v1__scene_rotate_v01__L2__C4_D4__r02_s28102,scene_rotate_v01,ROTATE,C4,D4,28102,12,54,0,0.0,DOES_NOT_INTERFERE,INTERFERES,False,True,False
v1__scene_rotate_v01__L2__C4_D4__r02_s28102,scene_rotate_v01,ROTATE,C4,D4,28102,12,88,0,0.0,DOES_NOT_INTERFERE,INTERFERES,False,True,False
v1__scene_rotate_v01__L2__C4_D4__r02_s28102,scene_rotate_v01,ROTATE,C4,D4,28102,12,95,1780,0.190150625,INTERFERES,INTERFERES,True,True,True
v1__scene_rotate_v01__L2__C4_D4__r03_s28103,scene_rotate_v01,ROTATE,C4,D4,28103,12,41,0,0.0,DOES_NOT_INTERFERE,INTERFERES,False,True,False
v1__scene_rotate_v01__L2__C4_D4__r03_s28103,scene_rotate_v01,ROTATE,C4,D4,28103,12,54,0,0.0,DOES_NOT_INTERFERE,INTERFERES,False,True,False
v1__scene_rotate_v01__L2__C4_D4__r03_s28103,scene_rotate_v01,ROTATE,C4,D4,28103,12,88,0,0.0,DOES_NOT_INTERFERE,INTERFERES,False,True,False
v1__scene_rotate_v01__L2__C4_D4__r03_s28103,scene_rotate_v01,ROTATE,C4,D4,28103,12,95,1780,0.190150625,INTERFERES,INTERFERES,True,True,True
v1__scene_rotate_v01__L2__C4_D4__r04_s28104,scene_rotate_v01,ROTATE,C4,D4,28104,12,41,0,0.0,DOES_NOT_INTERFERE,INTERFERES,False,True,False
v1__scene_rotate_v01__L2__C4_D4__r04_s28104,scene_rotate_v01,ROTATE,C4,D4,28104,12,54,0,0.0,DOES_NOT_INTERFERE,INTERFERES,False,True,False
v1__scene_rotate_v01__L2__C4_D4__r04_s28104,scene_rotate_v01,ROTATE,C4,D4,28104,12,88,0,0.0,DOES_NOT_INTERFERE,INTERFERES,False,True,False
v1__scene_rotate_v01__L2__C4_D4__r04_s28104,scene_rotate_v01,ROTATE,C4,D4,28104,12,95,1780,0.190150625,INTERFERES,INTERFERES,True,True,True
v1__scene_rotate_v01__L2__C4_D4__r05_s28105,scene_rotate_v01,ROTATE,C4,D4,28105,12,41,0,0.0,DOES_NOT_INTERFERE,INTERFERES,False,True,False
v1__scene_rotate_v01__L2__C4_D4__r05_s28105,scene_rotate_v01,ROTATE,C4,D4,28105,12,54,0,0.0,DOES_NOT_INTERFERE,INTERFERES,False,True,False
v1__scene_rotate_v01__L2__C4_D4__r05_s28105,scene_rotate_v01,ROTATE,C4,D4,28105,12,88,0,0.0,DOES_NOT_INTERFERE,INTERFERES,False,True,False
v1__scene_rotate_v01__L2__C4_D4__r05_s28105,scene_rotate_v01,ROTATE,C4,D4,28105,12,95,1780,0.190150625,INTERFERES,INTERFERES,True,True,True
v1__scene_rotate_v01__L2__C4_D8__r01_s28101,scene_rotate_v01,ROTATE,C4,D8,28101,12,41,0,0.0,DOES_NOT_INTERFERE,INTERFERES,False,True,False
v1__scene_rotate_v01__L2__C4_D8__r01_s28101,scene_rotate_v01,ROTATE,C4,D8,28101,12,54,0,0.0,DOES_NOT_INTERFERE,INTERFERES,False,True,False
v1__scene_rotate_v01__L2__C4_D8__r01_s28101,scene_rotate_v01,ROTATE,C4,D8,28101,12,88,0,0.0,DOES_NOT_INTERFERE,INTERFERES,False,True,False
v1__scene_rotate_v01__L2__C4_D8__r01_s28101,scene_rotate_v01,ROTATE,C4,D8,28101,12,95,1780,0.190150625,INTERFERES,INTERFERES,True,True,True
v1__scene_rotate_v01__L2__C4_D8__r02_s28102,scene_rotate_v01,ROTATE,C4,D8,28102,12,41,0,0.0,DOES_NOT_INTERFERE,INTERFERES,False,True,False
v1__scene_rotate_v01__L2__C4_D8__r02_s28102,scene_rotate_v01,ROTATE,C4,D8,28102,12,54,0,0.0,DOES_NOT_INTERFERE,INTERFERES,False,True,False
v1__scene_rotate_v01__L2__C4_D8__r02_s28102,scene_rotate_v01,ROTATE,C4,D8,28102,12,88,0,0.0,DOES_NOT_INTERFERE,INTERFERES,False,True,False
v1__scene_rotate_v01__L2__C4_D8__r02_s28102,scene_rotate_v01,ROTATE,C4,D8,28102,12,95,1780,0.190150625,INTERFERES,INTERFERES,True,True,True
v1__scene_rotate_v01__L2__C4_D8__r03_s28103,scene_rotate_v01,ROTATE,C4,D8,28103,12,41,0,0.0,DOES_NOT_INTERFERE,INTERFERES,False,True,False
v1__scene_rotate_v01__L2__C4_D8__r03_s28103,scene_rotate_v01,ROTATE,C4,D8,28103,12,54,0,0.0,DOES_NOT_INTERFERE,INTERFERES,False,True,False
v1__scene_rotate_v01__L2__C4_D8__r03_s28103,scene_rotate_v01,ROTATE,C4,D8,28103,12,88,0,0.0,DOES_NOT_INTERFERE,INTERFERES,False,True,False
v1__scene_rotate_v01__L2__C4_D8__r03_s28103,scene_rotate_v01,ROTATE,C4,D8,28103,12,95,1780,0.190150625,INTERFERES,INTERFERES,True,True,True
v1__scene_rotate_v01__L2__C4_D8__r04_s28104,scene_rotate_v01,ROTATE,C4,D8,28104,12,41,0,0.0,DOES_NOT_INTERFERE,INTERFERES,False,True,False
v1__scene_rotate_v01__L2__C4_D8__r04_s28104,scene_rotate_v01,ROTATE,C4,D8,28104,12,54,0,0.0,DOES_NOT_INTERFERE,INTERFERES,False,True,False
v1__scene_rotate_v01__L2__C4_D8__r04_s28104,scene_rotate_v01,ROTATE,C4,D8,28104,12,88,0,0.0,DOES_NOT_INTERFERE,INTERFERES,False,True,False
v1__scene_rotate_v01__L2__C4_D8__r04_s28104,scene_rotate_v01,ROTATE,C4,D8,28104,12,95,1780,0.190150625,INTERFERES,INTERFERES,True,True,True
v1__scene_rotate_v01__L2__C4_D8__r05_s28105,scene_rotate_v01,ROTATE,C4,D8,28105,12,41,0,0.0,DOES_NOT_INTERFERE,INTERFERES,False,True,False
v1__scene_rotate_v01__L2__C4_D8__r05_s28105,scene_rotate_v01,ROTATE,C4,D8,28105,12,54,0,0.0,DOES_NOT_INTERFERE,INTERFERES,False,True,False
v1__scene_rotate_v01__L2__C4_D8__r05_s28105,scene_rotate_v01,ROTATE,C4,D8,28105,12,88,0,0.0,DOES_NOT_INTERFERE,INTERFERES,False,True,False
v1__scene_rotate_v01__L2__C4_D8__r05_s28105,scene_rotate_v01,ROTATE,C4,D8,28105,12,95,1780,0.190150625,INTERFERES,INTERFERES,True,True,True
v1__scene_rotate_v01__L2__C5_D4__r01_s28101,scene_rotate_v01,ROTATE,C5,D4,28101,12,41,0,0.0,DOES_NOT_INTERFERE,INTERFERES,False,True,False
v1__scene_rotate_v01__L2__C5_D4__r01_s28101,scene_rotate_v01,ROTATE,C5,D4,28101,12,54,0,0.0,DOES_NOT_INTERFERE,INTERFERES,False,True,False
v1__scene_rotate_v01__L2__C5_D4__r01_s28101,scene_rotate_v01,ROTATE,C5,D4,28101,12,88,0,0.0,DOES_NOT_INTERFERE,INTERFERES,False,True,False
v1__scene_rotate_v01__L2__C5_D4__r01_s28101,scene_rotate_v01,ROTATE,C5,D4,28101,12,95,1780,0.190150625,INTERFERES,INTERFERES,True,True,True
v1__scene_rotate_v01__L2__C5_D4__r02_s28102,scene_rotate_v01,ROTATE,C5,D4,28102,12,41,0,0.0,DOES_NOT_INTERFERE,INTERFERES,False,True,False
v1__scene_rotate_v01__L2__C5_D4__r02_s28102,scene_rotate_v01,ROTATE,C5,D4,28102,12,54,0,0.0,DOES_NOT_INTERFERE,INTERFERES,False,True,False
v1__scene_rotate_v01__L2__C5_D4__r02_s28102,scene_rotate_v01,ROTATE,C5,D4,28102,12,88,0,0.0,DOES_NOT_INTERFERE,INTERFERES,False,True,False
v1__scene_rotate_v01__L2__C5_D4__r02_s28102,scene_rotate_v01,ROTATE,C5,D4,28102,12,95,1780,0.190150625,INTERFERES,INTERFERES,True,True,True
v1__scene_rotate_v01__L2__C5_D4__r03_s28103,scene_rotate_v01,ROTATE,C5,D4,28103,12,41,0,0.0,DOES_NOT_INTERFERE,INTERFERES,False,True,False
v1__scene_rotate_v01__L2__C5_D4__r03_s28103,scene_rotate_v01,ROTATE,C5,D4,28103,12,54,0,0.0,DOES_NOT_INTERFERE,INTERFERES,False,True,False
v1__scene_rotate_v01__L2__C5_D4__r03_s28103,scene_rotate_v01,ROTATE,C5,D4,28103,12,88,0,0.0,DOES_NOT_INTERFERE,INTERFERES,False,True,False
v1__scene_rotate_v01__L2__C5_D4__r03_s28103,scene_rotate_v01,ROTATE,C5,D4,28103,12,95,1780,0.190150625,INTERFERES,INTERFERES,True,True,True
v1__scene_rotate_v01__L2__C5_D4__r04_s28104,scene_rotate_v01,ROTATE,C5,D4,28104,12,41,0,0.0,DOES_NOT_INTERFERE,INTERFERES,False,True,False
v1__scene_rotate_v01__L2__C5_D4__r04_s28104,scene_rotate_v01,ROTATE,C5,D4,28104,12,54,0,0.0,DOES_NOT_INTERFERE,INTERFERES,False,True,False
v1__scene_rotate_v01__L2__C5_D4__r04_s28104,scene_rotate_v01,ROTATE,C5,D4,28104,12,88,0,0.0,DOES_NOT_INTERFERE,INTERFERES,False,True,False
v1__scene_rotate_v01__L2__C5_D4__r04_s28104,scene_rotate_v01,ROTATE,C5,D4,28104,12,95,1780,0.190150625,INTERFERES,INTERFERES,True,True,True
v1__scene_rotate_v01__L2__C5_D4__r05_s28105,scene_rotate_v01,ROTATE,C5,D4,28105,12,41,0,0.0,DOES_NOT_INTERFERE,INTERFERES,False,True,False
v1__scene_rotate_v01__L2__C5_D4__r05_s28105,scene_rotate_v01,ROTATE,C5,D4,28105,12,54,0,0.0,DOES_NOT_INTERFERE,INTERFERES,False,True,False
v1__scene_rotate_v01__L2__C5_D4__r05_s28105,scene_rotate_v01,ROTATE,C5,D4,28105,12,88,0,0.0,DOES_NOT_INTERFERE,INTERFERES,False,True,False
v1__scene_rotate_v01__L2__C5_D4__r05_s28105,scene_rotate_v01,ROTATE,C5,D4,28105,12,95,1780,0.190150625,INTERFERES,INTERFERES,True,True,True
v1__scene_rotate_v01__L2__C5_D8__r01_s28101,scene_rotate_v01,ROTATE,C5,D8,28101,12,41,0,0.0,DOES_NOT_INTERFERE,INTERFERES,False,True,False
v1__scene_rotate_v01__L2__C5_D8__r01_s28101,scene_rotate_v01,ROTATE,C5,D8,28101,12,54,0,0.0,DOES_NOT_INTERFERE,INTERFERES,False,True,False
v1__scene_rotate_v01__L2__C5_D8__r01_s28101,scene_rotate_v01,ROTATE,C5,D8,28101,12,88,0,0.0,DOES_NOT_INTERFERE,INTERFERES,False,True,False
v1__scene_rotate_v01__L2__C5_D8__r01_s28101,scene_rotate_v01,ROTATE,C5,D8,28101,12,95,1780,0.190150625,INTERFERES,INTERFERES,True,True,True
v1__scene_rotate_v01__L2__C5_D8__r02_s28102,scene_rotate_v01,ROTATE,C5,D8,28102,12,41,0,0.0,DOES_NOT_INTERFERE,INTERFERES,False,True,False
v1__scene_rotate_v01__L2__C5_D8__r02_s28102,scene_rotate_v01,ROTATE,C5,D8,28102,12,54,0,0.0,DOES_NOT_INTERFERE,INTERFERES,False,True,False
v1__scene_rotate_v01__L2__C5_D8__r02_s28102,scene_rotate_v01,ROTATE,C5,D8,28102,12,88,0,0.0,DOES_NOT_INTERFERE,INTERFERES,False,True,False
v1__scene_rotate_v01__L2__C5_D8__r02_s28102,scene_rotate_v01,ROTATE,C5,D8,28102,12,95,1780,0.190150625,INTERFERES,INTERFERES,True,True,True
v1__scene_rotate_v01__L2__C5_D8__r03_s28103,scene_rotate_v01,ROTATE,C5,D8,28103,12,41,0,0.0,DOES_NOT_INTERFERE,INTERFERES,False,True,False
v1__scene_rotate_v01__L2__C5_D8__r03_s28103,scene_rotate_v01,ROTATE,C5,D8,28103,12,54,0,0.0,DOES_NOT_INTERFERE,INTERFERES,False,True,False
v1__scene_rotate_v01__L2__C5_D8__r03_s28103,scene_rotate_v01,ROTATE,C5,D8,28103,12,88,0,0.0,DOES_NOT_INTERFERE,INTERFERES,False,True,False
v1__scene_rotate_v01__L2__C5_D8__r03_s28103,scene_rotate_v01,ROTATE,C5,D8,28103,12,95,1780,0.190150625,INTERFERES,INTERFERES,True,True,True
v1__scene_rotate_v01__L2__C5_D8__r04_s28104,scene_rotate_v01,ROTATE,C5,D8,28104,12,41,0,0.0,DOES_NOT_INTERFERE,INTERFERES,False,True,False
v1__scene_rotate_v01__L2__C5_D8__r04_s28104,scene_rotate_v01,ROTATE,C5,D8,28104,12,54,0,0.0,DOES_NOT_INTERFERE,INTERFERES,False,True,False
v1__scene_rotate_v01__L2__C5_D8__r04_s28104,scene_rotate_v01,ROTATE,C5,D8,28104,12,88,0,0.0,DOES_NOT_INTERFERE,INTERFERES,False,True,False
v1__scene_rotate_v01__L2__C5_D8__r04_s28104,scene_rotate_v01,ROTATE,C5,D8,28104,12,95,1780,0.190150625,INTERFERES,INTERFERES,True,True,True
v1__scene_rotate_v01__L2__C5_D8__r05_s28105,scene_rotate_v01,ROTATE,C5,D8,28105,12,41,0,0.0,DOES_NOT_INTERFERE,INTERFERES,False,True,False
v1__scene_rotate_v01__L2__C5_D8__r05_s28105,scene_rotate_v01,ROTATE,C5,D8,28105,12,54,0,0.0,DOES_NOT_INTERFERE,INTERFERES,False,True,False
v1__scene_rotate_v01__L2__C5_D8__r05_s28105,scene_rotate_v01,ROTATE,C5,D8,28105,12,88,0,0.0,DOES_NOT_INTERFERE,INTERFERES,False,True,False
v1__scene_rotate_v01__L2__C5_D8__r05_s28105,scene_rotate_v01,ROTATE,C5,D8,28105,12,95,1780,0.190150625,INTERFERES,INTERFERES,True,True,True
v1__scene_rotate_v01__L2__C6_D4__r01_s28101,scene_rotate_v01,ROTATE,C6,D4,28101,12,41,0,0.0,DOES_NOT_INTERFERE,INTERFERES,False,True,False
v1__scene_rotate_v01__L2__C6_D4__r01_s28101,scene_rotate_v01,ROTATE,C6,D4,28101,12,54,0,0.0,DOES_NOT_INTERFERE,INTERFERES,False,True,False
v1__scene_rotate_v01__L2__C6_D4__r01_s28101,scene_rotate_v01,ROTATE,C6,D4,28101,12,88,0,0.0,DOES_NOT_INTERFERE,INTERFERES,False,True,False
v1__scene_rotate_v01__L2__C6_D4__r01_s28101,scene_rotate_v01,ROTATE,C6,D4,28101,12,95,1780,0.190150625,INTERFERES,INTERFERES,True,True,True
v1__scene_rotate_v01__L2__C6_D4__r02_s28102,scene_rotate_v01,ROTATE,C6,D4,28102,12,41,0,0.0,DOES_NOT_INTERFERE,INTERFERES,False,True,False
v1__scene_rotate_v01__L2__C6_D4__r02_s28102,scene_rotate_v01,ROTATE,C6,D4,28102,12,54,0,0.0,DOES_NOT_INTERFERE,INTERFERES,False,True,False
v1__scene_rotate_v01__L2__C6_D4__r02_s28102,scene_rotate_v01,ROTATE,C6,D4,28102,12,88,0,0.0,DOES_NOT_INTERFERE,INTERFERES,False,True,False
v1__scene_rotate_v01__L2__C6_D4__r02_s28102,scene_rotate_v01,ROTATE,C6,D4,28102,12,95,1780,0.190150625,INTERFERES,INTERFERES,True,True,True
v1__scene_rotate_v01__L2__C6_D4__r03_s28103,scene_rotate_v01,ROTATE,C6,D4,28103,12,41,0,0.0,DOES_NOT_INTERFERE,INTERFERES,False,True,False
v1__scene_rotate_v01__L2__C6_D4__r03_s28103,scene_rotate_v01,ROTATE,C6,D4,28103,12,54,0,0.0,DOES_NOT_INTERFERE,INTERFERES,False,True,False
v1__scene_rotate_v01__L2__C6_D4__r03_s28103,scene_rotate_v01,ROTATE,C6,D4,28103,12,88,0,0.0,DOES_NOT_INTERFERE,INTERFERES,False,True,False
v1__scene_rotate_v01__L2__C6_D4__r03_s28103,scene_rotate_v01,ROTATE,C6,D4,28103,12,95,1780,0.190150625,INTERFERES,INTERFERES,True,True,True
v1__scene_rotate_v01__L2__C6_D4__r04_s28104,scene_rotate_v01,ROTATE,C6,D4,28104,12,41,0,0.0,DOES_NOT_INTERFERE,INTERFERES,False,True,False
v1__scene_rotate_v01__L2__C6_D4__r04_s28104,scene_rotate_v01,ROTATE,C6,D4,28104,12,54,0,0.0,DOES_NOT_INTERFERE,INTERFERES,False,True,False
v1__scene_rotate_v01__L2__C6_D4__r04_s28104,scene_rotate_v01,ROTATE,C6,D4,28104,12,88,0,0.0,DOES_NOT_INTERFERE,INTERFERES,False,True,False
v1__scene_rotate_v01__L2__C6_D4__r04_s28104,scene_rotate_v01,ROTATE,C6,D4,28104,12,95,1780,0.190150625,INTERFERES,INTERFERES,True,True,True
v1__scene_rotate_v01__L2__C6_D4__r05_s28105,scene_rotate_v01,ROTATE,C6,D4,28105,12,41,0,0.0,DOES_NOT_INTERFERE,INTERFERES,False,True,False
v1__scene_rotate_v01__L2__C6_D4__r05_s28105,scene_rotate_v01,ROTATE,C6,D4,28105,12,54,0,0.0,DOES_NOT_INTERFERE,INTERFERES,False,True,False
v1__scene_rotate_v01__L2__C6_D4__r05_s28105,scene_rotate_v01,ROTATE,C6,D4,28105,12,88,0,0.0,DOES_NOT_INTERFERE,INTERFERES,False,True,False
v1__scene_rotate_v01__L2__C6_D4__r05_s28105,scene_rotate_v01,ROTATE,C6,D4,28105,12,95,1780,0.190150625,INTERFERES,INTERFERES,True,True,True
v1__scene_rotate_v01__L2__C6_D8__r01_s28101,scene_rotate_v01,ROTATE,C6,D8,28101,12,41,0,0.0,DOES_NOT_INTERFERE,INTERFERES,False,True,False
v1__scene_rotate_v01__L2__C6_D8__r01_s28101,scene_rotate_v01,ROTATE,C6,D8,28101,12,54,0,0.0,DOES_NOT_INTERFERE,INTERFERES,False,True,False
v1__scene_rotate_v01__L2__C6_D8__r01_s28101,scene_rotate_v01,ROTATE,C6,D8,28101,12,88,0,0.0,DOES_NOT_INTERFERE,INTERFERES,False,True,False
v1__scene_rotate_v01__L2__C6_D8__r01_s28101,scene_rotate_v01,ROTATE,C6,D8,28101,12,95,1780,0.190150625,INTERFERES,INTERFERES,True,True,True
v1__scene_rotate_v01__L2__C6_D8__r02_s28102,scene_rotate_v01,ROTATE,C6,D8,28102,12,41,0,0.0,DOES_NOT_INTERFERE,INTERFERES,False,True,False
v1__scene_rotate_v01__L2__C6_D8__r02_s28102,scene_rotate_v01,ROTATE,C6,D8,28102,12,54,0,0.0,DOES_NOT_INTERFERE,INTERFERES,False,True,False
v1__scene_rotate_v01__L2__C6_D8__r02_s28102,scene_rotate_v01,ROTATE,C6,D8,28102,12,88,0,0.0,DOES_NOT_INTERFERE,INTERFERES,False,True,False
v1__scene_rotate_v01__L2__C6_D8__r02_s28102,scene_rotate_v01,ROTATE,C6,D8,28102,12,95,1780,0.190150625,INTERFERES,INTERFERES,True,True,True
v1__scene_rotate_v01__L2__C6_D8__r03_s28103,scene_rotate_v01,ROTATE,C6,D8,28103,12,41,0,0.0,DOES_NOT_INTERFERE,INTERFERES,False,True,False
v1__scene_rotate_v01__L2__C6_D8__r03_s28103,scene_rotate_v01,ROTATE,C6,D8,28103,12,54,0,0.0,DOES_NOT_INTERFERE,INTERFERES,False,True,False
v1__scene_rotate_v01__L2__C6_D8__r03_s28103,scene_rotate_v01,ROTATE,C6,D8,28103,12,88,0,0.0,DOES_NOT_INTERFERE,INTERFERES,False,True,False
v1__scene_rotate_v01__L2__C6_D8__r03_s28103,scene_rotate_v01,ROTATE,C6,D8,28103,12,95,1780,0.190150625,INTERFERES,INTERFERES,True,True,True
v1__scene_rotate_v01__L2__C6_D8__r04_s28104,scene_rotate_v01,ROTATE,C6,D8,28104,12,41,0,0.0,DOES_NOT_INTERFERE,INTERFERES,False,True,False
v1__scene_rotate_v01__L2__C6_D8__r04_s28104,scene_rotate_v01,ROTATE,C6,D8,28104,12,54,0,0.0,DOES_NOT_INTERFERE,INTERFERES,False,True,False
v1__scene_rotate_v01__L2__C6_D8__r04_s28104,scene_rotate_v01,ROTATE,C6,D8,28104,12,88,0,0.0,DOES_NOT_INTERFERE,INTERFERES,False,True,False
v1__scene_rotate_v01__L2__C6_D8__r04_s28104,scene_rotate_v01,ROTATE,C6,D8,28104,12,95,1780,0.190150625,INTERFERES,INTERFERES,True,True,True
v1__scene_rotate_v01__L2__C6_D8__r05_s28105,scene_rotate_v01,ROTATE,C6,D8,28105,12,41,0,0.0,DOES_NOT_INTERFERE,INTERFERES,False,True,False
v1__scene_rotate_v01__L2__C6_D8__r05_s28105,scene_rotate_v01,ROTATE,C6,D8,28105,12,54,0,0.0,DOES_NOT_INTERFERE,INTERFERES,False,True,False
v1__scene_rotate_v01__L2__C6_D8__r05_s28105,scene_rotate_v01,ROTATE,C6,D8,28105,12,88,0,0.0,DOES_NOT_INTERFERE,INTERFERES,False,True,False
v1__scene_rotate_v01__L2__C6_D8__r05_s28105,scene_rotate_v01,ROTATE,C6,D8,28105,12,95,1780,0.190150625,INTERFERES,INTERFERES,True,True,True
v1__scene_rotate_v02__L2__C0_NA__r01_s28101,scene_rotate_v02,ROTATE,C0,,28101,38,29,0,0.0,DOES_NOT_INTERFERE,DOES_NOT_INTERFERE,False,False,True
v1__scene_rotate_v02__L2__C0_NA__r01_s28101,scene_rotate_v02,ROTATE,C0,,28101,38,44,0,0.0,DOES_NOT_INTERFERE,DOES_NOT_INTERFERE,False,False,True
v1__scene_rotate_v02__L2__C0_NA__r01_s28101,scene_rotate_v02,ROTATE,C0,,28101,38,50,3147,0.34054756,INTERFERES,INTERFERES,True,True,True
v1__scene_rotate_v02__L2__C0_NA__r01_s28101,scene_rotate_v02,ROTATE,C0,,28101,38,74,0,0.0,DOES_NOT_INTERFERE,DOES_NOT_INTERFERE,False,False,True
v1__scene_rotate_v02__L2__C0_NA__r02_s28102,scene_rotate_v02,ROTATE,C0,,28102,38,29,0,0.0,DOES_NOT_INTERFERE,DOES_NOT_INTERFERE,False,False,True
v1__scene_rotate_v02__L2__C0_NA__r02_s28102,scene_rotate_v02,ROTATE,C0,,28102,38,44,0,0.0,DOES_NOT_INTERFERE,DOES_NOT_INTERFERE,False,False,True
v1__scene_rotate_v02__L2__C0_NA__r02_s28102,scene_rotate_v02,ROTATE,C0,,28102,38,50,3147,0.34054756,INTERFERES,INTERFERES,True,True,True
v1__scene_rotate_v02__L2__C0_NA__r02_s28102,scene_rotate_v02,ROTATE,C0,,28102,38,74,0,0.0,DOES_NOT_INTERFERE,DOES_NOT_INTERFERE,False,False,True
v1__scene_rotate_v02__L2__C0_NA__r03_s28103,scene_rotate_v02,ROTATE,C0,,28103,38,29,0,0.0,DOES_NOT_INTERFERE,DOES_NOT_INTERFERE,False,False,True
v1__scene_rotate_v02__L2__C0_NA__r03_s28103,scene_rotate_v02,ROTATE,C0,,28103,38,44,0,0.0,DOES_NOT_INTERFERE,DOES_NOT_INTERFERE,False,False,True
v1__scene_rotate_v02__L2__C0_NA__r03_s28103,scene_rotate_v02,ROTATE,C0,,28103,38,50,3147,0.34054756,INTERFERES,INTERFERES,True,True,True
v1__scene_rotate_v02__L2__C0_NA__r03_s28103,scene_rotate_v02,ROTATE,C0,,28103,38,74,0,0.0,DOES_NOT_INTERFERE,DOES_NOT_INTERFERE,False,False,True
v1__scene_rotate_v02__L2__C0_NA__r04_s28104,scene_rotate_v02,ROTATE,C0,,28104,38,29,0,0.0,DOES_NOT_INTERFERE,INTERFERES,False,True,False
v1__scene_rotate_v02__L2__C0_NA__r04_s28104,scene_rotate_v02,ROTATE,C0,,28104,38,44,0,0.0,DOES_NOT_INTERFERE,INTERFERES,False,True,False
v1__scene_rotate_v02__L2__C0_NA__r04_s28104,scene_rotate_v02,ROTATE,C0,,28104,38,50,3147,0.34054756,INTERFERES,INTERFERES,True,True,True
v1__scene_rotate_v02__L2__C0_NA__r04_s28104,scene_rotate_v02,ROTATE,C0,,28104,38,74,0,0.0,DOES_NOT_INTERFERE,INTERFERES,False,True,False
v1__scene_rotate_v02__L2__C0_NA__r05_s28105,scene_rotate_v02,ROTATE,C0,,28105,38,29,0,0.0,DOES_NOT_INTERFERE,DOES_NOT_INTERFERE,False,False,True
v1__scene_rotate_v02__L2__C0_NA__r05_s28105,scene_rotate_v02,ROTATE,C0,,28105,38,44,0,0.0,DOES_NOT_INTERFERE,DOES_NOT_INTERFERE,False,False,True
v1__scene_rotate_v02__L2__C0_NA__r05_s28105,scene_rotate_v02,ROTATE,C0,,28105,38,50,3147,0.34054756,INTERFERES,INTERFERES,True,True,True
v1__scene_rotate_v02__L2__C0_NA__r05_s28105,scene_rotate_v02,ROTATE,C0,,28105,38,74,0,0.0,DOES_NOT_INTERFERE,DOES_NOT_INTERFERE,False,False,True
v1__scene_rotate_v02__L2__C1_NA__r01_s28101,scene_rotate_v02,ROTATE,C1,,28101,38,29,0,0.0,DOES_NOT_INTERFERE,DOES_NOT_INTERFERE,False,False,True
v1__scene_rotate_v02__L2__C1_NA__r01_s28101,scene_rotate_v02,ROTATE,C1,,28101,38,44,0,0.0,DOES_NOT_INTERFERE,DOES_NOT_INTERFERE,False,False,True
v1__scene_rotate_v02__L2__C1_NA__r01_s28101,scene_rotate_v02,ROTATE,C1,,28101,38,50,3147,0.34054756,INTERFERES,DOES_NOT_INTERFERE,True,False,False
v1__scene_rotate_v02__L2__C1_NA__r01_s28101,scene_rotate_v02,ROTATE,C1,,28101,38,74,0,0.0,DOES_NOT_INTERFERE,DOES_NOT_INTERFERE,False,False,True
v1__scene_rotate_v02__L2__C1_NA__r02_s28102,scene_rotate_v02,ROTATE,C1,,28102,38,29,0,0.0,DOES_NOT_INTERFERE,DOES_NOT_INTERFERE,False,False,True
v1__scene_rotate_v02__L2__C1_NA__r02_s28102,scene_rotate_v02,ROTATE,C1,,28102,38,44,0,0.0,DOES_NOT_INTERFERE,DOES_NOT_INTERFERE,False,False,True
v1__scene_rotate_v02__L2__C1_NA__r02_s28102,scene_rotate_v02,ROTATE,C1,,28102,38,50,3147,0.34054756,INTERFERES,DOES_NOT_INTERFERE,True,False,False
v1__scene_rotate_v02__L2__C1_NA__r02_s28102,scene_rotate_v02,ROTATE,C1,,28102,38,74,0,0.0,DOES_NOT_INTERFERE,DOES_NOT_INTERFERE,False,False,True
v1__scene_rotate_v02__L2__C1_NA__r03_s28103,scene_rotate_v02,ROTATE,C1,,28103,38,29,0,0.0,DOES_NOT_INTERFERE,DOES_NOT_INTERFERE,False,False,True
v1__scene_rotate_v02__L2__C1_NA__r03_s28103,scene_rotate_v02,ROTATE,C1,,28103,38,44,0,0.0,DOES_NOT_INTERFERE,DOES_NOT_INTERFERE,False,False,True
v1__scene_rotate_v02__L2__C1_NA__r03_s28103,scene_rotate_v02,ROTATE,C1,,28103,38,50,3147,0.34054756,INTERFERES,DOES_NOT_INTERFERE,True,False,False
v1__scene_rotate_v02__L2__C1_NA__r03_s28103,scene_rotate_v02,ROTATE,C1,,28103,38,74,0,0.0,DOES_NOT_INTERFERE,DOES_NOT_INTERFERE,False,False,True
v1__scene_rotate_v02__L2__C1_NA__r04_s28104,scene_rotate_v02,ROTATE,C1,,28104,38,29,0,0.0,DOES_NOT_INTERFERE,DOES_NOT_INTERFERE,False,False,True
v1__scene_rotate_v02__L2__C1_NA__r04_s28104,scene_rotate_v02,ROTATE,C1,,28104,38,44,0,0.0,DOES_NOT_INTERFERE,DOES_NOT_INTERFERE,False,False,True
v1__scene_rotate_v02__L2__C1_NA__r04_s28104,scene_rotate_v02,ROTATE,C1,,28104,38,50,3147,0.34054756,INTERFERES,DOES_NOT_INTERFERE,True,False,False
v1__scene_rotate_v02__L2__C1_NA__r04_s28104,scene_rotate_v02,ROTATE,C1,,28104,38,74,0,0.0,DOES_NOT_INTERFERE,DOES_NOT_INTERFERE,False,False,True
v1__scene_rotate_v02__L2__C1_NA__r05_s28105,scene_rotate_v02,ROTATE,C1,,28105,38,29,0,0.0,DOES_NOT_INTERFERE,DOES_NOT_INTERFERE,False,False,True
v1__scene_rotate_v02__L2__C1_NA__r05_s28105,scene_rotate_v02,ROTATE,C1,,28105,38,44,0,0.0,DOES_NOT_INTERFERE,DOES_NOT_INTERFERE,False,False,True
v1__scene_rotate_v02__L2__C1_NA__r05_s28105,scene_rotate_v02,ROTATE,C1,,28105,38,50,3147,0.34054756,INTERFERES,DOES_NOT_INTERFERE,True,False,False
v1__scene_rotate_v02__L2__C1_NA__r05_s28105,scene_rotate_v02,ROTATE,C1,,28105,38,74,0,0.0,DOES_NOT_INTERFERE,DOES_NOT_INTERFERE,False,False,True
v1__scene_rotate_v02__L2__C2_D4__r01_s28101,scene_rotate_v02,ROTATE,C2,D4,28101,38,29,0,0.0,DOES_NOT_INTERFERE,INTERFERES,False,True,False
v1__scene_rotate_v02__L2__C2_D4__r01_s28101,scene_rotate_v02,ROTATE,C2,D4,28101,38,44,0,0.0,DOES_NOT_INTERFERE,INTERFERES,False,True,False
v1__scene_rotate_v02__L2__C2_D4__r01_s28101,scene_rotate_v02,ROTATE,C2,D4,28101,38,50,3147,0.34054756,INTERFERES,INTERFERES,True,True,True
v1__scene_rotate_v02__L2__C2_D4__r01_s28101,scene_rotate_v02,ROTATE,C2,D4,28101,38,74,0,0.0,DOES_NOT_INTERFERE,INTERFERES,False,True,False
v1__scene_rotate_v02__L2__C2_D4__r02_s28102,scene_rotate_v02,ROTATE,C2,D4,28102,38,29,0,0.0,DOES_NOT_INTERFERE,INTERFERES,False,True,False
v1__scene_rotate_v02__L2__C2_D4__r02_s28102,scene_rotate_v02,ROTATE,C2,D4,28102,38,44,0,0.0,DOES_NOT_INTERFERE,INTERFERES,False,True,False
v1__scene_rotate_v02__L2__C2_D4__r02_s28102,scene_rotate_v02,ROTATE,C2,D4,28102,38,50,3147,0.34054756,INTERFERES,INTERFERES,True,True,True
v1__scene_rotate_v02__L2__C2_D4__r02_s28102,scene_rotate_v02,ROTATE,C2,D4,28102,38,74,0,0.0,DOES_NOT_INTERFERE,INTERFERES,False,True,False
v1__scene_rotate_v02__L2__C2_D4__r03_s28103,scene_rotate_v02,ROTATE,C2,D4,28103,38,29,0,0.0,DOES_NOT_INTERFERE,INTERFERES,False,True,False
v1__scene_rotate_v02__L2__C2_D4__r03_s28103,scene_rotate_v02,ROTATE,C2,D4,28103,38,44,0,0.0,DOES_NOT_INTERFERE,INTERFERES,False,True,False
v1__scene_rotate_v02__L2__C2_D4__r03_s28103,scene_rotate_v02,ROTATE,C2,D4,28103,38,50,3147,0.34054756,INTERFERES,INTERFERES,True,True,True
v1__scene_rotate_v02__L2__C2_D4__r03_s28103,scene_rotate_v02,ROTATE,C2,D4,28103,38,74,0,0.0,DOES_NOT_INTERFERE,INTERFERES,False,True,False
v1__scene_rotate_v02__L2__C2_D4__r04_s28104,scene_rotate_v02,ROTATE,C2,D4,28104,38,29,0,0.0,DOES_NOT_INTERFERE,INTERFERES,False,True,False
v1__scene_rotate_v02__L2__C2_D4__r04_s28104,scene_rotate_v02,ROTATE,C2,D4,28104,38,44,0,0.0,DOES_NOT_INTERFERE,INTERFERES,False,True,False
v1__scene_rotate_v02__L2__C2_D4__r04_s28104,scene_rotate_v02,ROTATE,C2,D4,28104,38,50,3147,0.34054756,INTERFERES,INTERFERES,True,True,True
v1__scene_rotate_v02__L2__C2_D4__r04_s28104,scene_rotate_v02,ROTATE,C2,D4,28104,38,74,0,0.0,DOES_NOT_INTERFERE,INTERFERES,False,True,False
v1__scene_rotate_v02__L2__C2_D4__r05_s28105,scene_rotate_v02,ROTATE,C2,D4,28105,38,29,0,0.0,DOES_NOT_INTERFERE,INTERFERES,False,True,False
v1__scene_rotate_v02__L2__C2_D4__r05_s28105,scene_rotate_v02,ROTATE,C2,D4,28105,38,44,0,0.0,DOES_NOT_INTERFERE,INTERFERES,False,True,False
v1__scene_rotate_v02__L2__C2_D4__r05_s28105,scene_rotate_v02,ROTATE,C2,D4,28105,38,50,3147,0.34054756,INTERFERES,INTERFERES,True,True,True
v1__scene_rotate_v02__L2__C2_D4__r05_s28105,scene_rotate_v02,ROTATE,C2,D4,28105,38,74,0,0.0,DOES_NOT_INTERFERE,INTERFERES,False,True,False
v1__scene_rotate_v02__L2__C2_D8__r01_s28101,scene_rotate_v02,ROTATE,C2,D8,28101,38,29,0,0.0,DOES_NOT_INTERFERE,INTERFERES,False,True,False
v1__scene_rotate_v02__L2__C2_D8__r01_s28101,scene_rotate_v02,ROTATE,C2,D8,28101,38,44,0,0.0,DOES_NOT_INTERFERE,DOES_NOT_INTERFERE,False,False,True
v1__scene_rotate_v02__L2__C2_D8__r01_s28101,scene_rotate_v02,ROTATE,C2,D8,28101,38,50,3147,0.34054756,INTERFERES,INTERFERES,True,True,True
v1__scene_rotate_v02__L2__C2_D8__r01_s28101,scene_rotate_v02,ROTATE,C2,D8,28101,38,74,0,0.0,DOES_NOT_INTERFERE,DOES_NOT_INTERFERE,False,False,True
v1__scene_rotate_v02__L2__C2_D8__r02_s28102,scene_rotate_v02,ROTATE,C2,D8,28102,38,29,0,0.0,DOES_NOT_INTERFERE,INTERFERES,False,True,False
v1__scene_rotate_v02__L2__C2_D8__r02_s28102,scene_rotate_v02,ROTATE,C2,D8,28102,38,44,0,0.0,DOES_NOT_INTERFERE,INTERFERES,False,True,False
v1__scene_rotate_v02__L2__C2_D8__r02_s28102,scene_rotate_v02,ROTATE,C2,D8,28102,38,50,3147,0.34054756,INTERFERES,INTERFERES,True,True,True
v1__scene_rotate_v02__L2__C2_D8__r02_s28102,scene_rotate_v02,ROTATE,C2,D8,28102,38,74,0,0.0,DOES_NOT_INTERFERE,INTERFERES,False,True,False
v1__scene_rotate_v02__L2__C2_D8__r03_s28103,scene_rotate_v02,ROTATE,C2,D8,28103,38,29,0,0.0,DOES_NOT_INTERFERE,INTERFERES,False,True,False
v1__scene_rotate_v02__L2__C2_D8__r03_s28103,scene_rotate_v02,ROTATE,C2,D8,28103,38,44,0,0.0,DOES_NOT_INTERFERE,DOES_NOT_INTERFERE,False,False,True
v1__scene_rotate_v02__L2__C2_D8__r03_s28103,scene_rotate_v02,ROTATE,C2,D8,28103,38,50,3147,0.34054756,INTERFERES,INTERFERES,True,True,True
v1__scene_rotate_v02__L2__C2_D8__r03_s28103,scene_rotate_v02,ROTATE,C2,D8,28103,38,74,0,0.0,DOES_NOT_INTERFERE,DOES_NOT_INTERFERE,False,False,True
v1__scene_rotate_v02__L2__C2_D8__r04_s28104,scene_rotate_v02,ROTATE,C2,D8,28104,38,29,0,0.0,DOES_NOT_INTERFERE,INTERFERES,False,True,False
v1__scene_rotate_v02__L2__C2_D8__r04_s28104,scene_rotate_v02,ROTATE,C2,D8,28104,38,44,0,0.0,DOES_NOT_INTERFERE,DOES_NOT_INTERFERE,False,False,True
v1__scene_rotate_v02__L2__C2_D8__r04_s28104,scene_rotate_v02,ROTATE,C2,D8,28104,38,50,3147,0.34054756,INTERFERES,INTERFERES,True,True,True
v1__scene_rotate_v02__L2__C2_D8__r04_s28104,scene_rotate_v02,ROTATE,C2,D8,28104,38,74,0,0.0,DOES_NOT_INTERFERE,DOES_NOT_INTERFERE,False,False,True
v1__scene_rotate_v02__L2__C2_D8__r05_s28105,scene_rotate_v02,ROTATE,C2,D8,28105,38,29,0,0.0,DOES_NOT_INTERFERE,INTERFERES,False,True,False
v1__scene_rotate_v02__L2__C2_D8__r05_s28105,scene_rotate_v02,ROTATE,C2,D8,28105,38,44,0,0.0,DOES_NOT_INTERFERE,INTERFERES,False,True,False
v1__scene_rotate_v02__L2__C2_D8__r05_s28105,scene_rotate_v02,ROTATE,C2,D8,28105,38,50,3147,0.34054756,INTERFERES,INTERFERES,True,True,True
v1__scene_rotate_v02__L2__C2_D8__r05_s28105,scene_rotate_v02,ROTATE,C2,D8,28105,38,74,0,0.0,DOES_NOT_INTERFERE,INTERFERES,False,True,False
v1__scene_rotate_v02__L2__C3_D4__r01_s28101,scene_rotate_v02,ROTATE,C3,D4,28101,38,29,0,0.0,DOES_NOT_INTERFERE,INTERFERES,False,True,False
v1__scene_rotate_v02__L2__C3_D4__r01_s28101,scene_rotate_v02,ROTATE,C3,D4,28101,38,44,0,0.0,DOES_NOT_INTERFERE,INTERFERES,False,True,False
v1__scene_rotate_v02__L2__C3_D4__r01_s28101,scene_rotate_v02,ROTATE,C3,D4,28101,38,50,3147,0.34054756,INTERFERES,INTERFERES,True,True,True
v1__scene_rotate_v02__L2__C3_D4__r01_s28101,scene_rotate_v02,ROTATE,C3,D4,28101,38,74,0,0.0,DOES_NOT_INTERFERE,DOES_NOT_INTERFERE,False,False,True
v1__scene_rotate_v02__L2__C3_D4__r02_s28102,scene_rotate_v02,ROTATE,C3,D4,28102,38,29,0,0.0,DOES_NOT_INTERFERE,DOES_NOT_INTERFERE,False,False,True
v1__scene_rotate_v02__L2__C3_D4__r02_s28102,scene_rotate_v02,ROTATE,C3,D4,28102,38,44,0,0.0,DOES_NOT_INTERFERE,DOES_NOT_INTERFERE,False,False,True
v1__scene_rotate_v02__L2__C3_D4__r02_s28102,scene_rotate_v02,ROTATE,C3,D4,28102,38,50,3147,0.34054756,INTERFERES,DOES_NOT_INTERFERE,True,False,False
v1__scene_rotate_v02__L2__C3_D4__r02_s28102,scene_rotate_v02,ROTATE,C3,D4,28102,38,74,0,0.0,DOES_NOT_INTERFERE,DOES_NOT_INTERFERE,False,False,True
v1__scene_rotate_v02__L2__C3_D4__r03_s28103,scene_rotate_v02,ROTATE,C3,D4,28103,38,29,0,0.0,DOES_NOT_INTERFERE,INTERFERES,False,True,False
v1__scene_rotate_v02__L2__C3_D4__r03_s28103,scene_rotate_v02,ROTATE,C3,D4,28103,38,44,0,0.0,DOES_NOT_INTERFERE,INTERFERES,False,True,False
v1__scene_rotate_v02__L2__C3_D4__r03_s28103,scene_rotate_v02,ROTATE,C3,D4,28103,38,50,3147,0.34054756,INTERFERES,INTERFERES,True,True,True
v1__scene_rotate_v02__L2__C3_D4__r03_s28103,scene_rotate_v02,ROTATE,C3,D4,28103,38,74,0,0.0,DOES_NOT_INTERFERE,DOES_NOT_INTERFERE,False,False,True
v1__scene_rotate_v02__L2__C3_D4__r04_s28104,scene_rotate_v02,ROTATE,C3,D4,28104,38,29,0,0.0,DOES_NOT_INTERFERE,INTERFERES,False,True,False
v1__scene_rotate_v02__L2__C3_D4__r04_s28104,scene_rotate_v02,ROTATE,C3,D4,28104,38,44,0,0.0,DOES_NOT_INTERFERE,INTERFERES,False,True,False
v1__scene_rotate_v02__L2__C3_D4__r04_s28104,scene_rotate_v02,ROTATE,C3,D4,28104,38,50,3147,0.34054756,INTERFERES,INTERFERES,True,True,True
v1__scene_rotate_v02__L2__C3_D4__r04_s28104,scene_rotate_v02,ROTATE,C3,D4,28104,38,74,0,0.0,DOES_NOT_INTERFERE,DOES_NOT_INTERFERE,False,False,True
v1__scene_rotate_v02__L2__C3_D4__r05_s28105,scene_rotate_v02,ROTATE,C3,D4,28105,38,29,0,0.0,DOES_NOT_INTERFERE,DOES_NOT_INTERFERE,False,False,True
v1__scene_rotate_v02__L2__C3_D4__r05_s28105,scene_rotate_v02,ROTATE,C3,D4,28105,38,44,0,0.0,DOES_NOT_INTERFERE,DOES_NOT_INTERFERE,False,False,True
v1__scene_rotate_v02__L2__C3_D4__r05_s28105,scene_rotate_v02,ROTATE,C3,D4,28105,38,50,3147,0.34054756,INTERFERES,DOES_NOT_INTERFERE,True,False,False
v1__scene_rotate_v02__L2__C3_D4__r05_s28105,scene_rotate_v02,ROTATE,C3,D4,28105,38,74,0,0.0,DOES_NOT_INTERFERE,DOES_NOT_INTERFERE,False,False,True
v1__scene_rotate_v02__L2__C3_D8__r01_s28101,scene_rotate_v02,ROTATE,C3,D8,28101,38,29,0,0.0,DOES_NOT_INTERFERE,DOES_NOT_INTERFERE,False,False,True
v1__scene_rotate_v02__L2__C3_D8__r01_s28101,scene_rotate_v02,ROTATE,C3,D8,28101,38,44,0,0.0,DOES_NOT_INTERFERE,DOES_NOT_INTERFERE,False,False,True
v1__scene_rotate_v02__L2__C3_D8__r01_s28101,scene_rotate_v02,ROTATE,C3,D8,28101,38,50,3147,0.34054756,INTERFERES,DOES_NOT_INTERFERE,True,False,False
v1__scene_rotate_v02__L2__C3_D8__r01_s28101,scene_rotate_v02,ROTATE,C3,D8,28101,38,74,0,0.0,DOES_NOT_INTERFERE,DOES_NOT_INTERFERE,False,False,True
v1__scene_rotate_v02__L2__C3_D8__r02_s28102,scene_rotate_v02,ROTATE,C3,D8,28102,38,29,0,0.0,DOES_NOT_INTERFERE,DOES_NOT_INTERFERE,False,False,True
v1__scene_rotate_v02__L2__C3_D8__r02_s28102,scene_rotate_v02,ROTATE,C3,D8,28102,38,44,0,0.0,DOES_NOT_INTERFERE,DOES_NOT_INTERFERE,False,False,True
v1__scene_rotate_v02__L2__C3_D8__r02_s28102,scene_rotate_v02,ROTATE,C3,D8,28102,38,50,3147,0.34054756,INTERFERES,DOES_NOT_INTERFERE,True,False,False
v1__scene_rotate_v02__L2__C3_D8__r02_s28102,scene_rotate_v02,ROTATE,C3,D8,28102,38,74,0,0.0,DOES_NOT_INTERFERE,DOES_NOT_INTERFERE,False,False,True
v1__scene_rotate_v02__L2__C3_D8__r03_s28103,scene_rotate_v02,ROTATE,C3,D8,28103,38,29,0,0.0,DOES_NOT_INTERFERE,DOES_NOT_INTERFERE,False,False,True
v1__scene_rotate_v02__L2__C3_D8__r03_s28103,scene_rotate_v02,ROTATE,C3,D8,28103,38,44,0,0.0,DOES_NOT_INTERFERE,DOES_NOT_INTERFERE,False,False,True
v1__scene_rotate_v02__L2__C3_D8__r03_s28103,scene_rotate_v02,ROTATE,C3,D8,28103,38,50,3147,0.34054756,INTERFERES,INTERFERES,True,True,True
v1__scene_rotate_v02__L2__C3_D8__r03_s28103,scene_rotate_v02,ROTATE,C3,D8,28103,38,74,0,0.0,DOES_NOT_INTERFERE,DOES_NOT_INTERFERE,False,False,True
v1__scene_rotate_v02__L2__C3_D8__r04_s28104,scene_rotate_v02,ROTATE,C3,D8,28104,38,29,0,0.0,DOES_NOT_INTERFERE,DOES_NOT_INTERFERE,False,False,True
v1__scene_rotate_v02__L2__C3_D8__r04_s28104,scene_rotate_v02,ROTATE,C3,D8,28104,38,44,0,0.0,DOES_NOT_INTERFERE,DOES_NOT_INTERFERE,False,False,True
v1__scene_rotate_v02__L2__C3_D8__r04_s28104,scene_rotate_v02,ROTATE,C3,D8,28104,38,50,3147,0.34054756,INTERFERES,DOES_NOT_INTERFERE,True,False,False
v1__scene_rotate_v02__L2__C3_D8__r04_s28104,scene_rotate_v02,ROTATE,C3,D8,28104,38,74,0,0.0,DOES_NOT_INTERFERE,DOES_NOT_INTERFERE,False,False,True
v1__scene_rotate_v02__L2__C3_D8__r05_s28105,scene_rotate_v02,ROTATE,C3,D8,28105,38,29,0,0.0,DOES_NOT_INTERFERE,DOES_NOT_INTERFERE,False,False,True
v1__scene_rotate_v02__L2__C3_D8__r05_s28105,scene_rotate_v02,ROTATE,C3,D8,28105,38,44,0,0.0,DOES_NOT_INTERFERE,DOES_NOT_INTERFERE,False,False,True
v1__scene_rotate_v02__L2__C3_D8__r05_s28105,scene_rotate_v02,ROTATE,C3,D8,28105,38,50,3147,0.34054756,INTERFERES,DOES_NOT_INTERFERE,True,False,False
v1__scene_rotate_v02__L2__C3_D8__r05_s28105,scene_rotate_v02,ROTATE,C3,D8,28105,38,74,0,0.0,DOES_NOT_INTERFERE,DOES_NOT_INTERFERE,False,False,True
v1__scene_rotate_v02__L2__C4_D4__r01_s28101,scene_rotate_v02,ROTATE,C4,D4,28101,38,29,0,0.0,DOES_NOT_INTERFERE,INTERFERES,False,True,False
v1__scene_rotate_v02__L2__C4_D4__r01_s28101,scene_rotate_v02,ROTATE,C4,D4,28101,38,44,0,0.0,DOES_NOT_INTERFERE,INTERFERES,False,True,False
v1__scene_rotate_v02__L2__C4_D4__r01_s28101,scene_rotate_v02,ROTATE,C4,D4,28101,38,50,3147,0.34054756,INTERFERES,INTERFERES,True,True,True
v1__scene_rotate_v02__L2__C4_D4__r01_s28101,scene_rotate_v02,ROTATE,C4,D4,28101,38,74,0,0.0,DOES_NOT_INTERFERE,DOES_NOT_INTERFERE,False,False,True
v1__scene_rotate_v02__L2__C4_D4__r02_s28102,scene_rotate_v02,ROTATE,C4,D4,28102,38,29,0,0.0,DOES_NOT_INTERFERE,INTERFERES,False,True,False
v1__scene_rotate_v02__L2__C4_D4__r02_s28102,scene_rotate_v02,ROTATE,C4,D4,28102,38,44,0,0.0,DOES_NOT_INTERFERE,INTERFERES,False,True,False
v1__scene_rotate_v02__L2__C4_D4__r02_s28102,scene_rotate_v02,ROTATE,C4,D4,28102,38,50,3147,0.34054756,INTERFERES,INTERFERES,True,True,True
v1__scene_rotate_v02__L2__C4_D4__r02_s28102,scene_rotate_v02,ROTATE,C4,D4,28102,38,74,0,0.0,DOES_NOT_INTERFERE,INTERFERES,False,True,False
v1__scene_rotate_v02__L2__C4_D4__r03_s28103,scene_rotate_v02,ROTATE,C4,D4,28103,38,29,0,0.0,DOES_NOT_INTERFERE,INTERFERES,False,True,False
v1__scene_rotate_v02__L2__C4_D4__r03_s28103,scene_rotate_v02,ROTATE,C4,D4,28103,38,44,0,0.0,DOES_NOT_INTERFERE,INTERFERES,False,True,False
v1__scene_rotate_v02__L2__C4_D4__r03_s28103,scene_rotate_v02,ROTATE,C4,D4,28103,38,50,3147,0.34054756,INTERFERES,INTERFERES,True,True,True
v1__scene_rotate_v02__L2__C4_D4__r03_s28103,scene_rotate_v02,ROTATE,C4,D4,28103,38,74,0,0.0,DOES_NOT_INTERFERE,DOES_NOT_INTERFERE,False,False,True
v1__scene_rotate_v02__L2__C4_D4__r04_s28104,scene_rotate_v02,ROTATE,C4,D4,28104,38,29,0,0.0,DOES_NOT_INTERFERE,INTERFERES,False,True,False
v1__scene_rotate_v02__L2__C4_D4__r04_s28104,scene_rotate_v02,ROTATE,C4,D4,28104,38,44,0,0.0,DOES_NOT_INTERFERE,INTERFERES,False,True,False
v1__scene_rotate_v02__L2__C4_D4__r04_s28104,scene_rotate_v02,ROTATE,C4,D4,28104,38,50,3147,0.34054756,INTERFERES,INTERFERES,True,True,True
v1__scene_rotate_v02__L2__C4_D4__r04_s28104,scene_rotate_v02,ROTATE,C4,D4,28104,38,74,0,0.0,DOES_NOT_INTERFERE,DOES_NOT_INTERFERE,False,False,True
v1__scene_rotate_v02__L2__C4_D4__r05_s28105,scene_rotate_v02,ROTATE,C4,D4,28105,38,29,0,0.0,DOES_NOT_INTERFERE,INTERFERES,False,True,False
v1__scene_rotate_v02__L2__C4_D4__r05_s28105,scene_rotate_v02,ROTATE,C4,D4,28105,38,44,0,0.0,DOES_NOT_INTERFERE,INTERFERES,False,True,False
v1__scene_rotate_v02__L2__C4_D4__r05_s28105,scene_rotate_v02,ROTATE,C4,D4,28105,38,50,3147,0.34054756,INTERFERES,INTERFERES,True,True,True
v1__scene_rotate_v02__L2__C4_D4__r05_s28105,scene_rotate_v02,ROTATE,C4,D4,28105,38,74,0,0.0,DOES_NOT_INTERFERE,DOES_NOT_INTERFERE,False,False,True
v1__scene_rotate_v02__L2__C4_D8__r01_s28101,scene_rotate_v02,ROTATE,C4,D8,28101,38,29,0,0.0,DOES_NOT_INTERFERE,INTERFERES,False,True,False
v1__scene_rotate_v02__L2__C4_D8__r01_s28101,scene_rotate_v02,ROTATE,C4,D8,28101,38,44,0,0.0,DOES_NOT_INTERFERE,INTERFERES,False,True,False
v1__scene_rotate_v02__L2__C4_D8__r01_s28101,scene_rotate_v02,ROTATE,C4,D8,28101,38,50,3147,0.34054756,INTERFERES,INTERFERES,True,True,True
v1__scene_rotate_v02__L2__C4_D8__r01_s28101,scene_rotate_v02,ROTATE,C4,D8,28101,38,74,0,0.0,DOES_NOT_INTERFERE,INTERFERES,False,True,False
v1__scene_rotate_v02__L2__C4_D8__r02_s28102,scene_rotate_v02,ROTATE,C4,D8,28102,38,29,0,0.0,DOES_NOT_INTERFERE,INTERFERES,False,True,False
v1__scene_rotate_v02__L2__C4_D8__r02_s28102,scene_rotate_v02,ROTATE,C4,D8,28102,38,44,0,0.0,DOES_NOT_INTERFERE,INTERFERES,False,True,False
v1__scene_rotate_v02__L2__C4_D8__r02_s28102,scene_rotate_v02,ROTATE,C4,D8,28102,38,50,3147,0.34054756,INTERFERES,INTERFERES,True,True,True
v1__scene_rotate_v02__L2__C4_D8__r02_s28102,scene_rotate_v02,ROTATE,C4,D8,28102,38,74,0,0.0,DOES_NOT_INTERFERE,INTERFERES,False,True,False
v1__scene_rotate_v02__L2__C4_D8__r03_s28103,scene_rotate_v02,ROTATE,C4,D8,28103,38,29,0,0.0,DOES_NOT_INTERFERE,INTERFERES,False,True,False
v1__scene_rotate_v02__L2__C4_D8__r03_s28103,scene_rotate_v02,ROTATE,C4,D8,28103,38,44,0,0.0,DOES_NOT_INTERFERE,INTERFERES,False,True,False
v1__scene_rotate_v02__L2__C4_D8__r03_s28103,scene_rotate_v02,ROTATE,C4,D8,28103,38,50,3147,0.34054756,INTERFERES,INTERFERES,True,True,True
v1__scene_rotate_v02__L2__C4_D8__r03_s28103,scene_rotate_v02,ROTATE,C4,D8,28103,38,74,0,0.0,DOES_NOT_INTERFERE,INTERFERES,False,True,False
v1__scene_rotate_v02__L2__C4_D8__r04_s28104,scene_rotate_v02,ROTATE,C4,D8,28104,38,29,0,0.0,DOES_NOT_INTERFERE,INTERFERES,False,True,False
v1__scene_rotate_v02__L2__C4_D8__r04_s28104,scene_rotate_v02,ROTATE,C4,D8,28104,38,44,0,0.0,DOES_NOT_INTERFERE,INTERFERES,False,True,False
v1__scene_rotate_v02__L2__C4_D8__r04_s28104,scene_rotate_v02,ROTATE,C4,D8,28104,38,50,3147,0.34054756,INTERFERES,INTERFERES,True,True,True
v1__scene_rotate_v02__L2__C4_D8__r04_s28104,scene_rotate_v02,ROTATE,C4,D8,28104,38,74,0,0.0,DOES_NOT_INTERFERE,INTERFERES,False,True,False
v1__scene_rotate_v02__L2__C4_D8__r05_s28105,scene_rotate_v02,ROTATE,C4,D8,28105,38,29,0,0.0,DOES_NOT_INTERFERE,INTERFERES,False,True,False
v1__scene_rotate_v02__L2__C4_D8__r05_s28105,scene_rotate_v02,ROTATE,C4,D8,28105,38,44,0,0.0,DOES_NOT_INTERFERE,INTERFERES,False,True,False
v1__scene_rotate_v02__L2__C4_D8__r05_s28105,scene_rotate_v02,ROTATE,C4,D8,28105,38,50,3147,0.34054756,INTERFERES,INTERFERES,True,True,True
v1__scene_rotate_v02__L2__C4_D8__r05_s28105,scene_rotate_v02,ROTATE,C4,D8,28105,38,74,0,0.0,DOES_NOT_INTERFERE,INTERFERES,False,True,False
v1__scene_rotate_v02__L2__C5_D4__r01_s28101,scene_rotate_v02,ROTATE,C5,D4,28101,38,29,0,0.0,DOES_NOT_INTERFERE,DOES_NOT_INTERFERE,False,False,True
v1__scene_rotate_v02__L2__C5_D4__r01_s28101,scene_rotate_v02,ROTATE,C5,D4,28101,38,44,0,0.0,DOES_NOT_INTERFERE,DOES_NOT_INTERFERE,False,False,True
v1__scene_rotate_v02__L2__C5_D4__r01_s28101,scene_rotate_v02,ROTATE,C5,D4,28101,38,50,3147,0.34054756,INTERFERES,DOES_NOT_INTERFERE,True,False,False
v1__scene_rotate_v02__L2__C5_D4__r01_s28101,scene_rotate_v02,ROTATE,C5,D4,28101,38,74,0,0.0,DOES_NOT_INTERFERE,DOES_NOT_INTERFERE,False,False,True
v1__scene_rotate_v02__L2__C5_D4__r02_s28102,scene_rotate_v02,ROTATE,C5,D4,28102,38,29,0,0.0,DOES_NOT_INTERFERE,DOES_NOT_INTERFERE,False,False,True
v1__scene_rotate_v02__L2__C5_D4__r02_s28102,scene_rotate_v02,ROTATE,C5,D4,28102,38,44,0,0.0,DOES_NOT_INTERFERE,DOES_NOT_INTERFERE,False,False,True
v1__scene_rotate_v02__L2__C5_D4__r02_s28102,scene_rotate_v02,ROTATE,C5,D4,28102,38,50,3147,0.34054756,INTERFERES,DOES_NOT_INTERFERE,True,False,False
v1__scene_rotate_v02__L2__C5_D4__r02_s28102,scene_rotate_v02,ROTATE,C5,D4,28102,38,74,0,0.0,DOES_NOT_INTERFERE,DOES_NOT_INTERFERE,False,False,True
v1__scene_rotate_v02__L2__C5_D4__r03_s28103,scene_rotate_v02,ROTATE,C5,D4,28103,38,29,0,0.0,DOES_NOT_INTERFERE,DOES_NOT_INTERFERE,False,False,True
v1__scene_rotate_v02__L2__C5_D4__r03_s28103,scene_rotate_v02,ROTATE,C5,D4,28103,38,44,0,0.0,DOES_NOT_INTERFERE,DOES_NOT_INTERFERE,False,False,True
v1__scene_rotate_v02__L2__C5_D4__r03_s28103,scene_rotate_v02,ROTATE,C5,D4,28103,38,50,3147,0.34054756,INTERFERES,INTERFERES,True,True,True
v1__scene_rotate_v02__L2__C5_D4__r03_s28103,scene_rotate_v02,ROTATE,C5,D4,28103,38,74,0,0.0,DOES_NOT_INTERFERE,DOES_NOT_INTERFERE,False,False,True
v1__scene_rotate_v02__L2__C5_D4__r04_s28104,scene_rotate_v02,ROTATE,C5,D4,28104,38,29,0,0.0,DOES_NOT_INTERFERE,DOES_NOT_INTERFERE,False,False,True
v1__scene_rotate_v02__L2__C5_D4__r04_s28104,scene_rotate_v02,ROTATE,C5,D4,28104,38,44,0,0.0,DOES_NOT_INTERFERE,DOES_NOT_INTERFERE,False,False,True
v1__scene_rotate_v02__L2__C5_D4__r04_s28104,scene_rotate_v02,ROTATE,C5,D4,28104,38,50,3147,0.34054756,INTERFERES,DOES_NOT_INTERFERE,True,False,False
v1__scene_rotate_v02__L2__C5_D4__r04_s28104,scene_rotate_v02,ROTATE,C5,D4,28104,38,74,0,0.0,DOES_NOT_INTERFERE,DOES_NOT_INTERFERE,False,False,True
v1__scene_rotate_v02__L2__C5_D4__r05_s28105,scene_rotate_v02,ROTATE,C5,D4,28105,38,29,0,0.0,DOES_NOT_INTERFERE,DOES_NOT_INTERFERE,False,False,True
v1__scene_rotate_v02__L2__C5_D4__r05_s28105,scene_rotate_v02,ROTATE,C5,D4,28105,38,44,0,0.0,DOES_NOT_INTERFERE,DOES_NOT_INTERFERE,False,False,True
v1__scene_rotate_v02__L2__C5_D4__r05_s28105,scene_rotate_v02,ROTATE,C5,D4,28105,38,50,3147,0.34054756,INTERFERES,DOES_NOT_INTERFERE,True,False,False
v1__scene_rotate_v02__L2__C5_D4__r05_s28105,scene_rotate_v02,ROTATE,C5,D4,28105,38,74,0,0.0,DOES_NOT_INTERFERE,DOES_NOT_INTERFERE,False,False,True
v1__scene_rotate_v02__L2__C5_D8__r01_s28101,scene_rotate_v02,ROTATE,C5,D8,28101,38,29,0,0.0,DOES_NOT_INTERFERE,DOES_NOT_INTERFERE,False,False,True
v1__scene_rotate_v02__L2__C5_D8__r01_s28101,scene_rotate_v02,ROTATE,C5,D8,28101,38,44,0,0.0,DOES_NOT_INTERFERE,DOES_NOT_INTERFERE,False,False,True
v1__scene_rotate_v02__L2__C5_D8__r01_s28101,scene_rotate_v02,ROTATE,C5,D8,28101,38,50,3147,0.34054756,INTERFERES,INTERFERES,True,True,True
v1__scene_rotate_v02__L2__C5_D8__r01_s28101,scene_rotate_v02,ROTATE,C5,D8,28101,38,74,0,0.0,DOES_NOT_INTERFERE,DOES_NOT_INTERFERE,False,False,True
v1__scene_rotate_v02__L2__C5_D8__r02_s28102,scene_rotate_v02,ROTATE,C5,D8,28102,38,29,0,0.0,DOES_NOT_INTERFERE,DOES_NOT_INTERFERE,False,False,True
v1__scene_rotate_v02__L2__C5_D8__r02_s28102,scene_rotate_v02,ROTATE,C5,D8,28102,38,44,0,0.0,DOES_NOT_INTERFERE,DOES_NOT_INTERFERE,False,False,True
v1__scene_rotate_v02__L2__C5_D8__r02_s28102,scene_rotate_v02,ROTATE,C5,D8,28102,38,50,3147,0.34054756,INTERFERES,INTERFERES,True,True,True
v1__scene_rotate_v02__L2__C5_D8__r02_s28102,scene_rotate_v02,ROTATE,C5,D8,28102,38,74,0,0.0,DOES_NOT_INTERFERE,DOES_NOT_INTERFERE,False,False,True
v1__scene_rotate_v02__L2__C5_D8__r03_s28103,scene_rotate_v02,ROTATE,C5,D8,28103,38,29,0,0.0,DOES_NOT_INTERFERE,DOES_NOT_INTERFERE,False,False,True
v1__scene_rotate_v02__L2__C5_D8__r03_s28103,scene_rotate_v02,ROTATE,C5,D8,28103,38,44,0,0.0,DOES_NOT_INTERFERE,DOES_NOT_INTERFERE,False,False,True
v1__scene_rotate_v02__L2__C5_D8__r03_s28103,scene_rotate_v02,ROTATE,C5,D8,28103,38,50,3147,0.34054756,INTERFERES,INTERFERES,True,True,True
v1__scene_rotate_v02__L2__C5_D8__r03_s28103,scene_rotate_v02,ROTATE,C5,D8,28103,38,74,0,0.0,DOES_NOT_INTERFERE,DOES_NOT_INTERFERE,False,False,True
v1__scene_rotate_v02__L2__C5_D8__r04_s28104,scene_rotate_v02,ROTATE,C5,D8,28104,38,29,0,0.0,DOES_NOT_INTERFERE,DOES_NOT_INTERFERE,False,False,True
v1__scene_rotate_v02__L2__C5_D8__r04_s28104,scene_rotate_v02,ROTATE,C5,D8,28104,38,44,0,0.0,DOES_NOT_INTERFERE,DOES_NOT_INTERFERE,False,False,True
v1__scene_rotate_v02__L2__C5_D8__r04_s28104,scene_rotate_v02,ROTATE,C5,D8,28104,38,50,3147,0.34054756,INTERFERES,INTERFERES,True,True,True
v1__scene_rotate_v02__L2__C5_D8__r04_s28104,scene_rotate_v02,ROTATE,C5,D8,28104,38,74,0,0.0,DOES_NOT_INTERFERE,DOES_NOT_INTERFERE,False,False,True
v1__scene_rotate_v02__L2__C5_D8__r05_s28105,scene_rotate_v02,ROTATE,C5,D8,28105,38,29,0,0.0,DOES_NOT_INTERFERE,DOES_NOT_INTERFERE,False,False,True
v1__scene_rotate_v02__L2__C5_D8__r05_s28105,scene_rotate_v02,ROTATE,C5,D8,28105,38,44,0,0.0,DOES_NOT_INTERFERE,DOES_NOT_INTERFERE,False,False,True
v1__scene_rotate_v02__L2__C5_D8__r05_s28105,scene_rotate_v02,ROTATE,C5,D8,28105,38,50,3147,0.34054756,INTERFERES,INTERFERES,True,True,True
v1__scene_rotate_v02__L2__C5_D8__r05_s28105,scene_rotate_v02,ROTATE,C5,D8,28105,38,74,0,0.0,DOES_NOT_INTERFERE,DOES_NOT_INTERFERE,False,False,True
v1__scene_rotate_v02__L2__C6_D4__r01_s28101,scene_rotate_v02,ROTATE,C6,D4,28101,38,29,0,0.0,DOES_NOT_INTERFERE,DOES_NOT_INTERFERE,False,False,True
v1__scene_rotate_v02__L2__C6_D4__r01_s28101,scene_rotate_v02,ROTATE,C6,D4,28101,38,44,0,0.0,DOES_NOT_INTERFERE,DOES_NOT_INTERFERE,False,False,True
v1__scene_rotate_v02__L2__C6_D4__r01_s28101,scene_rotate_v02,ROTATE,C6,D4,28101,38,50,3147,0.34054756,INTERFERES,DOES_NOT_INTERFERE,True,False,False
v1__scene_rotate_v02__L2__C6_D4__r01_s28101,scene_rotate_v02,ROTATE,C6,D4,28101,38,74,0,0.0,DOES_NOT_INTERFERE,DOES_NOT_INTERFERE,False,False,True
v1__scene_rotate_v02__L2__C6_D4__r02_s28102,scene_rotate_v02,ROTATE,C6,D4,28102,38,29,0,0.0,DOES_NOT_INTERFERE,DOES_NOT_INTERFERE,False,False,True
v1__scene_rotate_v02__L2__C6_D4__r02_s28102,scene_rotate_v02,ROTATE,C6,D4,28102,38,44,0,0.0,DOES_NOT_INTERFERE,DOES_NOT_INTERFERE,False,False,True
v1__scene_rotate_v02__L2__C6_D4__r02_s28102,scene_rotate_v02,ROTATE,C6,D4,28102,38,50,3147,0.34054756,INTERFERES,INTERFERES,True,True,True
v1__scene_rotate_v02__L2__C6_D4__r02_s28102,scene_rotate_v02,ROTATE,C6,D4,28102,38,74,0,0.0,DOES_NOT_INTERFERE,DOES_NOT_INTERFERE,False,False,True
v1__scene_rotate_v02__L2__C6_D4__r03_s28103,scene_rotate_v02,ROTATE,C6,D4,28103,38,29,0,0.0,DOES_NOT_INTERFERE,DOES_NOT_INTERFERE,False,False,True
v1__scene_rotate_v02__L2__C6_D4__r03_s28103,scene_rotate_v02,ROTATE,C6,D4,28103,38,44,0,0.0,DOES_NOT_INTERFERE,DOES_NOT_INTERFERE,False,False,True
v1__scene_rotate_v02__L2__C6_D4__r03_s28103,scene_rotate_v02,ROTATE,C6,D4,28103,38,50,3147,0.34054756,INTERFERES,DOES_NOT_INTERFERE,True,False,False
v1__scene_rotate_v02__L2__C6_D4__r03_s28103,scene_rotate_v02,ROTATE,C6,D4,28103,38,74,0,0.0,DOES_NOT_INTERFERE,DOES_NOT_INTERFERE,False,False,True
v1__scene_rotate_v02__L2__C6_D4__r04_s28104,scene_rotate_v02,ROTATE,C6,D4,28104,38,29,0,0.0,DOES_NOT_INTERFERE,INTERFERES,False,True,False
v1__scene_rotate_v02__L2__C6_D4__r04_s28104,scene_rotate_v02,ROTATE,C6,D4,28104,38,44,0,0.0,DOES_NOT_INTERFERE,INTERFERES,False,True,False
v1__scene_rotate_v02__L2__C6_D4__r04_s28104,scene_rotate_v02,ROTATE,C6,D4,28104,38,50,3147,0.34054756,INTERFERES,INTERFERES,True,True,True
v1__scene_rotate_v02__L2__C6_D4__r04_s28104,scene_rotate_v02,ROTATE,C6,D4,28104,38,74,0,0.0,DOES_NOT_INTERFERE,INTERFERES,False,True,False
v1__scene_rotate_v02__L2__C6_D4__r05_s28105,scene_rotate_v02,ROTATE,C6,D4,28105,38,29,0,0.0,DOES_NOT_INTERFERE,INTERFERES,False,True,False
v1__scene_rotate_v02__L2__C6_D4__r05_s28105,scene_rotate_v02,ROTATE,C6,D4,28105,38,44,0,0.0,DOES_NOT_INTERFERE,INTERFERES,False,True,False
v1__scene_rotate_v02__L2__C6_D4__r05_s28105,scene_rotate_v02,ROTATE,C6,D4,28105,38,50,3147,0.34054756,INTERFERES,INTERFERES,True,True,True
v1__scene_rotate_v02__L2__C6_D4__r05_s28105,scene_rotate_v02,ROTATE,C6,D4,28105,38,74,0,0.0,DOES_NOT_INTERFERE,DOES_NOT_INTERFERE,False,False,True
v1__scene_rotate_v02__L2__C6_D8__r01_s28101,scene_rotate_v02,ROTATE,C6,D8,28101,38,29,0,0.0,DOES_NOT_INTERFERE,DOES_NOT_INTERFERE,False,False,True
v1__scene_rotate_v02__L2__C6_D8__r01_s28101,scene_rotate_v02,ROTATE,C6,D8,28101,38,44,0,0.0,DOES_NOT_INTERFERE,DOES_NOT_INTERFERE,False,False,True
v1__scene_rotate_v02__L2__C6_D8__r01_s28101,scene_rotate_v02,ROTATE,C6,D8,28101,38,50,3147,0.34054756,INTERFERES,INTERFERES,True,True,True
v1__scene_rotate_v02__L2__C6_D8__r01_s28101,scene_rotate_v02,ROTATE,C6,D8,28101,38,74,0,0.0,DOES_NOT_INTERFERE,DOES_NOT_INTERFERE,False,False,True
v1__scene_rotate_v02__L2__C6_D8__r02_s28102,scene_rotate_v02,ROTATE,C6,D8,28102,38,29,0,0.0,DOES_NOT_INTERFERE,DOES_NOT_INTERFERE,False,False,True
v1__scene_rotate_v02__L2__C6_D8__r02_s28102,scene_rotate_v02,ROTATE,C6,D8,28102,38,44,0,0.0,DOES_NOT_INTERFERE,DOES_NOT_INTERFERE,False,False,True
v1__scene_rotate_v02__L2__C6_D8__r02_s28102,scene_rotate_v02,ROTATE,C6,D8,28102,38,50,3147,0.34054756,INTERFERES,DOES_NOT_INTERFERE,True,False,False
v1__scene_rotate_v02__L2__C6_D8__r02_s28102,scene_rotate_v02,ROTATE,C6,D8,28102,38,74,0,0.0,DOES_NOT_INTERFERE,DOES_NOT_INTERFERE,False,False,True
v1__scene_rotate_v02__L2__C6_D8__r03_s28103,scene_rotate_v02,ROTATE,C6,D8,28103,38,29,0,0.0,DOES_NOT_INTERFERE,DOES_NOT_INTERFERE,False,False,True
v1__scene_rotate_v02__L2__C6_D8__r03_s28103,scene_rotate_v02,ROTATE,C6,D8,28103,38,44,0,0.0,DOES_NOT_INTERFERE,DOES_NOT_INTERFERE,False,False,True
v1__scene_rotate_v02__L2__C6_D8__r03_s28103,scene_rotate_v02,ROTATE,C6,D8,28103,38,50,3147,0.34054756,INTERFERES,DOES_NOT_INTERFERE,True,False,False
v1__scene_rotate_v02__L2__C6_D8__r03_s28103,scene_rotate_v02,ROTATE,C6,D8,28103,38,74,0,0.0,DOES_NOT_INTERFERE,DOES_NOT_INTERFERE,False,False,True
v1__scene_rotate_v02__L2__C6_D8__r04_s28104,scene_rotate_v02,ROTATE,C6,D8,28104,38,29,0,0.0,DOES_NOT_INTERFERE,DOES_NOT_INTERFERE,False,False,True
v1__scene_rotate_v02__L2__C6_D8__r04_s28104,scene_rotate_v02,ROTATE,C6,D8,28104,38,44,0,0.0,DOES_NOT_INTERFERE,DOES_NOT_INTERFERE,False,False,True
v1__scene_rotate_v02__L2__C6_D8__r04_s28104,scene_rotate_v02,ROTATE,C6,D8,28104,38,50,3147,0.34054756,INTERFERES,INTERFERES,True,True,True
v1__scene_rotate_v02__L2__C6_D8__r04_s28104,scene_rotate_v02,ROTATE,C6,D8,28104,38,74,0,0.0,DOES_NOT_INTERFERE,DOES_NOT_INTERFERE,False,False,True
v1__scene_rotate_v02__L2__C6_D8__r05_s28105,scene_rotate_v02,ROTATE,C6,D8,28105,38,29,0,0.0,DOES_NOT_INTERFERE,DOES_NOT_INTERFERE,False,False,True
v1__scene_rotate_v02__L2__C6_D8__r05_s28105,scene_rotate_v02,ROTATE,C6,D8,28105,38,44,0,0.0,DOES_NOT_INTERFERE,DOES_NOT_INTERFERE,False,False,True
v1__scene_rotate_v02__L2__C6_D8__r05_s28105,scene_rotate_v02,ROTATE,C6,D8,28105,38,50,3147,0.34054756,INTERFERES,INTERFERES,True,True,True
v1__scene_rotate_v02__L2__C6_D8__r05_s28105,scene_rotate_v02,ROTATE,C6,D8,28105,38,74,0,0.0,DOES_NOT_INTERFERE,DOES_NOT_INTERFERE,False,False,True
v1__scene_rotate_v03__L2__C0_NA__r01_s28101,scene_rotate_v03,ROTATE,C0,,28101,83,11,0,0.0,DOES_NOT_INTERFERE,INTERFERES,False,True,False
v1__scene_rotate_v03__L2__C0_NA__r01_s28101,scene_rotate_v03,ROTATE,C0,,28101,83,19,2156,0.230317274,INTERFERES,INTERFERES,True,True,True
v1__scene_rotate_v03__L2__C0_NA__r01_s28101,scene_rotate_v03,ROTATE,C0,,28101,83,23,0,0.0,DOES_NOT_INTERFERE,INTERFERES,False,True,False
v1__scene_rotate_v03__L2__C0_NA__r01_s28101,scene_rotate_v03,ROTATE,C0,,28101,83,41,0,0.0,DOES_NOT_INTERFERE,DOES_NOT_INTERFERE,False,False,True
v1__scene_rotate_v03__L2__C0_NA__r02_s28102,scene_rotate_v03,ROTATE,C0,,28102,83,11,0,0.0,DOES_NOT_INTERFERE,INTERFERES,False,True,False
v1__scene_rotate_v03__L2__C0_NA__r02_s28102,scene_rotate_v03,ROTATE,C0,,28102,83,19,2156,0.230317274,INTERFERES,INTERFERES,True,True,True
v1__scene_rotate_v03__L2__C0_NA__r02_s28102,scene_rotate_v03,ROTATE,C0,,28102,83,23,0,0.0,DOES_NOT_INTERFERE,INTERFERES,False,True,False
v1__scene_rotate_v03__L2__C0_NA__r02_s28102,scene_rotate_v03,ROTATE,C0,,28102,83,41,0,0.0,DOES_NOT_INTERFERE,DOES_NOT_INTERFERE,False,False,True
v1__scene_rotate_v03__L2__C0_NA__r03_s28103,scene_rotate_v03,ROTATE,C0,,28103,83,11,0,0.0,DOES_NOT_INTERFERE,INTERFERES,False,True,False
v1__scene_rotate_v03__L2__C0_NA__r03_s28103,scene_rotate_v03,ROTATE,C0,,28103,83,19,2156,0.230317274,INTERFERES,INTERFERES,True,True,True
v1__scene_rotate_v03__L2__C0_NA__r03_s28103,scene_rotate_v03,ROTATE,C0,,28103,83,23,0,0.0,DOES_NOT_INTERFERE,INTERFERES,False,True,False
v1__scene_rotate_v03__L2__C0_NA__r03_s28103,scene_rotate_v03,ROTATE,C0,,28103,83,41,0,0.0,DOES_NOT_INTERFERE,DOES_NOT_INTERFERE,False,False,True
v1__scene_rotate_v03__L2__C0_NA__r04_s28104,scene_rotate_v03,ROTATE,C0,,28104,83,11,0,0.0,DOES_NOT_INTERFERE,INTERFERES,False,True,False
v1__scene_rotate_v03__L2__C0_NA__r04_s28104,scene_rotate_v03,ROTATE,C0,,28104,83,19,2156,0.230317274,INTERFERES,INTERFERES,True,True,True
v1__scene_rotate_v03__L2__C0_NA__r04_s28104,scene_rotate_v03,ROTATE,C0,,28104,83,23,0,0.0,DOES_NOT_INTERFERE,INTERFERES,False,True,False
v1__scene_rotate_v03__L2__C0_NA__r04_s28104,scene_rotate_v03,ROTATE,C0,,28104,83,41,0,0.0,DOES_NOT_INTERFERE,DOES_NOT_INTERFERE,False,False,True
v1__scene_rotate_v03__L2__C0_NA__r05_s28105,scene_rotate_v03,ROTATE,C0,,28105,83,11,0,0.0,DOES_NOT_INTERFERE,INTERFERES,False,True,False
v1__scene_rotate_v03__L2__C0_NA__r05_s28105,scene_rotate_v03,ROTATE,C0,,28105,83,19,2156,0.230317274,INTERFERES,INTERFERES,True,True,True
v1__scene_rotate_v03__L2__C0_NA__r05_s28105,scene_rotate_v03,ROTATE,C0,,28105,83,23,0,0.0,DOES_NOT_INTERFERE,INTERFERES,False,True,False
v1__scene_rotate_v03__L2__C0_NA__r05_s28105,scene_rotate_v03,ROTATE,C0,,28105,83,41,0,0.0,DOES_NOT_INTERFERE,INTERFERES,False,True,False
v1__scene_rotate_v03__L2__C1_NA__r01_s28101,scene_rotate_v03,ROTATE,C1,,28101,83,11,0,0.0,DOES_NOT_INTERFERE,INTERFERES,False,True,False
v1__scene_rotate_v03__L2__C1_NA__r01_s28101,scene_rotate_v03,ROTATE,C1,,28101,83,19,2156,0.230317274,INTERFERES,INTERFERES,True,True,True
v1__scene_rotate_v03__L2__C1_NA__r01_s28101,scene_rotate_v03,ROTATE,C1,,28101,83,23,0,0.0,DOES_NOT_INTERFERE,INTERFERES,False,True,False
v1__scene_rotate_v03__L2__C1_NA__r01_s28101,scene_rotate_v03,ROTATE,C1,,28101,83,41,0,0.0,DOES_NOT_INTERFERE,INTERFERES,False,True,False
v1__scene_rotate_v03__L2__C1_NA__r02_s28102,scene_rotate_v03,ROTATE,C1,,28102,83,11,0,0.0,DOES_NOT_INTERFERE,INTERFERES,False,True,False
v1__scene_rotate_v03__L2__C1_NA__r02_s28102,scene_rotate_v03,ROTATE,C1,,28102,83,19,2156,0.230317274,INTERFERES,INTERFERES,True,True,True
v1__scene_rotate_v03__L2__C1_NA__r02_s28102,scene_rotate_v03,ROTATE,C1,,28102,83,23,0,0.0,DOES_NOT_INTERFERE,INTERFERES,False,True,False
v1__scene_rotate_v03__L2__C1_NA__r02_s28102,scene_rotate_v03,ROTATE,C1,,28102,83,41,0,0.0,DOES_NOT_INTERFERE,INTERFERES,False,True,False
v1__scene_rotate_v03__L2__C1_NA__r03_s28103,scene_rotate_v03,ROTATE,C1,,28103,83,11,0,0.0,DOES_NOT_INTERFERE,INTERFERES,False,True,False
v1__scene_rotate_v03__L2__C1_NA__r03_s28103,scene_rotate_v03,ROTATE,C1,,28103,83,19,2156,0.230317274,INTERFERES,INTERFERES,True,True,True
v1__scene_rotate_v03__L2__C1_NA__r03_s28103,scene_rotate_v03,ROTATE,C1,,28103,83,23,0,0.0,DOES_NOT_INTERFERE,INTERFERES,False,True,False
v1__scene_rotate_v03__L2__C1_NA__r03_s28103,scene_rotate_v03,ROTATE,C1,,28103,83,41,0,0.0,DOES_NOT_INTERFERE,INTERFERES,False,True,False
v1__scene_rotate_v03__L2__C1_NA__r04_s28104,scene_rotate_v03,ROTATE,C1,,28104,83,11,0,0.0,DOES_NOT_INTERFERE,INTERFERES,False,True,False
v1__scene_rotate_v03__L2__C1_NA__r04_s28104,scene_rotate_v03,ROTATE,C1,,28104,83,19,2156,0.230317274,INTERFERES,INTERFERES,True,True,True
v1__scene_rotate_v03__L2__C1_NA__r04_s28104,scene_rotate_v03,ROTATE,C1,,28104,83,23,0,0.0,DOES_NOT_INTERFERE,INTERFERES,False,True,False
v1__scene_rotate_v03__L2__C1_NA__r04_s28104,scene_rotate_v03,ROTATE,C1,,28104,83,41,0,0.0,DOES_NOT_INTERFERE,INTERFERES,False,True,False
v1__scene_rotate_v03__L2__C1_NA__r05_s28105,scene_rotate_v03,ROTATE,C1,,28105,83,11,0,0.0,DOES_NOT_INTERFERE,INTERFERES,False,True,False
v1__scene_rotate_v03__L2__C1_NA__r05_s28105,scene_rotate_v03,ROTATE,C1,,28105,83,19,2156,0.230317274,INTERFERES,INTERFERES,True,True,True
v1__scene_rotate_v03__L2__C1_NA__r05_s28105,scene_rotate_v03,ROTATE,C1,,28105,83,23,0,0.0,DOES_NOT_INTERFERE,INTERFERES,False,True,False
v1__scene_rotate_v03__L2__C1_NA__r05_s28105,scene_rotate_v03,ROTATE,C1,,28105,83,41,0,0.0,DOES_NOT_INTERFERE,INTERFERES,False,True,False
v1__scene_rotate_v03__L2__C2_D4__r01_s28101,scene_rotate_v03,ROTATE,C2,D4,28101,83,11,0,0.0,DOES_NOT_INTERFERE,INTERFERES,False,True,False
v1__scene_rotate_v03__L2__C2_D4__r01_s28101,scene_rotate_v03,ROTATE,C2,D4,28101,83,19,2156,0.230317274,INTERFERES,INTERFERES,True,True,True
v1__scene_rotate_v03__L2__C2_D4__r01_s28101,scene_rotate_v03,ROTATE,C2,D4,28101,83,23,0,0.0,DOES_NOT_INTERFERE,INTERFERES,False,True,False
v1__scene_rotate_v03__L2__C2_D4__r01_s28101,scene_rotate_v03,ROTATE,C2,D4,28101,83,41,0,0.0,DOES_NOT_INTERFERE,INTERFERES,False,True,False
v1__scene_rotate_v03__L2__C2_D4__r02_s28102,scene_rotate_v03,ROTATE,C2,D4,28102,83,11,0,0.0,DOES_NOT_INTERFERE,INTERFERES,False,True,False
v1__scene_rotate_v03__L2__C2_D4__r02_s28102,scene_rotate_v03,ROTATE,C2,D4,28102,83,19,2156,0.230317274,INTERFERES,INTERFERES,True,True,True
v1__scene_rotate_v03__L2__C2_D4__r02_s28102,scene_rotate_v03,ROTATE,C2,D4,28102,83,23,0,0.0,DOES_NOT_INTERFERE,INTERFERES,False,True,False
v1__scene_rotate_v03__L2__C2_D4__r02_s28102,scene_rotate_v03,ROTATE,C2,D4,28102,83,41,0,0.0,DOES_NOT_INTERFERE,INTERFERES,False,True,False
v1__scene_rotate_v03__L2__C2_D4__r03_s28103,scene_rotate_v03,ROTATE,C2,D4,28103,83,11,0,0.0,DOES_NOT_INTERFERE,INTERFERES,False,True,False
v1__scene_rotate_v03__L2__C2_D4__r03_s28103,scene_rotate_v03,ROTATE,C2,D4,28103,83,19,2156,0.230317274,INTERFERES,INTERFERES,True,True,True
v1__scene_rotate_v03__L2__C2_D4__r03_s28103,scene_rotate_v03,ROTATE,C2,D4,28103,83,23,0,0.0,DOES_NOT_INTERFERE,INTERFERES,False,True,False
v1__scene_rotate_v03__L2__C2_D4__r03_s28103,scene_rotate_v03,ROTATE,C2,D4,28103,83,41,0,0.0,DOES_NOT_INTERFERE,INTERFERES,False,True,False
v1__scene_rotate_v03__L2__C2_D4__r04_s28104,scene_rotate_v03,ROTATE,C2,D4,28104,83,11,0,0.0,DOES_NOT_INTERFERE,INTERFERES,False,True,False
v1__scene_rotate_v03__L2__C2_D4__r04_s28104,scene_rotate_v03,ROTATE,C2,D4,28104,83,19,2156,0.230317274,INTERFERES,INTERFERES,True,True,True
v1__scene_rotate_v03__L2__C2_D4__r04_s28104,scene_rotate_v03,ROTATE,C2,D4,28104,83,23,0,0.0,DOES_NOT_INTERFERE,INTERFERES,False,True,False
v1__scene_rotate_v03__L2__C2_D4__r04_s28104,scene_rotate_v03,ROTATE,C2,D4,28104,83,41,0,0.0,DOES_NOT_INTERFERE,INTERFERES,False,True,False
v1__scene_rotate_v03__L2__C2_D4__r05_s28105,scene_rotate_v03,ROTATE,C2,D4,28105,83,11,0,0.0,DOES_NOT_INTERFERE,INTERFERES,False,True,False
v1__scene_rotate_v03__L2__C2_D4__r05_s28105,scene_rotate_v03,ROTATE,C2,D4,28105,83,19,2156,0.230317274,INTERFERES,INTERFERES,True,True,True
v1__scene_rotate_v03__L2__C2_D4__r05_s28105,scene_rotate_v03,ROTATE,C2,D4,28105,83,23,0,0.0,DOES_NOT_INTERFERE,INTERFERES,False,True,False
v1__scene_rotate_v03__L2__C2_D4__r05_s28105,scene_rotate_v03,ROTATE,C2,D4,28105,83,41,0,0.0,DOES_NOT_INTERFERE,INTERFERES,False,True,False
v1__scene_rotate_v03__L2__C2_D8__r01_s28101,scene_rotate_v03,ROTATE,C2,D8,28101,83,11,0,0.0,DOES_NOT_INTERFERE,DOES_NOT_INTERFERE,False,False,True
v1__scene_rotate_v03__L2__C2_D8__r01_s28101,scene_rotate_v03,ROTATE,C2,D8,28101,83,19,2156,0.230317274,INTERFERES,DOES_NOT_INTERFERE,True,False,False
v1__scene_rotate_v03__L2__C2_D8__r01_s28101,scene_rotate_v03,ROTATE,C2,D8,28101,83,23,0,0.0,DOES_NOT_INTERFERE,DOES_NOT_INTERFERE,False,False,True
v1__scene_rotate_v03__L2__C2_D8__r01_s28101,scene_rotate_v03,ROTATE,C2,D8,28101,83,41,0,0.0,DOES_NOT_INTERFERE,DOES_NOT_INTERFERE,False,False,True
v1__scene_rotate_v03__L2__C2_D8__r02_s28102,scene_rotate_v03,ROTATE,C2,D8,28102,83,11,0,0.0,DOES_NOT_INTERFERE,INTERFERES,False,True,False
v1__scene_rotate_v03__L2__C2_D8__r02_s28102,scene_rotate_v03,ROTATE,C2,D8,28102,83,19,2156,0.230317274,INTERFERES,INTERFERES,True,True,True
v1__scene_rotate_v03__L2__C2_D8__r02_s28102,scene_rotate_v03,ROTATE,C2,D8,28102,83,23,0,0.0,DOES_NOT_INTERFERE,INTERFERES,False,True,False
v1__scene_rotate_v03__L2__C2_D8__r02_s28102,scene_rotate_v03,ROTATE,C2,D8,28102,83,41,0,0.0,DOES_NOT_INTERFERE,INTERFERES,False,True,False
v1__scene_rotate_v03__L2__C2_D8__r03_s28103,scene_rotate_v03,ROTATE,C2,D8,28103,83,11,0,0.0,DOES_NOT_INTERFERE,INTERFERES,False,True,False
v1__scene_rotate_v03__L2__C2_D8__r03_s28103,scene_rotate_v03,ROTATE,C2,D8,28103,83,19,2156,0.230317274,INTERFERES,INTERFERES,True,True,True
v1__scene_rotate_v03__L2__C2_D8__r03_s28103,scene_rotate_v03,ROTATE,C2,D8,28103,83,23,0,0.0,DOES_NOT_INTERFERE,INTERFERES,False,True,False
v1__scene_rotate_v03__L2__C2_D8__r03_s28103,scene_rotate_v03,ROTATE,C2,D8,28103,83,41,0,0.0,DOES_NOT_INTERFERE,INTERFERES,False,True,False
v1__scene_rotate_v03__L2__C2_D8__r04_s28104,scene_rotate_v03,ROTATE,C2,D8,28104,83,11,0,0.0,DOES_NOT_INTERFERE,INTERFERES,False,True,False
v1__scene_rotate_v03__L2__C2_D8__r04_s28104,scene_rotate_v03,ROTATE,C2,D8,28104,83,19,2156,0.230317274,INTERFERES,INTERFERES,True,True,True
v1__scene_rotate_v03__L2__C2_D8__r04_s28104,scene_rotate_v03,ROTATE,C2,D8,28104,83,23,0,0.0,DOES_NOT_INTERFERE,INTERFERES,False,True,False
v1__scene_rotate_v03__L2__C2_D8__r04_s28104,scene_rotate_v03,ROTATE,C2,D8,28104,83,41,0,0.0,DOES_NOT_INTERFERE,INTERFERES,False,True,False
v1__scene_rotate_v03__L2__C2_D8__r05_s28105,scene_rotate_v03,ROTATE,C2,D8,28105,83,11,0,0.0,DOES_NOT_INTERFERE,INTERFERES,False,True,False
v1__scene_rotate_v03__L2__C2_D8__r05_s28105,scene_rotate_v03,ROTATE,C2,D8,28105,83,19,2156,0.230317274,INTERFERES,INTERFERES,True,True,True
v1__scene_rotate_v03__L2__C2_D8__r05_s28105,scene_rotate_v03,ROTATE,C2,D8,28105,83,23,0,0.0,DOES_NOT_INTERFERE,INTERFERES,False,True,False
v1__scene_rotate_v03__L2__C2_D8__r05_s28105,scene_rotate_v03,ROTATE,C2,D8,28105,83,41,0,0.0,DOES_NOT_INTERFERE,INTERFERES,False,True,False
v1__scene_rotate_v03__L2__C3_D4__r01_s28101,scene_rotate_v03,ROTATE,C3,D4,28101,83,11,0,0.0,DOES_NOT_INTERFERE,DOES_NOT_INTERFERE,False,False,True
v1__scene_rotate_v03__L2__C3_D4__r01_s28101,scene_rotate_v03,ROTATE,C3,D4,28101,83,19,2156,0.230317274,INTERFERES,DOES_NOT_INTERFERE,True,False,False
v1__scene_rotate_v03__L2__C3_D4__r01_s28101,scene_rotate_v03,ROTATE,C3,D4,28101,83,23,0,0.0,DOES_NOT_INTERFERE,DOES_NOT_INTERFERE,False,False,True
v1__scene_rotate_v03__L2__C3_D4__r01_s28101,scene_rotate_v03,ROTATE,C3,D4,28101,83,41,0,0.0,DOES_NOT_INTERFERE,DOES_NOT_INTERFERE,False,False,True
v1__scene_rotate_v03__L2__C3_D4__r02_s28102,scene_rotate_v03,ROTATE,C3,D4,28102,83,11,0,0.0,DOES_NOT_INTERFERE,DOES_NOT_INTERFERE,False,False,True
v1__scene_rotate_v03__L2__C3_D4__r02_s28102,scene_rotate_v03,ROTATE,C3,D4,28102,83,19,2156,0.230317274,INTERFERES,DOES_NOT_INTERFERE,True,False,False
v1__scene_rotate_v03__L2__C3_D4__r02_s28102,scene_rotate_v03,ROTATE,C3,D4,28102,83,23,0,0.0,DOES_NOT_INTERFERE,DOES_NOT_INTERFERE,False,False,True
v1__scene_rotate_v03__L2__C3_D4__r02_s28102,scene_rotate_v03,ROTATE,C3,D4,28102,83,41,0,0.0,DOES_NOT_INTERFERE,DOES_NOT_INTERFERE,False,False,True
v1__scene_rotate_v03__L2__C3_D4__r03_s28103,scene_rotate_v03,ROTATE,C3,D4,28103,83,11,0,0.0,DOES_NOT_INTERFERE,DOES_NOT_INTERFERE,False,False,True
v1__scene_rotate_v03__L2__C3_D4__r03_s28103,scene_rotate_v03,ROTATE,C3,D4,28103,83,19,2156,0.230317274,INTERFERES,DOES_NOT_INTERFERE,True,False,False
v1__scene_rotate_v03__L2__C3_D4__r03_s28103,scene_rotate_v03,ROTATE,C3,D4,28103,83,23,0,0.0,DOES_NOT_INTERFERE,DOES_NOT_INTERFERE,False,False,True
v1__scene_rotate_v03__L2__C3_D4__r03_s28103,scene_rotate_v03,ROTATE,C3,D4,28103,83,41,0,0.0,DOES_NOT_INTERFERE,DOES_NOT_INTERFERE,False,False,True
v1__scene_rotate_v03__L2__C3_D4__r04_s28104,scene_rotate_v03,ROTATE,C3,D4,28104,83,11,0,0.0,DOES_NOT_INTERFERE,DOES_NOT_INTERFERE,False,False,True
v1__scene_rotate_v03__L2__C3_D4__r04_s28104,scene_rotate_v03,ROTATE,C3,D4,28104,83,19,2156,0.230317274,INTERFERES,DOES_NOT_INTERFERE,True,False,False
v1__scene_rotate_v03__L2__C3_D4__r04_s28104,scene_rotate_v03,ROTATE,C3,D4,28104,83,23,0,0.0,DOES_NOT_INTERFERE,DOES_NOT_INTERFERE,False,False,True
v1__scene_rotate_v03__L2__C3_D4__r04_s28104,scene_rotate_v03,ROTATE,C3,D4,28104,83,41,0,0.0,DOES_NOT_INTERFERE,DOES_NOT_INTERFERE,False,False,True
v1__scene_rotate_v03__L2__C3_D4__r05_s28105,scene_rotate_v03,ROTATE,C3,D4,28105,83,11,0,0.0,DOES_NOT_INTERFERE,DOES_NOT_INTERFERE,False,False,True
v1__scene_rotate_v03__L2__C3_D4__r05_s28105,scene_rotate_v03,ROTATE,C3,D4,28105,83,19,2156,0.230317274,INTERFERES,DOES_NOT_INTERFERE,True,False,False
v1__scene_rotate_v03__L2__C3_D4__r05_s28105,scene_rotate_v03,ROTATE,C3,D4,28105,83,23,0,0.0,DOES_NOT_INTERFERE,DOES_NOT_INTERFERE,False,False,True
v1__scene_rotate_v03__L2__C3_D4__r05_s28105,scene_rotate_v03,ROTATE,C3,D4,28105,83,41,0,0.0,DOES_NOT_INTERFERE,DOES_NOT_INTERFERE,False,False,True
v1__scene_rotate_v03__L2__C3_D8__r01_s28101,scene_rotate_v03,ROTATE,C3,D8,28101,83,11,0,0.0,DOES_NOT_INTERFERE,DOES_NOT_INTERFERE,False,False,True
v1__scene_rotate_v03__L2__C3_D8__r01_s28101,scene_rotate_v03,ROTATE,C3,D8,28101,83,19,2156,0.230317274,INTERFERES,DOES_NOT_INTERFERE,True,False,False
v1__scene_rotate_v03__L2__C3_D8__r01_s28101,scene_rotate_v03,ROTATE,C3,D8,28101,83,23,0,0.0,DOES_NOT_INTERFERE,DOES_NOT_INTERFERE,False,False,True
v1__scene_rotate_v03__L2__C3_D8__r01_s28101,scene_rotate_v03,ROTATE,C3,D8,28101,83,41,0,0.0,DOES_NOT_INTERFERE,DOES_NOT_INTERFERE,False,False,True
v1__scene_rotate_v03__L2__C3_D8__r02_s28102,scene_rotate_v03,ROTATE,C3,D8,28102,83,11,0,0.0,DOES_NOT_INTERFERE,DOES_NOT_INTERFERE,False,False,True
v1__scene_rotate_v03__L2__C3_D8__r02_s28102,scene_rotate_v03,ROTATE,C3,D8,28102,83,19,2156,0.230317274,INTERFERES,DOES_NOT_INTERFERE,True,False,False
v1__scene_rotate_v03__L2__C3_D8__r02_s28102,scene_rotate_v03,ROTATE,C3,D8,28102,83,23,0,0.0,DOES_NOT_INTERFERE,DOES_NOT_INTERFERE,False,False,True
v1__scene_rotate_v03__L2__C3_D8__r02_s28102,scene_rotate_v03,ROTATE,C3,D8,28102,83,41,0,0.0,DOES_NOT_INTERFERE,DOES_NOT_INTERFERE,False,False,True
v1__scene_rotate_v03__L2__C3_D8__r03_s28103,scene_rotate_v03,ROTATE,C3,D8,28103,83,11,0,0.0,DOES_NOT_INTERFERE,DOES_NOT_INTERFERE,False,False,True
v1__scene_rotate_v03__L2__C3_D8__r03_s28103,scene_rotate_v03,ROTATE,C3,D8,28103,83,19,2156,0.230317274,INTERFERES,INTERFERES,True,True,True
v1__scene_rotate_v03__L2__C3_D8__r03_s28103,scene_rotate_v03,ROTATE,C3,D8,28103,83,23,0,0.0,DOES_NOT_INTERFERE,DOES_NOT_INTERFERE,False,False,True
v1__scene_rotate_v03__L2__C3_D8__r03_s28103,scene_rotate_v03,ROTATE,C3,D8,28103,83,41,0,0.0,DOES_NOT_INTERFERE,DOES_NOT_INTERFERE,False,False,True
v1__scene_rotate_v03__L2__C3_D8__r04_s28104,scene_rotate_v03,ROTATE,C3,D8,28104,83,11,0,0.0,DOES_NOT_INTERFERE,DOES_NOT_INTERFERE,False,False,True
v1__scene_rotate_v03__L2__C3_D8__r04_s28104,scene_rotate_v03,ROTATE,C3,D8,28104,83,19,2156,0.230317274,INTERFERES,INTERFERES,True,True,True
v1__scene_rotate_v03__L2__C3_D8__r04_s28104,scene_rotate_v03,ROTATE,C3,D8,28104,83,23,0,0.0,DOES_NOT_INTERFERE,DOES_NOT_INTERFERE,False,False,True
v1__scene_rotate_v03__L2__C3_D8__r04_s28104,scene_rotate_v03,ROTATE,C3,D8,28104,83,41,0,0.0,DOES_NOT_INTERFERE,DOES_NOT_INTERFERE,False,False,True
v1__scene_rotate_v03__L2__C3_D8__r05_s28105,scene_rotate_v03,ROTATE,C3,D8,28105,83,11,0,0.0,DOES_NOT_INTERFERE,DOES_NOT_INTERFERE,False,False,True
v1__scene_rotate_v03__L2__C3_D8__r05_s28105,scene_rotate_v03,ROTATE,C3,D8,28105,83,19,2156,0.230317274,INTERFERES,DOES_NOT_INTERFERE,True,False,False
v1__scene_rotate_v03__L2__C3_D8__r05_s28105,scene_rotate_v03,ROTATE,C3,D8,28105,83,23,0,0.0,DOES_NOT_INTERFERE,DOES_NOT_INTERFERE,False,False,True
v1__scene_rotate_v03__L2__C3_D8__r05_s28105,scene_rotate_v03,ROTATE,C3,D8,28105,83,41,0,0.0,DOES_NOT_INTERFERE,DOES_NOT_INTERFERE,False,False,True
v1__scene_rotate_v03__L2__C4_D4__r01_s28101,scene_rotate_v03,ROTATE,C4,D4,28101,83,11,0,0.0,DOES_NOT_INTERFERE,DOES_NOT_INTERFERE,False,False,True
v1__scene_rotate_v03__L2__C4_D4__r01_s28101,scene_rotate_v03,ROTATE,C4,D4,28101,83,19,2156,0.230317274,INTERFERES,DOES_NOT_INTERFERE,True,False,False
v1__scene_rotate_v03__L2__C4_D4__r01_s28101,scene_rotate_v03,ROTATE,C4,D4,28101,83,23,0,0.0,DOES_NOT_INTERFERE,DOES_NOT_INTERFERE,False,False,True
v1__scene_rotate_v03__L2__C4_D4__r01_s28101,scene_rotate_v03,ROTATE,C4,D4,28101,83,41,0,0.0,DOES_NOT_INTERFERE,DOES_NOT_INTERFERE,False,False,True
v1__scene_rotate_v03__L2__C4_D4__r02_s28102,scene_rotate_v03,ROTATE,C4,D4,28102,83,11,0,0.0,DOES_NOT_INTERFERE,DOES_NOT_INTERFERE,False,False,True
v1__scene_rotate_v03__L2__C4_D4__r02_s28102,scene_rotate_v03,ROTATE,C4,D4,28102,83,19,2156,0.230317274,INTERFERES,DOES_NOT_INTERFERE,True,False,False
v1__scene_rotate_v03__L2__C4_D4__r02_s28102,scene_rotate_v03,ROTATE,C4,D4,28102,83,23,0,0.0,DOES_NOT_INTERFERE,DOES_NOT_INTERFERE,False,False,True
v1__scene_rotate_v03__L2__C4_D4__r02_s28102,scene_rotate_v03,ROTATE,C4,D4,28102,83,41,0,0.0,DOES_NOT_INTERFERE,DOES_NOT_INTERFERE,False,False,True
v1__scene_rotate_v03__L2__C4_D4__r03_s28103,scene_rotate_v03,ROTATE,C4,D4,28103,83,11,0,0.0,DOES_NOT_INTERFERE,DOES_NOT_INTERFERE,False,False,True
v1__scene_rotate_v03__L2__C4_D4__r03_s28103,scene_rotate_v03,ROTATE,C4,D4,28103,83,19,2156,0.230317274,INTERFERES,DOES_NOT_INTERFERE,True,False,False
v1__scene_rotate_v03__L2__C4_D4__r03_s28103,scene_rotate_v03,ROTATE,C4,D4,28103,83,23,0,0.0,DOES_NOT_INTERFERE,DOES_NOT_INTERFERE,False,False,True
v1__scene_rotate_v03__L2__C4_D4__r03_s28103,scene_rotate_v03,ROTATE,C4,D4,28103,83,41,0,0.0,DOES_NOT_INTERFERE,DOES_NOT_INTERFERE,False,False,True
v1__scene_rotate_v03__L2__C4_D4__r04_s28104,scene_rotate_v03,ROTATE,C4,D4,28104,83,11,0,0.0,DOES_NOT_INTERFERE,DOES_NOT_INTERFERE,False,False,True
v1__scene_rotate_v03__L2__C4_D4__r04_s28104,scene_rotate_v03,ROTATE,C4,D4,28104,83,19,2156,0.230317274,INTERFERES,DOES_NOT_INTERFERE,True,False,False
v1__scene_rotate_v03__L2__C4_D4__r04_s28104,scene_rotate_v03,ROTATE,C4,D4,28104,83,23,0,0.0,DOES_NOT_INTERFERE,DOES_NOT_INTERFERE,False,False,True
v1__scene_rotate_v03__L2__C4_D4__r04_s28104,scene_rotate_v03,ROTATE,C4,D4,28104,83,41,0,0.0,DOES_NOT_INTERFERE,DOES_NOT_INTERFERE,False,False,True
v1__scene_rotate_v03__L2__C4_D4__r05_s28105,scene_rotate_v03,ROTATE,C4,D4,28105,83,11,0,0.0,DOES_NOT_INTERFERE,DOES_NOT_INTERFERE,False,False,True
v1__scene_rotate_v03__L2__C4_D4__r05_s28105,scene_rotate_v03,ROTATE,C4,D4,28105,83,19,2156,0.230317274,INTERFERES,DOES_NOT_INTERFERE,True,False,False
v1__scene_rotate_v03__L2__C4_D4__r05_s28105,scene_rotate_v03,ROTATE,C4,D4,28105,83,23,0,0.0,DOES_NOT_INTERFERE,DOES_NOT_INTERFERE,False,False,True
v1__scene_rotate_v03__L2__C4_D4__r05_s28105,scene_rotate_v03,ROTATE,C4,D4,28105,83,41,0,0.0,DOES_NOT_INTERFERE,DOES_NOT_INTERFERE,False,False,True
v1__scene_rotate_v03__L2__C4_D8__r01_s28101,scene_rotate_v03,ROTATE,C4,D8,28101,83,11,0,0.0,DOES_NOT_INTERFERE,DOES_NOT_INTERFERE,False,False,True
v1__scene_rotate_v03__L2__C4_D8__r01_s28101,scene_rotate_v03,ROTATE,C4,D8,28101,83,19,2156,0.230317274,INTERFERES,INTERFERES,True,True,True
v1__scene_rotate_v03__L2__C4_D8__r01_s28101,scene_rotate_v03,ROTATE,C4,D8,28101,83,23,0,0.0,DOES_NOT_INTERFERE,DOES_NOT_INTERFERE,False,False,True
v1__scene_rotate_v03__L2__C4_D8__r01_s28101,scene_rotate_v03,ROTATE,C4,D8,28101,83,41,0,0.0,DOES_NOT_INTERFERE,DOES_NOT_INTERFERE,False,False,True
v1__scene_rotate_v03__L2__C4_D8__r02_s28102,scene_rotate_v03,ROTATE,C4,D8,28102,83,11,0,0.0,DOES_NOT_INTERFERE,INTERFERES,False,True,False
v1__scene_rotate_v03__L2__C4_D8__r02_s28102,scene_rotate_v03,ROTATE,C4,D8,28102,83,19,2156,0.230317274,INTERFERES,INTERFERES,True,True,True
v1__scene_rotate_v03__L2__C4_D8__r02_s28102,scene_rotate_v03,ROTATE,C4,D8,28102,83,23,0,0.0,DOES_NOT_INTERFERE,INTERFERES,False,True,False
v1__scene_rotate_v03__L2__C4_D8__r02_s28102,scene_rotate_v03,ROTATE,C4,D8,28102,83,41,0,0.0,DOES_NOT_INTERFERE,INTERFERES,False,True,False
v1__scene_rotate_v03__L2__C4_D8__r03_s28103,scene_rotate_v03,ROTATE,C4,D8,28103,83,11,0,0.0,DOES_NOT_INTERFERE,DOES_NOT_INTERFERE,False,False,True
v1__scene_rotate_v03__L2__C4_D8__r03_s28103,scene_rotate_v03,ROTATE,C4,D8,28103,83,19,2156,0.230317274,INTERFERES,DOES_NOT_INTERFERE,True,False,False
v1__scene_rotate_v03__L2__C4_D8__r03_s28103,scene_rotate_v03,ROTATE,C4,D8,28103,83,23,0,0.0,DOES_NOT_INTERFERE,DOES_NOT_INTERFERE,False,False,True
v1__scene_rotate_v03__L2__C4_D8__r03_s28103,scene_rotate_v03,ROTATE,C4,D8,28103,83,41,0,0.0,DOES_NOT_INTERFERE,DOES_NOT_INTERFERE,False,False,True
v1__scene_rotate_v03__L2__C4_D8__r04_s28104,scene_rotate_v03,ROTATE,C4,D8,28104,83,11,0,0.0,DOES_NOT_INTERFERE,INTERFERES,False,True,False
v1__scene_rotate_v03__L2__C4_D8__r04_s28104,scene_rotate_v03,ROTATE,C4,D8,28104,83,19,2156,0.230317274,INTERFERES,INTERFERES,True,True,True
v1__scene_rotate_v03__L2__C4_D8__r04_s28104,scene_rotate_v03,ROTATE,C4,D8,28104,83,23,0,0.0,DOES_NOT_INTERFERE,INTERFERES,False,True,False
v1__scene_rotate_v03__L2__C4_D8__r04_s28104,scene_rotate_v03,ROTATE,C4,D8,28104,83,41,0,0.0,DOES_NOT_INTERFERE,INTERFERES,False,True,False
v1__scene_rotate_v03__L2__C4_D8__r05_s28105,scene_rotate_v03,ROTATE,C4,D8,28105,83,11,0,0.0,DOES_NOT_INTERFERE,INTERFERES,False,True,False
v1__scene_rotate_v03__L2__C4_D8__r05_s28105,scene_rotate_v03,ROTATE,C4,D8,28105,83,19,2156,0.230317274,INTERFERES,INTERFERES,True,True,True
v1__scene_rotate_v03__L2__C4_D8__r05_s28105,scene_rotate_v03,ROTATE,C4,D8,28105,83,23,0,0.0,DOES_NOT_INTERFERE,INTERFERES,False,True,False
v1__scene_rotate_v03__L2__C4_D8__r05_s28105,scene_rotate_v03,ROTATE,C4,D8,28105,83,41,0,0.0,DOES_NOT_INTERFERE,INTERFERES,False,True,False
v1__scene_rotate_v03__L2__C5_D4__r01_s28101,scene_rotate_v03,ROTATE,C5,D4,28101,83,11,0,0.0,DOES_NOT_INTERFERE,DOES_NOT_INTERFERE,False,False,True
v1__scene_rotate_v03__L2__C5_D4__r01_s28101,scene_rotate_v03,ROTATE,C5,D4,28101,83,19,2156,0.230317274,INTERFERES,DOES_NOT_INTERFERE,True,False,False
v1__scene_rotate_v03__L2__C5_D4__r01_s28101,scene_rotate_v03,ROTATE,C5,D4,28101,83,23,0,0.0,DOES_NOT_INTERFERE,DOES_NOT_INTERFERE,False,False,True
v1__scene_rotate_v03__L2__C5_D4__r01_s28101,scene_rotate_v03,ROTATE,C5,D4,28101,83,41,0,0.0,DOES_NOT_INTERFERE,DOES_NOT_INTERFERE,False,False,True
v1__scene_rotate_v03__L2__C5_D4__r02_s28102,scene_rotate_v03,ROTATE,C5,D4,28102,83,11,0,0.0,DOES_NOT_INTERFERE,DOES_NOT_INTERFERE,False,False,True
v1__scene_rotate_v03__L2__C5_D4__r02_s28102,scene_rotate_v03,ROTATE,C5,D4,28102,83,19,2156,0.230317274,INTERFERES,DOES_NOT_INTERFERE,True,False,False
v1__scene_rotate_v03__L2__C5_D4__r02_s28102,scene_rotate_v03,ROTATE,C5,D4,28102,83,23,0,0.0,DOES_NOT_INTERFERE,DOES_NOT_INTERFERE,False,False,True
v1__scene_rotate_v03__L2__C5_D4__r02_s28102,scene_rotate_v03,ROTATE,C5,D4,28102,83,41,0,0.0,DOES_NOT_INTERFERE,DOES_NOT_INTERFERE,False,False,True
v1__scene_rotate_v03__L2__C5_D4__r03_s28103,scene_rotate_v03,ROTATE,C5,D4,28103,83,11,0,0.0,DOES_NOT_INTERFERE,DOES_NOT_INTERFERE,False,False,True
v1__scene_rotate_v03__L2__C5_D4__r03_s28103,scene_rotate_v03,ROTATE,C5,D4,28103,83,19,2156,0.230317274,INTERFERES,DOES_NOT_INTERFERE,True,False,False
v1__scene_rotate_v03__L2__C5_D4__r03_s28103,scene_rotate_v03,ROTATE,C5,D4,28103,83,23,0,0.0,DOES_NOT_INTERFERE,DOES_NOT_INTERFERE,False,False,True
v1__scene_rotate_v03__L2__C5_D4__r03_s28103,scene_rotate_v03,ROTATE,C5,D4,28103,83,41,0,0.0,DOES_NOT_INTERFERE,DOES_NOT_INTERFERE,False,False,True
v1__scene_rotate_v03__L2__C5_D4__r04_s28104,scene_rotate_v03,ROTATE,C5,D4,28104,83,11,0,0.0,DOES_NOT_INTERFERE,DOES_NOT_INTERFERE,False,False,True
v1__scene_rotate_v03__L2__C5_D4__r04_s28104,scene_rotate_v03,ROTATE,C5,D4,28104,83,19,2156,0.230317274,INTERFERES,DOES_NOT_INTERFERE,True,False,False
v1__scene_rotate_v03__L2__C5_D4__r04_s28104,scene_rotate_v03,ROTATE,C5,D4,28104,83,23,0,0.0,DOES_NOT_INTERFERE,DOES_NOT_INTERFERE,False,False,True
v1__scene_rotate_v03__L2__C5_D4__r04_s28104,scene_rotate_v03,ROTATE,C5,D4,28104,83,41,0,0.0,DOES_NOT_INTERFERE,DOES_NOT_INTERFERE,False,False,True
v1__scene_rotate_v03__L2__C5_D4__r05_s28105,scene_rotate_v03,ROTATE,C5,D4,28105,83,11,0,0.0,DOES_NOT_INTERFERE,DOES_NOT_INTERFERE,False,False,True
v1__scene_rotate_v03__L2__C5_D4__r05_s28105,scene_rotate_v03,ROTATE,C5,D4,28105,83,19,2156,0.230317274,INTERFERES,DOES_NOT_INTERFERE,True,False,False
v1__scene_rotate_v03__L2__C5_D4__r05_s28105,scene_rotate_v03,ROTATE,C5,D4,28105,83,23,0,0.0,DOES_NOT_INTERFERE,DOES_NOT_INTERFERE,False,False,True
v1__scene_rotate_v03__L2__C5_D4__r05_s28105,scene_rotate_v03,ROTATE,C5,D4,28105,83,41,0,0.0,DOES_NOT_INTERFERE,DOES_NOT_INTERFERE,False,False,True
v1__scene_rotate_v03__L2__C5_D8__r01_s28101,scene_rotate_v03,ROTATE,C5,D8,28101,83,11,0,0.0,DOES_NOT_INTERFERE,DOES_NOT_INTERFERE,False,False,True
v1__scene_rotate_v03__L2__C5_D8__r01_s28101,scene_rotate_v03,ROTATE,C5,D8,28101,83,19,2156,0.230317274,INTERFERES,INTERFERES,True,True,True
v1__scene_rotate_v03__L2__C5_D8__r01_s28101,scene_rotate_v03,ROTATE,C5,D8,28101,83,23,0,0.0,DOES_NOT_INTERFERE,DOES_NOT_INTERFERE,False,False,True
v1__scene_rotate_v03__L2__C5_D8__r01_s28101,scene_rotate_v03,ROTATE,C5,D8,28101,83,41,0,0.0,DOES_NOT_INTERFERE,DOES_NOT_INTERFERE,False,False,True
v1__scene_rotate_v03__L2__C5_D8__r02_s28102,scene_rotate_v03,ROTATE,C5,D8,28102,83,11,0,0.0,DOES_NOT_INTERFERE,DOES_NOT_INTERFERE,False,False,True
v1__scene_rotate_v03__L2__C5_D8__r02_s28102,scene_rotate_v03,ROTATE,C5,D8,28102,83,19,2156,0.230317274,INTERFERES,INTERFERES,True,True,True
v1__scene_rotate_v03__L2__C5_D8__r02_s28102,scene_rotate_v03,ROTATE,C5,D8,28102,83,23,0,0.0,DOES_NOT_INTERFERE,DOES_NOT_INTERFERE,False,False,True
v1__scene_rotate_v03__L2__C5_D8__r02_s28102,scene_rotate_v03,ROTATE,C5,D8,28102,83,41,0,0.0,DOES_NOT_INTERFERE,DOES_NOT_INTERFERE,False,False,True
v1__scene_rotate_v03__L2__C5_D8__r03_s28103,scene_rotate_v03,ROTATE,C5,D8,28103,83,11,0,0.0,DOES_NOT_INTERFERE,DOES_NOT_INTERFERE,False,False,True
v1__scene_rotate_v03__L2__C5_D8__r03_s28103,scene_rotate_v03,ROTATE,C5,D8,28103,83,19,2156,0.230317274,INTERFERES,DOES_NOT_INTERFERE,True,False,False
v1__scene_rotate_v03__L2__C5_D8__r03_s28103,scene_rotate_v03,ROTATE,C5,D8,28103,83,23,0,0.0,DOES_NOT_INTERFERE,DOES_NOT_INTERFERE,False,False,True
v1__scene_rotate_v03__L2__C5_D8__r03_s28103,scene_rotate_v03,ROTATE,C5,D8,28103,83,41,0,0.0,DOES_NOT_INTERFERE,DOES_NOT_INTERFERE,False,False,True
v1__scene_rotate_v03__L2__C5_D8__r04_s28104,scene_rotate_v03,ROTATE,C5,D8,28104,83,11,0,0.0,DOES_NOT_INTERFERE,DOES_NOT_INTERFERE,False,False,True
v1__scene_rotate_v03__L2__C5_D8__r04_s28104,scene_rotate_v03,ROTATE,C5,D8,28104,83,19,2156,0.230317274,INTERFERES,INTERFERES,True,True,True
v1__scene_rotate_v03__L2__C5_D8__r04_s28104,scene_rotate_v03,ROTATE,C5,D8,28104,83,23,0,0.0,DOES_NOT_INTERFERE,DOES_NOT_INTERFERE,False,False,True
v1__scene_rotate_v03__L2__C5_D8__r04_s28104,scene_rotate_v03,ROTATE,C5,D8,28104,83,41,0,0.0,DOES_NOT_INTERFERE,DOES_NOT_INTERFERE,False,False,True
v1__scene_rotate_v03__L2__C5_D8__r05_s28105,scene_rotate_v03,ROTATE,C5,D8,28105,83,11,0,0.0,DOES_NOT_INTERFERE,DOES_NOT_INTERFERE,False,False,True
v1__scene_rotate_v03__L2__C5_D8__r05_s28105,scene_rotate_v03,ROTATE,C5,D8,28105,83,19,2156,0.230317274,INTERFERES,DOES_NOT_INTERFERE,True,False,False
v1__scene_rotate_v03__L2__C5_D8__r05_s28105,scene_rotate_v03,ROTATE,C5,D8,28105,83,23,0,0.0,DOES_NOT_INTERFERE,DOES_NOT_INTERFERE,False,False,True
v1__scene_rotate_v03__L2__C5_D8__r05_s28105,scene_rotate_v03,ROTATE,C5,D8,28105,83,41,0,0.0,DOES_NOT_INTERFERE,DOES_NOT_INTERFERE,False,False,True
v1__scene_rotate_v03__L2__C6_D4__r01_s28101,scene_rotate_v03,ROTATE,C6,D4,28101,83,11,0,0.0,DOES_NOT_INTERFERE,DOES_NOT_INTERFERE,False,False,True
v1__scene_rotate_v03__L2__C6_D4__r01_s28101,scene_rotate_v03,ROTATE,C6,D4,28101,83,19,2156,0.230317274,INTERFERES,INTERFERES,True,True,True
v1__scene_rotate_v03__L2__C6_D4__r01_s28101,scene_rotate_v03,ROTATE,C6,D4,28101,83,23,0,0.0,DOES_NOT_INTERFERE,DOES_NOT_INTERFERE,False,False,True
v1__scene_rotate_v03__L2__C6_D4__r01_s28101,scene_rotate_v03,ROTATE,C6,D4,28101,83,41,0,0.0,DOES_NOT_INTERFERE,DOES_NOT_INTERFERE,False,False,True
v1__scene_rotate_v03__L2__C6_D4__r02_s28102,scene_rotate_v03,ROTATE,C6,D4,28102,83,11,0,0.0,DOES_NOT_INTERFERE,DOES_NOT_INTERFERE,False,False,True
v1__scene_rotate_v03__L2__C6_D4__r02_s28102,scene_rotate_v03,ROTATE,C6,D4,28102,83,19,2156,0.230317274,INTERFERES,INTERFERES,True,True,True
v1__scene_rotate_v03__L2__C6_D4__r02_s28102,scene_rotate_v03,ROTATE,C6,D4,28102,83,23,0,0.0,DOES_NOT_INTERFERE,DOES_NOT_INTERFERE,False,False,True
v1__scene_rotate_v03__L2__C6_D4__r02_s28102,scene_rotate_v03,ROTATE,C6,D4,28102,83,41,0,0.0,DOES_NOT_INTERFERE,DOES_NOT_INTERFERE,False,False,True
v1__scene_rotate_v03__L2__C6_D4__r03_s28103,scene_rotate_v03,ROTATE,C6,D4,28103,83,11,0,0.0,DOES_NOT_INTERFERE,DOES_NOT_INTERFERE,False,False,True
v1__scene_rotate_v03__L2__C6_D4__r03_s28103,scene_rotate_v03,ROTATE,C6,D4,28103,83,19,2156,0.230317274,INTERFERES,INTERFERES,True,True,True
v1__scene_rotate_v03__L2__C6_D4__r03_s28103,scene_rotate_v03,ROTATE,C6,D4,28103,83,23,0,0.0,DOES_NOT_INTERFERE,DOES_NOT_INTERFERE,False,False,True
v1__scene_rotate_v03__L2__C6_D4__r03_s28103,scene_rotate_v03,ROTATE,C6,D4,28103,83,41,0,0.0,DOES_NOT_INTERFERE,DOES_NOT_INTERFERE,False,False,True
v1__scene_rotate_v03__L2__C6_D4__r04_s28104,scene_rotate_v03,ROTATE,C6,D4,28104,83,11,0,0.0,DOES_NOT_INTERFERE,DOES_NOT_INTERFERE,False,False,True
v1__scene_rotate_v03__L2__C6_D4__r04_s28104,scene_rotate_v03,ROTATE,C6,D4,28104,83,19,2156,0.230317274,INTERFERES,INTERFERES,True,True,True
v1__scene_rotate_v03__L2__C6_D4__r04_s28104,scene_rotate_v03,ROTATE,C6,D4,28104,83,23,0,0.0,DOES_NOT_INTERFERE,DOES_NOT_INTERFERE,False,False,True
v1__scene_rotate_v03__L2__C6_D4__r04_s28104,scene_rotate_v03,ROTATE,C6,D4,28104,83,41,0,0.0,DOES_NOT_INTERFERE,DOES_NOT_INTERFERE,False,False,True
v1__scene_rotate_v03__L2__C6_D4__r05_s28105,scene_rotate_v03,ROTATE,C6,D4,28105,83,11,0,0.0,DOES_NOT_INTERFERE,DOES_NOT_INTERFERE,False,False,True
v1__scene_rotate_v03__L2__C6_D4__r05_s28105,scene_rotate_v03,ROTATE,C6,D4,28105,83,19,2156,0.230317274,INTERFERES,INTERFERES,True,True,True
v1__scene_rotate_v03__L2__C6_D4__r05_s28105,scene_rotate_v03,ROTATE,C6,D4,28105,83,23,0,0.0,DOES_NOT_INTERFERE,DOES_NOT_INTERFERE,False,False,True
v1__scene_rotate_v03__L2__C6_D4__r05_s28105,scene_rotate_v03,ROTATE,C6,D4,28105,83,41,0,0.0,DOES_NOT_INTERFERE,DOES_NOT_INTERFERE,False,False,True
v1__scene_rotate_v03__L2__C6_D8__r01_s28101,scene_rotate_v03,ROTATE,C6,D8,28101,83,11,0,0.0,DOES_NOT_INTERFERE,DOES_NOT_INTERFERE,False,False,True
v1__scene_rotate_v03__L2__C6_D8__r01_s28101,scene_rotate_v03,ROTATE,C6,D8,28101,83,19,2156,0.230317274,INTERFERES,INTERFERES,True,True,True
v1__scene_rotate_v03__L2__C6_D8__r01_s28101,scene_rotate_v03,ROTATE,C6,D8,28101,83,23,0,0.0,DOES_NOT_INTERFERE,DOES_NOT_INTERFERE,False,False,True
v1__scene_rotate_v03__L2__C6_D8__r01_s28101,scene_rotate_v03,ROTATE,C6,D8,28101,83,41,0,0.0,DOES_NOT_INTERFERE,DOES_NOT_INTERFERE,False,False,True
v1__scene_rotate_v03__L2__C6_D8__r02_s28102,scene_rotate_v03,ROTATE,C6,D8,28102,83,11,0,0.0,DOES_NOT_INTERFERE,DOES_NOT_INTERFERE,False,False,True
v1__scene_rotate_v03__L2__C6_D8__r02_s28102,scene_rotate_v03,ROTATE,C6,D8,28102,83,19,2156,0.230317274,INTERFERES,INTERFERES,True,True,True
v1__scene_rotate_v03__L2__C6_D8__r02_s28102,scene_rotate_v03,ROTATE,C6,D8,28102,83,23,0,0.0,DOES_NOT_INTERFERE,DOES_NOT_INTERFERE,False,False,True
v1__scene_rotate_v03__L2__C6_D8__r02_s28102,scene_rotate_v03,ROTATE,C6,D8,28102,83,41,0,0.0,DOES_NOT_INTERFERE,DOES_NOT_INTERFERE,False,False,True
v1__scene_rotate_v03__L2__C6_D8__r03_s28103,scene_rotate_v03,ROTATE,C6,D8,28103,83,11,0,0.0,DOES_NOT_INTERFERE,DOES_NOT_INTERFERE,False,False,True
v1__scene_rotate_v03__L2__C6_D8__r03_s28103,scene_rotate_v03,ROTATE,C6,D8,28103,83,19,2156,0.230317274,INTERFERES,INTERFERES,True,True,True
v1__scene_rotate_v03__L2__C6_D8__r03_s28103,scene_rotate_v03,ROTATE,C6,D8,28103,83,23,0,0.0,DOES_NOT_INTERFERE,DOES_NOT_INTERFERE,False,False,True
v1__scene_rotate_v03__L2__C6_D8__r03_s28103,scene_rotate_v03,ROTATE,C6,D8,28103,83,41,0,0.0,DOES_NOT_INTERFERE,DOES_NOT_INTERFERE,False,False,True
v1__scene_rotate_v03__L2__C6_D8__r04_s28104,scene_rotate_v03,ROTATE,C6,D8,28104,83,11,0,0.0,DOES_NOT_INTERFERE,DOES_NOT_INTERFERE,False,False,True
v1__scene_rotate_v03__L2__C6_D8__r04_s28104,scene_rotate_v03,ROTATE,C6,D8,28104,83,19,2156,0.230317274,INTERFERES,INTERFERES,True,True,True
v1__scene_rotate_v03__L2__C6_D8__r04_s28104,scene_rotate_v03,ROTATE,C6,D8,28104,83,23,0,0.0,DOES_NOT_INTERFERE,DOES_NOT_INTERFERE,False,False,True
v1__scene_rotate_v03__L2__C6_D8__r04_s28104,scene_rotate_v03,ROTATE,C6,D8,28104,83,41,0,0.0,DOES_NOT_INTERFERE,DOES_NOT_INTERFERE,False,False,True
v1__scene_rotate_v03__L2__C6_D8__r05_s28105,scene_rotate_v03,ROTATE,C6,D8,28105,83,11,0,0.0,DOES_NOT_INTERFERE,DOES_NOT_INTERFERE,False,False,True
v1__scene_rotate_v03__L2__C6_D8__r05_s28105,scene_rotate_v03,ROTATE,C6,D8,28105,83,19,2156,0.230317274,INTERFERES,INTERFERES,True,True,True
v1__scene_rotate_v03__L2__C6_D8__r05_s28105,scene_rotate_v03,ROTATE,C6,D8,28105,83,23,0,0.0,DOES_NOT_INTERFERE,DOES_NOT_INTERFERE,False,False,True
v1__scene_rotate_v03__L2__C6_D8__r05_s28105,scene_rotate_v03,ROTATE,C6,D8,28105,83,41,0,0.0,DOES_NOT_INTERFERE,DOES_NOT_INTERFERE,False,False,True
v1__scene_rotate_v04__L2__C0_NA__r01_s28101,scene_rotate_v04,ROTATE,C0,,28101,47,25,0,0.0,DOES_NOT_INTERFERE,DOES_NOT_INTERFERE,False,False,True
v1__scene_rotate_v04__L2__C0_NA__r01_s28101,scene_rotate_v04,ROTATE,C0,,28101,47,29,0,0.0,DOES_NOT_INTERFERE,DOES_NOT_INTERFERE,False,False,True
v1__scene_rotate_v04__L2__C0_NA__r01_s28101,scene_rotate_v04,ROTATE,C0,,28101,47,53,0,0.0,DOES_NOT_INTERFERE,DOES_NOT_INTERFERE,False,False,True
v1__scene_rotate_v04__L2__C0_NA__r01_s28101,scene_rotate_v04,ROTATE,C0,,28101,47,95,3912,0.423330808,INTERFERES,DOES_NOT_INTERFERE,True,False,False
v1__scene_rotate_v04__L2__C0_NA__r02_s28102,scene_rotate_v04,ROTATE,C0,,28102,47,25,0,0.0,DOES_NOT_INTERFERE,DOES_NOT_INTERFERE,False,False,True
v1__scene_rotate_v04__L2__C0_NA__r02_s28102,scene_rotate_v04,ROTATE,C0,,28102,47,29,0,0.0,DOES_NOT_INTERFERE,DOES_NOT_INTERFERE,False,False,True
v1__scene_rotate_v04__L2__C0_NA__r02_s28102,scene_rotate_v04,ROTATE,C0,,28102,47,53,0,0.0,DOES_NOT_INTERFERE,DOES_NOT_INTERFERE,False,False,True
v1__scene_rotate_v04__L2__C0_NA__r02_s28102,scene_rotate_v04,ROTATE,C0,,28102,47,95,3912,0.423330808,INTERFERES,DOES_NOT_INTERFERE,True,False,False
v1__scene_rotate_v04__L2__C0_NA__r03_s28103,scene_rotate_v04,ROTATE,C0,,28103,47,25,0,0.0,DOES_NOT_INTERFERE,DOES_NOT_INTERFERE,False,False,True
v1__scene_rotate_v04__L2__C0_NA__r03_s28103,scene_rotate_v04,ROTATE,C0,,28103,47,29,0,0.0,DOES_NOT_INTERFERE,DOES_NOT_INTERFERE,False,False,True
v1__scene_rotate_v04__L2__C0_NA__r03_s28103,scene_rotate_v04,ROTATE,C0,,28103,47,53,0,0.0,DOES_NOT_INTERFERE,DOES_NOT_INTERFERE,False,False,True
v1__scene_rotate_v04__L2__C0_NA__r03_s28103,scene_rotate_v04,ROTATE,C0,,28103,47,95,3912,0.423330808,INTERFERES,DOES_NOT_INTERFERE,True,False,False
v1__scene_rotate_v04__L2__C0_NA__r04_s28104,scene_rotate_v04,ROTATE,C0,,28104,47,25,0,0.0,DOES_NOT_INTERFERE,DOES_NOT_INTERFERE,False,False,True
v1__scene_rotate_v04__L2__C0_NA__r04_s28104,scene_rotate_v04,ROTATE,C0,,28104,47,29,0,0.0,DOES_NOT_INTERFERE,DOES_NOT_INTERFERE,False,False,True
v1__scene_rotate_v04__L2__C0_NA__r04_s28104,scene_rotate_v04,ROTATE,C0,,28104,47,53,0,0.0,DOES_NOT_INTERFERE,DOES_NOT_INTERFERE,False,False,True
v1__scene_rotate_v04__L2__C0_NA__r04_s28104,scene_rotate_v04,ROTATE,C0,,28104,47,95,3912,0.423330808,INTERFERES,DOES_NOT_INTERFERE,True,False,False
v1__scene_rotate_v04__L2__C0_NA__r05_s28105,scene_rotate_v04,ROTATE,C0,,28105,47,25,0,0.0,DOES_NOT_INTERFERE,DOES_NOT_INTERFERE,False,False,True
v1__scene_rotate_v04__L2__C0_NA__r05_s28105,scene_rotate_v04,ROTATE,C0,,28105,47,29,0,0.0,DOES_NOT_INTERFERE,DOES_NOT_INTERFERE,False,False,True
v1__scene_rotate_v04__L2__C0_NA__r05_s28105,scene_rotate_v04,ROTATE,C0,,28105,47,53,0,0.0,DOES_NOT_INTERFERE,DOES_NOT_INTERFERE,False,False,True
v1__scene_rotate_v04__L2__C0_NA__r05_s28105,scene_rotate_v04,ROTATE,C0,,28105,47,95,3912,0.423330808,INTERFERES,DOES_NOT_INTERFERE,True,False,False
v1__scene_rotate_v04__L2__C1_NA__r01_s28101,scene_rotate_v04,ROTATE,C1,,28101,47,25,0,0.0,DOES_NOT_INTERFERE,DOES_NOT_INTERFERE,False,False,True
v1__scene_rotate_v04__L2__C1_NA__r01_s28101,scene_rotate_v04,ROTATE,C1,,28101,47,29,0,0.0,DOES_NOT_INTERFERE,DOES_NOT_INTERFERE,False,False,True
v1__scene_rotate_v04__L2__C1_NA__r01_s28101,scene_rotate_v04,ROTATE,C1,,28101,47,53,0,0.0,DOES_NOT_INTERFERE,DOES_NOT_INTERFERE,False,False,True
v1__scene_rotate_v04__L2__C1_NA__r01_s28101,scene_rotate_v04,ROTATE,C1,,28101,47,95,3912,0.423330808,INTERFERES,DOES_NOT_INTERFERE,True,False,False
v1__scene_rotate_v04__L2__C1_NA__r02_s28102,scene_rotate_v04,ROTATE,C1,,28102,47,25,0,0.0,DOES_NOT_INTERFERE,DOES_NOT_INTERFERE,False,False,True
v1__scene_rotate_v04__L2__C1_NA__r02_s28102,scene_rotate_v04,ROTATE,C1,,28102,47,29,0,0.0,DOES_NOT_INTERFERE,DOES_NOT_INTERFERE,False,False,True
v1__scene_rotate_v04__L2__C1_NA__r02_s28102,scene_rotate_v04,ROTATE,C1,,28102,47,53,0,0.0,DOES_NOT_INTERFERE,DOES_NOT_INTERFERE,False,False,True
v1__scene_rotate_v04__L2__C1_NA__r02_s28102,scene_rotate_v04,ROTATE,C1,,28102,47,95,3912,0.423330808,INTERFERES,DOES_NOT_INTERFERE,True,False,False
v1__scene_rotate_v04__L2__C1_NA__r03_s28103,scene_rotate_v04,ROTATE,C1,,28103,47,25,0,0.0,DOES_NOT_INTERFERE,DOES_NOT_INTERFERE,False,False,True
v1__scene_rotate_v04__L2__C1_NA__r03_s28103,scene_rotate_v04,ROTATE,C1,,28103,47,29,0,0.0,DOES_NOT_INTERFERE,DOES_NOT_INTERFERE,False,False,True
v1__scene_rotate_v04__L2__C1_NA__r03_s28103,scene_rotate_v04,ROTATE,C1,,28103,47,53,0,0.0,DOES_NOT_INTERFERE,DOES_NOT_INTERFERE,False,False,True
v1__scene_rotate_v04__L2__C1_NA__r03_s28103,scene_rotate_v04,ROTATE,C1,,28103,47,95,3912,0.423330808,INTERFERES,DOES_NOT_INTERFERE,True,False,False
v1__scene_rotate_v04__L2__C1_NA__r04_s28104,scene_rotate_v04,ROTATE,C1,,28104,47,25,0,0.0,DOES_NOT_INTERFERE,INTERFERES,False,True,False
v1__scene_rotate_v04__L2__C1_NA__r04_s28104,scene_rotate_v04,ROTATE,C1,,28104,47,29,0,0.0,DOES_NOT_INTERFERE,INTERFERES,False,True,False
v1__scene_rotate_v04__L2__C1_NA__r04_s28104,scene_rotate_v04,ROTATE,C1,,28104,47,53,0,0.0,DOES_NOT_INTERFERE,DOES_NOT_INTERFERE,False,False,True
v1__scene_rotate_v04__L2__C1_NA__r04_s28104,scene_rotate_v04,ROTATE,C1,,28104,47,95,3912,0.423330808,INTERFERES,DOES_NOT_INTERFERE,True,False,False
v1__scene_rotate_v04__L2__C1_NA__r05_s28105,scene_rotate_v04,ROTATE,C1,,28105,47,25,0,0.0,DOES_NOT_INTERFERE,INTERFERES,False,True,False
v1__scene_rotate_v04__L2__C1_NA__r05_s28105,scene_rotate_v04,ROTATE,C1,,28105,47,29,0,0.0,DOES_NOT_INTERFERE,INTERFERES,False,True,False
v1__scene_rotate_v04__L2__C1_NA__r05_s28105,scene_rotate_v04,ROTATE,C1,,28105,47,53,0,0.0,DOES_NOT_INTERFERE,DOES_NOT_INTERFERE,False,False,True
v1__scene_rotate_v04__L2__C1_NA__r05_s28105,scene_rotate_v04,ROTATE,C1,,28105,47,95,3912,0.423330808,INTERFERES,DOES_NOT_INTERFERE,True,False,False
v1__scene_rotate_v04__L2__C2_D4__r01_s28101,scene_rotate_v04,ROTATE,C2,D4,28101,47,25,0,0.0,DOES_NOT_INTERFERE,INTERFERES,False,True,False
v1__scene_rotate_v04__L2__C2_D4__r01_s28101,scene_rotate_v04,ROTATE,C2,D4,28101,47,29,0,0.0,DOES_NOT_INTERFERE,INTERFERES,False,True,False
v1__scene_rotate_v04__L2__C2_D4__r01_s28101,scene_rotate_v04,ROTATE,C2,D4,28101,47,53,0,0.0,DOES_NOT_INTERFERE,INTERFERES,False,True,False
v1__scene_rotate_v04__L2__C2_D4__r01_s28101,scene_rotate_v04,ROTATE,C2,D4,28101,47,95,3912,0.423330808,INTERFERES,INTERFERES,True,True,True
v1__scene_rotate_v04__L2__C2_D4__r02_s28102,scene_rotate_v04,ROTATE,C2,D4,28102,47,25,0,0.0,DOES_NOT_INTERFERE,DOES_NOT_INTERFERE,False,False,True
v1__scene_rotate_v04__L2__C2_D4__r02_s28102,scene_rotate_v04,ROTATE,C2,D4,28102,47,29,0,0.0,DOES_NOT_INTERFERE,DOES_NOT_INTERFERE,False,False,True
v1__scene_rotate_v04__L2__C2_D4__r02_s28102,scene_rotate_v04,ROTATE,C2,D4,28102,47,53,0,0.0,DOES_NOT_INTERFERE,DOES_NOT_INTERFERE,False,False,True
v1__scene_rotate_v04__L2__C2_D4__r02_s28102,scene_rotate_v04,ROTATE,C2,D4,28102,47,95,3912,0.423330808,INTERFERES,DOES_NOT_INTERFERE,True,False,False
v1__scene_rotate_v04__L2__C2_D4__r03_s28103,scene_rotate_v04,ROTATE,C2,D4,28103,47,25,0,0.0,DOES_NOT_INTERFERE,INTERFERES,False,True,False
v1__scene_rotate_v04__L2__C2_D4__r03_s28103,scene_rotate_v04,ROTATE,C2,D4,28103,47,29,0,0.0,DOES_NOT_INTERFERE,INTERFERES,False,True,False
v1__scene_rotate_v04__L2__C2_D4__r03_s28103,scene_rotate_v04,ROTATE,C2,D4,28103,47,53,0,0.0,DOES_NOT_INTERFERE,INTERFERES,False,True,False
v1__scene_rotate_v04__L2__C2_D4__r03_s28103,scene_rotate_v04,ROTATE,C2,D4,28103,47,95,3912,0.423330808,INTERFERES,INTERFERES,True,True,True
v1__scene_rotate_v04__L2__C2_D4__r04_s28104,scene_rotate_v04,ROTATE,C2,D4,28104,47,25,0,0.0,DOES_NOT_INTERFERE,INTERFERES,False,True,False
v1__scene_rotate_v04__L2__C2_D4__r04_s28104,scene_rotate_v04,ROTATE,C2,D4,28104,47,29,0,0.0,DOES_NOT_INTERFERE,INTERFERES,False,True,False
v1__scene_rotate_v04__L2__C2_D4__r04_s28104,scene_rotate_v04,ROTATE,C2,D4,28104,47,53,0,0.0,DOES_NOT_INTERFERE,INTERFERES,False,True,False
v1__scene_rotate_v04__L2__C2_D4__r04_s28104,scene_rotate_v04,ROTATE,C2,D4,28104,47,95,3912,0.423330808,INTERFERES,INTERFERES,True,True,True
v1__scene_rotate_v04__L2__C2_D4__r05_s28105,scene_rotate_v04,ROTATE,C2,D4,28105,47,25,0,0.0,DOES_NOT_INTERFERE,INTERFERES,False,True,False
v1__scene_rotate_v04__L2__C2_D4__r05_s28105,scene_rotate_v04,ROTATE,C2,D4,28105,47,29,0,0.0,DOES_NOT_INTERFERE,INTERFERES,False,True,False
v1__scene_rotate_v04__L2__C2_D4__r05_s28105,scene_rotate_v04,ROTATE,C2,D4,28105,47,53,0,0.0,DOES_NOT_INTERFERE,INTERFERES,False,True,False
v1__scene_rotate_v04__L2__C2_D4__r05_s28105,scene_rotate_v04,ROTATE,C2,D4,28105,47,95,3912,0.423330808,INTERFERES,INTERFERES,True,True,True
v1__scene_rotate_v04__L2__C2_D8__r01_s28101,scene_rotate_v04,ROTATE,C2,D8,28101,47,25,0,0.0,DOES_NOT_INTERFERE,INTERFERES,False,True,False
v1__scene_rotate_v04__L2__C2_D8__r01_s28101,scene_rotate_v04,ROTATE,C2,D8,28101,47,29,0,0.0,DOES_NOT_INTERFERE,INTERFERES,False,True,False
v1__scene_rotate_v04__L2__C2_D8__r01_s28101,scene_rotate_v04,ROTATE,C2,D8,28101,47,53,0,0.0,DOES_NOT_INTERFERE,INTERFERES,False,True,False
v1__scene_rotate_v04__L2__C2_D8__r01_s28101,scene_rotate_v04,ROTATE,C2,D8,28101,47,95,3912,0.423330808,INTERFERES,INTERFERES,True,True,True
v1__scene_rotate_v04__L2__C2_D8__r02_s28102,scene_rotate_v04,ROTATE,C2,D8,28102,47,25,0,0.0,DOES_NOT_INTERFERE,INTERFERES,False,True,False
v1__scene_rotate_v04__L2__C2_D8__r02_s28102,scene_rotate_v04,ROTATE,C2,D8,28102,47,29,0,0.0,DOES_NOT_INTERFERE,INTERFERES,False,True,False
v1__scene_rotate_v04__L2__C2_D8__r02_s28102,scene_rotate_v04,ROTATE,C2,D8,28102,47,53,0,0.0,DOES_NOT_INTERFERE,INTERFERES,False,True,False
v1__scene_rotate_v04__L2__C2_D8__r02_s28102,scene_rotate_v04,ROTATE,C2,D8,28102,47,95,3912,0.423330808,INTERFERES,INTERFERES,True,True,True
v1__scene_rotate_v04__L2__C2_D8__r03_s28103,scene_rotate_v04,ROTATE,C2,D8,28103,47,25,0,0.0,DOES_NOT_INTERFERE,INTERFERES,False,True,False
v1__scene_rotate_v04__L2__C2_D8__r03_s28103,scene_rotate_v04,ROTATE,C2,D8,28103,47,29,0,0.0,DOES_NOT_INTERFERE,INTERFERES,False,True,False
v1__scene_rotate_v04__L2__C2_D8__r03_s28103,scene_rotate_v04,ROTATE,C2,D8,28103,47,53,0,0.0,DOES_NOT_INTERFERE,INTERFERES,False,True,False
v1__scene_rotate_v04__L2__C2_D8__r03_s28103,scene_rotate_v04,ROTATE,C2,D8,28103,47,95,3912,0.423330808,INTERFERES,INTERFERES,True,True,True
v1__scene_rotate_v04__L2__C2_D8__r04_s28104,scene_rotate_v04,ROTATE,C2,D8,28104,47,25,0,0.0,DOES_NOT_INTERFERE,INTERFERES,False,True,False
v1__scene_rotate_v04__L2__C2_D8__r04_s28104,scene_rotate_v04,ROTATE,C2,D8,28104,47,29,0,0.0,DOES_NOT_INTERFERE,INTERFERES,False,True,False
v1__scene_rotate_v04__L2__C2_D8__r04_s28104,scene_rotate_v04,ROTATE,C2,D8,28104,47,53,0,0.0,DOES_NOT_INTERFERE,INTERFERES,False,True,False
v1__scene_rotate_v04__L2__C2_D8__r04_s28104,scene_rotate_v04,ROTATE,C2,D8,28104,47,95,3912,0.423330808,INTERFERES,INTERFERES,True,True,True
v1__scene_rotate_v04__L2__C2_D8__r05_s28105,scene_rotate_v04,ROTATE,C2,D8,28105,47,25,0,0.0,DOES_NOT_INTERFERE,INTERFERES,False,True,False
v1__scene_rotate_v04__L2__C2_D8__r05_s28105,scene_rotate_v04,ROTATE,C2,D8,28105,47,29,0,0.0,DOES_NOT_INTERFERE,INTERFERES,False,True,False
v1__scene_rotate_v04__L2__C2_D8__r05_s28105,scene_rotate_v04,ROTATE,C2,D8,28105,47,53,0,0.0,DOES_NOT_INTERFERE,INTERFERES,False,True,False
v1__scene_rotate_v04__L2__C2_D8__r05_s28105,scene_rotate_v04,ROTATE,C2,D8,28105,47,95,3912,0.423330808,INTERFERES,INTERFERES,True,True,True
v1__scene_rotate_v04__L2__C3_D4__r01_s28101,scene_rotate_v04,ROTATE,C3,D4,28101,47,25,0,0.0,DOES_NOT_INTERFERE,DOES_NOT_INTERFERE,False,False,True
v1__scene_rotate_v04__L2__C3_D4__r01_s28101,scene_rotate_v04,ROTATE,C3,D4,28101,47,29,0,0.0,DOES_NOT_INTERFERE,DOES_NOT_INTERFERE,False,False,True
v1__scene_rotate_v04__L2__C3_D4__r01_s28101,scene_rotate_v04,ROTATE,C3,D4,28101,47,53,0,0.0,DOES_NOT_INTERFERE,DOES_NOT_INTERFERE,False,False,True
v1__scene_rotate_v04__L2__C3_D4__r01_s28101,scene_rotate_v04,ROTATE,C3,D4,28101,47,95,3912,0.423330808,INTERFERES,DOES_NOT_INTERFERE,True,False,False
v1__scene_rotate_v04__L2__C3_D4__r02_s28102,scene_rotate_v04,ROTATE,C3,D4,28102,47,25,0,0.0,DOES_NOT_INTERFERE,DOES_NOT_INTERFERE,False,False,True
v1__scene_rotate_v04__L2__C3_D4__r02_s28102,scene_rotate_v04,ROTATE,C3,D4,28102,47,29,0,0.0,DOES_NOT_INTERFERE,DOES_NOT_INTERFERE,False,False,True
v1__scene_rotate_v04__L2__C3_D4__r02_s28102,scene_rotate_v04,ROTATE,C3,D4,28102,47,53,0,0.0,DOES_NOT_INTERFERE,DOES_NOT_INTERFERE,False,False,True
v1__scene_rotate_v04__L2__C3_D4__r02_s28102,scene_rotate_v04,ROTATE,C3,D4,28102,47,95,3912,0.423330808,INTERFERES,DOES_NOT_INTERFERE,True,False,False
v1__scene_rotate_v04__L2__C3_D4__r03_s28103,scene_rotate_v04,ROTATE,C3,D4,28103,47,25,0,0.0,DOES_NOT_INTERFERE,DOES_NOT_INTERFERE,False,False,True
v1__scene_rotate_v04__L2__C3_D4__r03_s28103,scene_rotate_v04,ROTATE,C3,D4,28103,47,29,0,0.0,DOES_NOT_INTERFERE,DOES_NOT_INTERFERE,False,False,True
v1__scene_rotate_v04__L2__C3_D4__r03_s28103,scene_rotate_v04,ROTATE,C3,D4,28103,47,53,0,0.0,DOES_NOT_INTERFERE,DOES_NOT_INTERFERE,False,False,True
v1__scene_rotate_v04__L2__C3_D4__r03_s28103,scene_rotate_v04,ROTATE,C3,D4,28103,47,95,3912,0.423330808,INTERFERES,DOES_NOT_INTERFERE,True,False,False
v1__scene_rotate_v04__L2__C3_D4__r04_s28104,scene_rotate_v04,ROTATE,C3,D4,28104,47,25,0,0.0,DOES_NOT_INTERFERE,DOES_NOT_INTERFERE,False,False,True
v1__scene_rotate_v04__L2__C3_D4__r04_s28104,scene_rotate_v04,ROTATE,C3,D4,28104,47,29,0,0.0,DOES_NOT_INTERFERE,DOES_NOT_INTERFERE,False,False,True
v1__scene_rotate_v04__L2__C3_D4__r04_s28104,scene_rotate_v04,ROTATE,C3,D4,28104,47,53,0,0.0,DOES_NOT_INTERFERE,DOES_NOT_INTERFERE,False,False,True
v1__scene_rotate_v04__L2__C3_D4__r04_s28104,scene_rotate_v04,ROTATE,C3,D4,28104,47,95,3912,0.423330808,INTERFERES,DOES_NOT_INTERFERE,True,False,False
v1__scene_rotate_v04__L2__C3_D4__r05_s28105,scene_rotate_v04,ROTATE,C3,D4,28105,47,25,0,0.0,DOES_NOT_INTERFERE,DOES_NOT_INTERFERE,False,False,True
v1__scene_rotate_v04__L2__C3_D4__r05_s28105,scene_rotate_v04,ROTATE,C3,D4,28105,47,29,0,0.0,DOES_NOT_INTERFERE,DOES_NOT_INTERFERE,False,False,True
v1__scene_rotate_v04__L2__C3_D4__r05_s28105,scene_rotate_v04,ROTATE,C3,D4,28105,47,53,0,0.0,DOES_NOT_INTERFERE,DOES_NOT_INTERFERE,False,False,True
v1__scene_rotate_v04__L2__C3_D4__r05_s28105,scene_rotate_v04,ROTATE,C3,D4,28105,47,95,3912,0.423330808,INTERFERES,DOES_NOT_INTERFERE,True,False,False
v1__scene_rotate_v04__L2__C3_D8__r01_s28101,scene_rotate_v04,ROTATE,C3,D8,28101,47,25,0,0.0,DOES_NOT_INTERFERE,DOES_NOT_INTERFERE,False,False,True
v1__scene_rotate_v04__L2__C3_D8__r01_s28101,scene_rotate_v04,ROTATE,C3,D8,28101,47,29,0,0.0,DOES_NOT_INTERFERE,DOES_NOT_INTERFERE,False,False,True
v1__scene_rotate_v04__L2__C3_D8__r01_s28101,scene_rotate_v04,ROTATE,C3,D8,28101,47,53,0,0.0,DOES_NOT_INTERFERE,DOES_NOT_INTERFERE,False,False,True
v1__scene_rotate_v04__L2__C3_D8__r01_s28101,scene_rotate_v04,ROTATE,C3,D8,28101,47,95,3912,0.423330808,INTERFERES,DOES_NOT_INTERFERE,True,False,False
v1__scene_rotate_v04__L2__C3_D8__r02_s28102,scene_rotate_v04,ROTATE,C3,D8,28102,47,25,0,0.0,DOES_NOT_INTERFERE,INTERFERES,False,True,False
v1__scene_rotate_v04__L2__C3_D8__r02_s28102,scene_rotate_v04,ROTATE,C3,D8,28102,47,29,0,0.0,DOES_NOT_INTERFERE,INTERFERES,False,True,False
v1__scene_rotate_v04__L2__C3_D8__r02_s28102,scene_rotate_v04,ROTATE,C3,D8,28102,47,53,0,0.0,DOES_NOT_INTERFERE,DOES_NOT_INTERFERE,False,False,True
v1__scene_rotate_v04__L2__C3_D8__r02_s28102,scene_rotate_v04,ROTATE,C3,D8,28102,47,95,3912,0.423330808,INTERFERES,DOES_NOT_INTERFERE,True,False,False
v1__scene_rotate_v04__L2__C3_D8__r03_s28103,scene_rotate_v04,ROTATE,C3,D8,28103,47,25,0,0.0,DOES_NOT_INTERFERE,INTERFERES,False,True,False
v1__scene_rotate_v04__L2__C3_D8__r03_s28103,scene_rotate_v04,ROTATE,C3,D8,28103,47,29,0,0.0,DOES_NOT_INTERFERE,INTERFERES,False,True,False
v1__scene_rotate_v04__L2__C3_D8__r03_s28103,scene_rotate_v04,ROTATE,C3,D8,28103,47,53,0,0.0,DOES_NOT_INTERFERE,DOES_NOT_INTERFERE,False,False,True
v1__scene_rotate_v04__L2__C3_D8__r03_s28103,scene_rotate_v04,ROTATE,C3,D8,28103,47,95,3912,0.423330808,INTERFERES,DOES_NOT_INTERFERE,True,False,False
v1__scene_rotate_v04__L2__C3_D8__r04_s28104,scene_rotate_v04,ROTATE,C3,D8,28104,47,25,0,0.0,DOES_NOT_INTERFERE,INTERFERES,False,True,False
v1__scene_rotate_v04__L2__C3_D8__r04_s28104,scene_rotate_v04,ROTATE,C3,D8,28104,47,29,0,0.0,DOES_NOT_INTERFERE,INTERFERES,False,True,False
v1__scene_rotate_v04__L2__C3_D8__r04_s28104,scene_rotate_v04,ROTATE,C3,D8,28104,47,53,0,0.0,DOES_NOT_INTERFERE,DOES_NOT_INTERFERE,False,False,True
v1__scene_rotate_v04__L2__C3_D8__r04_s28104,scene_rotate_v04,ROTATE,C3,D8,28104,47,95,3912,0.423330808,INTERFERES,DOES_NOT_INTERFERE,True,False,False
v1__scene_rotate_v04__L2__C3_D8__r05_s28105,scene_rotate_v04,ROTATE,C3,D8,28105,47,25,0,0.0,DOES_NOT_INTERFERE,INTERFERES,False,True,False
v1__scene_rotate_v04__L2__C3_D8__r05_s28105,scene_rotate_v04,ROTATE,C3,D8,28105,47,29,0,0.0,DOES_NOT_INTERFERE,INTERFERES,False,True,False
v1__scene_rotate_v04__L2__C3_D8__r05_s28105,scene_rotate_v04,ROTATE,C3,D8,28105,47,53,0,0.0,DOES_NOT_INTERFERE,DOES_NOT_INTERFERE,False,False,True
v1__scene_rotate_v04__L2__C3_D8__r05_s28105,scene_rotate_v04,ROTATE,C3,D8,28105,47,95,3912,0.423330808,INTERFERES,DOES_NOT_INTERFERE,True,False,False
v1__scene_rotate_v04__L2__C4_D4__r01_s28101,scene_rotate_v04,ROTATE,C4,D4,28101,47,25,0,0.0,DOES_NOT_INTERFERE,INTERFERES,False,True,False
v1__scene_rotate_v04__L2__C4_D4__r01_s28101,scene_rotate_v04,ROTATE,C4,D4,28101,47,29,0,0.0,DOES_NOT_INTERFERE,INTERFERES,False,True,False
v1__scene_rotate_v04__L2__C4_D4__r01_s28101,scene_rotate_v04,ROTATE,C4,D4,28101,47,53,0,0.0,DOES_NOT_INTERFERE,DOES_NOT_INTERFERE,False,False,True
v1__scene_rotate_v04__L2__C4_D4__r01_s28101,scene_rotate_v04,ROTATE,C4,D4,28101,47,95,3912,0.423330808,INTERFERES,DOES_NOT_INTERFERE,True,False,False
v1__scene_rotate_v04__L2__C4_D4__r02_s28102,scene_rotate_v04,ROTATE,C4,D4,28102,47,25,0,0.0,DOES_NOT_INTERFERE,DOES_NOT_INTERFERE,False,False,True
v1__scene_rotate_v04__L2__C4_D4__r02_s28102,scene_rotate_v04,ROTATE,C4,D4,28102,47,29,0,0.0,DOES_NOT_INTERFERE,DOES_NOT_INTERFERE,False,False,True
v1__scene_rotate_v04__L2__C4_D4__r02_s28102,scene_rotate_v04,ROTATE,C4,D4,28102,47,53,0,0.0,DOES_NOT_INTERFERE,DOES_NOT_INTERFERE,False,False,True
v1__scene_rotate_v04__L2__C4_D4__r02_s28102,scene_rotate_v04,ROTATE,C4,D4,28102,47,95,3912,0.423330808,INTERFERES,DOES_NOT_INTERFERE,True,False,False
v1__scene_rotate_v04__L2__C4_D4__r03_s28103,scene_rotate_v04,ROTATE,C4,D4,28103,47,25,0,0.0,DOES_NOT_INTERFERE,INTERFERES,False,True,False
v1__scene_rotate_v04__L2__C4_D4__r03_s28103,scene_rotate_v04,ROTATE,C4,D4,28103,47,29,0,0.0,DOES_NOT_INTERFERE,INTERFERES,False,True,False
v1__scene_rotate_v04__L2__C4_D4__r03_s28103,scene_rotate_v04,ROTATE,C4,D4,28103,47,53,0,0.0,DOES_NOT_INTERFERE,DOES_NOT_INTERFERE,False,False,True
v1__scene_rotate_v04__L2__C4_D4__r03_s28103,scene_rotate_v04,ROTATE,C4,D4,28103,47,95,3912,0.423330808,INTERFERES,DOES_NOT_INTERFERE,True,False,False
v1__scene_rotate_v04__L2__C4_D4__r04_s28104,scene_rotate_v04,ROTATE,C4,D4,28104,47,25,0,0.0,DOES_NOT_INTERFERE,INTERFERES,False,True,False
v1__scene_rotate_v04__L2__C4_D4__r04_s28104,scene_rotate_v04,ROTATE,C4,D4,28104,47,29,0,0.0,DOES_NOT_INTERFERE,INTERFERES,False,True,False
v1__scene_rotate_v04__L2__C4_D4__r04_s28104,scene_rotate_v04,ROTATE,C4,D4,28104,47,53,0,0.0,DOES_NOT_INTERFERE,DOES_NOT_INTERFERE,False,False,True
v1__scene_rotate_v04__L2__C4_D4__r04_s28104,scene_rotate_v04,ROTATE,C4,D4,28104,47,95,3912,0.423330808,INTERFERES,DOES_NOT_INTERFERE,True,False,False
v1__scene_rotate_v04__L2__C4_D4__r05_s28105,scene_rotate_v04,ROTATE,C4,D4,28105,47,25,0,0.0,DOES_NOT_INTERFERE,DOES_NOT_INTERFERE,False,False,True
v1__scene_rotate_v04__L2__C4_D4__r05_s28105,scene_rotate_v04,ROTATE,C4,D4,28105,47,29,0,0.0,DOES_NOT_INTERFERE,DOES_NOT_INTERFERE,False,False,True
v1__scene_rotate_v04__L2__C4_D4__r05_s28105,scene_rotate_v04,ROTATE,C4,D4,28105,47,53,0,0.0,DOES_NOT_INTERFERE,DOES_NOT_INTERFERE,False,False,True
v1__scene_rotate_v04__L2__C4_D4__r05_s28105,scene_rotate_v04,ROTATE,C4,D4,28105,47,95,3912,0.423330808,INTERFERES,DOES_NOT_INTERFERE,True,False,False
v1__scene_rotate_v04__L2__C4_D8__r01_s28101,scene_rotate_v04,ROTATE,C4,D8,28101,47,25,0,0.0,DOES_NOT_INTERFERE,INTERFERES,False,True,False
v1__scene_rotate_v04__L2__C4_D8__r01_s28101,scene_rotate_v04,ROTATE,C4,D8,28101,47,29,0,0.0,DOES_NOT_INTERFERE,INTERFERES,False,True,False
v1__scene_rotate_v04__L2__C4_D8__r01_s28101,scene_rotate_v04,ROTATE,C4,D8,28101,47,53,0,0.0,DOES_NOT_INTERFERE,DOES_NOT_INTERFERE,False,False,True
v1__scene_rotate_v04__L2__C4_D8__r01_s28101,scene_rotate_v04,ROTATE,C4,D8,28101,47,95,3912,0.423330808,INTERFERES,DOES_NOT_INTERFERE,True,False,False
v1__scene_rotate_v04__L2__C4_D8__r02_s28102,scene_rotate_v04,ROTATE,C4,D8,28102,47,25,0,0.0,DOES_NOT_INTERFERE,DOES_NOT_INTERFERE,False,False,True
v1__scene_rotate_v04__L2__C4_D8__r02_s28102,scene_rotate_v04,ROTATE,C4,D8,28102,47,29,0,0.0,DOES_NOT_INTERFERE,DOES_NOT_INTERFERE,False,False,True
v1__scene_rotate_v04__L2__C4_D8__r02_s28102,scene_rotate_v04,ROTATE,C4,D8,28102,47,53,0,0.0,DOES_NOT_INTERFERE,DOES_NOT_INTERFERE,False,False,True
v1__scene_rotate_v04__L2__C4_D8__r02_s28102,scene_rotate_v04,ROTATE,C4,D8,28102,47,95,3912,0.423330808,INTERFERES,DOES_NOT_INTERFERE,True,False,False
v1__scene_rotate_v04__L2__C4_D8__r03_s28103,scene_rotate_v04,ROTATE,C4,D8,28103,47,25,0,0.0,DOES_NOT_INTERFERE,INTERFERES,False,True,False
v1__scene_rotate_v04__L2__C4_D8__r03_s28103,scene_rotate_v04,ROTATE,C4,D8,28103,47,29,0,0.0,DOES_NOT_INTERFERE,INTERFERES,False,True,False
v1__scene_rotate_v04__L2__C4_D8__r03_s28103,scene_rotate_v04,ROTATE,C4,D8,28103,47,53,0,0.0,DOES_NOT_INTERFERE,DOES_NOT_INTERFERE,False,False,True
v1__scene_rotate_v04__L2__C4_D8__r03_s28103,scene_rotate_v04,ROTATE,C4,D8,28103,47,95,3912,0.423330808,INTERFERES,DOES_NOT_INTERFERE,True,False,False
v1__scene_rotate_v04__L2__C4_D8__r04_s28104,scene_rotate_v04,ROTATE,C4,D8,28104,47,25,0,0.0,DOES_NOT_INTERFERE,INTERFERES,False,True,False
v1__scene_rotate_v04__L2__C4_D8__r04_s28104,scene_rotate_v04,ROTATE,C4,D8,28104,47,29,0,0.0,DOES_NOT_INTERFERE,INTERFERES,False,True,False
v1__scene_rotate_v04__L2__C4_D8__r04_s28104,scene_rotate_v04,ROTATE,C4,D8,28104,47,53,0,0.0,DOES_NOT_INTERFERE,DOES_NOT_INTERFERE,False,False,True
v1__scene_rotate_v04__L2__C4_D8__r04_s28104,scene_rotate_v04,ROTATE,C4,D8,28104,47,95,3912,0.423330808,INTERFERES,DOES_NOT_INTERFERE,True,False,False
v1__scene_rotate_v04__L2__C4_D8__r05_s28105,scene_rotate_v04,ROTATE,C4,D8,28105,47,25,0,0.0,DOES_NOT_INTERFERE,INTERFERES,False,True,False
v1__scene_rotate_v04__L2__C4_D8__r05_s28105,scene_rotate_v04,ROTATE,C4,D8,28105,47,29,0,0.0,DOES_NOT_INTERFERE,INTERFERES,False,True,False
v1__scene_rotate_v04__L2__C4_D8__r05_s28105,scene_rotate_v04,ROTATE,C4,D8,28105,47,53,0,0.0,DOES_NOT_INTERFERE,DOES_NOT_INTERFERE,False,False,True
v1__scene_rotate_v04__L2__C4_D8__r05_s28105,scene_rotate_v04,ROTATE,C4,D8,28105,47,95,3912,0.423330808,INTERFERES,DOES_NOT_INTERFERE,True,False,False
v1__scene_rotate_v04__L2__C5_D4__r01_s28101,scene_rotate_v04,ROTATE,C5,D4,28101,47,25,0,0.0,DOES_NOT_INTERFERE,DOES_NOT_INTERFERE,False,False,True
v1__scene_rotate_v04__L2__C5_D4__r01_s28101,scene_rotate_v04,ROTATE,C5,D4,28101,47,29,0,0.0,DOES_NOT_INTERFERE,DOES_NOT_INTERFERE,False,False,True
v1__scene_rotate_v04__L2__C5_D4__r01_s28101,scene_rotate_v04,ROTATE,C5,D4,28101,47,53,0,0.0,DOES_NOT_INTERFERE,DOES_NOT_INTERFERE,False,False,True
v1__scene_rotate_v04__L2__C5_D4__r01_s28101,scene_rotate_v04,ROTATE,C5,D4,28101,47,95,3912,0.423330808,INTERFERES,DOES_NOT_INTERFERE,True,False,False
v1__scene_rotate_v04__L2__C5_D4__r02_s28102,scene_rotate_v04,ROTATE,C5,D4,28102,47,25,0,0.0,DOES_NOT_INTERFERE,DOES_NOT_INTERFERE,False,False,True
v1__scene_rotate_v04__L2__C5_D4__r02_s28102,scene_rotate_v04,ROTATE,C5,D4,28102,47,29,0,0.0,DOES_NOT_INTERFERE,DOES_NOT_INTERFERE,False,False,True
v1__scene_rotate_v04__L2__C5_D4__r02_s28102,scene_rotate_v04,ROTATE,C5,D4,28102,47,53,0,0.0,DOES_NOT_INTERFERE,DOES_NOT_INTERFERE,False,False,True
v1__scene_rotate_v04__L2__C5_D4__r02_s28102,scene_rotate_v04,ROTATE,C5,D4,28102,47,95,3912,0.423330808,INTERFERES,DOES_NOT_INTERFERE,True,False,False
v1__scene_rotate_v04__L2__C5_D4__r03_s28103,scene_rotate_v04,ROTATE,C5,D4,28103,47,25,0,0.0,DOES_NOT_INTERFERE,DOES_NOT_INTERFERE,False,False,True
v1__scene_rotate_v04__L2__C5_D4__r03_s28103,scene_rotate_v04,ROTATE,C5,D4,28103,47,29,0,0.0,DOES_NOT_INTERFERE,DOES_NOT_INTERFERE,False,False,True
v1__scene_rotate_v04__L2__C5_D4__r03_s28103,scene_rotate_v04,ROTATE,C5,D4,28103,47,53,0,0.0,DOES_NOT_INTERFERE,DOES_NOT_INTERFERE,False,False,True
v1__scene_rotate_v04__L2__C5_D4__r03_s28103,scene_rotate_v04,ROTATE,C5,D4,28103,47,95,3912,0.423330808,INTERFERES,DOES_NOT_INTERFERE,True,False,False
v1__scene_rotate_v04__L2__C5_D4__r04_s28104,scene_rotate_v04,ROTATE,C5,D4,28104,47,25,0,0.0,DOES_NOT_INTERFERE,DOES_NOT_INTERFERE,False,False,True
v1__scene_rotate_v04__L2__C5_D4__r04_s28104,scene_rotate_v04,ROTATE,C5,D4,28104,47,29,0,0.0,DOES_NOT_INTERFERE,DOES_NOT_INTERFERE,False,False,True
v1__scene_rotate_v04__L2__C5_D4__r04_s28104,scene_rotate_v04,ROTATE,C5,D4,28104,47,53,0,0.0,DOES_NOT_INTERFERE,DOES_NOT_INTERFERE,False,False,True
v1__scene_rotate_v04__L2__C5_D4__r04_s28104,scene_rotate_v04,ROTATE,C5,D4,28104,47,95,3912,0.423330808,INTERFERES,DOES_NOT_INTERFERE,True,False,False
v1__scene_rotate_v04__L2__C5_D4__r05_s28105,scene_rotate_v04,ROTATE,C5,D4,28105,47,25,0,0.0,DOES_NOT_INTERFERE,DOES_NOT_INTERFERE,False,False,True
v1__scene_rotate_v04__L2__C5_D4__r05_s28105,scene_rotate_v04,ROTATE,C5,D4,28105,47,29,0,0.0,DOES_NOT_INTERFERE,DOES_NOT_INTERFERE,False,False,True
v1__scene_rotate_v04__L2__C5_D4__r05_s28105,scene_rotate_v04,ROTATE,C5,D4,28105,47,53,0,0.0,DOES_NOT_INTERFERE,DOES_NOT_INTERFERE,False,False,True
v1__scene_rotate_v04__L2__C5_D4__r05_s28105,scene_rotate_v04,ROTATE,C5,D4,28105,47,95,3912,0.423330808,INTERFERES,DOES_NOT_INTERFERE,True,False,False
v1__scene_rotate_v04__L2__C5_D8__r01_s28101,scene_rotate_v04,ROTATE,C5,D8,28101,47,25,0,0.0,DOES_NOT_INTERFERE,DOES_NOT_INTERFERE,False,False,True
v1__scene_rotate_v04__L2__C5_D8__r01_s28101,scene_rotate_v04,ROTATE,C5,D8,28101,47,29,0,0.0,DOES_NOT_INTERFERE,DOES_NOT_INTERFERE,False,False,True
v1__scene_rotate_v04__L2__C5_D8__r01_s28101,scene_rotate_v04,ROTATE,C5,D8,28101,47,53,0,0.0,DOES_NOT_INTERFERE,DOES_NOT_INTERFERE,False,False,True
v1__scene_rotate_v04__L2__C5_D8__r01_s28101,scene_rotate_v04,ROTATE,C5,D8,28101,47,95,3912,0.423330808,INTERFERES,DOES_NOT_INTERFERE,True,False,False
v1__scene_rotate_v04__L2__C5_D8__r02_s28102,scene_rotate_v04,ROTATE,C5,D8,28102,47,25,0,0.0,DOES_NOT_INTERFERE,DOES_NOT_INTERFERE,False,False,True
v1__scene_rotate_v04__L2__C5_D8__r02_s28102,scene_rotate_v04,ROTATE,C5,D8,28102,47,29,0,0.0,DOES_NOT_INTERFERE,DOES_NOT_INTERFERE,False,False,True
v1__scene_rotate_v04__L2__C5_D8__r02_s28102,scene_rotate_v04,ROTATE,C5,D8,28102,47,53,0,0.0,DOES_NOT_INTERFERE,DOES_NOT_INTERFERE,False,False,True
v1__scene_rotate_v04__L2__C5_D8__r02_s28102,scene_rotate_v04,ROTATE,C5,D8,28102,47,95,3912,0.423330808,INTERFERES,DOES_NOT_INTERFERE,True,False,False
v1__scene_rotate_v04__L2__C5_D8__r03_s28103,scene_rotate_v04,ROTATE,C5,D8,28103,47,25,0,0.0,DOES_NOT_INTERFERE,DOES_NOT_INTERFERE,False,False,True
v1__scene_rotate_v04__L2__C5_D8__r03_s28103,scene_rotate_v04,ROTATE,C5,D8,28103,47,29,0,0.0,DOES_NOT_INTERFERE,DOES_NOT_INTERFERE,False,False,True
v1__scene_rotate_v04__L2__C5_D8__r03_s28103,scene_rotate_v04,ROTATE,C5,D8,28103,47,53,0,0.0,DOES_NOT_INTERFERE,DOES_NOT_INTERFERE,False,False,True
v1__scene_rotate_v04__L2__C5_D8__r03_s28103,scene_rotate_v04,ROTATE,C5,D8,28103,47,95,3912,0.423330808,INTERFERES,DOES_NOT_INTERFERE,True,False,False
v1__scene_rotate_v04__L2__C5_D8__r04_s28104,scene_rotate_v04,ROTATE,C5,D8,28104,47,25,0,0.0,DOES_NOT_INTERFERE,DOES_NOT_INTERFERE,False,False,True
v1__scene_rotate_v04__L2__C5_D8__r04_s28104,scene_rotate_v04,ROTATE,C5,D8,28104,47,29,0,0.0,DOES_NOT_INTERFERE,DOES_NOT_INTERFERE,False,False,True
v1__scene_rotate_v04__L2__C5_D8__r04_s28104,scene_rotate_v04,ROTATE,C5,D8,28104,47,53,0,0.0,DOES_NOT_INTERFERE,DOES_NOT_INTERFERE,False,False,True
v1__scene_rotate_v04__L2__C5_D8__r04_s28104,scene_rotate_v04,ROTATE,C5,D8,28104,47,95,3912,0.423330808,INTERFERES,DOES_NOT_INTERFERE,True,False,False
v1__scene_rotate_v04__L2__C5_D8__r05_s28105,scene_rotate_v04,ROTATE,C5,D8,28105,47,25,0,0.0,DOES_NOT_INTERFERE,DOES_NOT_INTERFERE,False,False,True
v1__scene_rotate_v04__L2__C5_D8__r05_s28105,scene_rotate_v04,ROTATE,C5,D8,28105,47,29,0,0.0,DOES_NOT_INTERFERE,DOES_NOT_INTERFERE,False,False,True
v1__scene_rotate_v04__L2__C5_D8__r05_s28105,scene_rotate_v04,ROTATE,C5,D8,28105,47,53,0,0.0,DOES_NOT_INTERFERE,DOES_NOT_INTERFERE,False,False,True
v1__scene_rotate_v04__L2__C5_D8__r05_s28105,scene_rotate_v04,ROTATE,C5,D8,28105,47,95,3912,0.423330808,INTERFERES,DOES_NOT_INTERFERE,True,False,False
v1__scene_rotate_v04__L2__C6_D4__r01_s28101,scene_rotate_v04,ROTATE,C6,D4,28101,47,25,0,0.0,DOES_NOT_INTERFERE,DOES_NOT_INTERFERE,False,False,True
v1__scene_rotate_v04__L2__C6_D4__r01_s28101,scene_rotate_v04,ROTATE,C6,D4,28101,47,29,0,0.0,DOES_NOT_INTERFERE,DOES_NOT_INTERFERE,False,False,True
v1__scene_rotate_v04__L2__C6_D4__r01_s28101,scene_rotate_v04,ROTATE,C6,D4,28101,47,53,0,0.0,DOES_NOT_INTERFERE,DOES_NOT_INTERFERE,False,False,True
v1__scene_rotate_v04__L2__C6_D4__r01_s28101,scene_rotate_v04,ROTATE,C6,D4,28101,47,95,3912,0.423330808,INTERFERES,DOES_NOT_INTERFERE,True,False,False
v1__scene_rotate_v04__L2__C6_D4__r02_s28102,scene_rotate_v04,ROTATE,C6,D4,28102,47,25,0,0.0,DOES_NOT_INTERFERE,DOES_NOT_INTERFERE,False,False,True
v1__scene_rotate_v04__L2__C6_D4__r02_s28102,scene_rotate_v04,ROTATE,C6,D4,28102,47,29,0,0.0,DOES_NOT_INTERFERE,DOES_NOT_INTERFERE,False,False,True
v1__scene_rotate_v04__L2__C6_D4__r02_s28102,scene_rotate_v04,ROTATE,C6,D4,28102,47,53,0,0.0,DOES_NOT_INTERFERE,DOES_NOT_INTERFERE,False,False,True
v1__scene_rotate_v04__L2__C6_D4__r02_s28102,scene_rotate_v04,ROTATE,C6,D4,28102,47,95,3912,0.423330808,INTERFERES,DOES_NOT_INTERFERE,True,False,False
v1__scene_rotate_v04__L2__C6_D4__r03_s28103,scene_rotate_v04,ROTATE,C6,D4,28103,47,25,0,0.0,DOES_NOT_INTERFERE,DOES_NOT_INTERFERE,False,False,True
v1__scene_rotate_v04__L2__C6_D4__r03_s28103,scene_rotate_v04,ROTATE,C6,D4,28103,47,29,0,0.0,DOES_NOT_INTERFERE,DOES_NOT_INTERFERE,False,False,True
v1__scene_rotate_v04__L2__C6_D4__r03_s28103,scene_rotate_v04,ROTATE,C6,D4,28103,47,53,0,0.0,DOES_NOT_INTERFERE,DOES_NOT_INTERFERE,False,False,True
v1__scene_rotate_v04__L2__C6_D4__r03_s28103,scene_rotate_v04,ROTATE,C6,D4,28103,47,95,3912,0.423330808,INTERFERES,DOES_NOT_INTERFERE,True,False,False
v1__scene_rotate_v04__L2__C6_D4__r04_s28104,scene_rotate_v04,ROTATE,C6,D4,28104,47,25,0,0.0,DOES_NOT_INTERFERE,INTERFERES,False,True,False
v1__scene_rotate_v04__L2__C6_D4__r04_s28104,scene_rotate_v04,ROTATE,C6,D4,28104,47,29,0,0.0,DOES_NOT_INTERFERE,INTERFERES,False,True,False
v1__scene_rotate_v04__L2__C6_D4__r04_s28104,scene_rotate_v04,ROTATE,C6,D4,28104,47,53,0,0.0,DOES_NOT_INTERFERE,DOES_NOT_INTERFERE,False,False,True
v1__scene_rotate_v04__L2__C6_D4__r04_s28104,scene_rotate_v04,ROTATE,C6,D4,28104,47,95,3912,0.423330808,INTERFERES,DOES_NOT_INTERFERE,True,False,False
v1__scene_rotate_v04__L2__C6_D4__r05_s28105,scene_rotate_v04,ROTATE,C6,D4,28105,47,25,0,0.0,DOES_NOT_INTERFERE,INTERFERES,False,True,False
v1__scene_rotate_v04__L2__C6_D4__r05_s28105,scene_rotate_v04,ROTATE,C6,D4,28105,47,29,0,0.0,DOES_NOT_INTERFERE,INTERFERES,False,True,False
v1__scene_rotate_v04__L2__C6_D4__r05_s28105,scene_rotate_v04,ROTATE,C6,D4,28105,47,53,0,0.0,DOES_NOT_INTERFERE,DOES_NOT_INTERFERE,False,False,True
v1__scene_rotate_v04__L2__C6_D4__r05_s28105,scene_rotate_v04,ROTATE,C6,D4,28105,47,95,3912,0.423330808,INTERFERES,DOES_NOT_INTERFERE,True,False,False
v1__scene_rotate_v04__L2__C6_D8__r01_s28101,scene_rotate_v04,ROTATE,C6,D8,28101,47,25,0,0.0,DOES_NOT_INTERFERE,DOES_NOT_INTERFERE,False,False,True
v1__scene_rotate_v04__L2__C6_D8__r01_s28101,scene_rotate_v04,ROTATE,C6,D8,28101,47,29,0,0.0,DOES_NOT_INTERFERE,DOES_NOT_INTERFERE,False,False,True
v1__scene_rotate_v04__L2__C6_D8__r01_s28101,scene_rotate_v04,ROTATE,C6,D8,28101,47,53,0,0.0,DOES_NOT_INTERFERE,DOES_NOT_INTERFERE,False,False,True
v1__scene_rotate_v04__L2__C6_D8__r01_s28101,scene_rotate_v04,ROTATE,C6,D8,28101,47,95,3912,0.423330808,INTERFERES,DOES_NOT_INTERFERE,True,False,False
v1__scene_rotate_v04__L2__C6_D8__r02_s28102,scene_rotate_v04,ROTATE,C6,D8,28102,47,25,0,0.0,DOES_NOT_INTERFERE,DOES_NOT_INTERFERE,False,False,True
v1__scene_rotate_v04__L2__C6_D8__r02_s28102,scene_rotate_v04,ROTATE,C6,D8,28102,47,29,0,0.0,DOES_NOT_INTERFERE,DOES_NOT_INTERFERE,False,False,True
v1__scene_rotate_v04__L2__C6_D8__r02_s28102,scene_rotate_v04,ROTATE,C6,D8,28102,47,53,0,0.0,DOES_NOT_INTERFERE,DOES_NOT_INTERFERE,False,False,True
v1__scene_rotate_v04__L2__C6_D8__r02_s28102,scene_rotate_v04,ROTATE,C6,D8,28102,47,95,3912,0.423330808,INTERFERES,DOES_NOT_INTERFERE,True,False,False
v1__scene_rotate_v04__L2__C6_D8__r03_s28103,scene_rotate_v04,ROTATE,C6,D8,28103,47,25,0,0.0,DOES_NOT_INTERFERE,DOES_NOT_INTERFERE,False,False,True
v1__scene_rotate_v04__L2__C6_D8__r03_s28103,scene_rotate_v04,ROTATE,C6,D8,28103,47,29,0,0.0,DOES_NOT_INTERFERE,DOES_NOT_INTERFERE,False,False,True
v1__scene_rotate_v04__L2__C6_D8__r03_s28103,scene_rotate_v04,ROTATE,C6,D8,28103,47,53,0,0.0,DOES_NOT_INTERFERE,DOES_NOT_INTERFERE,False,False,True
v1__scene_rotate_v04__L2__C6_D8__r03_s28103,scene_rotate_v04,ROTATE,C6,D8,28103,47,95,3912,0.423330808,INTERFERES,DOES_NOT_INTERFERE,True,False,False
v1__scene_rotate_v04__L2__C6_D8__r04_s28104,scene_rotate_v04,ROTATE,C6,D8,28104,47,25,0,0.0,DOES_NOT_INTERFERE,DOES_NOT_INTERFERE,False,False,True
v1__scene_rotate_v04__L2__C6_D8__r04_s28104,scene_rotate_v04,ROTATE,C6,D8,28104,47,29,0,0.0,DOES_NOT_INTERFERE,DOES_NOT_INTERFERE,False,False,True
v1__scene_rotate_v04__L2__C6_D8__r04_s28104,scene_rotate_v04,ROTATE,C6,D8,28104,47,53,0,0.0,DOES_NOT_INTERFERE,DOES_NOT_INTERFERE,False,False,True
v1__scene_rotate_v04__L2__C6_D8__r04_s28104,scene_rotate_v04,ROTATE,C6,D8,28104,47,95,3912,0.423330808,INTERFERES,DOES_NOT_INTERFERE,True,False,False
v1__scene_rotate_v04__L2__C6_D8__r05_s28105,scene_rotate_v04,ROTATE,C6,D8,28105,47,25,0,0.0,DOES_NOT_INTERFERE,DOES_NOT_INTERFERE,False,False,True
v1__scene_rotate_v04__L2__C6_D8__r05_s28105,scene_rotate_v04,ROTATE,C6,D8,28105,47,29,0,0.0,DOES_NOT_INTERFERE,DOES_NOT_INTERFERE,False,False,True
v1__scene_rotate_v04__L2__C6_D8__r05_s28105,scene_rotate_v04,ROTATE,C6,D8,28105,47,53,0,0.0,DOES_NOT_INTERFERE,DOES_NOT_INTERFERE,False,False,True
v1__scene_rotate_v04__L2__C6_D8__r05_s28105,scene_rotate_v04,ROTATE,C6,D8,28105,47,95,3912,0.423330808,INTERFERES,DOES_NOT_INTERFERE,True,False,False
v1__scene_rotate_v05__L2__C0_NA__r01_s28101,scene_rotate_v05,ROTATE,C0,,28101,44,11,0,0.0,DOES_NOT_INTERFERE,DOES_NOT_INTERFERE,False,False,True
v1__scene_rotate_v05__L2__C0_NA__r01_s28101,scene_rotate_v05,ROTATE,C0,,28101,44,72,0,0.0,DOES_NOT_INTERFERE,DOES_NOT_INTERFERE,False,False,True
v1__scene_rotate_v05__L2__C0_NA__r01_s28101,scene_rotate_v05,ROTATE,C0,,28101,44,82,6522,0.70983892,INTERFERES,DOES_NOT_INTERFERE,True,False,False
v1__scene_rotate_v05__L2__C0_NA__r01_s28101,scene_rotate_v05,ROTATE,C0,,28101,44,97,0,0.0,DOES_NOT_INTERFERE,DOES_NOT_INTERFERE,False,False,True
v1__scene_rotate_v05__L2__C0_NA__r01_s28101,scene_rotate_v05,ROTATE,C0,,28101,44,99,0,0.0,DOES_NOT_INTERFERE,DOES_NOT_INTERFERE,False,False,True
v1__scene_rotate_v05__L2__C0_NA__r02_s28102,scene_rotate_v05,ROTATE,C0,,28102,44,11,0,0.0,DOES_NOT_INTERFERE,DOES_NOT_INTERFERE,False,False,True
v1__scene_rotate_v05__L2__C0_NA__r02_s28102,scene_rotate_v05,ROTATE,C0,,28102,44,72,0,0.0,DOES_NOT_INTERFERE,DOES_NOT_INTERFERE,False,False,True
v1__scene_rotate_v05__L2__C0_NA__r02_s28102,scene_rotate_v05,ROTATE,C0,,28102,44,82,6522,0.70983892,INTERFERES,DOES_NOT_INTERFERE,True,False,False
v1__scene_rotate_v05__L2__C0_NA__r02_s28102,scene_rotate_v05,ROTATE,C0,,28102,44,97,0,0.0,DOES_NOT_INTERFERE,DOES_NOT_INTERFERE,False,False,True
v1__scene_rotate_v05__L2__C0_NA__r02_s28102,scene_rotate_v05,ROTATE,C0,,28102,44,99,0,0.0,DOES_NOT_INTERFERE,DOES_NOT_INTERFERE,False,False,True
v1__scene_rotate_v05__L2__C0_NA__r03_s28103,scene_rotate_v05,ROTATE,C0,,28103,44,11,0,0.0,DOES_NOT_INTERFERE,DOES_NOT_INTERFERE,False,False,True
v1__scene_rotate_v05__L2__C0_NA__r03_s28103,scene_rotate_v05,ROTATE,C0,,28103,44,72,0,0.0,DOES_NOT_INTERFERE,DOES_NOT_INTERFERE,False,False,True
v1__scene_rotate_v05__L2__C0_NA__r03_s28103,scene_rotate_v05,ROTATE,C0,,28103,44,82,6522,0.70983892,INTERFERES,DOES_NOT_INTERFERE,True,False,False
v1__scene_rotate_v05__L2__C0_NA__r03_s28103,scene_rotate_v05,ROTATE,C0,,28103,44,97,0,0.0,DOES_NOT_INTERFERE,DOES_NOT_INTERFERE,False,False,True
v1__scene_rotate_v05__L2__C0_NA__r03_s28103,scene_rotate_v05,ROTATE,C0,,28103,44,99,0,0.0,DOES_NOT_INTERFERE,DOES_NOT_INTERFERE,False,False,True
v1__scene_rotate_v05__L2__C0_NA__r04_s28104,scene_rotate_v05,ROTATE,C0,,28104,44,11,0,0.0,DOES_NOT_INTERFERE,DOES_NOT_INTERFERE,False,False,True
v1__scene_rotate_v05__L2__C0_NA__r04_s28104,scene_rotate_v05,ROTATE,C0,,28104,44,72,0,0.0,DOES_NOT_INTERFERE,DOES_NOT_INTERFERE,False,False,True
v1__scene_rotate_v05__L2__C0_NA__r04_s28104,scene_rotate_v05,ROTATE,C0,,28104,44,82,6522,0.70983892,INTERFERES,DOES_NOT_INTERFERE,True,False,False
v1__scene_rotate_v05__L2__C0_NA__r04_s28104,scene_rotate_v05,ROTATE,C0,,28104,44,97,0,0.0,DOES_NOT_INTERFERE,DOES_NOT_INTERFERE,False,False,True
v1__scene_rotate_v05__L2__C0_NA__r04_s28104,scene_rotate_v05,ROTATE,C0,,28104,44,99,0,0.0,DOES_NOT_INTERFERE,DOES_NOT_INTERFERE,False,False,True
v1__scene_rotate_v05__L2__C0_NA__r05_s28105,scene_rotate_v05,ROTATE,C0,,28105,44,11,0,0.0,DOES_NOT_INTERFERE,DOES_NOT_INTERFERE,False,False,True
v1__scene_rotate_v05__L2__C0_NA__r05_s28105,scene_rotate_v05,ROTATE,C0,,28105,44,72,0,0.0,DOES_NOT_INTERFERE,DOES_NOT_INTERFERE,False,False,True
v1__scene_rotate_v05__L2__C0_NA__r05_s28105,scene_rotate_v05,ROTATE,C0,,28105,44,82,6522,0.70983892,INTERFERES,DOES_NOT_INTERFERE,True,False,False
v1__scene_rotate_v05__L2__C0_NA__r05_s28105,scene_rotate_v05,ROTATE,C0,,28105,44,97,0,0.0,DOES_NOT_INTERFERE,DOES_NOT_INTERFERE,False,False,True
v1__scene_rotate_v05__L2__C0_NA__r05_s28105,scene_rotate_v05,ROTATE,C0,,28105,44,99,0,0.0,DOES_NOT_INTERFERE,DOES_NOT_INTERFERE,False,False,True
v1__scene_rotate_v05__L2__C1_NA__r01_s28101,scene_rotate_v05,ROTATE,C1,,28101,44,11,0,0.0,DOES_NOT_INTERFERE,DOES_NOT_INTERFERE,False,False,True
v1__scene_rotate_v05__L2__C1_NA__r01_s28101,scene_rotate_v05,ROTATE,C1,,28101,44,72,0,0.0,DOES_NOT_INTERFERE,DOES_NOT_INTERFERE,False,False,True
v1__scene_rotate_v05__L2__C1_NA__r01_s28101,scene_rotate_v05,ROTATE,C1,,28101,44,82,6522,0.70983892,INTERFERES,DOES_NOT_INTERFERE,True,False,False
v1__scene_rotate_v05__L2__C1_NA__r01_s28101,scene_rotate_v05,ROTATE,C1,,28101,44,97,0,0.0,DOES_NOT_INTERFERE,DOES_NOT_INTERFERE,False,False,True
v1__scene_rotate_v05__L2__C1_NA__r01_s28101,scene_rotate_v05,ROTATE,C1,,28101,44,99,0,0.0,DOES_NOT_INTERFERE,DOES_NOT_INTERFERE,False,False,True
v1__scene_rotate_v05__L2__C1_NA__r02_s28102,scene_rotate_v05,ROTATE,C1,,28102,44,11,0,0.0,DOES_NOT_INTERFERE,DOES_NOT_INTERFERE,False,False,True
v1__scene_rotate_v05__L2__C1_NA__r02_s28102,scene_rotate_v05,ROTATE,C1,,28102,44,72,0,0.0,DOES_NOT_INTERFERE,DOES_NOT_INTERFERE,False,False,True
v1__scene_rotate_v05__L2__C1_NA__r02_s28102,scene_rotate_v05,ROTATE,C1,,28102,44,82,6522,0.70983892,INTERFERES,DOES_NOT_INTERFERE,True,False,False
v1__scene_rotate_v05__L2__C1_NA__r02_s28102,scene_rotate_v05,ROTATE,C1,,28102,44,97,0,0.0,DOES_NOT_INTERFERE,DOES_NOT_INTERFERE,False,False,True
v1__scene_rotate_v05__L2__C1_NA__r02_s28102,scene_rotate_v05,ROTATE,C1,,28102,44,99,0,0.0,DOES_NOT_INTERFERE,DOES_NOT_INTERFERE,False,False,True
v1__scene_rotate_v05__L2__C1_NA__r03_s28103,scene_rotate_v05,ROTATE,C1,,28103,44,11,0,0.0,DOES_NOT_INTERFERE,DOES_NOT_INTERFERE,False,False,True
v1__scene_rotate_v05__L2__C1_NA__r03_s28103,scene_rotate_v05,ROTATE,C1,,28103,44,72,0,0.0,DOES_NOT_INTERFERE,DOES_NOT_INTERFERE,False,False,True
v1__scene_rotate_v05__L2__C1_NA__r03_s28103,scene_rotate_v05,ROTATE,C1,,28103,44,82,6522,0.70983892,INTERFERES,DOES_NOT_INTERFERE,True,False,False
v1__scene_rotate_v05__L2__C1_NA__r03_s28103,scene_rotate_v05,ROTATE,C1,,28103,44,97,0,0.0,DOES_NOT_INTERFERE,DOES_NOT_INTERFERE,False,False,True
v1__scene_rotate_v05__L2__C1_NA__r03_s28103,scene_rotate_v05,ROTATE,C1,,28103,44,99,0,0.0,DOES_NOT_INTERFERE,DOES_NOT_INTERFERE,False,False,True
v1__scene_rotate_v05__L2__C1_NA__r04_s28104,scene_rotate_v05,ROTATE,C1,,28104,44,11,0,0.0,DOES_NOT_INTERFERE,DOES_NOT_INTERFERE,False,False,True
v1__scene_rotate_v05__L2__C1_NA__r04_s28104,scene_rotate_v05,ROTATE,C1,,28104,44,72,0,0.0,DOES_NOT_INTERFERE,DOES_NOT_INTERFERE,False,False,True
v1__scene_rotate_v05__L2__C1_NA__r04_s28104,scene_rotate_v05,ROTATE,C1,,28104,44,82,6522,0.70983892,INTERFERES,DOES_NOT_INTERFERE,True,False,False
v1__scene_rotate_v05__L2__C1_NA__r04_s28104,scene_rotate_v05,ROTATE,C1,,28104,44,97,0,0.0,DOES_NOT_INTERFERE,DOES_NOT_INTERFERE,False,False,True
v1__scene_rotate_v05__L2__C1_NA__r04_s28104,scene_rotate_v05,ROTATE,C1,,28104,44,99,0,0.0,DOES_NOT_INTERFERE,DOES_NOT_INTERFERE,False,False,True
v1__scene_rotate_v05__L2__C1_NA__r05_s28105,scene_rotate_v05,ROTATE,C1,,28105,44,11,0,0.0,DOES_NOT_INTERFERE,DOES_NOT_INTERFERE,False,False,True
v1__scene_rotate_v05__L2__C1_NA__r05_s28105,scene_rotate_v05,ROTATE,C1,,28105,44,72,0,0.0,DOES_NOT_INTERFERE,DOES_NOT_INTERFERE,False,False,True
v1__scene_rotate_v05__L2__C1_NA__r05_s28105,scene_rotate_v05,ROTATE,C1,,28105,44,82,6522,0.70983892,INTERFERES,DOES_NOT_INTERFERE,True,False,False
v1__scene_rotate_v05__L2__C1_NA__r05_s28105,scene_rotate_v05,ROTATE,C1,,28105,44,97,0,0.0,DOES_NOT_INTERFERE,DOES_NOT_INTERFERE,False,False,True
v1__scene_rotate_v05__L2__C1_NA__r05_s28105,scene_rotate_v05,ROTATE,C1,,28105,44,99,0,0.0,DOES_NOT_INTERFERE,DOES_NOT_INTERFERE,False,False,True
v1__scene_rotate_v05__L2__C2_D4__r01_s28101,scene_rotate_v05,ROTATE,C2,D4,28101,44,11,0,0.0,DOES_NOT_INTERFERE,DOES_NOT_INTERFERE,False,False,True
v1__scene_rotate_v05__L2__C2_D4__r01_s28101,scene_rotate_v05,ROTATE,C2,D4,28101,44,72,0,0.0,DOES_NOT_INTERFERE,DOES_NOT_INTERFERE,False,False,True
v1__scene_rotate_v05__L2__C2_D4__r01_s28101,scene_rotate_v05,ROTATE,C2,D4,28101,44,82,6522,0.70983892,INTERFERES,DOES_NOT_INTERFERE,True,False,False
v1__scene_rotate_v05__L2__C2_D4__r01_s28101,scene_rotate_v05,ROTATE,C2,D4,28101,44,97,0,0.0,DOES_NOT_INTERFERE,DOES_NOT_INTERFERE,False,False,True
v1__scene_rotate_v05__L2__C2_D4__r01_s28101,scene_rotate_v05,ROTATE,C2,D4,28101,44,99,0,0.0,DOES_NOT_INTERFERE,DOES_NOT_INTERFERE,False,False,True
v1__scene_rotate_v05__L2__C2_D4__r02_s28102,scene_rotate_v05,ROTATE,C2,D4,28102,44,11,0,0.0,DOES_NOT_INTERFERE,DOES_NOT_INTERFERE,False,False,True
v1__scene_rotate_v05__L2__C2_D4__r02_s28102,scene_rotate_v05,ROTATE,C2,D4,28102,44,72,0,0.0,DOES_NOT_INTERFERE,DOES_NOT_INTERFERE,False,False,True
v1__scene_rotate_v05__L2__C2_D4__r02_s28102,scene_rotate_v05,ROTATE,C2,D4,28102,44,82,6522,0.70983892,INTERFERES,DOES_NOT_INTERFERE,True,False,False
v1__scene_rotate_v05__L2__C2_D4__r02_s28102,scene_rotate_v05,ROTATE,C2,D4,28102,44,97,0,0.0,DOES_NOT_INTERFERE,DOES_NOT_INTERFERE,False,False,True
v1__scene_rotate_v05__L2__C2_D4__r02_s28102,scene_rotate_v05,ROTATE,C2,D4,28102,44,99,0,0.0,DOES_NOT_INTERFERE,DOES_NOT_INTERFERE,False,False,True
v1__scene_rotate_v05__L2__C2_D4__r03_s28103,scene_rotate_v05,ROTATE,C2,D4,28103,44,11,0,0.0,DOES_NOT_INTERFERE,DOES_NOT_INTERFERE,False,False,True
v1__scene_rotate_v05__L2__C2_D4__r03_s28103,scene_rotate_v05,ROTATE,C2,D4,28103,44,72,0,0.0,DOES_NOT_INTERFERE,DOES_NOT_INTERFERE,False,False,True
v1__scene_rotate_v05__L2__C2_D4__r03_s28103,scene_rotate_v05,ROTATE,C2,D4,28103,44,82,6522,0.70983892,INTERFERES,DOES_NOT_INTERFERE,True,False,False
v1__scene_rotate_v05__L2__C2_D4__r03_s28103,scene_rotate_v05,ROTATE,C2,D4,28103,44,97,0,0.0,DOES_NOT_INTERFERE,DOES_NOT_INTERFERE,False,False,True
v1__scene_rotate_v05__L2__C2_D4__r03_s28103,scene_rotate_v05,ROTATE,C2,D4,28103,44,99,0,0.0,DOES_NOT_INTERFERE,DOES_NOT_INTERFERE,False,False,True
v1__scene_rotate_v05__L2__C2_D4__r04_s28104,scene_rotate_v05,ROTATE,C2,D4,28104,44,11,0,0.0,DOES_NOT_INTERFERE,DOES_NOT_INTERFERE,False,False,True
v1__scene_rotate_v05__L2__C2_D4__r04_s28104,scene_rotate_v05,ROTATE,C2,D4,28104,44,72,0,0.0,DOES_NOT_INTERFERE,DOES_NOT_INTERFERE,False,False,True
v1__scene_rotate_v05__L2__C2_D4__r04_s28104,scene_rotate_v05,ROTATE,C2,D4,28104,44,82,6522,0.70983892,INTERFERES,DOES_NOT_INTERFERE,True,False,False
v1__scene_rotate_v05__L2__C2_D4__r04_s28104,scene_rotate_v05,ROTATE,C2,D4,28104,44,97,0,0.0,DOES_NOT_INTERFERE,DOES_NOT_INTERFERE,False,False,True
v1__scene_rotate_v05__L2__C2_D4__r04_s28104,scene_rotate_v05,ROTATE,C2,D4,28104,44,99,0,0.0,DOES_NOT_INTERFERE,DOES_NOT_INTERFERE,False,False,True
v1__scene_rotate_v05__L2__C2_D4__r05_s28105,scene_rotate_v05,ROTATE,C2,D4,28105,44,11,0,0.0,DOES_NOT_INTERFERE,DOES_NOT_INTERFERE,False,False,True
v1__scene_rotate_v05__L2__C2_D4__r05_s28105,scene_rotate_v05,ROTATE,C2,D4,28105,44,72,0,0.0,DOES_NOT_INTERFERE,DOES_NOT_INTERFERE,False,False,True
v1__scene_rotate_v05__L2__C2_D4__r05_s28105,scene_rotate_v05,ROTATE,C2,D4,28105,44,82,6522,0.70983892,INTERFERES,DOES_NOT_INTERFERE,True,False,False
v1__scene_rotate_v05__L2__C2_D4__r05_s28105,scene_rotate_v05,ROTATE,C2,D4,28105,44,97,0,0.0,DOES_NOT_INTERFERE,DOES_NOT_INTERFERE,False,False,True
v1__scene_rotate_v05__L2__C2_D4__r05_s28105,scene_rotate_v05,ROTATE,C2,D4,28105,44,99,0,0.0,DOES_NOT_INTERFERE,DOES_NOT_INTERFERE,False,False,True
v1__scene_rotate_v05__L2__C2_D8__r01_s28101,scene_rotate_v05,ROTATE,C2,D8,28101,44,11,0,0.0,DOES_NOT_INTERFERE,DOES_NOT_INTERFERE,False,False,True
v1__scene_rotate_v05__L2__C2_D8__r01_s28101,scene_rotate_v05,ROTATE,C2,D8,28101,44,72,0,0.0,DOES_NOT_INTERFERE,DOES_NOT_INTERFERE,False,False,True
v1__scene_rotate_v05__L2__C2_D8__r01_s28101,scene_rotate_v05,ROTATE,C2,D8,28101,44,82,6522,0.70983892,INTERFERES,DOES_NOT_INTERFERE,True,False,False
v1__scene_rotate_v05__L2__C2_D8__r01_s28101,scene_rotate_v05,ROTATE,C2,D8,28101,44,97,0,0.0,DOES_NOT_INTERFERE,DOES_NOT_INTERFERE,False,False,True
v1__scene_rotate_v05__L2__C2_D8__r01_s28101,scene_rotate_v05,ROTATE,C2,D8,28101,44,99,0,0.0,DOES_NOT_INTERFERE,DOES_NOT_INTERFERE,False,False,True
v1__scene_rotate_v05__L2__C2_D8__r02_s28102,scene_rotate_v05,ROTATE,C2,D8,28102,44,11,0,0.0,DOES_NOT_INTERFERE,DOES_NOT_INTERFERE,False,False,True
v1__scene_rotate_v05__L2__C2_D8__r02_s28102,scene_rotate_v05,ROTATE,C2,D8,28102,44,72,0,0.0,DOES_NOT_INTERFERE,DOES_NOT_INTERFERE,False,False,True
v1__scene_rotate_v05__L2__C2_D8__r02_s28102,scene_rotate_v05,ROTATE,C2,D8,28102,44,82,6522,0.70983892,INTERFERES,DOES_NOT_INTERFERE,True,False,False
v1__scene_rotate_v05__L2__C2_D8__r02_s28102,scene_rotate_v05,ROTATE,C2,D8,28102,44,97,0,0.0,DOES_NOT_INTERFERE,DOES_NOT_INTERFERE,False,False,True
v1__scene_rotate_v05__L2__C2_D8__r02_s28102,scene_rotate_v05,ROTATE,C2,D8,28102,44,99,0,0.0,DOES_NOT_INTERFERE,DOES_NOT_INTERFERE,False,False,True
v1__scene_rotate_v05__L2__C2_D8__r03_s28103,scene_rotate_v05,ROTATE,C2,D8,28103,44,11,0,0.0,DOES_NOT_INTERFERE,DOES_NOT_INTERFERE,False,False,True
v1__scene_rotate_v05__L2__C2_D8__r03_s28103,scene_rotate_v05,ROTATE,C2,D8,28103,44,72,0,0.0,DOES_NOT_INTERFERE,DOES_NOT_INTERFERE,False,False,True
v1__scene_rotate_v05__L2__C2_D8__r03_s28103,scene_rotate_v05,ROTATE,C2,D8,28103,44,82,6522,0.70983892,INTERFERES,DOES_NOT_INTERFERE,True,False,False
v1__scene_rotate_v05__L2__C2_D8__r03_s28103,scene_rotate_v05,ROTATE,C2,D8,28103,44,97,0,0.0,DOES_NOT_INTERFERE,DOES_NOT_INTERFERE,False,False,True
v1__scene_rotate_v05__L2__C2_D8__r03_s28103,scene_rotate_v05,ROTATE,C2,D8,28103,44,99,0,0.0,DOES_NOT_INTERFERE,DOES_NOT_INTERFERE,False,False,True
v1__scene_rotate_v05__L2__C2_D8__r04_s28104,scene_rotate_v05,ROTATE,C2,D8,28104,44,11,0,0.0,DOES_NOT_INTERFERE,DOES_NOT_INTERFERE,False,False,True
v1__scene_rotate_v05__L2__C2_D8__r04_s28104,scene_rotate_v05,ROTATE,C2,D8,28104,44,72,0,0.0,DOES_NOT_INTERFERE,DOES_NOT_INTERFERE,False,False,True
v1__scene_rotate_v05__L2__C2_D8__r04_s28104,scene_rotate_v05,ROTATE,C2,D8,28104,44,82,6522,0.70983892,INTERFERES,DOES_NOT_INTERFERE,True,False,False
v1__scene_rotate_v05__L2__C2_D8__r04_s28104,scene_rotate_v05,ROTATE,C2,D8,28104,44,97,0,0.0,DOES_NOT_INTERFERE,DOES_NOT_INTERFERE,False,False,True
v1__scene_rotate_v05__L2__C2_D8__r04_s28104,scene_rotate_v05,ROTATE,C2,D8,28104,44,99,0,0.0,DOES_NOT_INTERFERE,DOES_NOT_INTERFERE,False,False,True
v1__scene_rotate_v05__L2__C2_D8__r05_s28105,scene_rotate_v05,ROTATE,C2,D8,28105,44,11,0,0.0,DOES_NOT_INTERFERE,DOES_NOT_INTERFERE,False,False,True
v1__scene_rotate_v05__L2__C2_D8__r05_s28105,scene_rotate_v05,ROTATE,C2,D8,28105,44,72,0,0.0,DOES_NOT_INTERFERE,DOES_NOT_INTERFERE,False,False,True
v1__scene_rotate_v05__L2__C2_D8__r05_s28105,scene_rotate_v05,ROTATE,C2,D8,28105,44,82,6522,0.70983892,INTERFERES,DOES_NOT_INTERFERE,True,False,False
v1__scene_rotate_v05__L2__C2_D8__r05_s28105,scene_rotate_v05,ROTATE,C2,D8,28105,44,97,0,0.0,DOES_NOT_INTERFERE,DOES_NOT_INTERFERE,False,False,True
v1__scene_rotate_v05__L2__C2_D8__r05_s28105,scene_rotate_v05,ROTATE,C2,D8,28105,44,99,0,0.0,DOES_NOT_INTERFERE,DOES_NOT_INTERFERE,False,False,True
v1__scene_rotate_v05__L2__C3_D4__r01_s28101,scene_rotate_v05,ROTATE,C3,D4,28101,44,11,0,0.0,DOES_NOT_INTERFERE,DOES_NOT_INTERFERE,False,False,True
v1__scene_rotate_v05__L2__C3_D4__r01_s28101,scene_rotate_v05,ROTATE,C3,D4,28101,44,72,0,0.0,DOES_NOT_INTERFERE,DOES_NOT_INTERFERE,False,False,True
v1__scene_rotate_v05__L2__C3_D4__r01_s28101,scene_rotate_v05,ROTATE,C3,D4,28101,44,82,6522,0.70983892,INTERFERES,DOES_NOT_INTERFERE,True,False,False
v1__scene_rotate_v05__L2__C3_D4__r01_s28101,scene_rotate_v05,ROTATE,C3,D4,28101,44,97,0,0.0,DOES_NOT_INTERFERE,DOES_NOT_INTERFERE,False,False,True
v1__scene_rotate_v05__L2__C3_D4__r01_s28101,scene_rotate_v05,ROTATE,C3,D4,28101,44,99,0,0.0,DOES_NOT_INTERFERE,DOES_NOT_INTERFERE,False,False,True
v1__scene_rotate_v05__L2__C3_D4__r02_s28102,scene_rotate_v05,ROTATE,C3,D4,28102,44,11,0,0.0,DOES_NOT_INTERFERE,DOES_NOT_INTERFERE,False,False,True
v1__scene_rotate_v05__L2__C3_D4__r02_s28102,scene_rotate_v05,ROTATE,C3,D4,28102,44,72,0,0.0,DOES_NOT_INTERFERE,DOES_NOT_INTERFERE,False,False,True
v1__scene_rotate_v05__L2__C3_D4__r02_s28102,scene_rotate_v05,ROTATE,C3,D4,28102,44,82,6522,0.70983892,INTERFERES,DOES_NOT_INTERFERE,True,False,False
v1__scene_rotate_v05__L2__C3_D4__r02_s28102,scene_rotate_v05,ROTATE,C3,D4,28102,44,97,0,0.0,DOES_NOT_INTERFERE,DOES_NOT_INTERFERE,False,False,True
v1__scene_rotate_v05__L2__C3_D4__r02_s28102,scene_rotate_v05,ROTATE,C3,D4,28102,44,99,0,0.0,DOES_NOT_INTERFERE,DOES_NOT_INTERFERE,False,False,True
v1__scene_rotate_v05__L2__C3_D4__r03_s28103,scene_rotate_v05,ROTATE,C3,D4,28103,44,11,0,0.0,DOES_NOT_INTERFERE,DOES_NOT_INTERFERE,False,False,True
v1__scene_rotate_v05__L2__C3_D4__r03_s28103,scene_rotate_v05,ROTATE,C3,D4,28103,44,72,0,0.0,DOES_NOT_INTERFERE,DOES_NOT_INTERFERE,False,False,True
v1__scene_rotate_v05__L2__C3_D4__r03_s28103,scene_rotate_v05,ROTATE,C3,D4,28103,44,82,6522,0.70983892,INTERFERES,DOES_NOT_INTERFERE,True,False,False
v1__scene_rotate_v05__L2__C3_D4__r03_s28103,scene_rotate_v05,ROTATE,C3,D4,28103,44,97,0,0.0,DOES_NOT_INTERFERE,DOES_NOT_INTERFERE,False,False,True
v1__scene_rotate_v05__L2__C3_D4__r03_s28103,scene_rotate_v05,ROTATE,C3,D4,28103,44,99,0,0.0,DOES_NOT_INTERFERE,DOES_NOT_INTERFERE,False,False,True
v1__scene_rotate_v05__L2__C3_D4__r04_s28104,scene_rotate_v05,ROTATE,C3,D4,28104,44,11,0,0.0,DOES_NOT_INTERFERE,DOES_NOT_INTERFERE,False,False,True
v1__scene_rotate_v05__L2__C3_D4__r04_s28104,scene_rotate_v05,ROTATE,C3,D4,28104,44,72,0,0.0,DOES_NOT_INTERFERE,DOES_NOT_INTERFERE,False,False,True
v1__scene_rotate_v05__L2__C3_D4__r04_s28104,scene_rotate_v05,ROTATE,C3,D4,28104,44,82,6522,0.70983892,INTERFERES,DOES_NOT_INTERFERE,True,False,False
v1__scene_rotate_v05__L2__C3_D4__r04_s28104,scene_rotate_v05,ROTATE,C3,D4,28104,44,97,0,0.0,DOES_NOT_INTERFERE,DOES_NOT_INTERFERE,False,False,True
v1__scene_rotate_v05__L2__C3_D4__r04_s28104,scene_rotate_v05,ROTATE,C3,D4,28104,44,99,0,0.0,DOES_NOT_INTERFERE,DOES_NOT_INTERFERE,False,False,True
v1__scene_rotate_v05__L2__C3_D4__r05_s28105,scene_rotate_v05,ROTATE,C3,D4,28105,44,11,0,0.0,DOES_NOT_INTERFERE,DOES_NOT_INTERFERE,False,False,True
v1__scene_rotate_v05__L2__C3_D4__r05_s28105,scene_rotate_v05,ROTATE,C3,D4,28105,44,72,0,0.0,DOES_NOT_INTERFERE,DOES_NOT_INTERFERE,False,False,True
v1__scene_rotate_v05__L2__C3_D4__r05_s28105,scene_rotate_v05,ROTATE,C3,D4,28105,44,82,6522,0.70983892,INTERFERES,DOES_NOT_INTERFERE,True,False,False
v1__scene_rotate_v05__L2__C3_D4__r05_s28105,scene_rotate_v05,ROTATE,C3,D4,28105,44,97,0,0.0,DOES_NOT_INTERFERE,DOES_NOT_INTERFERE,False,False,True
v1__scene_rotate_v05__L2__C3_D4__r05_s28105,scene_rotate_v05,ROTATE,C3,D4,28105,44,99,0,0.0,DOES_NOT_INTERFERE,DOES_NOT_INTERFERE,False,False,True
v1__scene_rotate_v05__L2__C3_D8__r01_s28101,scene_rotate_v05,ROTATE,C3,D8,28101,44,11,0,0.0,DOES_NOT_INTERFERE,DOES_NOT_INTERFERE,False,False,True
v1__scene_rotate_v05__L2__C3_D8__r01_s28101,scene_rotate_v05,ROTATE,C3,D8,28101,44,72,0,0.0,DOES_NOT_INTERFERE,DOES_NOT_INTERFERE,False,False,True
v1__scene_rotate_v05__L2__C3_D8__r01_s28101,scene_rotate_v05,ROTATE,C3,D8,28101,44,82,6522,0.70983892,INTERFERES,DOES_NOT_INTERFERE,True,False,False
v1__scene_rotate_v05__L2__C3_D8__r01_s28101,scene_rotate_v05,ROTATE,C3,D8,28101,44,97,0,0.0,DOES_NOT_INTERFERE,DOES_NOT_INTERFERE,False,False,True
v1__scene_rotate_v05__L2__C3_D8__r01_s28101,scene_rotate_v05,ROTATE,C3,D8,28101,44,99,0,0.0,DOES_NOT_INTERFERE,DOES_NOT_INTERFERE,False,False,True
v1__scene_rotate_v05__L2__C3_D8__r02_s28102,scene_rotate_v05,ROTATE,C3,D8,28102,44,11,0,0.0,DOES_NOT_INTERFERE,DOES_NOT_INTERFERE,False,False,True
v1__scene_rotate_v05__L2__C3_D8__r02_s28102,scene_rotate_v05,ROTATE,C3,D8,28102,44,72,0,0.0,DOES_NOT_INTERFERE,DOES_NOT_INTERFERE,False,False,True
v1__scene_rotate_v05__L2__C3_D8__r02_s28102,scene_rotate_v05,ROTATE,C3,D8,28102,44,82,6522,0.70983892,INTERFERES,DOES_NOT_INTERFERE,True,False,False
v1__scene_rotate_v05__L2__C3_D8__r02_s28102,scene_rotate_v05,ROTATE,C3,D8,28102,44,97,0,0.0,DOES_NOT_INTERFERE,DOES_NOT_INTERFERE,False,False,True
v1__scene_rotate_v05__L2__C3_D8__r02_s28102,scene_rotate_v05,ROTATE,C3,D8,28102,44,99,0,0.0,DOES_NOT_INTERFERE,DOES_NOT_INTERFERE,False,False,True
v1__scene_rotate_v05__L2__C3_D8__r03_s28103,scene_rotate_v05,ROTATE,C3,D8,28103,44,11,0,0.0,DOES_NOT_INTERFERE,DOES_NOT_INTERFERE,False,False,True
v1__scene_rotate_v05__L2__C3_D8__r03_s28103,scene_rotate_v05,ROTATE,C3,D8,28103,44,72,0,0.0,DOES_NOT_INTERFERE,DOES_NOT_INTERFERE,False,False,True
v1__scene_rotate_v05__L2__C3_D8__r03_s28103,scene_rotate_v05,ROTATE,C3,D8,28103,44,82,6522,0.70983892,INTERFERES,DOES_NOT_INTERFERE,True,False,False
v1__scene_rotate_v05__L2__C3_D8__r03_s28103,scene_rotate_v05,ROTATE,C3,D8,28103,44,97,0,0.0,DOES_NOT_INTERFERE,DOES_NOT_INTERFERE,False,False,True
v1__scene_rotate_v05__L2__C3_D8__r03_s28103,scene_rotate_v05,ROTATE,C3,D8,28103,44,99,0,0.0,DOES_NOT_INTERFERE,DOES_NOT_INTERFERE,False,False,True
v1__scene_rotate_v05__L2__C3_D8__r04_s28104,scene_rotate_v05,ROTATE,C3,D8,28104,44,11,0,0.0,DOES_NOT_INTERFERE,DOES_NOT_INTERFERE,False,False,True
v1__scene_rotate_v05__L2__C3_D8__r04_s28104,scene_rotate_v05,ROTATE,C3,D8,28104,44,72,0,0.0,DOES_NOT_INTERFERE,DOES_NOT_INTERFERE,False,False,True
v1__scene_rotate_v05__L2__C3_D8__r04_s28104,scene_rotate_v05,ROTATE,C3,D8,28104,44,82,6522,0.70983892,INTERFERES,DOES_NOT_INTERFERE,True,False,False
v1__scene_rotate_v05__L2__C3_D8__r04_s28104,scene_rotate_v05,ROTATE,C3,D8,28104,44,97,0,0.0,DOES_NOT_INTERFERE,DOES_NOT_INTERFERE,False,False,True
v1__scene_rotate_v05__L2__C3_D8__r04_s28104,scene_rotate_v05,ROTATE,C3,D8,28104,44,99,0,0.0,DOES_NOT_INTERFERE,DOES_NOT_INTERFERE,False,False,True
v1__scene_rotate_v05__L2__C3_D8__r05_s28105,scene_rotate_v05,ROTATE,C3,D8,28105,44,11,0,0.0,DOES_NOT_INTERFERE,DOES_NOT_INTERFERE,False,False,True
v1__scene_rotate_v05__L2__C3_D8__r05_s28105,scene_rotate_v05,ROTATE,C3,D8,28105,44,72,0,0.0,DOES_NOT_INTERFERE,DOES_NOT_INTERFERE,False,False,True
v1__scene_rotate_v05__L2__C3_D8__r05_s28105,scene_rotate_v05,ROTATE,C3,D8,28105,44,82,6522,0.70983892,INTERFERES,DOES_NOT_INTERFERE,True,False,False
v1__scene_rotate_v05__L2__C3_D8__r05_s28105,scene_rotate_v05,ROTATE,C3,D8,28105,44,97,0,0.0,DOES_NOT_INTERFERE,DOES_NOT_INTERFERE,False,False,True
v1__scene_rotate_v05__L2__C3_D8__r05_s28105,scene_rotate_v05,ROTATE,C3,D8,28105,44,99,0,0.0,DOES_NOT_INTERFERE,DOES_NOT_INTERFERE,False,False,True
v1__scene_rotate_v05__L2__C4_D4__r01_s28101,scene_rotate_v05,ROTATE,C4,D4,28101,44,11,0,0.0,DOES_NOT_INTERFERE,DOES_NOT_INTERFERE,False,False,True
v1__scene_rotate_v05__L2__C4_D4__r01_s28101,scene_rotate_v05,ROTATE,C4,D4,28101,44,72,0,0.0,DOES_NOT_INTERFERE,DOES_NOT_INTERFERE,False,False,True
v1__scene_rotate_v05__L2__C4_D4__r01_s28101,scene_rotate_v05,ROTATE,C4,D4,28101,44,82,6522,0.70983892,INTERFERES,DOES_NOT_INTERFERE,True,False,False
v1__scene_rotate_v05__L2__C4_D4__r01_s28101,scene_rotate_v05,ROTATE,C4,D4,28101,44,97,0,0.0,DOES_NOT_INTERFERE,DOES_NOT_INTERFERE,False,False,True
v1__scene_rotate_v05__L2__C4_D4__r01_s28101,scene_rotate_v05,ROTATE,C4,D4,28101,44,99,0,0.0,DOES_NOT_INTERFERE,DOES_NOT_INTERFERE,False,False,True
v1__scene_rotate_v05__L2__C4_D4__r02_s28102,scene_rotate_v05,ROTATE,C4,D4,28102,44,11,0,0.0,DOES_NOT_INTERFERE,DOES_NOT_INTERFERE,False,False,True
v1__scene_rotate_v05__L2__C4_D4__r02_s28102,scene_rotate_v05,ROTATE,C4,D4,28102,44,72,0,0.0,DOES_NOT_INTERFERE,DOES_NOT_INTERFERE,False,False,True
v1__scene_rotate_v05__L2__C4_D4__r02_s28102,scene_rotate_v05,ROTATE,C4,D4,28102,44,82,6522,0.70983892,INTERFERES,DOES_NOT_INTERFERE,True,False,False
v1__scene_rotate_v05__L2__C4_D4__r02_s28102,scene_rotate_v05,ROTATE,C4,D4,28102,44,97,0,0.0,DOES_NOT_INTERFERE,DOES_NOT_INTERFERE,False,False,True
v1__scene_rotate_v05__L2__C4_D4__r02_s28102,scene_rotate_v05,ROTATE,C4,D4,28102,44,99,0,0.0,DOES_NOT_INTERFERE,DOES_NOT_INTERFERE,False,False,True
v1__scene_rotate_v05__L2__C4_D4__r03_s28103,scene_rotate_v05,ROTATE,C4,D4,28103,44,11,0,0.0,DOES_NOT_INTERFERE,DOES_NOT_INTERFERE,False,False,True
v1__scene_rotate_v05__L2__C4_D4__r03_s28103,scene_rotate_v05,ROTATE,C4,D4,28103,44,72,0,0.0,DOES_NOT_INTERFERE,DOES_NOT_INTERFERE,False,False,True
v1__scene_rotate_v05__L2__C4_D4__r03_s28103,scene_rotate_v05,ROTATE,C4,D4,28103,44,82,6522,0.70983892,INTERFERES,DOES_NOT_INTERFERE,True,False,False
v1__scene_rotate_v05__L2__C4_D4__r03_s28103,scene_rotate_v05,ROTATE,C4,D4,28103,44,97,0,0.0,DOES_NOT_INTERFERE,DOES_NOT_INTERFERE,False,False,True
v1__scene_rotate_v05__L2__C4_D4__r03_s28103,scene_rotate_v05,ROTATE,C4,D4,28103,44,99,0,0.0,DOES_NOT_INTERFERE,DOES_NOT_INTERFERE,False,False,True
v1__scene_rotate_v05__L2__C4_D4__r04_s28104,scene_rotate_v05,ROTATE,C4,D4,28104,44,11,0,0.0,DOES_NOT_INTERFERE,DOES_NOT_INTERFERE,False,False,True
v1__scene_rotate_v05__L2__C4_D4__r04_s28104,scene_rotate_v05,ROTATE,C4,D4,28104,44,72,0,0.0,DOES_NOT_INTERFERE,DOES_NOT_INTERFERE,False,False,True
v1__scene_rotate_v05__L2__C4_D4__r04_s28104,scene_rotate_v05,ROTATE,C4,D4,28104,44,82,6522,0.70983892,INTERFERES,DOES_NOT_INTERFERE,True,False,False
v1__scene_rotate_v05__L2__C4_D4__r04_s28104,scene_rotate_v05,ROTATE,C4,D4,28104,44,97,0,0.0,DOES_NOT_INTERFERE,DOES_NOT_INTERFERE,False,False,True
v1__scene_rotate_v05__L2__C4_D4__r04_s28104,scene_rotate_v05,ROTATE,C4,D4,28104,44,99,0,0.0,DOES_NOT_INTERFERE,DOES_NOT_INTERFERE,False,False,True
v1__scene_rotate_v05__L2__C4_D4__r05_s28105,scene_rotate_v05,ROTATE,C4,D4,28105,44,11,0,0.0,DOES_NOT_INTERFERE,DOES_NOT_INTERFERE,False,False,True
v1__scene_rotate_v05__L2__C4_D4__r05_s28105,scene_rotate_v05,ROTATE,C4,D4,28105,44,72,0,0.0,DOES_NOT_INTERFERE,DOES_NOT_INTERFERE,False,False,True
v1__scene_rotate_v05__L2__C4_D4__r05_s28105,scene_rotate_v05,ROTATE,C4,D4,28105,44,82,6522,0.70983892,INTERFERES,DOES_NOT_INTERFERE,True,False,False
v1__scene_rotate_v05__L2__C4_D4__r05_s28105,scene_rotate_v05,ROTATE,C4,D4,28105,44,97,0,0.0,DOES_NOT_INTERFERE,DOES_NOT_INTERFERE,False,False,True
v1__scene_rotate_v05__L2__C4_D4__r05_s28105,scene_rotate_v05,ROTATE,C4,D4,28105,44,99,0,0.0,DOES_NOT_INTERFERE,DOES_NOT_INTERFERE,False,False,True
v1__scene_rotate_v05__L2__C4_D8__r01_s28101,scene_rotate_v05,ROTATE,C4,D8,28101,44,11,0,0.0,DOES_NOT_INTERFERE,DOES_NOT_INTERFERE,False,False,True
v1__scene_rotate_v05__L2__C4_D8__r01_s28101,scene_rotate_v05,ROTATE,C4,D8,28101,44,72,0,0.0,DOES_NOT_INTERFERE,DOES_NOT_INTERFERE,False,False,True
v1__scene_rotate_v05__L2__C4_D8__r01_s28101,scene_rotate_v05,ROTATE,C4,D8,28101,44,82,6522,0.70983892,INTERFERES,DOES_NOT_INTERFERE,True,False,False
v1__scene_rotate_v05__L2__C4_D8__r01_s28101,scene_rotate_v05,ROTATE,C4,D8,28101,44,97,0,0.0,DOES_NOT_INTERFERE,DOES_NOT_INTERFERE,False,False,True
v1__scene_rotate_v05__L2__C4_D8__r01_s28101,scene_rotate_v05,ROTATE,C4,D8,28101,44,99,0,0.0,DOES_NOT_INTERFERE,DOES_NOT_INTERFERE,False,False,True
v1__scene_rotate_v05__L2__C4_D8__r02_s28102,scene_rotate_v05,ROTATE,C4,D8,28102,44,11,0,0.0,DOES_NOT_INTERFERE,DOES_NOT_INTERFERE,False,False,True
v1__scene_rotate_v05__L2__C4_D8__r02_s28102,scene_rotate_v05,ROTATE,C4,D8,28102,44,72,0,0.0,DOES_NOT_INTERFERE,DOES_NOT_INTERFERE,False,False,True
v1__scene_rotate_v05__L2__C4_D8__r02_s28102,scene_rotate_v05,ROTATE,C4,D8,28102,44,82,6522,0.70983892,INTERFERES,DOES_NOT_INTERFERE,True,False,False
v1__scene_rotate_v05__L2__C4_D8__r02_s28102,scene_rotate_v05,ROTATE,C4,D8,28102,44,97,0,0.0,DOES_NOT_INTERFERE,DOES_NOT_INTERFERE,False,False,True
v1__scene_rotate_v05__L2__C4_D8__r02_s28102,scene_rotate_v05,ROTATE,C4,D8,28102,44,99,0,0.0,DOES_NOT_INTERFERE,DOES_NOT_INTERFERE,False,False,True
v1__scene_rotate_v05__L2__C4_D8__r03_s28103,scene_rotate_v05,ROTATE,C4,D8,28103,44,11,0,0.0,DOES_NOT_INTERFERE,DOES_NOT_INTERFERE,False,False,True
v1__scene_rotate_v05__L2__C4_D8__r03_s28103,scene_rotate_v05,ROTATE,C4,D8,28103,44,72,0,0.0,DOES_NOT_INTERFERE,DOES_NOT_INTERFERE,False,False,True
v1__scene_rotate_v05__L2__C4_D8__r03_s28103,scene_rotate_v05,ROTATE,C4,D8,28103,44,82,6522,0.70983892,INTERFERES,DOES_NOT_INTERFERE,True,False,False
v1__scene_rotate_v05__L2__C4_D8__r03_s28103,scene_rotate_v05,ROTATE,C4,D8,28103,44,97,0,0.0,DOES_NOT_INTERFERE,DOES_NOT_INTERFERE,False,False,True
v1__scene_rotate_v05__L2__C4_D8__r03_s28103,scene_rotate_v05,ROTATE,C4,D8,28103,44,99,0,0.0,DOES_NOT_INTERFERE,DOES_NOT_INTERFERE,False,False,True
v1__scene_rotate_v05__L2__C4_D8__r04_s28104,scene_rotate_v05,ROTATE,C4,D8,28104,44,11,0,0.0,DOES_NOT_INTERFERE,DOES_NOT_INTERFERE,False,False,True
v1__scene_rotate_v05__L2__C4_D8__r04_s28104,scene_rotate_v05,ROTATE,C4,D8,28104,44,72,0,0.0,DOES_NOT_INTERFERE,DOES_NOT_INTERFERE,False,False,True
v1__scene_rotate_v05__L2__C4_D8__r04_s28104,scene_rotate_v05,ROTATE,C4,D8,28104,44,82,6522,0.70983892,INTERFERES,DOES_NOT_INTERFERE,True,False,False
v1__scene_rotate_v05__L2__C4_D8__r04_s28104,scene_rotate_v05,ROTATE,C4,D8,28104,44,97,0,0.0,DOES_NOT_INTERFERE,DOES_NOT_INTERFERE,False,False,True
v1__scene_rotate_v05__L2__C4_D8__r04_s28104,scene_rotate_v05,ROTATE,C4,D8,28104,44,99,0,0.0,DOES_NOT_INTERFERE,DOES_NOT_INTERFERE,False,False,True
v1__scene_rotate_v05__L2__C4_D8__r05_s28105,scene_rotate_v05,ROTATE,C4,D8,28105,44,11,0,0.0,DOES_NOT_INTERFERE,DOES_NOT_INTERFERE,False,False,True
v1__scene_rotate_v05__L2__C4_D8__r05_s28105,scene_rotate_v05,ROTATE,C4,D8,28105,44,72,0,0.0,DOES_NOT_INTERFERE,DOES_NOT_INTERFERE,False,False,True
v1__scene_rotate_v05__L2__C4_D8__r05_s28105,scene_rotate_v05,ROTATE,C4,D8,28105,44,82,6522,0.70983892,INTERFERES,DOES_NOT_INTERFERE,True,False,False
v1__scene_rotate_v05__L2__C4_D8__r05_s28105,scene_rotate_v05,ROTATE,C4,D8,28105,44,97,0,0.0,DOES_NOT_INTERFERE,DOES_NOT_INTERFERE,False,False,True
v1__scene_rotate_v05__L2__C4_D8__r05_s28105,scene_rotate_v05,ROTATE,C4,D8,28105,44,99,0,0.0,DOES_NOT_INTERFERE,DOES_NOT_INTERFERE,False,False,True
v1__scene_rotate_v05__L2__C5_D4__r01_s28101,scene_rotate_v05,ROTATE,C5,D4,28101,44,11,0,0.0,DOES_NOT_INTERFERE,DOES_NOT_INTERFERE,False,False,True
v1__scene_rotate_v05__L2__C5_D4__r01_s28101,scene_rotate_v05,ROTATE,C5,D4,28101,44,72,0,0.0,DOES_NOT_INTERFERE,DOES_NOT_INTERFERE,False,False,True
v1__scene_rotate_v05__L2__C5_D4__r01_s28101,scene_rotate_v05,ROTATE,C5,D4,28101,44,82,6522,0.70983892,INTERFERES,DOES_NOT_INTERFERE,True,False,False
v1__scene_rotate_v05__L2__C5_D4__r01_s28101,scene_rotate_v05,ROTATE,C5,D4,28101,44,97,0,0.0,DOES_NOT_INTERFERE,DOES_NOT_INTERFERE,False,False,True
v1__scene_rotate_v05__L2__C5_D4__r01_s28101,scene_rotate_v05,ROTATE,C5,D4,28101,44,99,0,0.0,DOES_NOT_INTERFERE,DOES_NOT_INTERFERE,False,False,True
v1__scene_rotate_v05__L2__C5_D4__r02_s28102,scene_rotate_v05,ROTATE,C5,D4,28102,44,11,0,0.0,DOES_NOT_INTERFERE,DOES_NOT_INTERFERE,False,False,True
v1__scene_rotate_v05__L2__C5_D4__r02_s28102,scene_rotate_v05,ROTATE,C5,D4,28102,44,72,0,0.0,DOES_NOT_INTERFERE,DOES_NOT_INTERFERE,False,False,True
v1__scene_rotate_v05__L2__C5_D4__r02_s28102,scene_rotate_v05,ROTATE,C5,D4,28102,44,82,6522,0.70983892,INTERFERES,DOES_NOT_INTERFERE,True,False,False
v1__scene_rotate_v05__L2__C5_D4__r02_s28102,scene_rotate_v05,ROTATE,C5,D4,28102,44,97,0,0.0,DOES_NOT_INTERFERE,DOES_NOT_INTERFERE,False,False,True
v1__scene_rotate_v05__L2__C5_D4__r02_s28102,scene_rotate_v05,ROTATE,C5,D4,28102,44,99,0,0.0,DOES_NOT_INTERFERE,DOES_NOT_INTERFERE,False,False,True
v1__scene_rotate_v05__L2__C5_D4__r03_s28103,scene_rotate_v05,ROTATE,C5,D4,28103,44,11,0,0.0,DOES_NOT_INTERFERE,DOES_NOT_INTERFERE,False,False,True
v1__scene_rotate_v05__L2__C5_D4__r03_s28103,scene_rotate_v05,ROTATE,C5,D4,28103,44,72,0,0.0,DOES_NOT_INTERFERE,DOES_NOT_INTERFERE,False,False,True
v1__scene_rotate_v05__L2__C5_D4__r03_s28103,scene_rotate_v05,ROTATE,C5,D4,28103,44,82,6522,0.70983892,INTERFERES,DOES_NOT_INTERFERE,True,False,False
v1__scene_rotate_v05__L2__C5_D4__r03_s28103,scene_rotate_v05,ROTATE,C5,D4,28103,44,97,0,0.0,DOES_NOT_INTERFERE,DOES_NOT_INTERFERE,False,False,True
v1__scene_rotate_v05__L2__C5_D4__r03_s28103,scene_rotate_v05,ROTATE,C5,D4,28103,44,99,0,0.0,DOES_NOT_INTERFERE,DOES_NOT_INTERFERE,False,False,True
v1__scene_rotate_v05__L2__C5_D4__r04_s28104,scene_rotate_v05,ROTATE,C5,D4,28104,44,11,0,0.0,DOES_NOT_INTERFERE,DOES_NOT_INTERFERE,False,False,True
v1__scene_rotate_v05__L2__C5_D4__r04_s28104,scene_rotate_v05,ROTATE,C5,D4,28104,44,72,0,0.0,DOES_NOT_INTERFERE,DOES_NOT_INTERFERE,False,False,True
v1__scene_rotate_v05__L2__C5_D4__r04_s28104,scene_rotate_v05,ROTATE,C5,D4,28104,44,82,6522,0.70983892,INTERFERES,DOES_NOT_INTERFERE,True,False,False
v1__scene_rotate_v05__L2__C5_D4__r04_s28104,scene_rotate_v05,ROTATE,C5,D4,28104,44,97,0,0.0,DOES_NOT_INTERFERE,DOES_NOT_INTERFERE,False,False,True
v1__scene_rotate_v05__L2__C5_D4__r04_s28104,scene_rotate_v05,ROTATE,C5,D4,28104,44,99,0,0.0,DOES_NOT_INTERFERE,DOES_NOT_INTERFERE,False,False,True
v1__scene_rotate_v05__L2__C5_D4__r05_s28105,scene_rotate_v05,ROTATE,C5,D4,28105,44,11,0,0.0,DOES_NOT_INTERFERE,DOES_NOT_INTERFERE,False,False,True
v1__scene_rotate_v05__L2__C5_D4__r05_s28105,scene_rotate_v05,ROTATE,C5,D4,28105,44,72,0,0.0,DOES_NOT_INTERFERE,DOES_NOT_INTERFERE,False,False,True
v1__scene_rotate_v05__L2__C5_D4__r05_s28105,scene_rotate_v05,ROTATE,C5,D4,28105,44,82,6522,0.70983892,INTERFERES,DOES_NOT_INTERFERE,True,False,False
v1__scene_rotate_v05__L2__C5_D4__r05_s28105,scene_rotate_v05,ROTATE,C5,D4,28105,44,97,0,0.0,DOES_NOT_INTERFERE,DOES_NOT_INTERFERE,False,False,True
v1__scene_rotate_v05__L2__C5_D4__r05_s28105,scene_rotate_v05,ROTATE,C5,D4,28105,44,99,0,0.0,DOES_NOT_INTERFERE,DOES_NOT_INTERFERE,False,False,True
v1__scene_rotate_v05__L2__C5_D8__r01_s28101,scene_rotate_v05,ROTATE,C5,D8,28101,44,11,0,0.0,DOES_NOT_INTERFERE,DOES_NOT_INTERFERE,False,False,True
v1__scene_rotate_v05__L2__C5_D8__r01_s28101,scene_rotate_v05,ROTATE,C5,D8,28101,44,72,0,0.0,DOES_NOT_INTERFERE,DOES_NOT_INTERFERE,False,False,True
v1__scene_rotate_v05__L2__C5_D8__r01_s28101,scene_rotate_v05,ROTATE,C5,D8,28101,44,82,6522,0.70983892,INTERFERES,DOES_NOT_INTERFERE,True,False,False
v1__scene_rotate_v05__L2__C5_D8__r01_s28101,scene_rotate_v05,ROTATE,C5,D8,28101,44,97,0,0.0,DOES_NOT_INTERFERE,DOES_NOT_INTERFERE,False,False,True
v1__scene_rotate_v05__L2__C5_D8__r01_s28101,scene_rotate_v05,ROTATE,C5,D8,28101,44,99,0,0.0,DOES_NOT_INTERFERE,DOES_NOT_INTERFERE,False,False,True
v1__scene_rotate_v05__L2__C5_D8__r02_s28102,scene_rotate_v05,ROTATE,C5,D8,28102,44,11,0,0.0,DOES_NOT_INTERFERE,DOES_NOT_INTERFERE,False,False,True
v1__scene_rotate_v05__L2__C5_D8__r02_s28102,scene_rotate_v05,ROTATE,C5,D8,28102,44,72,0,0.0,DOES_NOT_INTERFERE,DOES_NOT_INTERFERE,False,False,True
v1__scene_rotate_v05__L2__C5_D8__r02_s28102,scene_rotate_v05,ROTATE,C5,D8,28102,44,82,6522,0.70983892,INTERFERES,DOES_NOT_INTERFERE,True,False,False
v1__scene_rotate_v05__L2__C5_D8__r02_s28102,scene_rotate_v05,ROTATE,C5,D8,28102,44,97,0,0.0,DOES_NOT_INTERFERE,DOES_NOT_INTERFERE,False,False,True
v1__scene_rotate_v05__L2__C5_D8__r02_s28102,scene_rotate_v05,ROTATE,C5,D8,28102,44,99,0,0.0,DOES_NOT_INTERFERE,DOES_NOT_INTERFERE,False,False,True
v1__scene_rotate_v05__L2__C5_D8__r03_s28103,scene_rotate_v05,ROTATE,C5,D8,28103,44,11,0,0.0,DOES_NOT_INTERFERE,DOES_NOT_INTERFERE,False,False,True
v1__scene_rotate_v05__L2__C5_D8__r03_s28103,scene_rotate_v05,ROTATE,C5,D8,28103,44,72,0,0.0,DOES_NOT_INTERFERE,DOES_NOT_INTERFERE,False,False,True
v1__scene_rotate_v05__L2__C5_D8__r03_s28103,scene_rotate_v05,ROTATE,C5,D8,28103,44,82,6522,0.70983892,INTERFERES,DOES_NOT_INTERFERE,True,False,False
v1__scene_rotate_v05__L2__C5_D8__r03_s28103,scene_rotate_v05,ROTATE,C5,D8,28103,44,97,0,0.0,DOES_NOT_INTERFERE,DOES_NOT_INTERFERE,False,False,True
v1__scene_rotate_v05__L2__C5_D8__r03_s28103,scene_rotate_v05,ROTATE,C5,D8,28103,44,99,0,0.0,DOES_NOT_INTERFERE,DOES_NOT_INTERFERE,False,False,True
v1__scene_rotate_v05__L2__C5_D8__r04_s28104,scene_rotate_v05,ROTATE,C5,D8,28104,44,11,0,0.0,DOES_NOT_INTERFERE,DOES_NOT_INTERFERE,False,False,True
v1__scene_rotate_v05__L2__C5_D8__r04_s28104,scene_rotate_v05,ROTATE,C5,D8,28104,44,72,0,0.0,DOES_NOT_INTERFERE,DOES_NOT_INTERFERE,False,False,True
v1__scene_rotate_v05__L2__C5_D8__r04_s28104,scene_rotate_v05,ROTATE,C5,D8,28104,44,82,6522,0.70983892,INTERFERES,DOES_NOT_INTERFERE,True,False,False
v1__scene_rotate_v05__L2__C5_D8__r04_s28104,scene_rotate_v05,ROTATE,C5,D8,28104,44,97,0,0.0,DOES_NOT_INTERFERE,DOES_NOT_INTERFERE,False,False,True
v1__scene_rotate_v05__L2__C5_D8__r04_s28104,scene_rotate_v05,ROTATE,C5,D8,28104,44,99,0,0.0,DOES_NOT_INTERFERE,DOES_NOT_INTERFERE,False,False,True
v1__scene_rotate_v05__L2__C5_D8__r05_s28105,scene_rotate_v05,ROTATE,C5,D8,28105,44,11,0,0.0,DOES_NOT_INTERFERE,DOES_NOT_INTERFERE,False,False,True
v1__scene_rotate_v05__L2__C5_D8__r05_s28105,scene_rotate_v05,ROTATE,C5,D8,28105,44,72,0,0.0,DOES_NOT_INTERFERE,DOES_NOT_INTERFERE,False,False,True
v1__scene_rotate_v05__L2__C5_D8__r05_s28105,scene_rotate_v05,ROTATE,C5,D8,28105,44,82,6522,0.70983892,INTERFERES,DOES_NOT_INTERFERE,True,False,False
v1__scene_rotate_v05__L2__C5_D8__r05_s28105,scene_rotate_v05,ROTATE,C5,D8,28105,44,97,0,0.0,DOES_NOT_INTERFERE,DOES_NOT_INTERFERE,False,False,True
v1__scene_rotate_v05__L2__C5_D8__r05_s28105,scene_rotate_v05,ROTATE,C5,D8,28105,44,99,0,0.0,DOES_NOT_INTERFERE,DOES_NOT_INTERFERE,False,False,True
v1__scene_rotate_v05__L2__C6_D4__r01_s28101,scene_rotate_v05,ROTATE,C6,D4,28101,44,11,0,0.0,DOES_NOT_INTERFERE,DOES_NOT_INTERFERE,False,False,True
v1__scene_rotate_v05__L2__C6_D4__r01_s28101,scene_rotate_v05,ROTATE,C6,D4,28101,44,72,0,0.0,DOES_NOT_INTERFERE,DOES_NOT_INTERFERE,False,False,True
v1__scene_rotate_v05__L2__C6_D4__r01_s28101,scene_rotate_v05,ROTATE,C6,D4,28101,44,82,6522,0.70983892,INTERFERES,DOES_NOT_INTERFERE,True,False,False
v1__scene_rotate_v05__L2__C6_D4__r01_s28101,scene_rotate_v05,ROTATE,C6,D4,28101,44,97,0,0.0,DOES_NOT_INTERFERE,DOES_NOT_INTERFERE,False,False,True
v1__scene_rotate_v05__L2__C6_D4__r01_s28101,scene_rotate_v05,ROTATE,C6,D4,28101,44,99,0,0.0,DOES_NOT_INTERFERE,DOES_NOT_INTERFERE,False,False,True
v1__scene_rotate_v05__L2__C6_D4__r02_s28102,scene_rotate_v05,ROTATE,C6,D4,28102,44,11,0,0.0,DOES_NOT_INTERFERE,DOES_NOT_INTERFERE,False,False,True
v1__scene_rotate_v05__L2__C6_D4__r02_s28102,scene_rotate_v05,ROTATE,C6,D4,28102,44,72,0,0.0,DOES_NOT_INTERFERE,DOES_NOT_INTERFERE,False,False,True
v1__scene_rotate_v05__L2__C6_D4__r02_s28102,scene_rotate_v05,ROTATE,C6,D4,28102,44,82,6522,0.70983892,INTERFERES,DOES_NOT_INTERFERE,True,False,False
v1__scene_rotate_v05__L2__C6_D4__r02_s28102,scene_rotate_v05,ROTATE,C6,D4,28102,44,97,0,0.0,DOES_NOT_INTERFERE,DOES_NOT_INTERFERE,False,False,True
v1__scene_rotate_v05__L2__C6_D4__r02_s28102,scene_rotate_v05,ROTATE,C6,D4,28102,44,99,0,0.0,DOES_NOT_INTERFERE,DOES_NOT_INTERFERE,False,False,True
v1__scene_rotate_v05__L2__C6_D4__r03_s28103,scene_rotate_v05,ROTATE,C6,D4,28103,44,11,0,0.0,DOES_NOT_INTERFERE,DOES_NOT_INTERFERE,False,False,True
v1__scene_rotate_v05__L2__C6_D4__r03_s28103,scene_rotate_v05,ROTATE,C6,D4,28103,44,72,0,0.0,DOES_NOT_INTERFERE,DOES_NOT_INTERFERE,False,False,True
v1__scene_rotate_v05__L2__C6_D4__r03_s28103,scene_rotate_v05,ROTATE,C6,D4,28103,44,82,6522,0.70983892,INTERFERES,DOES_NOT_INTERFERE,True,False,False
v1__scene_rotate_v05__L2__C6_D4__r03_s28103,scene_rotate_v05,ROTATE,C6,D4,28103,44,97,0,0.0,DOES_NOT_INTERFERE,DOES_NOT_INTERFERE,False,False,True
v1__scene_rotate_v05__L2__C6_D4__r03_s28103,scene_rotate_v05,ROTATE,C6,D4,28103,44,99,0,0.0,DOES_NOT_INTERFERE,DOES_NOT_INTERFERE,False,False,True
v1__scene_rotate_v05__L2__C6_D4__r04_s28104,scene_rotate_v05,ROTATE,C6,D4,28104,44,11,0,0.0,DOES_NOT_INTERFERE,DOES_NOT_INTERFERE,False,False,True
v1__scene_rotate_v05__L2__C6_D4__r04_s28104,scene_rotate_v05,ROTATE,C6,D4,28104,44,72,0,0.0,DOES_NOT_INTERFERE,DOES_NOT_INTERFERE,False,False,True
v1__scene_rotate_v05__L2__C6_D4__r04_s28104,scene_rotate_v05,ROTATE,C6,D4,28104,44,82,6522,0.70983892,INTERFERES,DOES_NOT_INTERFERE,True,False,False
v1__scene_rotate_v05__L2__C6_D4__r04_s28104,scene_rotate_v05,ROTATE,C6,D4,28104,44,97,0,0.0,DOES_NOT_INTERFERE,DOES_NOT_INTERFERE,False,False,True
v1__scene_rotate_v05__L2__C6_D4__r04_s28104,scene_rotate_v05,ROTATE,C6,D4,28104,44,99,0,0.0,DOES_NOT_INTERFERE,DOES_NOT_INTERFERE,False,False,True
v1__scene_rotate_v05__L2__C6_D4__r05_s28105,scene_rotate_v05,ROTATE,C6,D4,28105,44,11,0,0.0,DOES_NOT_INTERFERE,DOES_NOT_INTERFERE,False,False,True
v1__scene_rotate_v05__L2__C6_D4__r05_s28105,scene_rotate_v05,ROTATE,C6,D4,28105,44,72,0,0.0,DOES_NOT_INTERFERE,DOES_NOT_INTERFERE,False,False,True
v1__scene_rotate_v05__L2__C6_D4__r05_s28105,scene_rotate_v05,ROTATE,C6,D4,28105,44,82,6522,0.70983892,INTERFERES,DOES_NOT_INTERFERE,True,False,False
v1__scene_rotate_v05__L2__C6_D4__r05_s28105,scene_rotate_v05,ROTATE,C6,D4,28105,44,97,0,0.0,DOES_NOT_INTERFERE,DOES_NOT_INTERFERE,False,False,True
v1__scene_rotate_v05__L2__C6_D4__r05_s28105,scene_rotate_v05,ROTATE,C6,D4,28105,44,99,0,0.0,DOES_NOT_INTERFERE,DOES_NOT_INTERFERE,False,False,True
v1__scene_rotate_v05__L2__C6_D8__r01_s28101,scene_rotate_v05,ROTATE,C6,D8,28101,44,11,0,0.0,DOES_NOT_INTERFERE,DOES_NOT_INTERFERE,False,False,True
v1__scene_rotate_v05__L2__C6_D8__r01_s28101,scene_rotate_v05,ROTATE,C6,D8,28101,44,72,0,0.0,DOES_NOT_INTERFERE,DOES_NOT_INTERFERE,False,False,True
v1__scene_rotate_v05__L2__C6_D8__r01_s28101,scene_rotate_v05,ROTATE,C6,D8,28101,44,82,6522,0.70983892,INTERFERES,DOES_NOT_INTERFERE,True,False,False
v1__scene_rotate_v05__L2__C6_D8__r01_s28101,scene_rotate_v05,ROTATE,C6,D8,28101,44,97,0,0.0,DOES_NOT_INTERFERE,DOES_NOT_INTERFERE,False,False,True
v1__scene_rotate_v05__L2__C6_D8__r01_s28101,scene_rotate_v05,ROTATE,C6,D8,28101,44,99,0,0.0,DOES_NOT_INTERFERE,DOES_NOT_INTERFERE,False,False,True
v1__scene_rotate_v05__L2__C6_D8__r02_s28102,scene_rotate_v05,ROTATE,C6,D8,28102,44,11,0,0.0,DOES_NOT_INTERFERE,DOES_NOT_INTERFERE,False,False,True
v1__scene_rotate_v05__L2__C6_D8__r02_s28102,scene_rotate_v05,ROTATE,C6,D8,28102,44,72,0,0.0,DOES_NOT_INTERFERE,DOES_NOT_INTERFERE,False,False,True
v1__scene_rotate_v05__L2__C6_D8__r02_s28102,scene_rotate_v05,ROTATE,C6,D8,28102,44,82,6522,0.70983892,INTERFERES,DOES_NOT_INTERFERE,True,False,False
v1__scene_rotate_v05__L2__C6_D8__r02_s28102,scene_rotate_v05,ROTATE,C6,D8,28102,44,97,0,0.0,DOES_NOT_INTERFERE,DOES_NOT_INTERFERE,False,False,True
v1__scene_rotate_v05__L2__C6_D8__r02_s28102,scene_rotate_v05,ROTATE,C6,D8,28102,44,99,0,0.0,DOES_NOT_INTERFERE,DOES_NOT_INTERFERE,False,False,True
v1__scene_rotate_v05__L2__C6_D8__r03_s28103,scene_rotate_v05,ROTATE,C6,D8,28103,44,11,0,0.0,DOES_NOT_INTERFERE,DOES_NOT_INTERFERE,False,False,True
v1__scene_rotate_v05__L2__C6_D8__r03_s28103,scene_rotate_v05,ROTATE,C6,D8,28103,44,72,0,0.0,DOES_NOT_INTERFERE,DOES_NOT_INTERFERE,False,False,True
v1__scene_rotate_v05__L2__C6_D8__r03_s28103,scene_rotate_v05,ROTATE,C6,D8,28103,44,82,6522,0.70983892,INTERFERES,DOES_NOT_INTERFERE,True,False,False
v1__scene_rotate_v05__L2__C6_D8__r03_s28103,scene_rotate_v05,ROTATE,C6,D8,28103,44,97,0,0.0,DOES_NOT_INTERFERE,DOES_NOT_INTERFERE,False,False,True
v1__scene_rotate_v05__L2__C6_D8__r03_s28103,scene_rotate_v05,ROTATE,C6,D8,28103,44,99,0,0.0,DOES_NOT_INTERFERE,DOES_NOT_INTERFERE,False,False,True
v1__scene_rotate_v05__L2__C6_D8__r04_s28104,scene_rotate_v05,ROTATE,C6,D8,28104,44,11,0,0.0,DOES_NOT_INTERFERE,DOES_NOT_INTERFERE,False,False,True
v1__scene_rotate_v05__L2__C6_D8__r04_s28104,scene_rotate_v05,ROTATE,C6,D8,28104,44,72,0,0.0,DOES_NOT_INTERFERE,DOES_NOT_INTERFERE,False,False,True
v1__scene_rotate_v05__L2__C6_D8__r04_s28104,scene_rotate_v05,ROTATE,C6,D8,28104,44,82,6522,0.70983892,INTERFERES,DOES_NOT_INTERFERE,True,False,False
v1__scene_rotate_v05__L2__C6_D8__r04_s28104,scene_rotate_v05,ROTATE,C6,D8,28104,44,97,0,0.0,DOES_NOT_INTERFERE,DOES_NOT_INTERFERE,False,False,True
v1__scene_rotate_v05__L2__C6_D8__r04_s28104,scene_rotate_v05,ROTATE,C6,D8,28104,44,99,0,0.0,DOES_NOT_INTERFERE,DOES_NOT_INTERFERE,False,False,True
v1__scene_rotate_v05__L2__C6_D8__r05_s28105,scene_rotate_v05,ROTATE,C6,D8,28105,44,11,0,0.0,DOES_NOT_INTERFERE,DOES_NOT_INTERFERE,False,False,True
v1__scene_rotate_v05__L2__C6_D8__r05_s28105,scene_rotate_v05,ROTATE,C6,D8,28105,44,72,0,0.0,DOES_NOT_INTERFERE,DOES_NOT_INTERFERE,False,False,True
v1__scene_rotate_v05__L2__C6_D8__r05_s28105,scene_rotate_v05,ROTATE,C6,D8,28105,44,82,6522,0.70983892,INTERFERES,DOES_NOT_INTERFERE,True,False,False
v1__scene_rotate_v05__L2__C6_D8__r05_s28105,scene_rotate_v05,ROTATE,C6,D8,28105,44,97,0,0.0,DOES_NOT_INTERFERE,DOES_NOT_INTERFERE,False,False,True
v1__scene_rotate_v05__L2__C6_D8__r05_s28105,scene_rotate_v05,ROTATE,C6,D8,28105,44,99,0,0.0,DOES_NOT_INTERFERE,DOES_NOT_INTERFERE,False,False,True
v1__scene_translate_v01__L2__C0_NA__r01_s28101,scene_translate_v01,TRANSLATE,C0,,28101,67,35,6313,0.630291534,INTERFERES,INTERFERES,True,True,True
v1__scene_translate_v01__L2__C0_NA__r02_s28102,scene_translate_v01,TRANSLATE,C0,,28102,67,35,6313,0.630291534,INTERFERES,INTERFERES,True,True,True
v1__scene_translate_v01__L2__C0_NA__r03_s28103,scene_translate_v01,TRANSLATE,C0,,28103,67,35,6313,0.630291534,INTERFERES,INTERFERES,True,True,True
v1__scene_translate_v01__L2__C0_NA__r04_s28104,scene_translate_v01,TRANSLATE,C0,,28104,67,35,6313,0.630291534,INTERFERES,INTERFERES,True,True,True
v1__scene_translate_v01__L2__C0_NA__r05_s28105,scene_translate_v01,TRANSLATE,C0,,28105,67,35,6313,0.630291534,INTERFERES,INTERFERES,True,True,True
v1__scene_translate_v01__L2__C1_NA__r01_s28101,scene_translate_v01,TRANSLATE,C1,,28101,67,35,6313,0.630291534,INTERFERES,INTERFERES,True,True,True
v1__scene_translate_v01__L2__C1_NA__r02_s28102,scene_translate_v01,TRANSLATE,C1,,28102,67,35,6313,0.630291534,INTERFERES,INTERFERES,True,True,True
v1__scene_translate_v01__L2__C1_NA__r03_s28103,scene_translate_v01,TRANSLATE,C1,,28103,67,35,6313,0.630291534,INTERFERES,INTERFERES,True,True,True
v1__scene_translate_v01__L2__C1_NA__r04_s28104,scene_translate_v01,TRANSLATE,C1,,28104,67,35,6313,0.630291534,INTERFERES,INTERFERES,True,True,True
v1__scene_translate_v01__L2__C1_NA__r05_s28105,scene_translate_v01,TRANSLATE,C1,,28105,67,35,6313,0.630291534,INTERFERES,INTERFERES,True,True,True
v1__scene_translate_v01__L2__C2_D4__r01_s28101,scene_translate_v01,TRANSLATE,C2,D4,28101,67,35,6313,0.630291534,INTERFERES,INTERFERES,True,True,True
v1__scene_translate_v01__L2__C2_D4__r02_s28102,scene_translate_v01,TRANSLATE,C2,D4,28102,67,35,6313,0.630291534,INTERFERES,INTERFERES,True,True,True
v1__scene_translate_v01__L2__C2_D4__r03_s28103,scene_translate_v01,TRANSLATE,C2,D4,28103,67,35,6313,0.630291534,INTERFERES,INTERFERES,True,True,True
v1__scene_translate_v01__L2__C2_D4__r04_s28104,scene_translate_v01,TRANSLATE,C2,D4,28104,67,35,6313,0.630291534,INTERFERES,INTERFERES,True,True,True
v1__scene_translate_v01__L2__C2_D4__r05_s28105,scene_translate_v01,TRANSLATE,C2,D4,28105,67,35,6313,0.630291534,INTERFERES,INTERFERES,True,True,True
v1__scene_translate_v01__L2__C2_D8__r01_s28101,scene_translate_v01,TRANSLATE,C2,D8,28101,67,35,6313,0.630291534,INTERFERES,INTERFERES,True,True,True
v1__scene_translate_v01__L2__C2_D8__r02_s28102,scene_translate_v01,TRANSLATE,C2,D8,28102,67,35,6313,0.630291534,INTERFERES,INTERFERES,True,True,True
v1__scene_translate_v01__L2__C2_D8__r03_s28103,scene_translate_v01,TRANSLATE,C2,D8,28103,67,35,6313,0.630291534,INTERFERES,INTERFERES,True,True,True
v1__scene_translate_v01__L2__C2_D8__r04_s28104,scene_translate_v01,TRANSLATE,C2,D8,28104,67,35,6313,0.630291534,INTERFERES,INTERFERES,True,True,True
v1__scene_translate_v01__L2__C2_D8__r05_s28105,scene_translate_v01,TRANSLATE,C2,D8,28105,67,35,6313,0.630291534,INTERFERES,INTERFERES,True,True,True
v1__scene_translate_v01__L2__C3_D4__r01_s28101,scene_translate_v01,TRANSLATE,C3,D4,28101,67,35,6313,0.630291534,INTERFERES,INTERFERES,True,True,True
v1__scene_translate_v01__L2__C3_D4__r02_s28102,scene_translate_v01,TRANSLATE,C3,D4,28102,67,35,6313,0.630291534,INTERFERES,INTERFERES,True,True,True
v1__scene_translate_v01__L2__C3_D4__r03_s28103,scene_translate_v01,TRANSLATE,C3,D4,28103,67,35,6313,0.630291534,INTERFERES,INTERFERES,True,True,True
v1__scene_translate_v01__L2__C3_D4__r04_s28104,scene_translate_v01,TRANSLATE,C3,D4,28104,67,35,6313,0.630291534,INTERFERES,INTERFERES,True,True,True
v1__scene_translate_v01__L2__C3_D4__r05_s28105,scene_translate_v01,TRANSLATE,C3,D4,28105,67,35,6313,0.630291534,INTERFERES,INTERFERES,True,True,True
v1__scene_translate_v01__L2__C3_D8__r01_s28101,scene_translate_v01,TRANSLATE,C3,D8,28101,67,35,6313,0.630291534,INTERFERES,INTERFERES,True,True,True
v1__scene_translate_v01__L2__C3_D8__r02_s28102,scene_translate_v01,TRANSLATE,C3,D8,28102,67,35,6313,0.630291534,INTERFERES,INTERFERES,True,True,True
v1__scene_translate_v01__L2__C3_D8__r03_s28103,scene_translate_v01,TRANSLATE,C3,D8,28103,67,35,6313,0.630291534,INTERFERES,INTERFERES,True,True,True
v1__scene_translate_v01__L2__C3_D8__r04_s28104,scene_translate_v01,TRANSLATE,C3,D8,28104,67,35,6313,0.630291534,INTERFERES,INTERFERES,True,True,True
v1__scene_translate_v01__L2__C3_D8__r05_s28105,scene_translate_v01,TRANSLATE,C3,D8,28105,67,35,6313,0.630291534,INTERFERES,INTERFERES,True,True,True
v1__scene_translate_v01__L2__C4_D4__r01_s28101,scene_translate_v01,TRANSLATE,C4,D4,28101,67,35,6313,0.630291534,INTERFERES,INTERFERES,True,True,True
v1__scene_translate_v01__L2__C4_D4__r02_s28102,scene_translate_v01,TRANSLATE,C4,D4,28102,67,35,6313,0.630291534,INTERFERES,INTERFERES,True,True,True
v1__scene_translate_v01__L2__C4_D4__r03_s28103,scene_translate_v01,TRANSLATE,C4,D4,28103,67,35,6313,0.630291534,INTERFERES,INTERFERES,True,True,True
v1__scene_translate_v01__L2__C4_D4__r04_s28104,scene_translate_v01,TRANSLATE,C4,D4,28104,67,35,6313,0.630291534,INTERFERES,INTERFERES,True,True,True
v1__scene_translate_v01__L2__C4_D4__r05_s28105,scene_translate_v01,TRANSLATE,C4,D4,28105,67,35,6313,0.630291534,INTERFERES,INTERFERES,True,True,True
v1__scene_translate_v01__L2__C4_D8__r01_s28101,scene_translate_v01,TRANSLATE,C4,D8,28101,67,35,6313,0.630291534,INTERFERES,INTERFERES,True,True,True
v1__scene_translate_v01__L2__C4_D8__r02_s28102,scene_translate_v01,TRANSLATE,C4,D8,28102,67,35,6313,0.630291534,INTERFERES,INTERFERES,True,True,True
v1__scene_translate_v01__L2__C4_D8__r03_s28103,scene_translate_v01,TRANSLATE,C4,D8,28103,67,35,6313,0.630291534,INTERFERES,INTERFERES,True,True,True
v1__scene_translate_v01__L2__C4_D8__r04_s28104,scene_translate_v01,TRANSLATE,C4,D8,28104,67,35,6313,0.630291534,INTERFERES,INTERFERES,True,True,True
v1__scene_translate_v01__L2__C4_D8__r05_s28105,scene_translate_v01,TRANSLATE,C4,D8,28105,67,35,6313,0.630291534,INTERFERES,INTERFERES,True,True,True
v1__scene_translate_v01__L2__C5_D4__r01_s28101,scene_translate_v01,TRANSLATE,C5,D4,28101,67,35,6313,0.630291534,INTERFERES,INTERFERES,True,True,True
v1__scene_translate_v01__L2__C5_D4__r02_s28102,scene_translate_v01,TRANSLATE,C5,D4,28102,67,35,6313,0.630291534,INTERFERES,INTERFERES,True,True,True
v1__scene_translate_v01__L2__C5_D4__r03_s28103,scene_translate_v01,TRANSLATE,C5,D4,28103,67,35,6313,0.630291534,INTERFERES,INTERFERES,True,True,True
v1__scene_translate_v01__L2__C5_D4__r04_s28104,scene_translate_v01,TRANSLATE,C5,D4,28104,67,35,6313,0.630291534,INTERFERES,INTERFERES,True,True,True
v1__scene_translate_v01__L2__C5_D4__r05_s28105,scene_translate_v01,TRANSLATE,C5,D4,28105,67,35,6313,0.630291534,INTERFERES,INTERFERES,True,True,True
v1__scene_translate_v01__L2__C5_D8__r01_s28101,scene_translate_v01,TRANSLATE,C5,D8,28101,67,35,6313,0.630291534,INTERFERES,INTERFERES,True,True,True
v1__scene_translate_v01__L2__C5_D8__r02_s28102,scene_translate_v01,TRANSLATE,C5,D8,28102,67,35,6313,0.630291534,INTERFERES,INTERFERES,True,True,True
v1__scene_translate_v01__L2__C5_D8__r03_s28103,scene_translate_v01,TRANSLATE,C5,D8,28103,67,35,6313,0.630291534,INTERFERES,INTERFERES,True,True,True
v1__scene_translate_v01__L2__C5_D8__r04_s28104,scene_translate_v01,TRANSLATE,C5,D8,28104,67,35,6313,0.630291534,INTERFERES,INTERFERES,True,True,True
v1__scene_translate_v01__L2__C5_D8__r05_s28105,scene_translate_v01,TRANSLATE,C5,D8,28105,67,35,6313,0.630291534,INTERFERES,INTERFERES,True,True,True
v1__scene_translate_v01__L2__C6_D4__r01_s28101,scene_translate_v01,TRANSLATE,C6,D4,28101,67,35,6313,0.630291534,INTERFERES,INTERFERES,True,True,True
v1__scene_translate_v01__L2__C6_D4__r02_s28102,scene_translate_v01,TRANSLATE,C6,D4,28102,67,35,6313,0.630291534,INTERFERES,INTERFERES,True,True,True
v1__scene_translate_v01__L2__C6_D4__r03_s28103,scene_translate_v01,TRANSLATE,C6,D4,28103,67,35,6313,0.630291534,INTERFERES,INTERFERES,True,True,True
v1__scene_translate_v01__L2__C6_D4__r04_s28104,scene_translate_v01,TRANSLATE,C6,D4,28104,67,35,6313,0.630291534,INTERFERES,INTERFERES,True,True,True
v1__scene_translate_v01__L2__C6_D4__r05_s28105,scene_translate_v01,TRANSLATE,C6,D4,28105,67,35,6313,0.630291534,INTERFERES,INTERFERES,True,True,True
v1__scene_translate_v01__L2__C6_D8__r01_s28101,scene_translate_v01,TRANSLATE,C6,D8,28101,67,35,6313,0.630291534,INTERFERES,INTERFERES,True,True,True
v1__scene_translate_v01__L2__C6_D8__r02_s28102,scene_translate_v01,TRANSLATE,C6,D8,28102,67,35,6313,0.630291534,INTERFERES,INTERFERES,True,True,True
v1__scene_translate_v01__L2__C6_D8__r03_s28103,scene_translate_v01,TRANSLATE,C6,D8,28103,67,35,6313,0.630291534,INTERFERES,INTERFERES,True,True,True
v1__scene_translate_v01__L2__C6_D8__r04_s28104,scene_translate_v01,TRANSLATE,C6,D8,28104,67,35,6313,0.630291534,INTERFERES,INTERFERES,True,True,True
v1__scene_translate_v01__L2__C6_D8__r05_s28105,scene_translate_v01,TRANSLATE,C6,D8,28105,67,35,6313,0.630291534,INTERFERES,INTERFERES,True,True,True
v1__scene_translate_v02__L2__C0_NA__r01_s28101,scene_translate_v02,TRANSLATE,C0,,28101,45,81,0,0.0,DOES_NOT_INTERFERE,INTERFERES,False,True,False
v1__scene_translate_v02__L2__C0_NA__r01_s28101,scene_translate_v02,TRANSLATE,C0,,28101,45,86,0,0.0,DOES_NOT_INTERFERE,DOES_NOT_INTERFERE,False,False,True
v1__scene_translate_v02__L2__C0_NA__r01_s28101,scene_translate_v02,TRANSLATE,C0,,28101,45,95,2263,0.230800612,INTERFERES,INTERFERES,True,True,True
v1__scene_translate_v02__L2__C0_NA__r02_s28102,scene_translate_v02,TRANSLATE,C0,,28102,45,81,0,0.0,DOES_NOT_INTERFERE,DOES_NOT_INTERFERE,False,False,True
v1__scene_translate_v02__L2__C0_NA__r02_s28102,scene_translate_v02,TRANSLATE,C0,,28102,45,86,0,0.0,DOES_NOT_INTERFERE,DOES_NOT_INTERFERE,False,False,True
v1__scene_translate_v02__L2__C0_NA__r02_s28102,scene_translate_v02,TRANSLATE,C0,,28102,45,95,2263,0.230800612,INTERFERES,INTERFERES,True,True,True
v1__scene_translate_v02__L2__C0_NA__r03_s28103,scene_translate_v02,TRANSLATE,C0,,28103,45,81,0,0.0,DOES_NOT_INTERFERE,DOES_NOT_INTERFERE,False,False,True
v1__scene_translate_v02__L2__C0_NA__r03_s28103,scene_translate_v02,TRANSLATE,C0,,28103,45,86,0,0.0,DOES_NOT_INTERFERE,DOES_NOT_INTERFERE,False,False,True
v1__scene_translate_v02__L2__C0_NA__r03_s28103,scene_translate_v02,TRANSLATE,C0,,28103,45,95,2263,0.230800612,INTERFERES,INTERFERES,True,True,True
v1__scene_translate_v02__L2__C0_NA__r04_s28104,scene_translate_v02,TRANSLATE,C0,,28104,45,81,0,0.0,DOES_NOT_INTERFERE,INTERFERES,False,True,False
v1__scene_translate_v02__L2__C0_NA__r04_s28104,scene_translate_v02,TRANSLATE,C0,,28104,45,86,0,0.0,DOES_NOT_INTERFERE,DOES_NOT_INTERFERE,False,False,True
v1__scene_translate_v02__L2__C0_NA__r04_s28104,scene_translate_v02,TRANSLATE,C0,,28104,45,95,2263,0.230800612,INTERFERES,INTERFERES,True,True,True
v1__scene_translate_v02__L2__C0_NA__r05_s28105,scene_translate_v02,TRANSLATE,C0,,28105,45,81,0,0.0,DOES_NOT_INTERFERE,DOES_NOT_INTERFERE,False,False,True
v1__scene_translate_v02__L2__C0_NA__r05_s28105,scene_translate_v02,TRANSLATE,C0,,28105,45,86,0,0.0,DOES_NOT_INTERFERE,DOES_NOT_INTERFERE,False,False,True
v1__scene_translate_v02__L2__C0_NA__r05_s28105,scene_translate_v02,TRANSLATE,C0,,28105,45,95,2263,0.230800612,INTERFERES,INTERFERES,True,True,True
v1__scene_translate_v02__L2__C1_NA__r01_s28101,scene_translate_v02,TRANSLATE,C1,,28101,45,81,0,0.0,DOES_NOT_INTERFERE,INTERFERES,False,True,False
v1__scene_translate_v02__L2__C1_NA__r01_s28101,scene_translate_v02,TRANSLATE,C1,,28101,45,86,0,0.0,DOES_NOT_INTERFERE,DOES_NOT_INTERFERE,False,False,True
v1__scene_translate_v02__L2__C1_NA__r01_s28101,scene_translate_v02,TRANSLATE,C1,,28101,45,95,2263,0.230800612,INTERFERES,INTERFERES,True,True,True
v1__scene_translate_v02__L2__C1_NA__r02_s28102,scene_translate_v02,TRANSLATE,C1,,28102,45,81,0,0.0,DOES_NOT_INTERFERE,INTERFERES,False,True,False
v1__scene_translate_v02__L2__C1_NA__r02_s28102,scene_translate_v02,TRANSLATE,C1,,28102,45,86,0,0.0,DOES_NOT_INTERFERE,DOES_NOT_INTERFERE,False,False,True
v1__scene_translate_v02__L2__C1_NA__r02_s28102,scene_translate_v02,TRANSLATE,C1,,28102,45,95,2263,0.230800612,INTERFERES,INTERFERES,True,True,True
v1__scene_translate_v02__L2__C1_NA__r03_s28103,scene_translate_v02,TRANSLATE,C1,,28103,45,81,0,0.0,DOES_NOT_INTERFERE,INTERFERES,False,True,False
v1__scene_translate_v02__L2__C1_NA__r03_s28103,scene_translate_v02,TRANSLATE,C1,,28103,45,86,0,0.0,DOES_NOT_INTERFERE,DOES_NOT_INTERFERE,False,False,True
v1__scene_translate_v02__L2__C1_NA__r03_s28103,scene_translate_v02,TRANSLATE,C1,,28103,45,95,2263,0.230800612,INTERFERES,INTERFERES,True,True,True
v1__scene_translate_v02__L2__C1_NA__r04_s28104,scene_translate_v02,TRANSLATE,C1,,28104,45,81,0,0.0,DOES_NOT_INTERFERE,INTERFERES,False,True,False
v1__scene_translate_v02__L2__C1_NA__r04_s28104,scene_translate_v02,TRANSLATE,C1,,28104,45,86,0,0.0,DOES_NOT_INTERFERE,DOES_NOT_INTERFERE,False,False,True
v1__scene_translate_v02__L2__C1_NA__r04_s28104,scene_translate_v02,TRANSLATE,C1,,28104,45,95,2263,0.230800612,INTERFERES,INTERFERES,True,True,True
v1__scene_translate_v02__L2__C1_NA__r05_s28105,scene_translate_v02,TRANSLATE,C1,,28105,45,81,0,0.0,DOES_NOT_INTERFERE,INTERFERES,False,True,False
v1__scene_translate_v02__L2__C1_NA__r05_s28105,scene_translate_v02,TRANSLATE,C1,,28105,45,86,0,0.0,DOES_NOT_INTERFERE,DOES_NOT_INTERFERE,False,False,True
v1__scene_translate_v02__L2__C1_NA__r05_s28105,scene_translate_v02,TRANSLATE,C1,,28105,45,95,2263,0.230800612,INTERFERES,INTERFERES,True,True,True
v1__scene_translate_v02__L2__C2_D4__r01_s28101,scene_translate_v02,TRANSLATE,C2,D4,28101,45,81,0,0.0,DOES_NOT_INTERFERE,INTERFERES,False,True,False
v1__scene_translate_v02__L2__C2_D4__r01_s28101,scene_translate_v02,TRANSLATE,C2,D4,28101,45,86,0,0.0,DOES_NOT_INTERFERE,DOES_NOT_INTERFERE,False,False,True
v1__scene_translate_v02__L2__C2_D4__r01_s28101,scene_translate_v02,TRANSLATE,C2,D4,28101,45,95,2263,0.230800612,INTERFERES,INTERFERES,True,True,True
v1__scene_translate_v02__L2__C2_D4__r02_s28102,scene_translate_v02,TRANSLATE,C2,D4,28102,45,81,0,0.0,DOES_NOT_INTERFERE,INTERFERES,False,True,False
v1__scene_translate_v02__L2__C2_D4__r02_s28102,scene_translate_v02,TRANSLATE,C2,D4,28102,45,86,0,0.0,DOES_NOT_INTERFERE,DOES_NOT_INTERFERE,False,False,True
v1__scene_translate_v02__L2__C2_D4__r02_s28102,scene_translate_v02,TRANSLATE,C2,D4,28102,45,95,2263,0.230800612,INTERFERES,INTERFERES,True,True,True
v1__scene_translate_v02__L2__C2_D4__r03_s28103,scene_translate_v02,TRANSLATE,C2,D4,28103,45,81,0,0.0,DOES_NOT_INTERFERE,INTERFERES,False,True,False
v1__scene_translate_v02__L2__C2_D4__r03_s28103,scene_translate_v02,TRANSLATE,C2,D4,28103,45,86,0,0.0,DOES_NOT_INTERFERE,DOES_NOT_INTERFERE,False,False,True
v1__scene_translate_v02__L2__C2_D4__r03_s28103,scene_translate_v02,TRANSLATE,C2,D4,28103,45,95,2263,0.230800612,INTERFERES,INTERFERES,True,True,True
v1__scene_translate_v02__L2__C2_D4__r04_s28104,scene_translate_v02,TRANSLATE,C2,D4,28104,45,81,0,0.0,DOES_NOT_INTERFERE,INTERFERES,False,True,False
v1__scene_translate_v02__L2__C2_D4__r04_s28104,scene_translate_v02,TRANSLATE,C2,D4,28104,45,86,0,0.0,DOES_NOT_INTERFERE,DOES_NOT_INTERFERE,False,False,True
v1__scene_translate_v02__L2__C2_D4__r04_s28104,scene_translate_v02,TRANSLATE,C2,D4,28104,45,95,2263,0.230800612,INTERFERES,INTERFERES,True,True,True
v1__scene_translate_v02__L2__C2_D4__r05_s28105,scene_translate_v02,TRANSLATE,C2,D4,28105,45,81,0,0.0,DOES_NOT_INTERFERE,INTERFERES,False,True,False
v1__scene_translate_v02__L2__C2_D4__r05_s28105,scene_translate_v02,TRANSLATE,C2,D4,28105,45,86,0,0.0,DOES_NOT_INTERFERE,DOES_NOT_INTERFERE,False,False,True
v1__scene_translate_v02__L2__C2_D4__r05_s28105,scene_translate_v02,TRANSLATE,C2,D4,28105,45,95,2263,0.230800612,INTERFERES,INTERFERES,True,True,True
v1__scene_translate_v02__L2__C2_D8__r01_s28101,scene_translate_v02,TRANSLATE,C2,D8,28101,45,81,0,0.0,DOES_NOT_INTERFERE,INTERFERES,False,True,False
v1__scene_translate_v02__L2__C2_D8__r01_s28101,scene_translate_v02,TRANSLATE,C2,D8,28101,45,86,0,0.0,DOES_NOT_INTERFERE,DOES_NOT_INTERFERE,False,False,True
v1__scene_translate_v02__L2__C2_D8__r01_s28101,scene_translate_v02,TRANSLATE,C2,D8,28101,45,95,2263,0.230800612,INTERFERES,INTERFERES,True,True,True
v1__scene_translate_v02__L2__C2_D8__r02_s28102,scene_translate_v02,TRANSLATE,C2,D8,28102,45,81,0,0.0,DOES_NOT_INTERFERE,INTERFERES,False,True,False
v1__scene_translate_v02__L2__C2_D8__r02_s28102,scene_translate_v02,TRANSLATE,C2,D8,28102,45,86,0,0.0,DOES_NOT_INTERFERE,DOES_NOT_INTERFERE,False,False,True
v1__scene_translate_v02__L2__C2_D8__r02_s28102,scene_translate_v02,TRANSLATE,C2,D8,28102,45,95,2263,0.230800612,INTERFERES,INTERFERES,True,True,True
v1__scene_translate_v02__L2__C2_D8__r03_s28103,scene_translate_v02,TRANSLATE,C2,D8,28103,45,81,0,0.0,DOES_NOT_INTERFERE,INTERFERES,False,True,False
v1__scene_translate_v02__L2__C2_D8__r03_s28103,scene_translate_v02,TRANSLATE,C2,D8,28103,45,86,0,0.0,DOES_NOT_INTERFERE,DOES_NOT_INTERFERE,False,False,True
v1__scene_translate_v02__L2__C2_D8__r03_s28103,scene_translate_v02,TRANSLATE,C2,D8,28103,45,95,2263,0.230800612,INTERFERES,INTERFERES,True,True,True
v1__scene_translate_v02__L2__C2_D8__r04_s28104,scene_translate_v02,TRANSLATE,C2,D8,28104,45,81,0,0.0,DOES_NOT_INTERFERE,INTERFERES,False,True,False
v1__scene_translate_v02__L2__C2_D8__r04_s28104,scene_translate_v02,TRANSLATE,C2,D8,28104,45,86,0,0.0,DOES_NOT_INTERFERE,DOES_NOT_INTERFERE,False,False,True
v1__scene_translate_v02__L2__C2_D8__r04_s28104,scene_translate_v02,TRANSLATE,C2,D8,28104,45,95,2263,0.230800612,INTERFERES,INTERFERES,True,True,True
v1__scene_translate_v02__L2__C2_D8__r05_s28105,scene_translate_v02,TRANSLATE,C2,D8,28105,45,81,0,0.0,DOES_NOT_INTERFERE,INTERFERES,False,True,False
v1__scene_translate_v02__L2__C2_D8__r05_s28105,scene_translate_v02,TRANSLATE,C2,D8,28105,45,86,0,0.0,DOES_NOT_INTERFERE,DOES_NOT_INTERFERE,False,False,True
v1__scene_translate_v02__L2__C2_D8__r05_s28105,scene_translate_v02,TRANSLATE,C2,D8,28105,45,95,2263,0.230800612,INTERFERES,INTERFERES,True,True,True
v1__scene_translate_v02__L2__C3_D4__r01_s28101,scene_translate_v02,TRANSLATE,C3,D4,28101,45,81,0,0.0,DOES_NOT_INTERFERE,INTERFERES,False,True,False
v1__scene_translate_v02__L2__C3_D4__r01_s28101,scene_translate_v02,TRANSLATE,C3,D4,28101,45,86,0,0.0,DOES_NOT_INTERFERE,DOES_NOT_INTERFERE,False,False,True
v1__scene_translate_v02__L2__C3_D4__r01_s28101,scene_translate_v02,TRANSLATE,C3,D4,28101,45,95,2263,0.230800612,INTERFERES,INTERFERES,True,True,True
v1__scene_translate_v02__L2__C3_D4__r02_s28102,scene_translate_v02,TRANSLATE,C3,D4,28102,45,81,0,0.0,DOES_NOT_INTERFERE,INTERFERES,False,True,False
v1__scene_translate_v02__L2__C3_D4__r02_s28102,scene_translate_v02,TRANSLATE,C3,D4,28102,45,86,0,0.0,DOES_NOT_INTERFERE,DOES_NOT_INTERFERE,False,False,True
v1__scene_translate_v02__L2__C3_D4__r02_s28102,scene_translate_v02,TRANSLATE,C3,D4,28102,45,95,2263,0.230800612,INTERFERES,INTERFERES,True,True,True
v1__scene_translate_v02__L2__C3_D4__r03_s28103,scene_translate_v02,TRANSLATE,C3,D4,28103,45,81,0,0.0,DOES_NOT_INTERFERE,INTERFERES,False,True,False
v1__scene_translate_v02__L2__C3_D4__r03_s28103,scene_translate_v02,TRANSLATE,C3,D4,28103,45,86,0,0.0,DOES_NOT_INTERFERE,DOES_NOT_INTERFERE,False,False,True
v1__scene_translate_v02__L2__C3_D4__r03_s28103,scene_translate_v02,TRANSLATE,C3,D4,28103,45,95,2263,0.230800612,INTERFERES,INTERFERES,True,True,True
v1__scene_translate_v02__L2__C3_D4__r04_s28104,scene_translate_v02,TRANSLATE,C3,D4,28104,45,81,0,0.0,DOES_NOT_INTERFERE,INTERFERES,False,True,False
v1__scene_translate_v02__L2__C3_D4__r04_s28104,scene_translate_v02,TRANSLATE,C3,D4,28104,45,86,0,0.0,DOES_NOT_INTERFERE,DOES_NOT_INTERFERE,False,False,True
v1__scene_translate_v02__L2__C3_D4__r04_s28104,scene_translate_v02,TRANSLATE,C3,D4,28104,45,95,2263,0.230800612,INTERFERES,INTERFERES,True,True,True
v1__scene_translate_v02__L2__C3_D4__r05_s28105,scene_translate_v02,TRANSLATE,C3,D4,28105,45,81,0,0.0,DOES_NOT_INTERFERE,INTERFERES,False,True,False
v1__scene_translate_v02__L2__C3_D4__r05_s28105,scene_translate_v02,TRANSLATE,C3,D4,28105,45,86,0,0.0,DOES_NOT_INTERFERE,DOES_NOT_INTERFERE,False,False,True
v1__scene_translate_v02__L2__C3_D4__r05_s28105,scene_translate_v02,TRANSLATE,C3,D4,28105,45,95,2263,0.230800612,INTERFERES,INTERFERES,True,True,True
v1__scene_translate_v02__L2__C3_D8__r01_s28101,scene_translate_v02,TRANSLATE,C3,D8,28101,45,81,0,0.0,DOES_NOT_INTERFERE,INTERFERES,False,True,False
v1__scene_translate_v02__L2__C3_D8__r01_s28101,scene_translate_v02,TRANSLATE,C3,D8,28101,45,86,0,0.0,DOES_NOT_INTERFERE,DOES_NOT_INTERFERE,False,False,True
v1__scene_translate_v02__L2__C3_D8__r01_s28101,scene_translate_v02,TRANSLATE,C3,D8,28101,45,95,2263,0.230800612,INTERFERES,INTERFERES,True,True,True
v1__scene_translate_v02__L2__C3_D8__r02_s28102,scene_translate_v02,TRANSLATE,C3,D8,28102,45,81,0,0.0,DOES_NOT_INTERFERE,INTERFERES,False,True,False
v1__scene_translate_v02__L2__C3_D8__r02_s28102,scene_translate_v02,TRANSLATE,C3,D8,28102,45,86,0,0.0,DOES_NOT_INTERFERE,DOES_NOT_INTERFERE,False,False,True
v1__scene_translate_v02__L2__C3_D8__r02_s28102,scene_translate_v02,TRANSLATE,C3,D8,28102,45,95,2263,0.230800612,INTERFERES,INTERFERES,True,True,True
v1__scene_translate_v02__L2__C3_D8__r03_s28103,scene_translate_v02,TRANSLATE,C3,D8,28103,45,81,0,0.0,DOES_NOT_INTERFERE,INTERFERES,False,True,False
v1__scene_translate_v02__L2__C3_D8__r03_s28103,scene_translate_v02,TRANSLATE,C3,D8,28103,45,86,0,0.0,DOES_NOT_INTERFERE,DOES_NOT_INTERFERE,False,False,True
v1__scene_translate_v02__L2__C3_D8__r03_s28103,scene_translate_v02,TRANSLATE,C3,D8,28103,45,95,2263,0.230800612,INTERFERES,INTERFERES,True,True,True
v1__scene_translate_v02__L2__C3_D8__r04_s28104,scene_translate_v02,TRANSLATE,C3,D8,28104,45,81,0,0.0,DOES_NOT_INTERFERE,INTERFERES,False,True,False
v1__scene_translate_v02__L2__C3_D8__r04_s28104,scene_translate_v02,TRANSLATE,C3,D8,28104,45,86,0,0.0,DOES_NOT_INTERFERE,DOES_NOT_INTERFERE,False,False,True
v1__scene_translate_v02__L2__C3_D8__r04_s28104,scene_translate_v02,TRANSLATE,C3,D8,28104,45,95,2263,0.230800612,INTERFERES,INTERFERES,True,True,True
v1__scene_translate_v02__L2__C3_D8__r05_s28105,scene_translate_v02,TRANSLATE,C3,D8,28105,45,81,0,0.0,DOES_NOT_INTERFERE,INTERFERES,False,True,False
v1__scene_translate_v02__L2__C3_D8__r05_s28105,scene_translate_v02,TRANSLATE,C3,D8,28105,45,86,0,0.0,DOES_NOT_INTERFERE,DOES_NOT_INTERFERE,False,False,True
v1__scene_translate_v02__L2__C3_D8__r05_s28105,scene_translate_v02,TRANSLATE,C3,D8,28105,45,95,2263,0.230800612,INTERFERES,INTERFERES,True,True,True
v1__scene_translate_v02__L2__C4_D4__r01_s28101,scene_translate_v02,TRANSLATE,C4,D4,28101,45,81,0,0.0,DOES_NOT_INTERFERE,INTERFERES,False,True,False
v1__scene_translate_v02__L2__C4_D4__r01_s28101,scene_translate_v02,TRANSLATE,C4,D4,28101,45,86,0,0.0,DOES_NOT_INTERFERE,DOES_NOT_INTERFERE,False,False,True
v1__scene_translate_v02__L2__C4_D4__r01_s28101,scene_translate_v02,TRANSLATE,C4,D4,28101,45,95,2263,0.230800612,INTERFERES,INTERFERES,True,True,True
v1__scene_translate_v02__L2__C4_D4__r02_s28102,scene_translate_v02,TRANSLATE,C4,D4,28102,45,81,0,0.0,DOES_NOT_INTERFERE,INTERFERES,False,True,False
v1__scene_translate_v02__L2__C4_D4__r02_s28102,scene_translate_v02,TRANSLATE,C4,D4,28102,45,86,0,0.0,DOES_NOT_INTERFERE,DOES_NOT_INTERFERE,False,False,True
v1__scene_translate_v02__L2__C4_D4__r02_s28102,scene_translate_v02,TRANSLATE,C4,D4,28102,45,95,2263,0.230800612,INTERFERES,INTERFERES,True,True,True
v1__scene_translate_v02__L2__C4_D4__r03_s28103,scene_translate_v02,TRANSLATE,C4,D4,28103,45,81,0,0.0,DOES_NOT_INTERFERE,INTERFERES,False,True,False
v1__scene_translate_v02__L2__C4_D4__r03_s28103,scene_translate_v02,TRANSLATE,C4,D4,28103,45,86,0,0.0,DOES_NOT_INTERFERE,DOES_NOT_INTERFERE,False,False,True
v1__scene_translate_v02__L2__C4_D4__r03_s28103,scene_translate_v02,TRANSLATE,C4,D4,28103,45,95,2263,0.230800612,INTERFERES,INTERFERES,True,True,True
v1__scene_translate_v02__L2__C4_D4__r04_s28104,scene_translate_v02,TRANSLATE,C4,D4,28104,45,81,0,0.0,DOES_NOT_INTERFERE,INTERFERES,False,True,False
v1__scene_translate_v02__L2__C4_D4__r04_s28104,scene_translate_v02,TRANSLATE,C4,D4,28104,45,86,0,0.0,DOES_NOT_INTERFERE,DOES_NOT_INTERFERE,False,False,True
v1__scene_translate_v02__L2__C4_D4__r04_s28104,scene_translate_v02,TRANSLATE,C4,D4,28104,45,95,2263,0.230800612,INTERFERES,INTERFERES,True,True,True
v1__scene_translate_v02__L2__C4_D4__r05_s28105,scene_translate_v02,TRANSLATE,C4,D4,28105,45,81,0,0.0,DOES_NOT_INTERFERE,INTERFERES,False,True,False
v1__scene_translate_v02__L2__C4_D4__r05_s28105,scene_translate_v02,TRANSLATE,C4,D4,28105,45,86,0,0.0,DOES_NOT_INTERFERE,DOES_NOT_INTERFERE,False,False,True
v1__scene_translate_v02__L2__C4_D4__r05_s28105,scene_translate_v02,TRANSLATE,C4,D4,28105,45,95,2263,0.230800612,INTERFERES,INTERFERES,True,True,True
v1__scene_translate_v02__L2__C4_D8__r01_s28101,scene_translate_v02,TRANSLATE,C4,D8,28101,45,81,0,0.0,DOES_NOT_INTERFERE,INTERFERES,False,True,False
v1__scene_translate_v02__L2__C4_D8__r01_s28101,scene_translate_v02,TRANSLATE,C4,D8,28101,45,86,0,0.0,DOES_NOT_INTERFERE,DOES_NOT_INTERFERE,False,False,True
v1__scene_translate_v02__L2__C4_D8__r01_s28101,scene_translate_v02,TRANSLATE,C4,D8,28101,45,95,2263,0.230800612,INTERFERES,INTERFERES,True,True,True
v1__scene_translate_v02__L2__C4_D8__r02_s28102,scene_translate_v02,TRANSLATE,C4,D8,28102,45,81,0,0.0,DOES_NOT_INTERFERE,INTERFERES,False,True,False
v1__scene_translate_v02__L2__C4_D8__r02_s28102,scene_translate_v02,TRANSLATE,C4,D8,28102,45,86,0,0.0,DOES_NOT_INTERFERE,DOES_NOT_INTERFERE,False,False,True
v1__scene_translate_v02__L2__C4_D8__r02_s28102,scene_translate_v02,TRANSLATE,C4,D8,28102,45,95,2263,0.230800612,INTERFERES,INTERFERES,True,True,True
v1__scene_translate_v02__L2__C4_D8__r03_s28103,scene_translate_v02,TRANSLATE,C4,D8,28103,45,81,0,0.0,DOES_NOT_INTERFERE,DOES_NOT_INTERFERE,False,False,True
v1__scene_translate_v02__L2__C4_D8__r03_s28103,scene_translate_v02,TRANSLATE,C4,D8,28103,45,86,0,0.0,DOES_NOT_INTERFERE,DOES_NOT_INTERFERE,False,False,True
v1__scene_translate_v02__L2__C4_D8__r03_s28103,scene_translate_v02,TRANSLATE,C4,D8,28103,45,95,2263,0.230800612,INTERFERES,INTERFERES,True,True,True
v1__scene_translate_v02__L2__C4_D8__r04_s28104,scene_translate_v02,TRANSLATE,C4,D8,28104,45,81,0,0.0,DOES_NOT_INTERFERE,DOES_NOT_INTERFERE,False,False,True
v1__scene_translate_v02__L2__C4_D8__r04_s28104,scene_translate_v02,TRANSLATE,C4,D8,28104,45,86,0,0.0,DOES_NOT_INTERFERE,DOES_NOT_INTERFERE,False,False,True
v1__scene_translate_v02__L2__C4_D8__r04_s28104,scene_translate_v02,TRANSLATE,C4,D8,28104,45,95,2263,0.230800612,INTERFERES,INTERFERES,True,True,True
v1__scene_translate_v02__L2__C4_D8__r05_s28105,scene_translate_v02,TRANSLATE,C4,D8,28105,45,81,0,0.0,DOES_NOT_INTERFERE,INTERFERES,False,True,False
v1__scene_translate_v02__L2__C4_D8__r05_s28105,scene_translate_v02,TRANSLATE,C4,D8,28105,45,86,0,0.0,DOES_NOT_INTERFERE,DOES_NOT_INTERFERE,False,False,True
v1__scene_translate_v02__L2__C4_D8__r05_s28105,scene_translate_v02,TRANSLATE,C4,D8,28105,45,95,2263,0.230800612,INTERFERES,INTERFERES,True,True,True
v1__scene_translate_v02__L2__C5_D4__r01_s28101,scene_translate_v02,TRANSLATE,C5,D4,28101,45,81,0,0.0,DOES_NOT_INTERFERE,INTERFERES,False,True,False
v1__scene_translate_v02__L2__C5_D4__r01_s28101,scene_translate_v02,TRANSLATE,C5,D4,28101,45,86,0,0.0,DOES_NOT_INTERFERE,DOES_NOT_INTERFERE,False,False,True
v1__scene_translate_v02__L2__C5_D4__r01_s28101,scene_translate_v02,TRANSLATE,C5,D4,28101,45,95,2263,0.230800612,INTERFERES,INTERFERES,True,True,True
v1__scene_translate_v02__L2__C5_D4__r02_s28102,scene_translate_v02,TRANSLATE,C5,D4,28102,45,81,0,0.0,DOES_NOT_INTERFERE,INTERFERES,False,True,False
v1__scene_translate_v02__L2__C5_D4__r02_s28102,scene_translate_v02,TRANSLATE,C5,D4,28102,45,86,0,0.0,DOES_NOT_INTERFERE,DOES_NOT_INTERFERE,False,False,True
v1__scene_translate_v02__L2__C5_D4__r02_s28102,scene_translate_v02,TRANSLATE,C5,D4,28102,45,95,2263,0.230800612,INTERFERES,INTERFERES,True,True,True
v1__scene_translate_v02__L2__C5_D4__r03_s28103,scene_translate_v02,TRANSLATE,C5,D4,28103,45,81,0,0.0,DOES_NOT_INTERFERE,INTERFERES,False,True,False
v1__scene_translate_v02__L2__C5_D4__r03_s28103,scene_translate_v02,TRANSLATE,C5,D4,28103,45,86,0,0.0,DOES_NOT_INTERFERE,DOES_NOT_INTERFERE,False,False,True
v1__scene_translate_v02__L2__C5_D4__r03_s28103,scene_translate_v02,TRANSLATE,C5,D4,28103,45,95,2263,0.230800612,INTERFERES,INTERFERES,True,True,True
v1__scene_translate_v02__L2__C5_D4__r04_s28104,scene_translate_v02,TRANSLATE,C5,D4,28104,45,81,0,0.0,DOES_NOT_INTERFERE,INTERFERES,False,True,False
v1__scene_translate_v02__L2__C5_D4__r04_s28104,scene_translate_v02,TRANSLATE,C5,D4,28104,45,86,0,0.0,DOES_NOT_INTERFERE,DOES_NOT_INTERFERE,False,False,True
v1__scene_translate_v02__L2__C5_D4__r04_s28104,scene_translate_v02,TRANSLATE,C5,D4,28104,45,95,2263,0.230800612,INTERFERES,INTERFERES,True,True,True
v1__scene_translate_v02__L2__C5_D4__r05_s28105,scene_translate_v02,TRANSLATE,C5,D4,28105,45,81,0,0.0,DOES_NOT_INTERFERE,INTERFERES,False,True,False
v1__scene_translate_v02__L2__C5_D4__r05_s28105,scene_translate_v02,TRANSLATE,C5,D4,28105,45,86,0,0.0,DOES_NOT_INTERFERE,DOES_NOT_INTERFERE,False,False,True
v1__scene_translate_v02__L2__C5_D4__r05_s28105,scene_translate_v02,TRANSLATE,C5,D4,28105,45,95,2263,0.230800612,INTERFERES,INTERFERES,True,True,True
v1__scene_translate_v02__L2__C5_D8__r01_s28101,scene_translate_v02,TRANSLATE,C5,D8,28101,45,81,0,0.0,DOES_NOT_INTERFERE,INTERFERES,False,True,False
v1__scene_translate_v02__L2__C5_D8__r01_s28101,scene_translate_v02,TRANSLATE,C5,D8,28101,45,86,0,0.0,DOES_NOT_INTERFERE,DOES_NOT_INTERFERE,False,False,True
v1__scene_translate_v02__L2__C5_D8__r01_s28101,scene_translate_v02,TRANSLATE,C5,D8,28101,45,95,2263,0.230800612,INTERFERES,INTERFERES,True,True,True
v1__scene_translate_v02__L2__C5_D8__r02_s28102,scene_translate_v02,TRANSLATE,C5,D8,28102,45,81,0,0.0,DOES_NOT_INTERFERE,INTERFERES,False,True,False
v1__scene_translate_v02__L2__C5_D8__r02_s28102,scene_translate_v02,TRANSLATE,C5,D8,28102,45,86,0,0.0,DOES_NOT_INTERFERE,DOES_NOT_INTERFERE,False,False,True
v1__scene_translate_v02__L2__C5_D8__r02_s28102,scene_translate_v02,TRANSLATE,C5,D8,28102,45,95,2263,0.230800612,INTERFERES,INTERFERES,True,True,True
v1__scene_translate_v02__L2__C5_D8__r03_s28103,scene_translate_v02,TRANSLATE,C5,D8,28103,45,81,0,0.0,DOES_NOT_INTERFERE,INTERFERES,False,True,False
v1__scene_translate_v02__L2__C5_D8__r03_s28103,scene_translate_v02,TRANSLATE,C5,D8,28103,45,86,0,0.0,DOES_NOT_INTERFERE,DOES_NOT_INTERFERE,False,False,True
v1__scene_translate_v02__L2__C5_D8__r03_s28103,scene_translate_v02,TRANSLATE,C5,D8,28103,45,95,2263,0.230800612,INTERFERES,INTERFERES,True,True,True
v1__scene_translate_v02__L2__C5_D8__r04_s28104,scene_translate_v02,TRANSLATE,C5,D8,28104,45,81,0,0.0,DOES_NOT_INTERFERE,INTERFERES,False,True,False
v1__scene_translate_v02__L2__C5_D8__r04_s28104,scene_translate_v02,TRANSLATE,C5,D8,28104,45,86,0,0.0,DOES_NOT_INTERFERE,DOES_NOT_INTERFERE,False,False,True
v1__scene_translate_v02__L2__C5_D8__r04_s28104,scene_translate_v02,TRANSLATE,C5,D8,28104,45,95,2263,0.230800612,INTERFERES,INTERFERES,True,True,True
v1__scene_translate_v02__L2__C5_D8__r05_s28105,scene_translate_v02,TRANSLATE,C5,D8,28105,45,81,0,0.0,DOES_NOT_INTERFERE,INTERFERES,False,True,False
v1__scene_translate_v02__L2__C5_D8__r05_s28105,scene_translate_v02,TRANSLATE,C5,D8,28105,45,86,0,0.0,DOES_NOT_INTERFERE,DOES_NOT_INTERFERE,False,False,True
v1__scene_translate_v02__L2__C5_D8__r05_s28105,scene_translate_v02,TRANSLATE,C5,D8,28105,45,95,2263,0.230800612,INTERFERES,INTERFERES,True,True,True
v1__scene_translate_v02__L2__C6_D4__r01_s28101,scene_translate_v02,TRANSLATE,C6,D4,28101,45,81,0,0.0,DOES_NOT_INTERFERE,INTERFERES,False,True,False
v1__scene_translate_v02__L2__C6_D4__r01_s28101,scene_translate_v02,TRANSLATE,C6,D4,28101,45,86,0,0.0,DOES_NOT_INTERFERE,DOES_NOT_INTERFERE,False,False,True
v1__scene_translate_v02__L2__C6_D4__r01_s28101,scene_translate_v02,TRANSLATE,C6,D4,28101,45,95,2263,0.230800612,INTERFERES,INTERFERES,True,True,True
v1__scene_translate_v02__L2__C6_D4__r02_s28102,scene_translate_v02,TRANSLATE,C6,D4,28102,45,81,0,0.0,DOES_NOT_INTERFERE,INTERFERES,False,True,False
v1__scene_translate_v02__L2__C6_D4__r02_s28102,scene_translate_v02,TRANSLATE,C6,D4,28102,45,86,0,0.0,DOES_NOT_INTERFERE,DOES_NOT_INTERFERE,False,False,True
v1__scene_translate_v02__L2__C6_D4__r02_s28102,scene_translate_v02,TRANSLATE,C6,D4,28102,45,95,2263,0.230800612,INTERFERES,INTERFERES,True,True,True
v1__scene_translate_v02__L2__C6_D4__r03_s28103,scene_translate_v02,TRANSLATE,C6,D4,28103,45,81,0,0.0,DOES_NOT_INTERFERE,INTERFERES,False,True,False
v1__scene_translate_v02__L2__C6_D4__r03_s28103,scene_translate_v02,TRANSLATE,C6,D4,28103,45,86,0,0.0,DOES_NOT_INTERFERE,DOES_NOT_INTERFERE,False,False,True
v1__scene_translate_v02__L2__C6_D4__r03_s28103,scene_translate_v02,TRANSLATE,C6,D4,28103,45,95,2263,0.230800612,INTERFERES,INTERFERES,True,True,True
v1__scene_translate_v02__L2__C6_D4__r04_s28104,scene_translate_v02,TRANSLATE,C6,D4,28104,45,81,0,0.0,DOES_NOT_INTERFERE,INTERFERES,False,True,False
v1__scene_translate_v02__L2__C6_D4__r04_s28104,scene_translate_v02,TRANSLATE,C6,D4,28104,45,86,0,0.0,DOES_NOT_INTERFERE,DOES_NOT_INTERFERE,False,False,True
v1__scene_translate_v02__L2__C6_D4__r04_s28104,scene_translate_v02,TRANSLATE,C6,D4,28104,45,95,2263,0.230800612,INTERFERES,INTERFERES,True,True,True
v1__scene_translate_v02__L2__C6_D4__r05_s28105,scene_translate_v02,TRANSLATE,C6,D4,28105,45,81,0,0.0,DOES_NOT_INTERFERE,INTERFERES,False,True,False
v1__scene_translate_v02__L2__C6_D4__r05_s28105,scene_translate_v02,TRANSLATE,C6,D4,28105,45,86,0,0.0,DOES_NOT_INTERFERE,DOES_NOT_INTERFERE,False,False,True
v1__scene_translate_v02__L2__C6_D4__r05_s28105,scene_translate_v02,TRANSLATE,C6,D4,28105,45,95,2263,0.230800612,INTERFERES,INTERFERES,True,True,True
v1__scene_translate_v02__L2__C6_D8__r01_s28101,scene_translate_v02,TRANSLATE,C6,D8,28101,45,81,0,0.0,DOES_NOT_INTERFERE,INTERFERES,False,True,False
v1__scene_translate_v02__L2__C6_D8__r01_s28101,scene_translate_v02,TRANSLATE,C6,D8,28101,45,86,0,0.0,DOES_NOT_INTERFERE,DOES_NOT_INTERFERE,False,False,True
v1__scene_translate_v02__L2__C6_D8__r01_s28101,scene_translate_v02,TRANSLATE,C6,D8,28101,45,95,2263,0.230800612,INTERFERES,INTERFERES,True,True,True
v1__scene_translate_v02__L2__C6_D8__r02_s28102,scene_translate_v02,TRANSLATE,C6,D8,28102,45,81,0,0.0,DOES_NOT_INTERFERE,INTERFERES,False,True,False
v1__scene_translate_v02__L2__C6_D8__r02_s28102,scene_translate_v02,TRANSLATE,C6,D8,28102,45,86,0,0.0,DOES_NOT_INTERFERE,DOES_NOT_INTERFERE,False,False,True
v1__scene_translate_v02__L2__C6_D8__r02_s28102,scene_translate_v02,TRANSLATE,C6,D8,28102,45,95,2263,0.230800612,INTERFERES,INTERFERES,True,True,True
v1__scene_translate_v02__L2__C6_D8__r03_s28103,scene_translate_v02,TRANSLATE,C6,D8,28103,45,81,0,0.0,DOES_NOT_INTERFERE,INTERFERES,False,True,False
v1__scene_translate_v02__L2__C6_D8__r03_s28103,scene_translate_v02,TRANSLATE,C6,D8,28103,45,86,0,0.0,DOES_NOT_INTERFERE,DOES_NOT_INTERFERE,False,False,True
v1__scene_translate_v02__L2__C6_D8__r03_s28103,scene_translate_v02,TRANSLATE,C6,D8,28103,45,95,2263,0.230800612,INTERFERES,INTERFERES,True,True,True
v1__scene_translate_v02__L2__C6_D8__r04_s28104,scene_translate_v02,TRANSLATE,C6,D8,28104,45,81,0,0.0,DOES_NOT_INTERFERE,INTERFERES,False,True,False
v1__scene_translate_v02__L2__C6_D8__r04_s28104,scene_translate_v02,TRANSLATE,C6,D8,28104,45,86,0,0.0,DOES_NOT_INTERFERE,DOES_NOT_INTERFERE,False,False,True
v1__scene_translate_v02__L2__C6_D8__r04_s28104,scene_translate_v02,TRANSLATE,C6,D8,28104,45,95,2263,0.230800612,INTERFERES,INTERFERES,True,True,True
v1__scene_translate_v02__L2__C6_D8__r05_s28105,scene_translate_v02,TRANSLATE,C6,D8,28105,45,81,0,0.0,DOES_NOT_INTERFERE,INTERFERES,False,True,False
v1__scene_translate_v02__L2__C6_D8__r05_s28105,scene_translate_v02,TRANSLATE,C6,D8,28105,45,86,0,0.0,DOES_NOT_INTERFERE,DOES_NOT_INTERFERE,False,False,True
v1__scene_translate_v02__L2__C6_D8__r05_s28105,scene_translate_v02,TRANSLATE,C6,D8,28105,45,95,2263,0.230800612,INTERFERES,INTERFERES,True,True,True
v1__scene_translate_v03__L2__C0_NA__r01_s28101,scene_translate_v03,TRANSLATE,C0,,28101,18,39,0,0.0,DOES_NOT_INTERFERE,DOES_NOT_INTERFERE,False,False,True
v1__scene_translate_v03__L2__C0_NA__r01_s28101,scene_translate_v03,TRANSLATE,C0,,28101,18,41,0,0.0,DOES_NOT_INTERFERE,DOES_NOT_INTERFERE,False,False,True
v1__scene_translate_v03__L2__C0_NA__r01_s28101,scene_translate_v03,TRANSLATE,C0,,28101,18,45,4270,0.464483846,INTERFERES,DOES_NOT_INTERFERE,True,False,False
v1__scene_translate_v03__L2__C0_NA__r02_s28102,scene_translate_v03,TRANSLATE,C0,,28102,18,39,0,0.0,DOES_NOT_INTERFERE,DOES_NOT_INTERFERE,False,False,True
v1__scene_translate_v03__L2__C0_NA__r02_s28102,scene_translate_v03,TRANSLATE,C0,,28102,18,41,0,0.0,DOES_NOT_INTERFERE,DOES_NOT_INTERFERE,False,False,True
v1__scene_translate_v03__L2__C0_NA__r02_s28102,scene_translate_v03,TRANSLATE,C0,,28102,18,45,4270,0.464483846,INTERFERES,DOES_NOT_INTERFERE,True,False,False
v1__scene_translate_v03__L2__C0_NA__r03_s28103,scene_translate_v03,TRANSLATE,C0,,28103,18,39,0,0.0,DOES_NOT_INTERFERE,DOES_NOT_INTERFERE,False,False,True
v1__scene_translate_v03__L2__C0_NA__r03_s28103,scene_translate_v03,TRANSLATE,C0,,28103,18,41,0,0.0,DOES_NOT_INTERFERE,DOES_NOT_INTERFERE,False,False,True
v1__scene_translate_v03__L2__C0_NA__r03_s28103,scene_translate_v03,TRANSLATE,C0,,28103,18,45,4270,0.464483846,INTERFERES,DOES_NOT_INTERFERE,True,False,False
v1__scene_translate_v03__L2__C0_NA__r04_s28104,scene_translate_v03,TRANSLATE,C0,,28104,18,39,0,0.0,DOES_NOT_INTERFERE,DOES_NOT_INTERFERE,False,False,True
v1__scene_translate_v03__L2__C0_NA__r04_s28104,scene_translate_v03,TRANSLATE,C0,,28104,18,41,0,0.0,DOES_NOT_INTERFERE,DOES_NOT_INTERFERE,False,False,True
v1__scene_translate_v03__L2__C0_NA__r04_s28104,scene_translate_v03,TRANSLATE,C0,,28104,18,45,4270,0.464483846,INTERFERES,DOES_NOT_INTERFERE,True,False,False
v1__scene_translate_v03__L2__C0_NA__r05_s28105,scene_translate_v03,TRANSLATE,C0,,28105,18,39,0,0.0,DOES_NOT_INTERFERE,DOES_NOT_INTERFERE,False,False,True
v1__scene_translate_v03__L2__C0_NA__r05_s28105,scene_translate_v03,TRANSLATE,C0,,28105,18,41,0,0.0,DOES_NOT_INTERFERE,DOES_NOT_INTERFERE,False,False,True
v1__scene_translate_v03__L2__C0_NA__r05_s28105,scene_translate_v03,TRANSLATE,C0,,28105,18,45,4270,0.464483846,INTERFERES,DOES_NOT_INTERFERE,True,False,False
v1__scene_translate_v03__L2__C1_NA__r01_s28101,scene_translate_v03,TRANSLATE,C1,,28101,18,39,0,0.0,DOES_NOT_INTERFERE,INTERFERES,False,True,False
v1__scene_translate_v03__L2__C1_NA__r01_s28101,scene_translate_v03,TRANSLATE,C1,,28101,18,41,0,0.0,DOES_NOT_INTERFERE,INTERFERES,False,True,False
v1__scene_translate_v03__L2__C1_NA__r01_s28101,scene_translate_v03,TRANSLATE,C1,,28101,18,45,4270,0.464483846,INTERFERES,INTERFERES,True,True,True
v1__scene_translate_v03__L2__C1_NA__r02_s28102,scene_translate_v03,TRANSLATE,C1,,28102,18,39,0,0.0,DOES_NOT_INTERFERE,INTERFERES,False,True,False
v1__scene_translate_v03__L2__C1_NA__r02_s28102,scene_translate_v03,TRANSLATE,C1,,28102,18,41,0,0.0,DOES_NOT_INTERFERE,INTERFERES,False,True,False
v1__scene_translate_v03__L2__C1_NA__r02_s28102,scene_translate_v03,TRANSLATE,C1,,28102,18,45,4270,0.464483846,INTERFERES,INTERFERES,True,True,True
v1__scene_translate_v03__L2__C1_NA__r03_s28103,scene_translate_v03,TRANSLATE,C1,,28103,18,39,0,0.0,DOES_NOT_INTERFERE,INTERFERES,False,True,False
v1__scene_translate_v03__L2__C1_NA__r03_s28103,scene_translate_v03,TRANSLATE,C1,,28103,18,41,0,0.0,DOES_NOT_INTERFERE,INTERFERES,False,True,False
v1__scene_translate_v03__L2__C1_NA__r03_s28103,scene_translate_v03,TRANSLATE,C1,,28103,18,45,4270,0.464483846,INTERFERES,INTERFERES,True,True,True
v1__scene_translate_v03__L2__C1_NA__r04_s28104,scene_translate_v03,TRANSLATE,C1,,28104,18,39,0,0.0,DOES_NOT_INTERFERE,INTERFERES,False,True,False
v1__scene_translate_v03__L2__C1_NA__r04_s28104,scene_translate_v03,TRANSLATE,C1,,28104,18,41,0,0.0,DOES_NOT_INTERFERE,INTERFERES,False,True,False
v1__scene_translate_v03__L2__C1_NA__r04_s28104,scene_translate_v03,TRANSLATE,C1,,28104,18,45,4270,0.464483846,INTERFERES,INTERFERES,True,True,True
v1__scene_translate_v03__L2__C1_NA__r05_s28105,scene_translate_v03,TRANSLATE,C1,,28105,18,39,0,0.0,DOES_NOT_INTERFERE,INTERFERES,False,True,False
v1__scene_translate_v03__L2__C1_NA__r05_s28105,scene_translate_v03,TRANSLATE,C1,,28105,18,41,0,0.0,DOES_NOT_INTERFERE,INTERFERES,False,True,False
v1__scene_translate_v03__L2__C1_NA__r05_s28105,scene_translate_v03,TRANSLATE,C1,,28105,18,45,4270,0.464483846,INTERFERES,INTERFERES,True,True,True
v1__scene_translate_v03__L2__C2_D4__r01_s28101,scene_translate_v03,TRANSLATE,C2,D4,28101,18,39,0,0.0,DOES_NOT_INTERFERE,INTERFERES,False,True,False
v1__scene_translate_v03__L2__C2_D4__r01_s28101,scene_translate_v03,TRANSLATE,C2,D4,28101,18,41,0,0.0,DOES_NOT_INTERFERE,INTERFERES,False,True,False
v1__scene_translate_v03__L2__C2_D4__r01_s28101,scene_translate_v03,TRANSLATE,C2,D4,28101,18,45,4270,0.464483846,INTERFERES,INTERFERES,True,True,True
v1__scene_translate_v03__L2__C2_D4__r02_s28102,scene_translate_v03,TRANSLATE,C2,D4,28102,18,39,0,0.0,DOES_NOT_INTERFERE,INTERFERES,False,True,False
v1__scene_translate_v03__L2__C2_D4__r02_s28102,scene_translate_v03,TRANSLATE,C2,D4,28102,18,41,0,0.0,DOES_NOT_INTERFERE,INTERFERES,False,True,False
v1__scene_translate_v03__L2__C2_D4__r02_s28102,scene_translate_v03,TRANSLATE,C2,D4,28102,18,45,4270,0.464483846,INTERFERES,INTERFERES,True,True,True
v1__scene_translate_v03__L2__C2_D4__r03_s28103,scene_translate_v03,TRANSLATE,C2,D4,28103,18,39,0,0.0,DOES_NOT_INTERFERE,INTERFERES,False,True,False
v1__scene_translate_v03__L2__C2_D4__r03_s28103,scene_translate_v03,TRANSLATE,C2,D4,28103,18,41,0,0.0,DOES_NOT_INTERFERE,INTERFERES,False,True,False
v1__scene_translate_v03__L2__C2_D4__r03_s28103,scene_translate_v03,TRANSLATE,C2,D4,28103,18,45,4270,0.464483846,INTERFERES,INTERFERES,True,True,True
v1__scene_translate_v03__L2__C2_D4__r04_s28104,scene_translate_v03,TRANSLATE,C2,D4,28104,18,39,0,0.0,DOES_NOT_INTERFERE,INTERFERES,False,True,False
v1__scene_translate_v03__L2__C2_D4__r04_s28104,scene_translate_v03,TRANSLATE,C2,D4,28104,18,41,0,0.0,DOES_NOT_INTERFERE,INTERFERES,False,True,False
v1__scene_translate_v03__L2__C2_D4__r04_s28104,scene_translate_v03,TRANSLATE,C2,D4,28104,18,45,4270,0.464483846,INTERFERES,INTERFERES,True,True,True
v1__scene_translate_v03__L2__C2_D4__r05_s28105,scene_translate_v03,TRANSLATE,C2,D4,28105,18,39,0,0.0,DOES_NOT_INTERFERE,INTERFERES,False,True,False
v1__scene_translate_v03__L2__C2_D4__r05_s28105,scene_translate_v03,TRANSLATE,C2,D4,28105,18,41,0,0.0,DOES_NOT_INTERFERE,INTERFERES,False,True,False
v1__scene_translate_v03__L2__C2_D4__r05_s28105,scene_translate_v03,TRANSLATE,C2,D4,28105,18,45,4270,0.464483846,INTERFERES,INTERFERES,True,True,True
v1__scene_translate_v03__L2__C2_D8__r01_s28101,scene_translate_v03,TRANSLATE,C2,D8,28101,18,39,0,0.0,DOES_NOT_INTERFERE,INTERFERES,False,True,False
v1__scene_translate_v03__L2__C2_D8__r01_s28101,scene_translate_v03,TRANSLATE,C2,D8,28101,18,41,0,0.0,DOES_NOT_INTERFERE,INTERFERES,False,True,False
v1__scene_translate_v03__L2__C2_D8__r01_s28101,scene_translate_v03,TRANSLATE,C2,D8,28101,18,45,4270,0.464483846,INTERFERES,INTERFERES,True,True,True
v1__scene_translate_v03__L2__C2_D8__r02_s28102,scene_translate_v03,TRANSLATE,C2,D8,28102,18,39,0,0.0,DOES_NOT_INTERFERE,INTERFERES,False,True,False
v1__scene_translate_v03__L2__C2_D8__r02_s28102,scene_translate_v03,TRANSLATE,C2,D8,28102,18,41,0,0.0,DOES_NOT_INTERFERE,INTERFERES,False,True,False
v1__scene_translate_v03__L2__C2_D8__r02_s28102,scene_translate_v03,TRANSLATE,C2,D8,28102,18,45,4270,0.464483846,INTERFERES,INTERFERES,True,True,True
v1__scene_translate_v03__L2__C2_D8__r03_s28103,scene_translate_v03,TRANSLATE,C2,D8,28103,18,39,0,0.0,DOES_NOT_INTERFERE,INTERFERES,False,True,False
v1__scene_translate_v03__L2__C2_D8__r03_s28103,scene_translate_v03,TRANSLATE,C2,D8,28103,18,41,0,0.0,DOES_NOT_INTERFERE,INTERFERES,False,True,False
v1__scene_translate_v03__L2__C2_D8__r03_s28103,scene_translate_v03,TRANSLATE,C2,D8,28103,18,45,4270,0.464483846,INTERFERES,INTERFERES,True,True,True
v1__scene_translate_v03__L2__C2_D8__r04_s28104,scene_translate_v03,TRANSLATE,C2,D8,28104,18,39,0,0.0,DOES_NOT_INTERFERE,INTERFERES,False,True,False
v1__scene_translate_v03__L2__C2_D8__r04_s28104,scene_translate_v03,TRANSLATE,C2,D8,28104,18,41,0,0.0,DOES_NOT_INTERFERE,INTERFERES,False,True,False
v1__scene_translate_v03__L2__C2_D8__r04_s28104,scene_translate_v03,TRANSLATE,C2,D8,28104,18,45,4270,0.464483846,INTERFERES,INTERFERES,True,True,True
v1__scene_translate_v03__L2__C2_D8__r05_s28105,scene_translate_v03,TRANSLATE,C2,D8,28105,18,39,0,0.0,DOES_NOT_INTERFERE,INTERFERES,False,True,False
v1__scene_translate_v03__L2__C2_D8__r05_s28105,scene_translate_v03,TRANSLATE,C2,D8,28105,18,41,0,0.0,DOES_NOT_INTERFERE,INTERFERES,False,True,False
v1__scene_translate_v03__L2__C2_D8__r05_s28105,scene_translate_v03,TRANSLATE,C2,D8,28105,18,45,4270,0.464483846,INTERFERES,INTERFERES,True,True,True
v1__scene_translate_v03__L2__C3_D4__r01_s28101,scene_translate_v03,TRANSLATE,C3,D4,28101,18,39,0,0.0,DOES_NOT_INTERFERE,DOES_NOT_INTERFERE,False,False,True
v1__scene_translate_v03__L2__C3_D4__r01_s28101,scene_translate_v03,TRANSLATE,C3,D4,28101,18,41,0,0.0,DOES_NOT_INTERFERE,DOES_NOT_INTERFERE,False,False,True
v1__scene_translate_v03__L2__C3_D4__r01_s28101,scene_translate_v03,TRANSLATE,C3,D4,28101,18,45,4270,0.464483846,INTERFERES,DOES_NOT_INTERFERE,True,False,False
v1__scene_translate_v03__L2__C3_D4__r02_s28102,scene_translate_v03,TRANSLATE,C3,D4,28102,18,39,0,0.0,DOES_NOT_INTERFERE,DOES_NOT_INTERFERE,False,False,True
v1__scene_translate_v03__L2__C3_D4__r02_s28102,scene_translate_v03,TRANSLATE,C3,D4,28102,18,41,0,0.0,DOES_NOT_INTERFERE,DOES_NOT_INTERFERE,False,False,True
v1__scene_translate_v03__L2__C3_D4__r02_s28102,scene_translate_v03,TRANSLATE,C3,D4,28102,18,45,4270,0.464483846,INTERFERES,DOES_NOT_INTERFERE,True,False,False
v1__scene_translate_v03__L2__C3_D4__r03_s28103,scene_translate_v03,TRANSLATE,C3,D4,28103,18,39,0,0.0,DOES_NOT_INTERFERE,DOES_NOT_INTERFERE,False,False,True
v1__scene_translate_v03__L2__C3_D4__r03_s28103,scene_translate_v03,TRANSLATE,C3,D4,28103,18,41,0,0.0,DOES_NOT_INTERFERE,DOES_NOT_INTERFERE,False,False,True
v1__scene_translate_v03__L2__C3_D4__r03_s28103,scene_translate_v03,TRANSLATE,C3,D4,28103,18,45,4270,0.464483846,INTERFERES,DOES_NOT_INTERFERE,True,False,False
v1__scene_translate_v03__L2__C3_D4__r04_s28104,scene_translate_v03,TRANSLATE,C3,D4,28104,18,39,0,0.0,DOES_NOT_INTERFERE,INTERFERES,False,True,False
v1__scene_translate_v03__L2__C3_D4__r04_s28104,scene_translate_v03,TRANSLATE,C3,D4,28104,18,41,0,0.0,DOES_NOT_INTERFERE,INTERFERES,False,True,False
v1__scene_translate_v03__L2__C3_D4__r04_s28104,scene_translate_v03,TRANSLATE,C3,D4,28104,18,45,4270,0.464483846,INTERFERES,INTERFERES,True,True,True
v1__scene_translate_v03__L2__C3_D4__r05_s28105,scene_translate_v03,TRANSLATE,C3,D4,28105,18,39,0,0.0,DOES_NOT_INTERFERE,DOES_NOT_INTERFERE,False,False,True
v1__scene_translate_v03__L2__C3_D4__r05_s28105,scene_translate_v03,TRANSLATE,C3,D4,28105,18,41,0,0.0,DOES_NOT_INTERFERE,DOES_NOT_INTERFERE,False,False,True
v1__scene_translate_v03__L2__C3_D4__r05_s28105,scene_translate_v03,TRANSLATE,C3,D4,28105,18,45,4270,0.464483846,INTERFERES,DOES_NOT_INTERFERE,True,False,False
v1__scene_translate_v03__L2__C3_D8__r01_s28101,scene_translate_v03,TRANSLATE,C3,D8,28101,18,39,0,0.0,DOES_NOT_INTERFERE,DOES_NOT_INTERFERE,False,False,True
v1__scene_translate_v03__L2__C3_D8__r01_s28101,scene_translate_v03,TRANSLATE,C3,D8,28101,18,41,0,0.0,DOES_NOT_INTERFERE,DOES_NOT_INTERFERE,False,False,True
v1__scene_translate_v03__L2__C3_D8__r01_s28101,scene_translate_v03,TRANSLATE,C3,D8,28101,18,45,4270,0.464483846,INTERFERES,DOES_NOT_INTERFERE,True,False,False
v1__scene_translate_v03__L2__C3_D8__r02_s28102,scene_translate_v03,TRANSLATE,C3,D8,28102,18,39,0,0.0,DOES_NOT_INTERFERE,INTERFERES,False,True,False
v1__scene_translate_v03__L2__C3_D8__r02_s28102,scene_translate_v03,TRANSLATE,C3,D8,28102,18,41,0,0.0,DOES_NOT_INTERFERE,INTERFERES,False,True,False
v1__scene_translate_v03__L2__C3_D8__r02_s28102,scene_translate_v03,TRANSLATE,C3,D8,28102,18,45,4270,0.464483846,INTERFERES,INTERFERES,True,True,True
v1__scene_translate_v03__L2__C3_D8__r03_s28103,scene_translate_v03,TRANSLATE,C3,D8,28103,18,39,0,0.0,DOES_NOT_INTERFERE,DOES_NOT_INTERFERE,False,False,True
v1__scene_translate_v03__L2__C3_D8__r03_s28103,scene_translate_v03,TRANSLATE,C3,D8,28103,18,41,0,0.0,DOES_NOT_INTERFERE,DOES_NOT_INTERFERE,False,False,True
v1__scene_translate_v03__L2__C3_D8__r03_s28103,scene_translate_v03,TRANSLATE,C3,D8,28103,18,45,4270,0.464483846,INTERFERES,DOES_NOT_INTERFERE,True,False,False
v1__scene_translate_v03__L2__C3_D8__r04_s28104,scene_translate_v03,TRANSLATE,C3,D8,28104,18,39,0,0.0,DOES_NOT_INTERFERE,INTERFERES,False,True,False
v1__scene_translate_v03__L2__C3_D8__r04_s28104,scene_translate_v03,TRANSLATE,C3,D8,28104,18,41,0,0.0,DOES_NOT_INTERFERE,INTERFERES,False,True,False
v1__scene_translate_v03__L2__C3_D8__r04_s28104,scene_translate_v03,TRANSLATE,C3,D8,28104,18,45,4270,0.464483846,INTERFERES,INTERFERES,True,True,True
v1__scene_translate_v03__L2__C3_D8__r05_s28105,scene_translate_v03,TRANSLATE,C3,D8,28105,18,39,0,0.0,DOES_NOT_INTERFERE,INTERFERES,False,True,False
v1__scene_translate_v03__L2__C3_D8__r05_s28105,scene_translate_v03,TRANSLATE,C3,D8,28105,18,41,0,0.0,DOES_NOT_INTERFERE,INTERFERES,False,True,False
v1__scene_translate_v03__L2__C3_D8__r05_s28105,scene_translate_v03,TRANSLATE,C3,D8,28105,18,45,4270,0.464483846,INTERFERES,INTERFERES,True,True,True
v1__scene_translate_v03__L2__C4_D4__r01_s28101,scene_translate_v03,TRANSLATE,C4,D4,28101,18,39,0,0.0,DOES_NOT_INTERFERE,DOES_NOT_INTERFERE,False,False,True
v1__scene_translate_v03__L2__C4_D4__r01_s28101,scene_translate_v03,TRANSLATE,C4,D4,28101,18,41,0,0.0,DOES_NOT_INTERFERE,DOES_NOT_INTERFERE,False,False,True
v1__scene_translate_v03__L2__C4_D4__r01_s28101,scene_translate_v03,TRANSLATE,C4,D4,28101,18,45,4270,0.464483846,INTERFERES,DOES_NOT_INTERFERE,True,False,False
v1__scene_translate_v03__L2__C4_D4__r02_s28102,scene_translate_v03,TRANSLATE,C4,D4,28102,18,39,0,0.0,DOES_NOT_INTERFERE,DOES_NOT_INTERFERE,False,False,True
v1__scene_translate_v03__L2__C4_D4__r02_s28102,scene_translate_v03,TRANSLATE,C4,D4,28102,18,41,0,0.0,DOES_NOT_INTERFERE,DOES_NOT_INTERFERE,False,False,True
v1__scene_translate_v03__L2__C4_D4__r02_s28102,scene_translate_v03,TRANSLATE,C4,D4,28102,18,45,4270,0.464483846,INTERFERES,DOES_NOT_INTERFERE,True,False,False
v1__scene_translate_v03__L2__C4_D4__r03_s28103,scene_translate_v03,TRANSLATE,C4,D4,28103,18,39,0,0.0,DOES_NOT_INTERFERE,DOES_NOT_INTERFERE,False,False,True
v1__scene_translate_v03__L2__C4_D4__r03_s28103,scene_translate_v03,TRANSLATE,C4,D4,28103,18,41,0,0.0,DOES_NOT_INTERFERE,DOES_NOT_INTERFERE,False,False,True
v1__scene_translate_v03__L2__C4_D4__r03_s28103,scene_translate_v03,TRANSLATE,C4,D4,28103,18,45,4270,0.464483846,INTERFERES,DOES_NOT_INTERFERE,True,False,False
v1__scene_translate_v03__L2__C4_D4__r04_s28104,scene_translate_v03,TRANSLATE,C4,D4,28104,18,39,0,0.0,DOES_NOT_INTERFERE,DOES_NOT_INTERFERE,False,False,True
v1__scene_translate_v03__L2__C4_D4__r04_s28104,scene_translate_v03,TRANSLATE,C4,D4,28104,18,41,0,0.0,DOES_NOT_INTERFERE,DOES_NOT_INTERFERE,False,False,True
v1__scene_translate_v03__L2__C4_D4__r04_s28104,scene_translate_v03,TRANSLATE,C4,D4,28104,18,45,4270,0.464483846,INTERFERES,DOES_NOT_INTERFERE,True,False,False
v1__scene_translate_v03__L2__C4_D4__r05_s28105,scene_translate_v03,TRANSLATE,C4,D4,28105,18,39,0,0.0,DOES_NOT_INTERFERE,DOES_NOT_INTERFERE,False,False,True
v1__scene_translate_v03__L2__C4_D4__r05_s28105,scene_translate_v03,TRANSLATE,C4,D4,28105,18,41,0,0.0,DOES_NOT_INTERFERE,DOES_NOT_INTERFERE,False,False,True
v1__scene_translate_v03__L2__C4_D4__r05_s28105,scene_translate_v03,TRANSLATE,C4,D4,28105,18,45,4270,0.464483846,INTERFERES,DOES_NOT_INTERFERE,True,False,False
v1__scene_translate_v03__L2__C4_D8__r01_s28101,scene_translate_v03,TRANSLATE,C4,D8,28101,18,39,0,0.0,DOES_NOT_INTERFERE,DOES_NOT_INTERFERE,False,False,True
v1__scene_translate_v03__L2__C4_D8__r01_s28101,scene_translate_v03,TRANSLATE,C4,D8,28101,18,41,0,0.0,DOES_NOT_INTERFERE,DOES_NOT_INTERFERE,False,False,True
v1__scene_translate_v03__L2__C4_D8__r01_s28101,scene_translate_v03,TRANSLATE,C4,D8,28101,18,45,4270,0.464483846,INTERFERES,DOES_NOT_INTERFERE,True,False,False
v1__scene_translate_v03__L2__C4_D8__r02_s28102,scene_translate_v03,TRANSLATE,C4,D8,28102,18,39,0,0.0,DOES_NOT_INTERFERE,INTERFERES,False,True,False
v1__scene_translate_v03__L2__C4_D8__r02_s28102,scene_translate_v03,TRANSLATE,C4,D8,28102,18,41,0,0.0,DOES_NOT_INTERFERE,INTERFERES,False,True,False
v1__scene_translate_v03__L2__C4_D8__r02_s28102,scene_translate_v03,TRANSLATE,C4,D8,28102,18,45,4270,0.464483846,INTERFERES,INTERFERES,True,True,True
v1__scene_translate_v03__L2__C4_D8__r03_s28103,scene_translate_v03,TRANSLATE,C4,D8,28103,18,39,0,0.0,DOES_NOT_INTERFERE,INTERFERES,False,True,False
v1__scene_translate_v03__L2__C4_D8__r03_s28103,scene_translate_v03,TRANSLATE,C4,D8,28103,18,41,0,0.0,DOES_NOT_INTERFERE,INTERFERES,False,True,False
v1__scene_translate_v03__L2__C4_D8__r03_s28103,scene_translate_v03,TRANSLATE,C4,D8,28103,18,45,4270,0.464483846,INTERFERES,INTERFERES,True,True,True
v1__scene_translate_v03__L2__C4_D8__r04_s28104,scene_translate_v03,TRANSLATE,C4,D8,28104,18,39,0,0.0,DOES_NOT_INTERFERE,INTERFERES,False,True,False
v1__scene_translate_v03__L2__C4_D8__r04_s28104,scene_translate_v03,TRANSLATE,C4,D8,28104,18,41,0,0.0,DOES_NOT_INTERFERE,INTERFERES,False,True,False
v1__scene_translate_v03__L2__C4_D8__r04_s28104,scene_translate_v03,TRANSLATE,C4,D8,28104,18,45,4270,0.464483846,INTERFERES,INTERFERES,True,True,True
v1__scene_translate_v03__L2__C4_D8__r05_s28105,scene_translate_v03,TRANSLATE,C4,D8,28105,18,39,0,0.0,DOES_NOT_INTERFERE,DOES_NOT_INTERFERE,False,False,True
v1__scene_translate_v03__L2__C4_D8__r05_s28105,scene_translate_v03,TRANSLATE,C4,D8,28105,18,41,0,0.0,DOES_NOT_INTERFERE,DOES_NOT_INTERFERE,False,False,True
v1__scene_translate_v03__L2__C4_D8__r05_s28105,scene_translate_v03,TRANSLATE,C4,D8,28105,18,45,4270,0.464483846,INTERFERES,DOES_NOT_INTERFERE,True,False,False
v1__scene_translate_v03__L2__C5_D4__r01_s28101,scene_translate_v03,TRANSLATE,C5,D4,28101,18,39,0,0.0,DOES_NOT_INTERFERE,INTERFERES,False,True,False
v1__scene_translate_v03__L2__C5_D4__r01_s28101,scene_translate_v03,TRANSLATE,C5,D4,28101,18,41,0,0.0,DOES_NOT_INTERFERE,INTERFERES,False,True,False
v1__scene_translate_v03__L2__C5_D4__r01_s28101,scene_translate_v03,TRANSLATE,C5,D4,28101,18,45,4270,0.464483846,INTERFERES,INTERFERES,True,True,True
v1__scene_translate_v03__L2__C5_D4__r02_s28102,scene_translate_v03,TRANSLATE,C5,D4,28102,18,39,0,0.0,DOES_NOT_INTERFERE,INTERFERES,False,True,False
v1__scene_translate_v03__L2__C5_D4__r02_s28102,scene_translate_v03,TRANSLATE,C5,D4,28102,18,41,0,0.0,DOES_NOT_INTERFERE,INTERFERES,False,True,False
v1__scene_translate_v03__L2__C5_D4__r02_s28102,scene_translate_v03,TRANSLATE,C5,D4,28102,18,45,4270,0.464483846,INTERFERES,INTERFERES,True,True,True
v1__scene_translate_v03__L2__C5_D4__r03_s28103,scene_translate_v03,TRANSLATE,C5,D4,28103,18,39,0,0.0,DOES_NOT_INTERFERE,INTERFERES,False,True,False
v1__scene_translate_v03__L2__C5_D4__r03_s28103,scene_translate_v03,TRANSLATE,C5,D4,28103,18,41,0,0.0,DOES_NOT_INTERFERE,INTERFERES,False,True,False
v1__scene_translate_v03__L2__C5_D4__r03_s28103,scene_translate_v03,TRANSLATE,C5,D4,28103,18,45,4270,0.464483846,INTERFERES,INTERFERES,True,True,True
v1__scene_translate_v03__L2__C5_D4__r04_s28104,scene_translate_v03,TRANSLATE,C5,D4,28104,18,39,0,0.0,DOES_NOT_INTERFERE,INTERFERES,False,True,False
v1__scene_translate_v03__L2__C5_D4__r04_s28104,scene_translate_v03,TRANSLATE,C5,D4,28104,18,41,0,0.0,DOES_NOT_INTERFERE,INTERFERES,False,True,False
v1__scene_translate_v03__L2__C5_D4__r04_s28104,scene_translate_v03,TRANSLATE,C5,D4,28104,18,45,4270,0.464483846,INTERFERES,INTERFERES,True,True,True
v1__scene_translate_v03__L2__C5_D4__r05_s28105,scene_translate_v03,TRANSLATE,C5,D4,28105,18,39,0,0.0,DOES_NOT_INTERFERE,INTERFERES,False,True,False
v1__scene_translate_v03__L2__C5_D4__r05_s28105,scene_translate_v03,TRANSLATE,C5,D4,28105,18,41,0,0.0,DOES_NOT_INTERFERE,INTERFERES,False,True,False
v1__scene_translate_v03__L2__C5_D4__r05_s28105,scene_translate_v03,TRANSLATE,C5,D4,28105,18,45,4270,0.464483846,INTERFERES,INTERFERES,True,True,True
v1__scene_translate_v03__L2__C5_D8__r01_s28101,scene_translate_v03,TRANSLATE,C5,D8,28101,18,39,0,0.0,DOES_NOT_INTERFERE,DOES_NOT_INTERFERE,False,False,True
v1__scene_translate_v03__L2__C5_D8__r01_s28101,scene_translate_v03,TRANSLATE,C5,D8,28101,18,41,0,0.0,DOES_NOT_INTERFERE,DOES_NOT_INTERFERE,False,False,True
v1__scene_translate_v03__L2__C5_D8__r01_s28101,scene_translate_v03,TRANSLATE,C5,D8,28101,18,45,4270,0.464483846,INTERFERES,DOES_NOT_INTERFERE,True,False,False
v1__scene_translate_v03__L2__C5_D8__r02_s28102,scene_translate_v03,TRANSLATE,C5,D8,28102,18,39,0,0.0,DOES_NOT_INTERFERE,INTERFERES,False,True,False
v1__scene_translate_v03__L2__C5_D8__r02_s28102,scene_translate_v03,TRANSLATE,C5,D8,28102,18,41,0,0.0,DOES_NOT_INTERFERE,INTERFERES,False,True,False
v1__scene_translate_v03__L2__C5_D8__r02_s28102,scene_translate_v03,TRANSLATE,C5,D8,28102,18,45,4270,0.464483846,INTERFERES,INTERFERES,True,True,True
v1__scene_translate_v03__L2__C5_D8__r03_s28103,scene_translate_v03,TRANSLATE,C5,D8,28103,18,39,0,0.0,DOES_NOT_INTERFERE,INTERFERES,False,True,False
v1__scene_translate_v03__L2__C5_D8__r03_s28103,scene_translate_v03,TRANSLATE,C5,D8,28103,18,41,0,0.0,DOES_NOT_INTERFERE,INTERFERES,False,True,False
v1__scene_translate_v03__L2__C5_D8__r03_s28103,scene_translate_v03,TRANSLATE,C5,D8,28103,18,45,4270,0.464483846,INTERFERES,INTERFERES,True,True,True
v1__scene_translate_v03__L2__C5_D8__r04_s28104,scene_translate_v03,TRANSLATE,C5,D8,28104,18,39,0,0.0,DOES_NOT_INTERFERE,INTERFERES,False,True,False
v1__scene_translate_v03__L2__C5_D8__r04_s28104,scene_translate_v03,TRANSLATE,C5,D8,28104,18,41,0,0.0,DOES_NOT_INTERFERE,INTERFERES,False,True,False
v1__scene_translate_v03__L2__C5_D8__r04_s28104,scene_translate_v03,TRANSLATE,C5,D8,28104,18,45,4270,0.464483846,INTERFERES,INTERFERES,True,True,True
v1__scene_translate_v03__L2__C5_D8__r05_s28105,scene_translate_v03,TRANSLATE,C5,D8,28105,18,39,0,0.0,DOES_NOT_INTERFERE,DOES_NOT_INTERFERE,False,False,True
v1__scene_translate_v03__L2__C5_D8__r05_s28105,scene_translate_v03,TRANSLATE,C5,D8,28105,18,41,0,0.0,DOES_NOT_INTERFERE,DOES_NOT_INTERFERE,False,False,True
v1__scene_translate_v03__L2__C5_D8__r05_s28105,scene_translate_v03,TRANSLATE,C5,D8,28105,18,45,4270,0.464483846,INTERFERES,DOES_NOT_INTERFERE,True,False,False
v1__scene_translate_v03__L2__C6_D4__r01_s28101,scene_translate_v03,TRANSLATE,C6,D4,28101,18,39,0,0.0,DOES_NOT_INTERFERE,DOES_NOT_INTERFERE,False,False,True
v1__scene_translate_v03__L2__C6_D4__r01_s28101,scene_translate_v03,TRANSLATE,C6,D4,28101,18,41,0,0.0,DOES_NOT_INTERFERE,DOES_NOT_INTERFERE,False,False,True
v1__scene_translate_v03__L2__C6_D4__r01_s28101,scene_translate_v03,TRANSLATE,C6,D4,28101,18,45,4270,0.464483846,INTERFERES,DOES_NOT_INTERFERE,True,False,False
v1__scene_translate_v03__L2__C6_D4__r02_s28102,scene_translate_v03,TRANSLATE,C6,D4,28102,18,39,0,0.0,DOES_NOT_INTERFERE,INTERFERES,False,True,False
v1__scene_translate_v03__L2__C6_D4__r02_s28102,scene_translate_v03,TRANSLATE,C6,D4,28102,18,41,0,0.0,DOES_NOT_INTERFERE,INTERFERES,False,True,False
v1__scene_translate_v03__L2__C6_D4__r02_s28102,scene_translate_v03,TRANSLATE,C6,D4,28102,18,45,4270,0.464483846,INTERFERES,INTERFERES,True,True,True
v1__scene_translate_v03__L2__C6_D4__r03_s28103,scene_translate_v03,TRANSLATE,C6,D4,28103,18,39,0,0.0,DOES_NOT_INTERFERE,DOES_NOT_INTERFERE,False,False,True
v1__scene_translate_v03__L2__C6_D4__r03_s28103,scene_translate_v03,TRANSLATE,C6,D4,28103,18,41,0,0.0,DOES_NOT_INTERFERE,DOES_NOT_INTERFERE,False,False,True
v1__scene_translate_v03__L2__C6_D4__r03_s28103,scene_translate_v03,TRANSLATE,C6,D4,28103,18,45,4270,0.464483846,INTERFERES,DOES_NOT_INTERFERE,True,False,False
v1__scene_translate_v03__L2__C6_D4__r04_s28104,scene_translate_v03,TRANSLATE,C6,D4,28104,18,39,0,0.0,DOES_NOT_INTERFERE,INTERFERES,False,True,False
v1__scene_translate_v03__L2__C6_D4__r04_s28104,scene_translate_v03,TRANSLATE,C6,D4,28104,18,41,0,0.0,DOES_NOT_INTERFERE,INTERFERES,False,True,False
v1__scene_translate_v03__L2__C6_D4__r04_s28104,scene_translate_v03,TRANSLATE,C6,D4,28104,18,45,4270,0.464483846,INTERFERES,INTERFERES,True,True,True
v1__scene_translate_v03__L2__C6_D4__r05_s28105,scene_translate_v03,TRANSLATE,C6,D4,28105,18,39,0,0.0,DOES_NOT_INTERFERE,INTERFERES,False,True,False
v1__scene_translate_v03__L2__C6_D4__r05_s28105,scene_translate_v03,TRANSLATE,C6,D4,28105,18,41,0,0.0,DOES_NOT_INTERFERE,INTERFERES,False,True,False
v1__scene_translate_v03__L2__C6_D4__r05_s28105,scene_translate_v03,TRANSLATE,C6,D4,28105,18,45,4270,0.464483846,INTERFERES,INTERFERES,True,True,True
v1__scene_translate_v03__L2__C6_D8__r01_s28101,scene_translate_v03,TRANSLATE,C6,D8,28101,18,39,0,0.0,DOES_NOT_INTERFERE,INTERFERES,False,True,False
v1__scene_translate_v03__L2__C6_D8__r01_s28101,scene_translate_v03,TRANSLATE,C6,D8,28101,18,41,0,0.0,DOES_NOT_INTERFERE,INTERFERES,False,True,False
v1__scene_translate_v03__L2__C6_D8__r01_s28101,scene_translate_v03,TRANSLATE,C6,D8,28101,18,45,4270,0.464483846,INTERFERES,INTERFERES,True,True,True
v1__scene_translate_v03__L2__C6_D8__r02_s28102,scene_translate_v03,TRANSLATE,C6,D8,28102,18,39,0,0.0,DOES_NOT_INTERFERE,INTERFERES,False,True,False
v1__scene_translate_v03__L2__C6_D8__r02_s28102,scene_translate_v03,TRANSLATE,C6,D8,28102,18,41,0,0.0,DOES_NOT_INTERFERE,INTERFERES,False,True,False
v1__scene_translate_v03__L2__C6_D8__r02_s28102,scene_translate_v03,TRANSLATE,C6,D8,28102,18,45,4270,0.464483846,INTERFERES,INTERFERES,True,True,True
v1__scene_translate_v03__L2__C6_D8__r03_s28103,scene_translate_v03,TRANSLATE,C6,D8,28103,18,39,0,0.0,DOES_NOT_INTERFERE,INTERFERES,False,True,False
v1__scene_translate_v03__L2__C6_D8__r03_s28103,scene_translate_v03,TRANSLATE,C6,D8,28103,18,41,0,0.0,DOES_NOT_INTERFERE,INTERFERES,False,True,False
v1__scene_translate_v03__L2__C6_D8__r03_s28103,scene_translate_v03,TRANSLATE,C6,D8,28103,18,45,4270,0.464483846,INTERFERES,INTERFERES,True,True,True
v1__scene_translate_v03__L2__C6_D8__r04_s28104,scene_translate_v03,TRANSLATE,C6,D8,28104,18,39,0,0.0,DOES_NOT_INTERFERE,INTERFERES,False,True,False
v1__scene_translate_v03__L2__C6_D8__r04_s28104,scene_translate_v03,TRANSLATE,C6,D8,28104,18,41,0,0.0,DOES_NOT_INTERFERE,INTERFERES,False,True,False
v1__scene_translate_v03__L2__C6_D8__r04_s28104,scene_translate_v03,TRANSLATE,C6,D8,28104,18,45,4270,0.464483846,INTERFERES,INTERFERES,True,True,True
v1__scene_translate_v03__L2__C6_D8__r05_s28105,scene_translate_v03,TRANSLATE,C6,D8,28105,18,39,0,0.0,DOES_NOT_INTERFERE,INTERFERES,False,True,False
v1__scene_translate_v03__L2__C6_D8__r05_s28105,scene_translate_v03,TRANSLATE,C6,D8,28105,18,41,0,0.0,DOES_NOT_INTERFERE,INTERFERES,False,True,False
v1__scene_translate_v03__L2__C6_D8__r05_s28105,scene_translate_v03,TRANSLATE,C6,D8,28105,18,45,4270,0.464483846,INTERFERES,INTERFERES,True,True,True
v1__scene_translate_v04__L2__C0_NA__r01_s28101,scene_translate_v04,TRANSLATE,C0,,28101,13,41,0,0.0,DOES_NOT_INTERFERE,DOES_NOT_INTERFERE,False,False,True
v1__scene_translate_v04__L2__C0_NA__r01_s28101,scene_translate_v04,TRANSLATE,C0,,28101,13,77,0,0.0,DOES_NOT_INTERFERE,DOES_NOT_INTERFERE,False,False,True
v1__scene_translate_v04__L2__C0_NA__r01_s28101,scene_translate_v04,TRANSLATE,C0,,28101,13,84,5103,0.572727273,INTERFERES,DOES_NOT_INTERFERE,True,False,False
v1__scene_translate_v04__L2__C0_NA__r02_s28102,scene_translate_v04,TRANSLATE,C0,,28102,13,41,0,0.0,DOES_NOT_INTERFERE,DOES_NOT_INTERFERE,False,False,True
v1__scene_translate_v04__L2__C0_NA__r02_s28102,scene_translate_v04,TRANSLATE,C0,,28102,13,77,0,0.0,DOES_NOT_INTERFERE,DOES_NOT_INTERFERE,False,False,True
v1__scene_translate_v04__L2__C0_NA__r02_s28102,scene_translate_v04,TRANSLATE,C0,,28102,13,84,5103,0.572727273,INTERFERES,INTERFERES,True,True,True
v1__scene_translate_v04__L2__C0_NA__r03_s28103,scene_translate_v04,TRANSLATE,C0,,28103,13,41,0,0.0,DOES_NOT_INTERFERE,DOES_NOT_INTERFERE,False,False,True
v1__scene_translate_v04__L2__C0_NA__r03_s28103,scene_translate_v04,TRANSLATE,C0,,28103,13,77,0,0.0,DOES_NOT_INTERFERE,DOES_NOT_INTERFERE,False,False,True
v1__scene_translate_v04__L2__C0_NA__r03_s28103,scene_translate_v04,TRANSLATE,C0,,28103,13,84,5103,0.572727273,INTERFERES,INTERFERES,True,True,True
v1__scene_translate_v04__L2__C0_NA__r04_s28104,scene_translate_v04,TRANSLATE,C0,,28104,13,41,0,0.0,DOES_NOT_INTERFERE,DOES_NOT_INTERFERE,False,False,True
v1__scene_translate_v04__L2__C0_NA__r04_s28104,scene_translate_v04,TRANSLATE,C0,,28104,13,77,0,0.0,DOES_NOT_INTERFERE,DOES_NOT_INTERFERE,False,False,True
v1__scene_translate_v04__L2__C0_NA__r04_s28104,scene_translate_v04,TRANSLATE,C0,,28104,13,84,5103,0.572727273,INTERFERES,DOES_NOT_INTERFERE,True,False,False
v1__scene_translate_v04__L2__C0_NA__r05_s28105,scene_translate_v04,TRANSLATE,C0,,28105,13,41,0,0.0,DOES_NOT_INTERFERE,DOES_NOT_INTERFERE,False,False,True
v1__scene_translate_v04__L2__C0_NA__r05_s28105,scene_translate_v04,TRANSLATE,C0,,28105,13,77,0,0.0,DOES_NOT_INTERFERE,DOES_NOT_INTERFERE,False,False,True
v1__scene_translate_v04__L2__C0_NA__r05_s28105,scene_translate_v04,TRANSLATE,C0,,28105,13,84,5103,0.572727273,INTERFERES,INTERFERES,True,True,True
v1__scene_translate_v04__L2__C1_NA__r01_s28101,scene_translate_v04,TRANSLATE,C1,,28101,13,41,0,0.0,DOES_NOT_INTERFERE,DOES_NOT_INTERFERE,False,False,True
v1__scene_translate_v04__L2__C1_NA__r01_s28101,scene_translate_v04,TRANSLATE,C1,,28101,13,77,0,0.0,DOES_NOT_INTERFERE,DOES_NOT_INTERFERE,False,False,True
v1__scene_translate_v04__L2__C1_NA__r01_s28101,scene_translate_v04,TRANSLATE,C1,,28101,13,84,5103,0.572727273,INTERFERES,DOES_NOT_INTERFERE,True,False,False
v1__scene_translate_v04__L2__C1_NA__r02_s28102,scene_translate_v04,TRANSLATE,C1,,28102,13,41,0,0.0,DOES_NOT_INTERFERE,DOES_NOT_INTERFERE,False,False,True
v1__scene_translate_v04__L2__C1_NA__r02_s28102,scene_translate_v04,TRANSLATE,C1,,28102,13,77,0,0.0,DOES_NOT_INTERFERE,DOES_NOT_INTERFERE,False,False,True
v1__scene_translate_v04__L2__C1_NA__r02_s28102,scene_translate_v04,TRANSLATE,C1,,28102,13,84,5103,0.572727273,INTERFERES,INTERFERES,True,True,True
v1__scene_translate_v04__L2__C1_NA__r03_s28103,scene_translate_v04,TRANSLATE,C1,,28103,13,41,0,0.0,DOES_NOT_INTERFERE,DOES_NOT_INTERFERE,False,False,True
v1__scene_translate_v04__L2__C1_NA__r03_s28103,scene_translate_v04,TRANSLATE,C1,,28103,13,77,0,0.0,DOES_NOT_INTERFERE,DOES_NOT_INTERFERE,False,False,True
v1__scene_translate_v04__L2__C1_NA__r03_s28103,scene_translate_v04,TRANSLATE,C1,,28103,13,84,5103,0.572727273,INTERFERES,DOES_NOT_INTERFERE,True,False,False
v1__scene_translate_v04__L2__C1_NA__r04_s28104,scene_translate_v04,TRANSLATE,C1,,28104,13,41,0,0.0,DOES_NOT_INTERFERE,DOES_NOT_INTERFERE,False,False,True
v1__scene_translate_v04__L2__C1_NA__r04_s28104,scene_translate_v04,TRANSLATE,C1,,28104,13,77,0,0.0,DOES_NOT_INTERFERE,DOES_NOT_INTERFERE,False,False,True
v1__scene_translate_v04__L2__C1_NA__r04_s28104,scene_translate_v04,TRANSLATE,C1,,28104,13,84,5103,0.572727273,INTERFERES,DOES_NOT_INTERFERE,True,False,False
v1__scene_translate_v04__L2__C1_NA__r05_s28105,scene_translate_v04,TRANSLATE,C1,,28105,13,41,0,0.0,DOES_NOT_INTERFERE,DOES_NOT_INTERFERE,False,False,True
v1__scene_translate_v04__L2__C1_NA__r05_s28105,scene_translate_v04,TRANSLATE,C1,,28105,13,77,0,0.0,DOES_NOT_INTERFERE,DOES_NOT_INTERFERE,False,False,True
v1__scene_translate_v04__L2__C1_NA__r05_s28105,scene_translate_v04,TRANSLATE,C1,,28105,13,84,5103,0.572727273,INTERFERES,INTERFERES,True,True,True
v1__scene_translate_v04__L2__C2_D4__r01_s28101,scene_translate_v04,TRANSLATE,C2,D4,28101,13,41,0,0.0,DOES_NOT_INTERFERE,DOES_NOT_INTERFERE,False,False,True
v1__scene_translate_v04__L2__C2_D4__r01_s28101,scene_translate_v04,TRANSLATE,C2,D4,28101,13,77,0,0.0,DOES_NOT_INTERFERE,DOES_NOT_INTERFERE,False,False,True
v1__scene_translate_v04__L2__C2_D4__r01_s28101,scene_translate_v04,TRANSLATE,C2,D4,28101,13,84,5103,0.572727273,INTERFERES,INTERFERES,True,True,True
v1__scene_translate_v04__L2__C2_D4__r02_s28102,scene_translate_v04,TRANSLATE,C2,D4,28102,13,41,0,0.0,DOES_NOT_INTERFERE,DOES_NOT_INTERFERE,False,False,True
v1__scene_translate_v04__L2__C2_D4__r02_s28102,scene_translate_v04,TRANSLATE,C2,D4,28102,13,77,0,0.0,DOES_NOT_INTERFERE,DOES_NOT_INTERFERE,False,False,True
v1__scene_translate_v04__L2__C2_D4__r02_s28102,scene_translate_v04,TRANSLATE,C2,D4,28102,13,84,5103,0.572727273,INTERFERES,INTERFERES,True,True,True
v1__scene_translate_v04__L2__C2_D4__r03_s28103,scene_translate_v04,TRANSLATE,C2,D4,28103,13,41,0,0.0,DOES_NOT_INTERFERE,DOES_NOT_INTERFERE,False,False,True
v1__scene_translate_v04__L2__C2_D4__r03_s28103,scene_translate_v04,TRANSLATE,C2,D4,28103,13,77,0,0.0,DOES_NOT_INTERFERE,DOES_NOT_INTERFERE,False,False,True
v1__scene_translate_v04__L2__C2_D4__r03_s28103,scene_translate_v04,TRANSLATE,C2,D4,28103,13,84,5103,0.572727273,INTERFERES,INTERFERES,True,True,True
v1__scene_translate_v04__L2__C2_D4__r04_s28104,scene_translate_v04,TRANSLATE,C2,D4,28104,13,41,0,0.0,DOES_NOT_INTERFERE,DOES_NOT_INTERFERE,False,False,True
v1__scene_translate_v04__L2__C2_D4__r04_s28104,scene_translate_v04,TRANSLATE,C2,D4,28104,13,77,0,0.0,DOES_NOT_INTERFERE,DOES_NOT_INTERFERE,False,False,True
v1__scene_translate_v04__L2__C2_D4__r04_s28104,scene_translate_v04,TRANSLATE,C2,D4,28104,13,84,5103,0.572727273,INTERFERES,INTERFERES,True,True,True
v1__scene_translate_v04__L2__C2_D4__r05_s28105,scene_translate_v04,TRANSLATE,C2,D4,28105,13,41,0,0.0,DOES_NOT_INTERFERE,DOES_NOT_INTERFERE,False,False,True
v1__scene_translate_v04__L2__C2_D4__r05_s28105,scene_translate_v04,TRANSLATE,C2,D4,28105,13,77,0,0.0,DOES_NOT_INTERFERE,DOES_NOT_INTERFERE,False,False,True
v1__scene_translate_v04__L2__C2_D4__r05_s28105,scene_translate_v04,TRANSLATE,C2,D4,28105,13,84,5103,0.572727273,INTERFERES,INTERFERES,True,True,True
v1__scene_translate_v04__L2__C2_D8__r01_s28101,scene_translate_v04,TRANSLATE,C2,D8,28101,13,41,0,0.0,DOES_NOT_INTERFERE,DOES_NOT_INTERFERE,False,False,True
v1__scene_translate_v04__L2__C2_D8__r01_s28101,scene_translate_v04,TRANSLATE,C2,D8,28101,13,77,0,0.0,DOES_NOT_INTERFERE,DOES_NOT_INTERFERE,False,False,True
v1__scene_translate_v04__L2__C2_D8__r01_s28101,scene_translate_v04,TRANSLATE,C2,D8,28101,13,84,5103,0.572727273,INTERFERES,INTERFERES,True,True,True
v1__scene_translate_v04__L2__C2_D8__r02_s28102,scene_translate_v04,TRANSLATE,C2,D8,28102,13,41,0,0.0,DOES_NOT_INTERFERE,DOES_NOT_INTERFERE,False,False,True
v1__scene_translate_v04__L2__C2_D8__r02_s28102,scene_translate_v04,TRANSLATE,C2,D8,28102,13,77,0,0.0,DOES_NOT_INTERFERE,DOES_NOT_INTERFERE,False,False,True
v1__scene_translate_v04__L2__C2_D8__r02_s28102,scene_translate_v04,TRANSLATE,C2,D8,28102,13,84,5103,0.572727273,INTERFERES,INTERFERES,True,True,True
v1__scene_translate_v04__L2__C2_D8__r03_s28103,scene_translate_v04,TRANSLATE,C2,D8,28103,13,41,0,0.0,DOES_NOT_INTERFERE,DOES_NOT_INTERFERE,False,False,True
v1__scene_translate_v04__L2__C2_D8__r03_s28103,scene_translate_v04,TRANSLATE,C2,D8,28103,13,77,0,0.0,DOES_NOT_INTERFERE,DOES_NOT_INTERFERE,False,False,True
v1__scene_translate_v04__L2__C2_D8__r03_s28103,scene_translate_v04,TRANSLATE,C2,D8,28103,13,84,5103,0.572727273,INTERFERES,INTERFERES,True,True,True
v1__scene_translate_v04__L2__C2_D8__r04_s28104,scene_translate_v04,TRANSLATE,C2,D8,28104,13,41,0,0.0,DOES_NOT_INTERFERE,DOES_NOT_INTERFERE,False,False,True
v1__scene_translate_v04__L2__C2_D8__r04_s28104,scene_translate_v04,TRANSLATE,C2,D8,28104,13,77,0,0.0,DOES_NOT_INTERFERE,DOES_NOT_INTERFERE,False,False,True
v1__scene_translate_v04__L2__C2_D8__r04_s28104,scene_translate_v04,TRANSLATE,C2,D8,28104,13,84,5103,0.572727273,INTERFERES,INTERFERES,True,True,True
v1__scene_translate_v04__L2__C2_D8__r05_s28105,scene_translate_v04,TRANSLATE,C2,D8,28105,13,41,0,0.0,DOES_NOT_INTERFERE,DOES_NOT_INTERFERE,False,False,True
v1__scene_translate_v04__L2__C2_D8__r05_s28105,scene_translate_v04,TRANSLATE,C2,D8,28105,13,77,0,0.0,DOES_NOT_INTERFERE,DOES_NOT_INTERFERE,False,False,True
v1__scene_translate_v04__L2__C2_D8__r05_s28105,scene_translate_v04,TRANSLATE,C2,D8,28105,13,84,5103,0.572727273,INTERFERES,INTERFERES,True,True,True
v1__scene_translate_v04__L2__C3_D4__r01_s28101,scene_translate_v04,TRANSLATE,C3,D4,28101,13,41,0,0.0,DOES_NOT_INTERFERE,DOES_NOT_INTERFERE,False,False,True
v1__scene_translate_v04__L2__C3_D4__r01_s28101,scene_translate_v04,TRANSLATE,C3,D4,28101,13,77,0,0.0,DOES_NOT_INTERFERE,DOES_NOT_INTERFERE,False,False,True
v1__scene_translate_v04__L2__C3_D4__r01_s28101,scene_translate_v04,TRANSLATE,C3,D4,28101,13,84,5103,0.572727273,INTERFERES,DOES_NOT_INTERFERE,True,False,False
v1__scene_translate_v04__L2__C3_D4__r02_s28102,scene_translate_v04,TRANSLATE,C3,D4,28102,13,41,0,0.0,DOES_NOT_INTERFERE,DOES_NOT_INTERFERE,False,False,True
v1__scene_translate_v04__L2__C3_D4__r02_s28102,scene_translate_v04,TRANSLATE,C3,D4,28102,13,77,0,0.0,DOES_NOT_INTERFERE,DOES_NOT_INTERFERE,False,False,True
v1__scene_translate_v04__L2__C3_D4__r02_s28102,scene_translate_v04,TRANSLATE,C3,D4,28102,13,84,5103,0.572727273,INTERFERES,DOES_NOT_INTERFERE,True,False,False
v1__scene_translate_v04__L2__C3_D4__r03_s28103,scene_translate_v04,TRANSLATE,C3,D4,28103,13,41,0,0.0,DOES_NOT_INTERFERE,DOES_NOT_INTERFERE,False,False,True
v1__scene_translate_v04__L2__C3_D4__r03_s28103,scene_translate_v04,TRANSLATE,C3,D4,28103,13,77,0,0.0,DOES_NOT_INTERFERE,DOES_NOT_INTERFERE,False,False,True
v1__scene_translate_v04__L2__C3_D4__r03_s28103,scene_translate_v04,TRANSLATE,C3,D4,28103,13,84,5103,0.572727273,INTERFERES,DOES_NOT_INTERFERE,True,False,False
v1__scene_translate_v04__L2__C3_D4__r04_s28104,scene_translate_v04,TRANSLATE,C3,D4,28104,13,41,0,0.0,DOES_NOT_INTERFERE,DOES_NOT_INTERFERE,False,False,True
v1__scene_translate_v04__L2__C3_D4__r04_s28104,scene_translate_v04,TRANSLATE,C3,D4,28104,13,77,0,0.0,DOES_NOT_INTERFERE,DOES_NOT_INTERFERE,False,False,True
v1__scene_translate_v04__L2__C3_D4__r04_s28104,scene_translate_v04,TRANSLATE,C3,D4,28104,13,84,5103,0.572727273,INTERFERES,DOES_NOT_INTERFERE,True,False,False
v1__scene_translate_v04__L2__C3_D4__r05_s28105,scene_translate_v04,TRANSLATE,C3,D4,28105,13,41,0,0.0,DOES_NOT_INTERFERE,DOES_NOT_INTERFERE,False,False,True
v1__scene_translate_v04__L2__C3_D4__r05_s28105,scene_translate_v04,TRANSLATE,C3,D4,28105,13,77,0,0.0,DOES_NOT_INTERFERE,DOES_NOT_INTERFERE,False,False,True
v1__scene_translate_v04__L2__C3_D4__r05_s28105,scene_translate_v04,TRANSLATE,C3,D4,28105,13,84,5103,0.572727273,INTERFERES,DOES_NOT_INTERFERE,True,False,False
v1__scene_translate_v04__L2__C3_D8__r01_s28101,scene_translate_v04,TRANSLATE,C3,D8,28101,13,41,0,0.0,DOES_NOT_INTERFERE,DOES_NOT_INTERFERE,False,False,True
v1__scene_translate_v04__L2__C3_D8__r01_s28101,scene_translate_v04,TRANSLATE,C3,D8,28101,13,77,0,0.0,DOES_NOT_INTERFERE,DOES_NOT_INTERFERE,False,False,True
v1__scene_translate_v04__L2__C3_D8__r01_s28101,scene_translate_v04,TRANSLATE,C3,D8,28101,13,84,5103,0.572727273,INTERFERES,INTERFERES,True,True,True
v1__scene_translate_v04__L2__C3_D8__r02_s28102,scene_translate_v04,TRANSLATE,C3,D8,28102,13,41,0,0.0,DOES_NOT_INTERFERE,DOES_NOT_INTERFERE,False,False,True
v1__scene_translate_v04__L2__C3_D8__r02_s28102,scene_translate_v04,TRANSLATE,C3,D8,28102,13,77,0,0.0,DOES_NOT_INTERFERE,DOES_NOT_INTERFERE,False,False,True
v1__scene_translate_v04__L2__C3_D8__r02_s28102,scene_translate_v04,TRANSLATE,C3,D8,28102,13,84,5103,0.572727273,INTERFERES,INTERFERES,True,True,True
v1__scene_translate_v04__L2__C3_D8__r03_s28103,scene_translate_v04,TRANSLATE,C3,D8,28103,13,41,0,0.0,DOES_NOT_INTERFERE,DOES_NOT_INTERFERE,False,False,True
v1__scene_translate_v04__L2__C3_D8__r03_s28103,scene_translate_v04,TRANSLATE,C3,D8,28103,13,77,0,0.0,DOES_NOT_INTERFERE,DOES_NOT_INTERFERE,False,False,True
v1__scene_translate_v04__L2__C3_D8__r03_s28103,scene_translate_v04,TRANSLATE,C3,D8,28103,13,84,5103,0.572727273,INTERFERES,INTERFERES,True,True,True
v1__scene_translate_v04__L2__C3_D8__r04_s28104,scene_translate_v04,TRANSLATE,C3,D8,28104,13,41,0,0.0,DOES_NOT_INTERFERE,DOES_NOT_INTERFERE,False,False,True
v1__scene_translate_v04__L2__C3_D8__r04_s28104,scene_translate_v04,TRANSLATE,C3,D8,28104,13,77,0,0.0,DOES_NOT_INTERFERE,DOES_NOT_INTERFERE,False,False,True
v1__scene_translate_v04__L2__C3_D8__r04_s28104,scene_translate_v04,TRANSLATE,C3,D8,28104,13,84,5103,0.572727273,INTERFERES,INTERFERES,True,True,True
v1__scene_translate_v04__L2__C3_D8__r05_s28105,scene_translate_v04,TRANSLATE,C3,D8,28105,13,41,0,0.0,DOES_NOT_INTERFERE,DOES_NOT_INTERFERE,False,False,True
v1__scene_translate_v04__L2__C3_D8__r05_s28105,scene_translate_v04,TRANSLATE,C3,D8,28105,13,77,0,0.0,DOES_NOT_INTERFERE,DOES_NOT_INTERFERE,False,False,True
v1__scene_translate_v04__L2__C3_D8__r05_s28105,scene_translate_v04,TRANSLATE,C3,D8,28105,13,84,5103,0.572727273,INTERFERES,INTERFERES,True,True,True
v1__scene_translate_v04__L2__C4_D4__r01_s28101,scene_translate_v04,TRANSLATE,C4,D4,28101,13,41,0,0.0,DOES_NOT_INTERFERE,DOES_NOT_INTERFERE,False,False,True
v1__scene_translate_v04__L2__C4_D4__r01_s28101,scene_translate_v04,TRANSLATE,C4,D4,28101,13,77,0,0.0,DOES_NOT_INTERFERE,DOES_NOT_INTERFERE,False,False,True
v1__scene_translate_v04__L2__C4_D4__r01_s28101,scene_translate_v04,TRANSLATE,C4,D4,28101,13,84,5103,0.572727273,INTERFERES,DOES_NOT_INTERFERE,True,False,False
v1__scene_translate_v04__L2__C4_D4__r02_s28102,scene_translate_v04,TRANSLATE,C4,D4,28102,13,41,0,0.0,DOES_NOT_INTERFERE,DOES_NOT_INTERFERE,False,False,True
v1__scene_translate_v04__L2__C4_D4__r02_s28102,scene_translate_v04,TRANSLATE,C4,D4,28102,13,77,0,0.0,DOES_NOT_INTERFERE,DOES_NOT_INTERFERE,False,False,True
v1__scene_translate_v04__L2__C4_D4__r02_s28102,scene_translate_v04,TRANSLATE,C4,D4,28102,13,84,5103,0.572727273,INTERFERES,DOES_NOT_INTERFERE,True,False,False
v1__scene_translate_v04__L2__C4_D4__r03_s28103,scene_translate_v04,TRANSLATE,C4,D4,28103,13,41,0,0.0,DOES_NOT_INTERFERE,DOES_NOT_INTERFERE,False,False,True
v1__scene_translate_v04__L2__C4_D4__r03_s28103,scene_translate_v04,TRANSLATE,C4,D4,28103,13,77,0,0.0,DOES_NOT_INTERFERE,DOES_NOT_INTERFERE,False,False,True
v1__scene_translate_v04__L2__C4_D4__r03_s28103,scene_translate_v04,TRANSLATE,C4,D4,28103,13,84,5103,0.572727273,INTERFERES,DOES_NOT_INTERFERE,True,False,False
v1__scene_translate_v04__L2__C4_D4__r04_s28104,scene_translate_v04,TRANSLATE,C4,D4,28104,13,41,0,0.0,DOES_NOT_INTERFERE,DOES_NOT_INTERFERE,False,False,True
v1__scene_translate_v04__L2__C4_D4__r04_s28104,scene_translate_v04,TRANSLATE,C4,D4,28104,13,77,0,0.0,DOES_NOT_INTERFERE,DOES_NOT_INTERFERE,False,False,True
v1__scene_translate_v04__L2__C4_D4__r04_s28104,scene_translate_v04,TRANSLATE,C4,D4,28104,13,84,5103,0.572727273,INTERFERES,DOES_NOT_INTERFERE,True,False,False
v1__scene_translate_v04__L2__C4_D4__r05_s28105,scene_translate_v04,TRANSLATE,C4,D4,28105,13,41,0,0.0,DOES_NOT_INTERFERE,DOES_NOT_INTERFERE,False,False,True
v1__scene_translate_v04__L2__C4_D4__r05_s28105,scene_translate_v04,TRANSLATE,C4,D4,28105,13,77,0,0.0,DOES_NOT_INTERFERE,DOES_NOT_INTERFERE,False,False,True
v1__scene_translate_v04__L2__C4_D4__r05_s28105,scene_translate_v04,TRANSLATE,C4,D4,28105,13,84,5103,0.572727273,INTERFERES,DOES_NOT_INTERFERE,True,False,False
v1__scene_translate_v04__L2__C4_D8__r01_s28101,scene_translate_v04,TRANSLATE,C4,D8,28101,13,41,0,0.0,DOES_NOT_INTERFERE,DOES_NOT_INTERFERE,False,False,True
v1__scene_translate_v04__L2__C4_D8__r01_s28101,scene_translate_v04,TRANSLATE,C4,D8,28101,13,77,0,0.0,DOES_NOT_INTERFERE,DOES_NOT_INTERFERE,False,False,True
v1__scene_translate_v04__L2__C4_D8__r01_s28101,scene_translate_v04,TRANSLATE,C4,D8,28101,13,84,5103,0.572727273,INTERFERES,INTERFERES,True,True,True
v1__scene_translate_v04__L2__C4_D8__r02_s28102,scene_translate_v04,TRANSLATE,C4,D8,28102,13,41,0,0.0,DOES_NOT_INTERFERE,INTERFERES,False,True,False
v1__scene_translate_v04__L2__C4_D8__r02_s28102,scene_translate_v04,TRANSLATE,C4,D8,28102,13,77,0,0.0,DOES_NOT_INTERFERE,DOES_NOT_INTERFERE,False,False,True
v1__scene_translate_v04__L2__C4_D8__r02_s28102,scene_translate_v04,TRANSLATE,C4,D8,28102,13,84,5103,0.572727273,INTERFERES,INTERFERES,True,True,True
v1__scene_translate_v04__L2__C4_D8__r03_s28103,scene_translate_v04,TRANSLATE,C4,D8,28103,13,41,0,0.0,DOES_NOT_INTERFERE,DOES_NOT_INTERFERE,False,False,True
v1__scene_translate_v04__L2__C4_D8__r03_s28103,scene_translate_v04,TRANSLATE,C4,D8,28103,13,77,0,0.0,DOES_NOT_INTERFERE,DOES_NOT_INTERFERE,False,False,True
v1__scene_translate_v04__L2__C4_D8__r03_s28103,scene_translate_v04,TRANSLATE,C4,D8,28103,13,84,5103,0.572727273,INTERFERES,INTERFERES,True,True,True
v1__scene_translate_v04__L2__C4_D8__r04_s28104,scene_translate_v04,TRANSLATE,C4,D8,28104,13,41,0,0.0,DOES_NOT_INTERFERE,INTERFERES,False,True,False
v1__scene_translate_v04__L2__C4_D8__r04_s28104,scene_translate_v04,TRANSLATE,C4,D8,28104,13,77,0,0.0,DOES_NOT_INTERFERE,DOES_NOT_INTERFERE,False,False,True
v1__scene_translate_v04__L2__C4_D8__r04_s28104,scene_translate_v04,TRANSLATE,C4,D8,28104,13,84,5103,0.572727273,INTERFERES,INTERFERES,True,True,True
v1__scene_translate_v04__L2__C4_D8__r05_s28105,scene_translate_v04,TRANSLATE,C4,D8,28105,13,41,0,0.0,DOES_NOT_INTERFERE,INTERFERES,False,True,False
v1__scene_translate_v04__L2__C4_D8__r05_s28105,scene_translate_v04,TRANSLATE,C4,D8,28105,13,77,0,0.0,DOES_NOT_INTERFERE,DOES_NOT_INTERFERE,False,False,True
v1__scene_translate_v04__L2__C4_D8__r05_s28105,scene_translate_v04,TRANSLATE,C4,D8,28105,13,84,5103,0.572727273,INTERFERES,INTERFERES,True,True,True
v1__scene_translate_v04__L2__C5_D4__r01_s28101,scene_translate_v04,TRANSLATE,C5,D4,28101,13,41,0,0.0,DOES_NOT_INTERFERE,DOES_NOT_INTERFERE,False,False,True
v1__scene_translate_v04__L2__C5_D4__r01_s28101,scene_translate_v04,TRANSLATE,C5,D4,28101,13,77,0,0.0,DOES_NOT_INTERFERE,DOES_NOT_INTERFERE,False,False,True
v1__scene_translate_v04__L2__C5_D4__r01_s28101,scene_translate_v04,TRANSLATE,C5,D4,28101,13,84,5103,0.572727273,INTERFERES,INTERFERES,True,True,True
v1__scene_translate_v04__L2__C5_D4__r02_s28102,scene_translate_v04,TRANSLATE,C5,D4,28102,13,41,0,0.0,DOES_NOT_INTERFERE,DOES_NOT_INTERFERE,False,False,True
v1__scene_translate_v04__L2__C5_D4__r02_s28102,scene_translate_v04,TRANSLATE,C5,D4,28102,13,77,0,0.0,DOES_NOT_INTERFERE,DOES_NOT_INTERFERE,False,False,True
v1__scene_translate_v04__L2__C5_D4__r02_s28102,scene_translate_v04,TRANSLATE,C5,D4,28102,13,84,5103,0.572727273,INTERFERES,INTERFERES,True,True,True
v1__scene_translate_v04__L2__C5_D4__r03_s28103,scene_translate_v04,TRANSLATE,C5,D4,28103,13,41,0,0.0,DOES_NOT_INTERFERE,DOES_NOT_INTERFERE,False,False,True
v1__scene_translate_v04__L2__C5_D4__r03_s28103,scene_translate_v04,TRANSLATE,C5,D4,28103,13,77,0,0.0,DOES_NOT_INTERFERE,DOES_NOT_INTERFERE,False,False,True
v1__scene_translate_v04__L2__C5_D4__r03_s28103,scene_translate_v04,TRANSLATE,C5,D4,28103,13,84,5103,0.572727273,INTERFERES,INTERFERES,True,True,True
v1__scene_translate_v04__L2__C5_D4__r04_s28104,scene_translate_v04,TRANSLATE,C5,D4,28104,13,41,0,0.0,DOES_NOT_INTERFERE,DOES_NOT_INTERFERE,False,False,True
v1__scene_translate_v04__L2__C5_D4__r04_s28104,scene_translate_v04,TRANSLATE,C5,D4,28104,13,77,0,0.0,DOES_NOT_INTERFERE,DOES_NOT_INTERFERE,False,False,True
v1__scene_translate_v04__L2__C5_D4__r04_s28104,scene_translate_v04,TRANSLATE,C5,D4,28104,13,84,5103,0.572727273,INTERFERES,INTERFERES,True,True,True
v1__scene_translate_v04__L2__C5_D4__r05_s28105,scene_translate_v04,TRANSLATE,C5,D4,28105,13,41,0,0.0,DOES_NOT_INTERFERE,INTERFERES,False,True,False
v1__scene_translate_v04__L2__C5_D4__r05_s28105,scene_translate_v04,TRANSLATE,C5,D4,28105,13,77,0,0.0,DOES_NOT_INTERFERE,DOES_NOT_INTERFERE,False,False,True
v1__scene_translate_v04__L2__C5_D4__r05_s28105,scene_translate_v04,TRANSLATE,C5,D4,28105,13,84,5103,0.572727273,INTERFERES,INTERFERES,True,True,True
v1__scene_translate_v04__L2__C5_D8__r01_s28101,scene_translate_v04,TRANSLATE,C5,D8,28101,13,41,0,0.0,DOES_NOT_INTERFERE,INTERFERES,False,True,False
v1__scene_translate_v04__L2__C5_D8__r01_s28101,scene_translate_v04,TRANSLATE,C5,D8,28101,13,77,0,0.0,DOES_NOT_INTERFERE,DOES_NOT_INTERFERE,False,False,True
v1__scene_translate_v04__L2__C5_D8__r01_s28101,scene_translate_v04,TRANSLATE,C5,D8,28101,13,84,5103,0.572727273,INTERFERES,INTERFERES,True,True,True
v1__scene_translate_v04__L2__C5_D8__r02_s28102,scene_translate_v04,TRANSLATE,C5,D8,28102,13,41,0,0.0,DOES_NOT_INTERFERE,INTERFERES,False,True,False
v1__scene_translate_v04__L2__C5_D8__r02_s28102,scene_translate_v04,TRANSLATE,C5,D8,28102,13,77,0,0.0,DOES_NOT_INTERFERE,DOES_NOT_INTERFERE,False,False,True
v1__scene_translate_v04__L2__C5_D8__r02_s28102,scene_translate_v04,TRANSLATE,C5,D8,28102,13,84,5103,0.572727273,INTERFERES,INTERFERES,True,True,True
v1__scene_translate_v04__L2__C5_D8__r03_s28103,scene_translate_v04,TRANSLATE,C5,D8,28103,13,41,0,0.0,DOES_NOT_INTERFERE,INTERFERES,False,True,False
v1__scene_translate_v04__L2__C5_D8__r03_s28103,scene_translate_v04,TRANSLATE,C5,D8,28103,13,77,0,0.0,DOES_NOT_INTERFERE,INTERFERES,False,True,False
v1__scene_translate_v04__L2__C5_D8__r03_s28103,scene_translate_v04,TRANSLATE,C5,D8,28103,13,84,5103,0.572727273,INTERFERES,INTERFERES,True,True,True
v1__scene_translate_v04__L2__C5_D8__r04_s28104,scene_translate_v04,TRANSLATE,C5,D8,28104,13,41,0,0.0,DOES_NOT_INTERFERE,INTERFERES,False,True,False
v1__scene_translate_v04__L2__C5_D8__r04_s28104,scene_translate_v04,TRANSLATE,C5,D8,28104,13,77,0,0.0,DOES_NOT_INTERFERE,DOES_NOT_INTERFERE,False,False,True
v1__scene_translate_v04__L2__C5_D8__r04_s28104,scene_translate_v04,TRANSLATE,C5,D8,28104,13,84,5103,0.572727273,INTERFERES,INTERFERES,True,True,True
v1__scene_translate_v04__L2__C5_D8__r05_s28105,scene_translate_v04,TRANSLATE,C5,D8,28105,13,41,0,0.0,DOES_NOT_INTERFERE,INTERFERES,False,True,False
v1__scene_translate_v04__L2__C5_D8__r05_s28105,scene_translate_v04,TRANSLATE,C5,D8,28105,13,77,0,0.0,DOES_NOT_INTERFERE,INTERFERES,False,True,False
v1__scene_translate_v04__L2__C5_D8__r05_s28105,scene_translate_v04,TRANSLATE,C5,D8,28105,13,84,5103,0.572727273,INTERFERES,INTERFERES,True,True,True
v1__scene_translate_v04__L2__C6_D4__r01_s28101,scene_translate_v04,TRANSLATE,C6,D4,28101,13,41,0,0.0,DOES_NOT_INTERFERE,DOES_NOT_INTERFERE,False,False,True
v1__scene_translate_v04__L2__C6_D4__r01_s28101,scene_translate_v04,TRANSLATE,C6,D4,28101,13,77,0,0.0,DOES_NOT_INTERFERE,DOES_NOT_INTERFERE,False,False,True
v1__scene_translate_v04__L2__C6_D4__r01_s28101,scene_translate_v04,TRANSLATE,C6,D4,28101,13,84,5103,0.572727273,INTERFERES,INTERFERES,True,True,True
v1__scene_translate_v04__L2__C6_D4__r02_s28102,scene_translate_v04,TRANSLATE,C6,D4,28102,13,41,0,0.0,DOES_NOT_INTERFERE,DOES_NOT_INTERFERE,False,False,True
v1__scene_translate_v04__L2__C6_D4__r02_s28102,scene_translate_v04,TRANSLATE,C6,D4,28102,13,77,0,0.0,DOES_NOT_INTERFERE,DOES_NOT_INTERFERE,False,False,True
v1__scene_translate_v04__L2__C6_D4__r02_s28102,scene_translate_v04,TRANSLATE,C6,D4,28102,13,84,5103,0.572727273,INTERFERES,INTERFERES,True,True,True
v1__scene_translate_v04__L2__C6_D4__r03_s28103,scene_translate_v04,TRANSLATE,C6,D4,28103,13,41,0,0.0,DOES_NOT_INTERFERE,DOES_NOT_INTERFERE,False,False,True
v1__scene_translate_v04__L2__C6_D4__r03_s28103,scene_translate_v04,TRANSLATE,C6,D4,28103,13,77,0,0.0,DOES_NOT_INTERFERE,DOES_NOT_INTERFERE,False,False,True
v1__scene_translate_v04__L2__C6_D4__r03_s28103,scene_translate_v04,TRANSLATE,C6,D4,28103,13,84,5103,0.572727273,INTERFERES,INTERFERES,True,True,True
v1__scene_translate_v04__L2__C6_D4__r04_s28104,scene_translate_v04,TRANSLATE,C6,D4,28104,13,41,0,0.0,DOES_NOT_INTERFERE,INTERFERES,False,True,False
v1__scene_translate_v04__L2__C6_D4__r04_s28104,scene_translate_v04,TRANSLATE,C6,D4,28104,13,77,0,0.0,DOES_NOT_INTERFERE,INTERFERES,False,True,False
v1__scene_translate_v04__L2__C6_D4__r04_s28104,scene_translate_v04,TRANSLATE,C6,D4,28104,13,84,5103,0.572727273,INTERFERES,INTERFERES,True,True,True
v1__scene_translate_v04__L2__C6_D4__r05_s28105,scene_translate_v04,TRANSLATE,C6,D4,28105,13,41,0,0.0,DOES_NOT_INTERFERE,DOES_NOT_INTERFERE,False,False,True
v1__scene_translate_v04__L2__C6_D4__r05_s28105,scene_translate_v04,TRANSLATE,C6,D4,28105,13,77,0,0.0,DOES_NOT_INTERFERE,DOES_NOT_INTERFERE,False,False,True
v1__scene_translate_v04__L2__C6_D4__r05_s28105,scene_translate_v04,TRANSLATE,C6,D4,28105,13,84,5103,0.572727273,INTERFERES,INTERFERES,True,True,True
v1__scene_translate_v04__L2__C6_D8__r01_s28101,scene_translate_v04,TRANSLATE,C6,D8,28101,13,41,0,0.0,DOES_NOT_INTERFERE,DOES_NOT_INTERFERE,False,False,True
v1__scene_translate_v04__L2__C6_D8__r01_s28101,scene_translate_v04,TRANSLATE,C6,D8,28101,13,77,0,0.0,DOES_NOT_INTERFERE,DOES_NOT_INTERFERE,False,False,True
v1__scene_translate_v04__L2__C6_D8__r01_s28101,scene_translate_v04,TRANSLATE,C6,D8,28101,13,84,5103,0.572727273,INTERFERES,INTERFERES,True,True,True
v1__scene_translate_v04__L2__C6_D8__r02_s28102,scene_translate_v04,TRANSLATE,C6,D8,28102,13,41,0,0.0,DOES_NOT_INTERFERE,INTERFERES,False,True,False
v1__scene_translate_v04__L2__C6_D8__r02_s28102,scene_translate_v04,TRANSLATE,C6,D8,28102,13,77,0,0.0,DOES_NOT_INTERFERE,DOES_NOT_INTERFERE,False,False,True
v1__scene_translate_v04__L2__C6_D8__r02_s28102,scene_translate_v04,TRANSLATE,C6,D8,28102,13,84,5103,0.572727273,INTERFERES,INTERFERES,True,True,True
v1__scene_translate_v04__L2__C6_D8__r03_s28103,scene_translate_v04,TRANSLATE,C6,D8,28103,13,41,0,0.0,DOES_NOT_INTERFERE,DOES_NOT_INTERFERE,False,False,True
v1__scene_translate_v04__L2__C6_D8__r03_s28103,scene_translate_v04,TRANSLATE,C6,D8,28103,13,77,0,0.0,DOES_NOT_INTERFERE,DOES_NOT_INTERFERE,False,False,True
v1__scene_translate_v04__L2__C6_D8__r03_s28103,scene_translate_v04,TRANSLATE,C6,D8,28103,13,84,5103,0.572727273,INTERFERES,INTERFERES,True,True,True
v1__scene_translate_v04__L2__C6_D8__r04_s28104,scene_translate_v04,TRANSLATE,C6,D8,28104,13,41,0,0.0,DOES_NOT_INTERFERE,INTERFERES,False,True,False
v1__scene_translate_v04__L2__C6_D8__r04_s28104,scene_translate_v04,TRANSLATE,C6,D8,28104,13,77,0,0.0,DOES_NOT_INTERFERE,DOES_NOT_INTERFERE,False,False,True
v1__scene_translate_v04__L2__C6_D8__r04_s28104,scene_translate_v04,TRANSLATE,C6,D8,28104,13,84,5103,0.572727273,INTERFERES,INTERFERES,True,True,True
v1__scene_translate_v04__L2__C6_D8__r05_s28105,scene_translate_v04,TRANSLATE,C6,D8,28105,13,41,0,0.0,DOES_NOT_INTERFERE,DOES_NOT_INTERFERE,False,False,True
v1__scene_translate_v04__L2__C6_D8__r05_s28105,scene_translate_v04,TRANSLATE,C6,D8,28105,13,77,0,0.0,DOES_NOT_INTERFERE,DOES_NOT_INTERFERE,False,False,True
v1__scene_translate_v04__L2__C6_D8__r05_s28105,scene_translate_v04,TRANSLATE,C6,D8,28105,13,84,5103,0.572727273,INTERFERES,INTERFERES,True,True,True
v1__scene_translate_v05__L2__C0_NA__r01_s28101,scene_translate_v05,TRANSLATE,C0,,28101,54,49,0,0.0,DOES_NOT_INTERFERE,DOES_NOT_INTERFERE,False,False,True
v1__scene_translate_v05__L2__C0_NA__r01_s28101,scene_translate_v05,TRANSLATE,C0,,28101,54,66,0,0.0,DOES_NOT_INTERFERE,DOES_NOT_INTERFERE,False,False,True
v1__scene_translate_v05__L2__C0_NA__r01_s28101,scene_translate_v05,TRANSLATE,C0,,28101,54,79,5350,0.524458386,INTERFERES,DOES_NOT_INTERFERE,True,False,False
v1__scene_translate_v05__L2__C0_NA__r01_s28101,scene_translate_v05,TRANSLATE,C0,,28101,54,82,0,0.0,DOES_NOT_INTERFERE,DOES_NOT_INTERFERE,False,False,True
v1__scene_translate_v05__L2__C0_NA__r02_s28102,scene_translate_v05,TRANSLATE,C0,,28102,54,49,0,0.0,DOES_NOT_INTERFERE,DOES_NOT_INTERFERE,False,False,True
v1__scene_translate_v05__L2__C0_NA__r02_s28102,scene_translate_v05,TRANSLATE,C0,,28102,54,66,0,0.0,DOES_NOT_INTERFERE,DOES_NOT_INTERFERE,False,False,True
v1__scene_translate_v05__L2__C0_NA__r02_s28102,scene_translate_v05,TRANSLATE,C0,,28102,54,79,5350,0.524458386,INTERFERES,DOES_NOT_INTERFERE,True,False,False
v1__scene_translate_v05__L2__C0_NA__r02_s28102,scene_translate_v05,TRANSLATE,C0,,28102,54,82,0,0.0,DOES_NOT_INTERFERE,DOES_NOT_INTERFERE,False,False,True
v1__scene_translate_v05__L2__C0_NA__r03_s28103,scene_translate_v05,TRANSLATE,C0,,28103,54,49,0,0.0,DOES_NOT_INTERFERE,DOES_NOT_INTERFERE,False,False,True
v1__scene_translate_v05__L2__C0_NA__r03_s28103,scene_translate_v05,TRANSLATE,C0,,28103,54,66,0,0.0,DOES_NOT_INTERFERE,DOES_NOT_INTERFERE,False,False,True
v1__scene_translate_v05__L2__C0_NA__r03_s28103,scene_translate_v05,TRANSLATE,C0,,28103,54,79,5350,0.524458386,INTERFERES,DOES_NOT_INTERFERE,True,False,False
v1__scene_translate_v05__L2__C0_NA__r03_s28103,scene_translate_v05,TRANSLATE,C0,,28103,54,82,0,0.0,DOES_NOT_INTERFERE,DOES_NOT_INTERFERE,False,False,True
v1__scene_translate_v05__L2__C0_NA__r04_s28104,scene_translate_v05,TRANSLATE,C0,,28104,54,49,0,0.0,DOES_NOT_INTERFERE,DOES_NOT_INTERFERE,False,False,True
v1__scene_translate_v05__L2__C0_NA__r04_s28104,scene_translate_v05,TRANSLATE,C0,,28104,54,66,0,0.0,DOES_NOT_INTERFERE,DOES_NOT_INTERFERE,False,False,True
v1__scene_translate_v05__L2__C0_NA__r04_s28104,scene_translate_v05,TRANSLATE,C0,,28104,54,79,5350,0.524458386,INTERFERES,DOES_NOT_INTERFERE,True,False,False
v1__scene_translate_v05__L2__C0_NA__r04_s28104,scene_translate_v05,TRANSLATE,C0,,28104,54,82,0,0.0,DOES_NOT_INTERFERE,DOES_NOT_INTERFERE,False,False,True
v1__scene_translate_v05__L2__C0_NA__r05_s28105,scene_translate_v05,TRANSLATE,C0,,28105,54,49,0,0.0,DOES_NOT_INTERFERE,DOES_NOT_INTERFERE,False,False,True
v1__scene_translate_v05__L2__C0_NA__r05_s28105,scene_translate_v05,TRANSLATE,C0,,28105,54,66,0,0.0,DOES_NOT_INTERFERE,DOES_NOT_INTERFERE,False,False,True
v1__scene_translate_v05__L2__C0_NA__r05_s28105,scene_translate_v05,TRANSLATE,C0,,28105,54,79,5350,0.524458386,INTERFERES,DOES_NOT_INTERFERE,True,False,False
v1__scene_translate_v05__L2__C0_NA__r05_s28105,scene_translate_v05,TRANSLATE,C0,,28105,54,82,0,0.0,DOES_NOT_INTERFERE,DOES_NOT_INTERFERE,False,False,True
v1__scene_translate_v05__L2__C1_NA__r01_s28101,scene_translate_v05,TRANSLATE,C1,,28101,54,49,0,0.0,DOES_NOT_INTERFERE,DOES_NOT_INTERFERE,False,False,True
v1__scene_translate_v05__L2__C1_NA__r01_s28101,scene_translate_v05,TRANSLATE,C1,,28101,54,66,0,0.0,DOES_NOT_INTERFERE,DOES_NOT_INTERFERE,False,False,True
v1__scene_translate_v05__L2__C1_NA__r01_s28101,scene_translate_v05,TRANSLATE,C1,,28101,54,79,5350,0.524458386,INTERFERES,DOES_NOT_INTERFERE,True,False,False
v1__scene_translate_v05__L2__C1_NA__r01_s28101,scene_translate_v05,TRANSLATE,C1,,28101,54,82,0,0.0,DOES_NOT_INTERFERE,DOES_NOT_INTERFERE,False,False,True
v1__scene_translate_v05__L2__C1_NA__r02_s28102,scene_translate_v05,TRANSLATE,C1,,28102,54,49,0,0.0,DOES_NOT_INTERFERE,DOES_NOT_INTERFERE,False,False,True
v1__scene_translate_v05__L2__C1_NA__r02_s28102,scene_translate_v05,TRANSLATE,C1,,28102,54,66,0,0.0,DOES_NOT_INTERFERE,DOES_NOT_INTERFERE,False,False,True
v1__scene_translate_v05__L2__C1_NA__r02_s28102,scene_translate_v05,TRANSLATE,C1,,28102,54,79,5350,0.524458386,INTERFERES,DOES_NOT_INTERFERE,True,False,False
v1__scene_translate_v05__L2__C1_NA__r02_s28102,scene_translate_v05,TRANSLATE,C1,,28102,54,82,0,0.0,DOES_NOT_INTERFERE,DOES_NOT_INTERFERE,False,False,True
v1__scene_translate_v05__L2__C1_NA__r03_s28103,scene_translate_v05,TRANSLATE,C1,,28103,54,49,0,0.0,DOES_NOT_INTERFERE,DOES_NOT_INTERFERE,False,False,True
v1__scene_translate_v05__L2__C1_NA__r03_s28103,scene_translate_v05,TRANSLATE,C1,,28103,54,66,0,0.0,DOES_NOT_INTERFERE,DOES_NOT_INTERFERE,False,False,True
v1__scene_translate_v05__L2__C1_NA__r03_s28103,scene_translate_v05,TRANSLATE,C1,,28103,54,79,5350,0.524458386,INTERFERES,DOES_NOT_INTERFERE,True,False,False
v1__scene_translate_v05__L2__C1_NA__r03_s28103,scene_translate_v05,TRANSLATE,C1,,28103,54,82,0,0.0,DOES_NOT_INTERFERE,DOES_NOT_INTERFERE,False,False,True
v1__scene_translate_v05__L2__C1_NA__r04_s28104,scene_translate_v05,TRANSLATE,C1,,28104,54,49,0,0.0,DOES_NOT_INTERFERE,DOES_NOT_INTERFERE,False,False,True
v1__scene_translate_v05__L2__C1_NA__r04_s28104,scene_translate_v05,TRANSLATE,C1,,28104,54,66,0,0.0,DOES_NOT_INTERFERE,DOES_NOT_INTERFERE,False,False,True
v1__scene_translate_v05__L2__C1_NA__r04_s28104,scene_translate_v05,TRANSLATE,C1,,28104,54,79,5350,0.524458386,INTERFERES,DOES_NOT_INTERFERE,True,False,False
v1__scene_translate_v05__L2__C1_NA__r04_s28104,scene_translate_v05,TRANSLATE,C1,,28104,54,82,0,0.0,DOES_NOT_INTERFERE,DOES_NOT_INTERFERE,False,False,True
v1__scene_translate_v05__L2__C1_NA__r05_s28105,scene_translate_v05,TRANSLATE,C1,,28105,54,49,0,0.0,DOES_NOT_INTERFERE,DOES_NOT_INTERFERE,False,False,True
v1__scene_translate_v05__L2__C1_NA__r05_s28105,scene_translate_v05,TRANSLATE,C1,,28105,54,66,0,0.0,DOES_NOT_INTERFERE,DOES_NOT_INTERFERE,False,False,True
v1__scene_translate_v05__L2__C1_NA__r05_s28105,scene_translate_v05,TRANSLATE,C1,,28105,54,79,5350,0.524458386,INTERFERES,DOES_NOT_INTERFERE,True,False,False
v1__scene_translate_v05__L2__C1_NA__r05_s28105,scene_translate_v05,TRANSLATE,C1,,28105,54,82,0,0.0,DOES_NOT_INTERFERE,DOES_NOT_INTERFERE,False,False,True
v1__scene_translate_v05__L2__C2_D4__r01_s28101,scene_translate_v05,TRANSLATE,C2,D4,28101,54,49,0,0.0,DOES_NOT_INTERFERE,DOES_NOT_INTERFERE,False,False,True
v1__scene_translate_v05__L2__C2_D4__r01_s28101,scene_translate_v05,TRANSLATE,C2,D4,28101,54,66,0,0.0,DOES_NOT_INTERFERE,DOES_NOT_INTERFERE,False,False,True
v1__scene_translate_v05__L2__C2_D4__r01_s28101,scene_translate_v05,TRANSLATE,C2,D4,28101,54,79,5350,0.524458386,INTERFERES,DOES_NOT_INTERFERE,True,False,False
v1__scene_translate_v05__L2__C2_D4__r01_s28101,scene_translate_v05,TRANSLATE,C2,D4,28101,54,82,0,0.0,DOES_NOT_INTERFERE,DOES_NOT_INTERFERE,False,False,True
v1__scene_translate_v05__L2__C2_D4__r02_s28102,scene_translate_v05,TRANSLATE,C2,D4,28102,54,49,0,0.0,DOES_NOT_INTERFERE,DOES_NOT_INTERFERE,False,False,True
v1__scene_translate_v05__L2__C2_D4__r02_s28102,scene_translate_v05,TRANSLATE,C2,D4,28102,54,66,0,0.0,DOES_NOT_INTERFERE,DOES_NOT_INTERFERE,False,False,True
v1__scene_translate_v05__L2__C2_D4__r02_s28102,scene_translate_v05,TRANSLATE,C2,D4,28102,54,79,5350,0.524458386,INTERFERES,DOES_NOT_INTERFERE,True,False,False
v1__scene_translate_v05__L2__C2_D4__r02_s28102,scene_translate_v05,TRANSLATE,C2,D4,28102,54,82,0,0.0,DOES_NOT_INTERFERE,DOES_NOT_INTERFERE,False,False,True
v1__scene_translate_v05__L2__C2_D4__r03_s28103,scene_translate_v05,TRANSLATE,C2,D4,28103,54,49,0,0.0,DOES_NOT_INTERFERE,DOES_NOT_INTERFERE,False,False,True
v1__scene_translate_v05__L2__C2_D4__r03_s28103,scene_translate_v05,TRANSLATE,C2,D4,28103,54,66,0,0.0,DOES_NOT_INTERFERE,DOES_NOT_INTERFERE,False,False,True
v1__scene_translate_v05__L2__C2_D4__r03_s28103,scene_translate_v05,TRANSLATE,C2,D4,28103,54,79,5350,0.524458386,INTERFERES,DOES_NOT_INTERFERE,True,False,False
v1__scene_translate_v05__L2__C2_D4__r03_s28103,scene_translate_v05,TRANSLATE,C2,D4,28103,54,82,0,0.0,DOES_NOT_INTERFERE,DOES_NOT_INTERFERE,False,False,True
v1__scene_translate_v05__L2__C2_D4__r04_s28104,scene_translate_v05,TRANSLATE,C2,D4,28104,54,49,0,0.0,DOES_NOT_INTERFERE,DOES_NOT_INTERFERE,False,False,True
v1__scene_translate_v05__L2__C2_D4__r04_s28104,scene_translate_v05,TRANSLATE,C2,D4,28104,54,66,0,0.0,DOES_NOT_INTERFERE,DOES_NOT_INTERFERE,False,False,True
v1__scene_translate_v05__L2__C2_D4__r04_s28104,scene_translate_v05,TRANSLATE,C2,D4,28104,54,79,5350,0.524458386,INTERFERES,DOES_NOT_INTERFERE,True,False,False
v1__scene_translate_v05__L2__C2_D4__r04_s28104,scene_translate_v05,TRANSLATE,C2,D4,28104,54,82,0,0.0,DOES_NOT_INTERFERE,DOES_NOT_INTERFERE,False,False,True
v1__scene_translate_v05__L2__C2_D4__r05_s28105,scene_translate_v05,TRANSLATE,C2,D4,28105,54,49,0,0.0,DOES_NOT_INTERFERE,DOES_NOT_INTERFERE,False,False,True
v1__scene_translate_v05__L2__C2_D4__r05_s28105,scene_translate_v05,TRANSLATE,C2,D4,28105,54,66,0,0.0,DOES_NOT_INTERFERE,DOES_NOT_INTERFERE,False,False,True
v1__scene_translate_v05__L2__C2_D4__r05_s28105,scene_translate_v05,TRANSLATE,C2,D4,28105,54,79,5350,0.524458386,INTERFERES,DOES_NOT_INTERFERE,True,False,False
v1__scene_translate_v05__L2__C2_D4__r05_s28105,scene_translate_v05,TRANSLATE,C2,D4,28105,54,82,0,0.0,DOES_NOT_INTERFERE,DOES_NOT_INTERFERE,False,False,True
v1__scene_translate_v05__L2__C2_D8__r01_s28101,scene_translate_v05,TRANSLATE,C2,D8,28101,54,49,0,0.0,DOES_NOT_INTERFERE,DOES_NOT_INTERFERE,False,False,True
v1__scene_translate_v05__L2__C2_D8__r01_s28101,scene_translate_v05,TRANSLATE,C2,D8,28101,54,66,0,0.0,DOES_NOT_INTERFERE,DOES_NOT_INTERFERE,False,False,True
v1__scene_translate_v05__L2__C2_D8__r01_s28101,scene_translate_v05,TRANSLATE,C2,D8,28101,54,79,5350,0.524458386,INTERFERES,DOES_NOT_INTERFERE,True,False,False
v1__scene_translate_v05__L2__C2_D8__r01_s28101,scene_translate_v05,TRANSLATE,C2,D8,28101,54,82,0,0.0,DOES_NOT_INTERFERE,DOES_NOT_INTERFERE,False,False,True
v1__scene_translate_v05__L2__C2_D8__r02_s28102,scene_translate_v05,TRANSLATE,C2,D8,28102,54,49,0,0.0,DOES_NOT_INTERFERE,DOES_NOT_INTERFERE,False,False,True
v1__scene_translate_v05__L2__C2_D8__r02_s28102,scene_translate_v05,TRANSLATE,C2,D8,28102,54,66,0,0.0,DOES_NOT_INTERFERE,DOES_NOT_INTERFERE,False,False,True
v1__scene_translate_v05__L2__C2_D8__r02_s28102,scene_translate_v05,TRANSLATE,C2,D8,28102,54,79,5350,0.524458386,INTERFERES,DOES_NOT_INTERFERE,True,False,False
v1__scene_translate_v05__L2__C2_D8__r02_s28102,scene_translate_v05,TRANSLATE,C2,D8,28102,54,82,0,0.0,DOES_NOT_INTERFERE,DOES_NOT_INTERFERE,False,False,True
v1__scene_translate_v05__L2__C2_D8__r03_s28103,scene_translate_v05,TRANSLATE,C2,D8,28103,54,49,0,0.0,DOES_NOT_INTERFERE,DOES_NOT_INTERFERE,False,False,True
v1__scene_translate_v05__L2__C2_D8__r03_s28103,scene_translate_v05,TRANSLATE,C2,D8,28103,54,66,0,0.0,DOES_NOT_INTERFERE,DOES_NOT_INTERFERE,False,False,True
v1__scene_translate_v05__L2__C2_D8__r03_s28103,scene_translate_v05,TRANSLATE,C2,D8,28103,54,79,5350,0.524458386,INTERFERES,DOES_NOT_INTERFERE,True,False,False
v1__scene_translate_v05__L2__C2_D8__r03_s28103,scene_translate_v05,TRANSLATE,C2,D8,28103,54,82,0,0.0,DOES_NOT_INTERFERE,DOES_NOT_INTERFERE,False,False,True
v1__scene_translate_v05__L2__C2_D8__r04_s28104,scene_translate_v05,TRANSLATE,C2,D8,28104,54,49,0,0.0,DOES_NOT_INTERFERE,DOES_NOT_INTERFERE,False,False,True
v1__scene_translate_v05__L2__C2_D8__r04_s28104,scene_translate_v05,TRANSLATE,C2,D8,28104,54,66,0,0.0,DOES_NOT_INTERFERE,DOES_NOT_INTERFERE,False,False,True
v1__scene_translate_v05__L2__C2_D8__r04_s28104,scene_translate_v05,TRANSLATE,C2,D8,28104,54,79,5350,0.524458386,INTERFERES,DOES_NOT_INTERFERE,True,False,False
v1__scene_translate_v05__L2__C2_D8__r04_s28104,scene_translate_v05,TRANSLATE,C2,D8,28104,54,82,0,0.0,DOES_NOT_INTERFERE,DOES_NOT_INTERFERE,False,False,True
v1__scene_translate_v05__L2__C2_D8__r05_s28105,scene_translate_v05,TRANSLATE,C2,D8,28105,54,49,0,0.0,DOES_NOT_INTERFERE,DOES_NOT_INTERFERE,False,False,True
v1__scene_translate_v05__L2__C2_D8__r05_s28105,scene_translate_v05,TRANSLATE,C2,D8,28105,54,66,0,0.0,DOES_NOT_INTERFERE,DOES_NOT_INTERFERE,False,False,True
v1__scene_translate_v05__L2__C2_D8__r05_s28105,scene_translate_v05,TRANSLATE,C2,D8,28105,54,79,5350,0.524458386,INTERFERES,DOES_NOT_INTERFERE,True,False,False
v1__scene_translate_v05__L2__C2_D8__r05_s28105,scene_translate_v05,TRANSLATE,C2,D8,28105,54,82,0,0.0,DOES_NOT_INTERFERE,DOES_NOT_INTERFERE,False,False,True
v1__scene_translate_v05__L2__C3_D4__r01_s28101,scene_translate_v05,TRANSLATE,C3,D4,28101,54,49,0,0.0,DOES_NOT_INTERFERE,DOES_NOT_INTERFERE,False,False,True
v1__scene_translate_v05__L2__C3_D4__r01_s28101,scene_translate_v05,TRANSLATE,C3,D4,28101,54,66,0,0.0,DOES_NOT_INTERFERE,DOES_NOT_INTERFERE,False,False,True
v1__scene_translate_v05__L2__C3_D4__r01_s28101,scene_translate_v05,TRANSLATE,C3,D4,28101,54,79,5350,0.524458386,INTERFERES,DOES_NOT_INTERFERE,True,False,False
v1__scene_translate_v05__L2__C3_D4__r01_s28101,scene_translate_v05,TRANSLATE,C3,D4,28101,54,82,0,0.0,DOES_NOT_INTERFERE,DOES_NOT_INTERFERE,False,False,True
v1__scene_translate_v05__L2__C3_D4__r02_s28102,scene_translate_v05,TRANSLATE,C3,D4,28102,54,49,0,0.0,DOES_NOT_INTERFERE,DOES_NOT_INTERFERE,False,False,True
v1__scene_translate_v05__L2__C3_D4__r02_s28102,scene_translate_v05,TRANSLATE,C3,D4,28102,54,66,0,0.0,DOES_NOT_INTERFERE,DOES_NOT_INTERFERE,False,False,True
v1__scene_translate_v05__L2__C3_D4__r02_s28102,scene_translate_v05,TRANSLATE,C3,D4,28102,54,79,5350,0.524458386,INTERFERES,DOES_NOT_INTERFERE,True,False,False
v1__scene_translate_v05__L2__C3_D4__r02_s28102,scene_translate_v05,TRANSLATE,C3,D4,28102,54,82,0,0.0,DOES_NOT_INTERFERE,DOES_NOT_INTERFERE,False,False,True
v1__scene_translate_v05__L2__C3_D4__r03_s28103,scene_translate_v05,TRANSLATE,C3,D4,28103,54,49,0,0.0,DOES_NOT_INTERFERE,DOES_NOT_INTERFERE,False,False,True
v1__scene_translate_v05__L2__C3_D4__r03_s28103,scene_translate_v05,TRANSLATE,C3,D4,28103,54,66,0,0.0,DOES_NOT_INTERFERE,DOES_NOT_INTERFERE,False,False,True
v1__scene_translate_v05__L2__C3_D4__r03_s28103,scene_translate_v05,TRANSLATE,C3,D4,28103,54,79,5350,0.524458386,INTERFERES,DOES_NOT_INTERFERE,True,False,False
v1__scene_translate_v05__L2__C3_D4__r03_s28103,scene_translate_v05,TRANSLATE,C3,D4,28103,54,82,0,0.0,DOES_NOT_INTERFERE,DOES_NOT_INTERFERE,False,False,True
v1__scene_translate_v05__L2__C3_D4__r04_s28104,scene_translate_v05,TRANSLATE,C3,D4,28104,54,49,0,0.0,DOES_NOT_INTERFERE,DOES_NOT_INTERFERE,False,False,True
v1__scene_translate_v05__L2__C3_D4__r04_s28104,scene_translate_v05,TRANSLATE,C3,D4,28104,54,66,0,0.0,DOES_NOT_INTERFERE,DOES_NOT_INTERFERE,False,False,True
v1__scene_translate_v05__L2__C3_D4__r04_s28104,scene_translate_v05,TRANSLATE,C3,D4,28104,54,79,5350,0.524458386,INTERFERES,DOES_NOT_INTERFERE,True,False,False
v1__scene_translate_v05__L2__C3_D4__r04_s28104,scene_translate_v05,TRANSLATE,C3,D4,28104,54,82,0,0.0,DOES_NOT_INTERFERE,DOES_NOT_INTERFERE,False,False,True
v1__scene_translate_v05__L2__C3_D4__r05_s28105,scene_translate_v05,TRANSLATE,C3,D4,28105,54,49,0,0.0,DOES_NOT_INTERFERE,DOES_NOT_INTERFERE,False,False,True
v1__scene_translate_v05__L2__C3_D4__r05_s28105,scene_translate_v05,TRANSLATE,C3,D4,28105,54,66,0,0.0,DOES_NOT_INTERFERE,DOES_NOT_INTERFERE,False,False,True
v1__scene_translate_v05__L2__C3_D4__r05_s28105,scene_translate_v05,TRANSLATE,C3,D4,28105,54,79,5350,0.524458386,INTERFERES,DOES_NOT_INTERFERE,True,False,False
v1__scene_translate_v05__L2__C3_D4__r05_s28105,scene_translate_v05,TRANSLATE,C3,D4,28105,54,82,0,0.0,DOES_NOT_INTERFERE,DOES_NOT_INTERFERE,False,False,True
v1__scene_translate_v05__L2__C3_D8__r01_s28101,scene_translate_v05,TRANSLATE,C3,D8,28101,54,49,0,0.0,DOES_NOT_INTERFERE,DOES_NOT_INTERFERE,False,False,True
v1__scene_translate_v05__L2__C3_D8__r01_s28101,scene_translate_v05,TRANSLATE,C3,D8,28101,54,66,0,0.0,DOES_NOT_INTERFERE,DOES_NOT_INTERFERE,False,False,True
v1__scene_translate_v05__L2__C3_D8__r01_s28101,scene_translate_v05,TRANSLATE,C3,D8,28101,54,79,5350,0.524458386,INTERFERES,DOES_NOT_INTERFERE,True,False,False
v1__scene_translate_v05__L2__C3_D8__r01_s28101,scene_translate_v05,TRANSLATE,C3,D8,28101,54,82,0,0.0,DOES_NOT_INTERFERE,DOES_NOT_INTERFERE,False,False,True
v1__scene_translate_v05__L2__C3_D8__r02_s28102,scene_translate_v05,TRANSLATE,C3,D8,28102,54,49,0,0.0,DOES_NOT_INTERFERE,DOES_NOT_INTERFERE,False,False,True
v1__scene_translate_v05__L2__C3_D8__r02_s28102,scene_translate_v05,TRANSLATE,C3,D8,28102,54,66,0,0.0,DOES_NOT_INTERFERE,DOES_NOT_INTERFERE,False,False,True
v1__scene_translate_v05__L2__C3_D8__r02_s28102,scene_translate_v05,TRANSLATE,C3,D8,28102,54,79,5350,0.524458386,INTERFERES,DOES_NOT_INTERFERE,True,False,False
v1__scene_translate_v05__L2__C3_D8__r02_s28102,scene_translate_v05,TRANSLATE,C3,D8,28102,54,82,0,0.0,DOES_NOT_INTERFERE,DOES_NOT_INTERFERE,False,False,True
v1__scene_translate_v05__L2__C3_D8__r03_s28103,scene_translate_v05,TRANSLATE,C3,D8,28103,54,49,0,0.0,DOES_NOT_INTERFERE,DOES_NOT_INTERFERE,False,False,True
v1__scene_translate_v05__L2__C3_D8__r03_s28103,scene_translate_v05,TRANSLATE,C3,D8,28103,54,66,0,0.0,DOES_NOT_INTERFERE,DOES_NOT_INTERFERE,False,False,True
v1__scene_translate_v05__L2__C3_D8__r03_s28103,scene_translate_v05,TRANSLATE,C3,D8,28103,54,79,5350,0.524458386,INTERFERES,DOES_NOT_INTERFERE,True,False,False
v1__scene_translate_v05__L2__C3_D8__r03_s28103,scene_translate_v05,TRANSLATE,C3,D8,28103,54,82,0,0.0,DOES_NOT_INTERFERE,DOES_NOT_INTERFERE,False,False,True
v1__scene_translate_v05__L2__C3_D8__r04_s28104,scene_translate_v05,TRANSLATE,C3,D8,28104,54,49,0,0.0,DOES_NOT_INTERFERE,DOES_NOT_INTERFERE,False,False,True
v1__scene_translate_v05__L2__C3_D8__r04_s28104,scene_translate_v05,TRANSLATE,C3,D8,28104,54,66,0,0.0,DOES_NOT_INTERFERE,DOES_NOT_INTERFERE,False,False,True
v1__scene_translate_v05__L2__C3_D8__r04_s28104,scene_translate_v05,TRANSLATE,C3,D8,28104,54,79,5350,0.524458386,INTERFERES,DOES_NOT_INTERFERE,True,False,False
v1__scene_translate_v05__L2__C3_D8__r04_s28104,scene_translate_v05,TRANSLATE,C3,D8,28104,54,82,0,0.0,DOES_NOT_INTERFERE,DOES_NOT_INTERFERE,False,False,True
v1__scene_translate_v05__L2__C3_D8__r05_s28105,scene_translate_v05,TRANSLATE,C3,D8,28105,54,49,0,0.0,DOES_NOT_INTERFERE,DOES_NOT_INTERFERE,False,False,True
v1__scene_translate_v05__L2__C3_D8__r05_s28105,scene_translate_v05,TRANSLATE,C3,D8,28105,54,66,0,0.0,DOES_NOT_INTERFERE,DOES_NOT_INTERFERE,False,False,True
v1__scene_translate_v05__L2__C3_D8__r05_s28105,scene_translate_v05,TRANSLATE,C3,D8,28105,54,79,5350,0.524458386,INTERFERES,DOES_NOT_INTERFERE,True,False,False
v1__scene_translate_v05__L2__C3_D8__r05_s28105,scene_translate_v05,TRANSLATE,C3,D8,28105,54,82,0,0.0,DOES_NOT_INTERFERE,DOES_NOT_INTERFERE,False,False,True
v1__scene_translate_v05__L2__C4_D4__r01_s28101,scene_translate_v05,TRANSLATE,C4,D4,28101,54,49,0,0.0,DOES_NOT_INTERFERE,DOES_NOT_INTERFERE,False,False,True
v1__scene_translate_v05__L2__C4_D4__r01_s28101,scene_translate_v05,TRANSLATE,C4,D4,28101,54,66,0,0.0,DOES_NOT_INTERFERE,DOES_NOT_INTERFERE,False,False,True
v1__scene_translate_v05__L2__C4_D4__r01_s28101,scene_translate_v05,TRANSLATE,C4,D4,28101,54,79,5350,0.524458386,INTERFERES,DOES_NOT_INTERFERE,True,False,False
v1__scene_translate_v05__L2__C4_D4__r01_s28101,scene_translate_v05,TRANSLATE,C4,D4,28101,54,82,0,0.0,DOES_NOT_INTERFERE,DOES_NOT_INTERFERE,False,False,True
v1__scene_translate_v05__L2__C4_D4__r02_s28102,scene_translate_v05,TRANSLATE,C4,D4,28102,54,49,0,0.0,DOES_NOT_INTERFERE,DOES_NOT_INTERFERE,False,False,True
v1__scene_translate_v05__L2__C4_D4__r02_s28102,scene_translate_v05,TRANSLATE,C4,D4,28102,54,66,0,0.0,DOES_NOT_INTERFERE,DOES_NOT_INTERFERE,False,False,True
v1__scene_translate_v05__L2__C4_D4__r02_s28102,scene_translate_v05,TRANSLATE,C4,D4,28102,54,79,5350,0.524458386,INTERFERES,DOES_NOT_INTERFERE,True,False,False
v1__scene_translate_v05__L2__C4_D4__r02_s28102,scene_translate_v05,TRANSLATE,C4,D4,28102,54,82,0,0.0,DOES_NOT_INTERFERE,DOES_NOT_INTERFERE,False,False,True
v1__scene_translate_v05__L2__C4_D4__r03_s28103,scene_translate_v05,TRANSLATE,C4,D4,28103,54,49,0,0.0,DOES_NOT_INTERFERE,DOES_NOT_INTERFERE,False,False,True
v1__scene_translate_v05__L2__C4_D4__r03_s28103,scene_translate_v05,TRANSLATE,C4,D4,28103,54,66,0,0.0,DOES_NOT_INTERFERE,DOES_NOT_INTERFERE,False,False,True
v1__scene_translate_v05__L2__C4_D4__r03_s28103,scene_translate_v05,TRANSLATE,C4,D4,28103,54,79,5350,0.524458386,INTERFERES,DOES_NOT_INTERFERE,True,False,False
v1__scene_translate_v05__L2__C4_D4__r03_s28103,scene_translate_v05,TRANSLATE,C4,D4,28103,54,82,0,0.0,DOES_NOT_INTERFERE,DOES_NOT_INTERFERE,False,False,True
v1__scene_translate_v05__L2__C4_D4__r04_s28104,scene_translate_v05,TRANSLATE,C4,D4,28104,54,49,0,0.0,DOES_NOT_INTERFERE,DOES_NOT_INTERFERE,False,False,True
v1__scene_translate_v05__L2__C4_D4__r04_s28104,scene_translate_v05,TRANSLATE,C4,D4,28104,54,66,0,0.0,DOES_NOT_INTERFERE,DOES_NOT_INTERFERE,False,False,True
v1__scene_translate_v05__L2__C4_D4__r04_s28104,scene_translate_v05,TRANSLATE,C4,D4,28104,54,79,5350,0.524458386,INTERFERES,DOES_NOT_INTERFERE,True,False,False
v1__scene_translate_v05__L2__C4_D4__r04_s28104,scene_translate_v05,TRANSLATE,C4,D4,28104,54,82,0,0.0,DOES_NOT_INTERFERE,DOES_NOT_INTERFERE,False,False,True
v1__scene_translate_v05__L2__C4_D4__r05_s28105,scene_translate_v05,TRANSLATE,C4,D4,28105,54,49,0,0.0,DOES_NOT_INTERFERE,DOES_NOT_INTERFERE,False,False,True
v1__scene_translate_v05__L2__C4_D4__r05_s28105,scene_translate_v05,TRANSLATE,C4,D4,28105,54,66,0,0.0,DOES_NOT_INTERFERE,DOES_NOT_INTERFERE,False,False,True
v1__scene_translate_v05__L2__C4_D4__r05_s28105,scene_translate_v05,TRANSLATE,C4,D4,28105,54,79,5350,0.524458386,INTERFERES,DOES_NOT_INTERFERE,True,False,False
v1__scene_translate_v05__L2__C4_D4__r05_s28105,scene_translate_v05,TRANSLATE,C4,D4,28105,54,82,0,0.0,DOES_NOT_INTERFERE,DOES_NOT_INTERFERE,False,False,True
v1__scene_translate_v05__L2__C4_D8__r01_s28101,scene_translate_v05,TRANSLATE,C4,D8,28101,54,49,0,0.0,DOES_NOT_INTERFERE,DOES_NOT_INTERFERE,False,False,True
v1__scene_translate_v05__L2__C4_D8__r01_s28101,scene_translate_v05,TRANSLATE,C4,D8,28101,54,66,0,0.0,DOES_NOT_INTERFERE,DOES_NOT_INTERFERE,False,False,True
v1__scene_translate_v05__L2__C4_D8__r01_s28101,scene_translate_v05,TRANSLATE,C4,D8,28101,54,79,5350,0.524458386,INTERFERES,DOES_NOT_INTERFERE,True,False,False
v1__scene_translate_v05__L2__C4_D8__r01_s28101,scene_translate_v05,TRANSLATE,C4,D8,28101,54,82,0,0.0,DOES_NOT_INTERFERE,DOES_NOT_INTERFERE,False,False,True
v1__scene_translate_v05__L2__C4_D8__r02_s28102,scene_translate_v05,TRANSLATE,C4,D8,28102,54,49,0,0.0,DOES_NOT_INTERFERE,DOES_NOT_INTERFERE,False,False,True
v1__scene_translate_v05__L2__C4_D8__r02_s28102,scene_translate_v05,TRANSLATE,C4,D8,28102,54,66,0,0.0,DOES_NOT_INTERFERE,DOES_NOT_INTERFERE,False,False,True
v1__scene_translate_v05__L2__C4_D8__r02_s28102,scene_translate_v05,TRANSLATE,C4,D8,28102,54,79,5350,0.524458386,INTERFERES,DOES_NOT_INTERFERE,True,False,False
v1__scene_translate_v05__L2__C4_D8__r02_s28102,scene_translate_v05,TRANSLATE,C4,D8,28102,54,82,0,0.0,DOES_NOT_INTERFERE,DOES_NOT_INTERFERE,False,False,True
v1__scene_translate_v05__L2__C4_D8__r03_s28103,scene_translate_v05,TRANSLATE,C4,D8,28103,54,49,0,0.0,DOES_NOT_INTERFERE,DOES_NOT_INTERFERE,False,False,True
v1__scene_translate_v05__L2__C4_D8__r03_s28103,scene_translate_v05,TRANSLATE,C4,D8,28103,54,66,0,0.0,DOES_NOT_INTERFERE,DOES_NOT_INTERFERE,False,False,True
v1__scene_translate_v05__L2__C4_D8__r03_s28103,scene_translate_v05,TRANSLATE,C4,D8,28103,54,79,5350,0.524458386,INTERFERES,DOES_NOT_INTERFERE,True,False,False
v1__scene_translate_v05__L2__C4_D8__r03_s28103,scene_translate_v05,TRANSLATE,C4,D8,28103,54,82,0,0.0,DOES_NOT_INTERFERE,DOES_NOT_INTERFERE,False,False,True
v1__scene_translate_v05__L2__C4_D8__r04_s28104,scene_translate_v05,TRANSLATE,C4,D8,28104,54,49,0,0.0,DOES_NOT_INTERFERE,DOES_NOT_INTERFERE,False,False,True
v1__scene_translate_v05__L2__C4_D8__r04_s28104,scene_translate_v05,TRANSLATE,C4,D8,28104,54,66,0,0.0,DOES_NOT_INTERFERE,DOES_NOT_INTERFERE,False,False,True
v1__scene_translate_v05__L2__C4_D8__r04_s28104,scene_translate_v05,TRANSLATE,C4,D8,28104,54,79,5350,0.524458386,INTERFERES,DOES_NOT_INTERFERE,True,False,False
v1__scene_translate_v05__L2__C4_D8__r04_s28104,scene_translate_v05,TRANSLATE,C4,D8,28104,54,82,0,0.0,DOES_NOT_INTERFERE,DOES_NOT_INTERFERE,False,False,True
v1__scene_translate_v05__L2__C4_D8__r05_s28105,scene_translate_v05,TRANSLATE,C4,D8,28105,54,49,0,0.0,DOES_NOT_INTERFERE,DOES_NOT_INTERFERE,False,False,True
v1__scene_translate_v05__L2__C4_D8__r05_s28105,scene_translate_v05,TRANSLATE,C4,D8,28105,54,66,0,0.0,DOES_NOT_INTERFERE,DOES_NOT_INTERFERE,False,False,True
v1__scene_translate_v05__L2__C4_D8__r05_s28105,scene_translate_v05,TRANSLATE,C4,D8,28105,54,79,5350,0.524458386,INTERFERES,DOES_NOT_INTERFERE,True,False,False
v1__scene_translate_v05__L2__C4_D8__r05_s28105,scene_translate_v05,TRANSLATE,C4,D8,28105,54,82,0,0.0,DOES_NOT_INTERFERE,DOES_NOT_INTERFERE,False,False,True
v1__scene_translate_v05__L2__C5_D4__r01_s28101,scene_translate_v05,TRANSLATE,C5,D4,28101,54,49,0,0.0,DOES_NOT_INTERFERE,DOES_NOT_INTERFERE,False,False,True
v1__scene_translate_v05__L2__C5_D4__r01_s28101,scene_translate_v05,TRANSLATE,C5,D4,28101,54,66,0,0.0,DOES_NOT_INTERFERE,DOES_NOT_INTERFERE,False,False,True
v1__scene_translate_v05__L2__C5_D4__r01_s28101,scene_translate_v05,TRANSLATE,C5,D4,28101,54,79,5350,0.524458386,INTERFERES,DOES_NOT_INTERFERE,True,False,False
v1__scene_translate_v05__L2__C5_D4__r01_s28101,scene_translate_v05,TRANSLATE,C5,D4,28101,54,82,0,0.0,DOES_NOT_INTERFERE,DOES_NOT_INTERFERE,False,False,True
v1__scene_translate_v05__L2__C5_D4__r02_s28102,scene_translate_v05,TRANSLATE,C5,D4,28102,54,49,0,0.0,DOES_NOT_INTERFERE,DOES_NOT_INTERFERE,False,False,True
v1__scene_translate_v05__L2__C5_D4__r02_s28102,scene_translate_v05,TRANSLATE,C5,D4,28102,54,66,0,0.0,DOES_NOT_INTERFERE,DOES_NOT_INTERFERE,False,False,True
v1__scene_translate_v05__L2__C5_D4__r02_s28102,scene_translate_v05,TRANSLATE,C5,D4,28102,54,79,5350,0.524458386,INTERFERES,DOES_NOT_INTERFERE,True,False,False
v1__scene_translate_v05__L2__C5_D4__r02_s28102,scene_translate_v05,TRANSLATE,C5,D4,28102,54,82,0,0.0,DOES_NOT_INTERFERE,DOES_NOT_INTERFERE,False,False,True
v1__scene_translate_v05__L2__C5_D4__r03_s28103,scene_translate_v05,TRANSLATE,C5,D4,28103,54,49,0,0.0,DOES_NOT_INTERFERE,DOES_NOT_INTERFERE,False,False,True
v1__scene_translate_v05__L2__C5_D4__r03_s28103,scene_translate_v05,TRANSLATE,C5,D4,28103,54,66,0,0.0,DOES_NOT_INTERFERE,DOES_NOT_INTERFERE,False,False,True
v1__scene_translate_v05__L2__C5_D4__r03_s28103,scene_translate_v05,TRANSLATE,C5,D4,28103,54,79,5350,0.524458386,INTERFERES,DOES_NOT_INTERFERE,True,False,False
v1__scene_translate_v05__L2__C5_D4__r03_s28103,scene_translate_v05,TRANSLATE,C5,D4,28103,54,82,0,0.0,DOES_NOT_INTERFERE,DOES_NOT_INTERFERE,False,False,True
v1__scene_translate_v05__L2__C5_D4__r04_s28104,scene_translate_v05,TRANSLATE,C5,D4,28104,54,49,0,0.0,DOES_NOT_INTERFERE,DOES_NOT_INTERFERE,False,False,True
v1__scene_translate_v05__L2__C5_D4__r04_s28104,scene_translate_v05,TRANSLATE,C5,D4,28104,54,66,0,0.0,DOES_NOT_INTERFERE,DOES_NOT_INTERFERE,False,False,True
v1__scene_translate_v05__L2__C5_D4__r04_s28104,scene_translate_v05,TRANSLATE,C5,D4,28104,54,79,5350,0.524458386,INTERFERES,DOES_NOT_INTERFERE,True,False,False
v1__scene_translate_v05__L2__C5_D4__r04_s28104,scene_translate_v05,TRANSLATE,C5,D4,28104,54,82,0,0.0,DOES_NOT_INTERFERE,DOES_NOT_INTERFERE,False,False,True
v1__scene_translate_v05__L2__C5_D4__r05_s28105,scene_translate_v05,TRANSLATE,C5,D4,28105,54,49,0,0.0,DOES_NOT_INTERFERE,DOES_NOT_INTERFERE,False,False,True
v1__scene_translate_v05__L2__C5_D4__r05_s28105,scene_translate_v05,TRANSLATE,C5,D4,28105,54,66,0,0.0,DOES_NOT_INTERFERE,DOES_NOT_INTERFERE,False,False,True
v1__scene_translate_v05__L2__C5_D4__r05_s28105,scene_translate_v05,TRANSLATE,C5,D4,28105,54,79,5350,0.524458386,INTERFERES,DOES_NOT_INTERFERE,True,False,False
v1__scene_translate_v05__L2__C5_D4__r05_s28105,scene_translate_v05,TRANSLATE,C5,D4,28105,54,82,0,0.0,DOES_NOT_INTERFERE,DOES_NOT_INTERFERE,False,False,True
v1__scene_translate_v05__L2__C5_D8__r01_s28101,scene_translate_v05,TRANSLATE,C5,D8,28101,54,49,0,0.0,DOES_NOT_INTERFERE,DOES_NOT_INTERFERE,False,False,True
v1__scene_translate_v05__L2__C5_D8__r01_s28101,scene_translate_v05,TRANSLATE,C5,D8,28101,54,66,0,0.0,DOES_NOT_INTERFERE,DOES_NOT_INTERFERE,False,False,True
v1__scene_translate_v05__L2__C5_D8__r01_s28101,scene_translate_v05,TRANSLATE,C5,D8,28101,54,79,5350,0.524458386,INTERFERES,DOES_NOT_INTERFERE,True,False,False
v1__scene_translate_v05__L2__C5_D8__r01_s28101,scene_translate_v05,TRANSLATE,C5,D8,28101,54,82,0,0.0,DOES_NOT_INTERFERE,DOES_NOT_INTERFERE,False,False,True
v1__scene_translate_v05__L2__C5_D8__r02_s28102,scene_translate_v05,TRANSLATE,C5,D8,28102,54,49,0,0.0,DOES_NOT_INTERFERE,DOES_NOT_INTERFERE,False,False,True
v1__scene_translate_v05__L2__C5_D8__r02_s28102,scene_translate_v05,TRANSLATE,C5,D8,28102,54,66,0,0.0,DOES_NOT_INTERFERE,DOES_NOT_INTERFERE,False,False,True
v1__scene_translate_v05__L2__C5_D8__r02_s28102,scene_translate_v05,TRANSLATE,C5,D8,28102,54,79,5350,0.524458386,INTERFERES,INTERFERES,True,True,True
v1__scene_translate_v05__L2__C5_D8__r02_s28102,scene_translate_v05,TRANSLATE,C5,D8,28102,54,82,0,0.0,DOES_NOT_INTERFERE,DOES_NOT_INTERFERE,False,False,True
v1__scene_translate_v05__L2__C5_D8__r03_s28103,scene_translate_v05,TRANSLATE,C5,D8,28103,54,49,0,0.0,DOES_NOT_INTERFERE,DOES_NOT_INTERFERE,False,False,True
v1__scene_translate_v05__L2__C5_D8__r03_s28103,scene_translate_v05,TRANSLATE,C5,D8,28103,54,66,0,0.0,DOES_NOT_INTERFERE,DOES_NOT_INTERFERE,False,False,True
v1__scene_translate_v05__L2__C5_D8__r03_s28103,scene_translate_v05,TRANSLATE,C5,D8,28103,54,79,5350,0.524458386,INTERFERES,DOES_NOT_INTERFERE,True,False,False
v1__scene_translate_v05__L2__C5_D8__r03_s28103,scene_translate_v05,TRANSLATE,C5,D8,28103,54,82,0,0.0,DOES_NOT_INTERFERE,DOES_NOT_INTERFERE,False,False,True
v1__scene_translate_v05__L2__C5_D8__r04_s28104,scene_translate_v05,TRANSLATE,C5,D8,28104,54,49,0,0.0,DOES_NOT_INTERFERE,DOES_NOT_INTERFERE,False,False,True
v1__scene_translate_v05__L2__C5_D8__r04_s28104,scene_translate_v05,TRANSLATE,C5,D8,28104,54,66,0,0.0,DOES_NOT_INTERFERE,DOES_NOT_INTERFERE,False,False,True
v1__scene_translate_v05__L2__C5_D8__r04_s28104,scene_translate_v05,TRANSLATE,C5,D8,28104,54,79,5350,0.524458386,INTERFERES,DOES_NOT_INTERFERE,True,False,False
v1__scene_translate_v05__L2__C5_D8__r04_s28104,scene_translate_v05,TRANSLATE,C5,D8,28104,54,82,0,0.0,DOES_NOT_INTERFERE,DOES_NOT_INTERFERE,False,False,True
v1__scene_translate_v05__L2__C5_D8__r05_s28105,scene_translate_v05,TRANSLATE,C5,D8,28105,54,49,0,0.0,DOES_NOT_INTERFERE,DOES_NOT_INTERFERE,False,False,True
v1__scene_translate_v05__L2__C5_D8__r05_s28105,scene_translate_v05,TRANSLATE,C5,D8,28105,54,66,0,0.0,DOES_NOT_INTERFERE,DOES_NOT_INTERFERE,False,False,True
v1__scene_translate_v05__L2__C5_D8__r05_s28105,scene_translate_v05,TRANSLATE,C5,D8,28105,54,79,5350,0.524458386,INTERFERES,DOES_NOT_INTERFERE,True,False,False
v1__scene_translate_v05__L2__C5_D8__r05_s28105,scene_translate_v05,TRANSLATE,C5,D8,28105,54,82,0,0.0,DOES_NOT_INTERFERE,DOES_NOT_INTERFERE,False,False,True
v1__scene_translate_v05__L2__C6_D4__r01_s28101,scene_translate_v05,TRANSLATE,C6,D4,28101,54,49,0,0.0,DOES_NOT_INTERFERE,DOES_NOT_INTERFERE,False,False,True
v1__scene_translate_v05__L2__C6_D4__r01_s28101,scene_translate_v05,TRANSLATE,C6,D4,28101,54,66,0,0.0,DOES_NOT_INTERFERE,DOES_NOT_INTERFERE,False,False,True
v1__scene_translate_v05__L2__C6_D4__r01_s28101,scene_translate_v05,TRANSLATE,C6,D4,28101,54,79,5350,0.524458386,INTERFERES,DOES_NOT_INTERFERE,True,False,False
v1__scene_translate_v05__L2__C6_D4__r01_s28101,scene_translate_v05,TRANSLATE,C6,D4,28101,54,82,0,0.0,DOES_NOT_INTERFERE,DOES_NOT_INTERFERE,False,False,True
v1__scene_translate_v05__L2__C6_D4__r02_s28102,scene_translate_v05,TRANSLATE,C6,D4,28102,54,49,0,0.0,DOES_NOT_INTERFERE,DOES_NOT_INTERFERE,False,False,True
v1__scene_translate_v05__L2__C6_D4__r02_s28102,scene_translate_v05,TRANSLATE,C6,D4,28102,54,66,0,0.0,DOES_NOT_INTERFERE,DOES_NOT_INTERFERE,False,False,True
v1__scene_translate_v05__L2__C6_D4__r02_s28102,scene_translate_v05,TRANSLATE,C6,D4,28102,54,79,5350,0.524458386,INTERFERES,DOES_NOT_INTERFERE,True,False,False
v1__scene_translate_v05__L2__C6_D4__r02_s28102,scene_translate_v05,TRANSLATE,C6,D4,28102,54,82,0,0.0,DOES_NOT_INTERFERE,DOES_NOT_INTERFERE,False,False,True
v1__scene_translate_v05__L2__C6_D4__r03_s28103,scene_translate_v05,TRANSLATE,C6,D4,28103,54,49,0,0.0,DOES_NOT_INTERFERE,DOES_NOT_INTERFERE,False,False,True
v1__scene_translate_v05__L2__C6_D4__r03_s28103,scene_translate_v05,TRANSLATE,C6,D4,28103,54,66,0,0.0,DOES_NOT_INTERFERE,DOES_NOT_INTERFERE,False,False,True
v1__scene_translate_v05__L2__C6_D4__r03_s28103,scene_translate_v05,TRANSLATE,C6,D4,28103,54,79,5350,0.524458386,INTERFERES,DOES_NOT_INTERFERE,True,False,False
v1__scene_translate_v05__L2__C6_D4__r03_s28103,scene_translate_v05,TRANSLATE,C6,D4,28103,54,82,0,0.0,DOES_NOT_INTERFERE,DOES_NOT_INTERFERE,False,False,True
v1__scene_translate_v05__L2__C6_D4__r04_s28104,scene_translate_v05,TRANSLATE,C6,D4,28104,54,49,0,0.0,DOES_NOT_INTERFERE,DOES_NOT_INTERFERE,False,False,True
v1__scene_translate_v05__L2__C6_D4__r04_s28104,scene_translate_v05,TRANSLATE,C6,D4,28104,54,66,0,0.0,DOES_NOT_INTERFERE,DOES_NOT_INTERFERE,False,False,True
v1__scene_translate_v05__L2__C6_D4__r04_s28104,scene_translate_v05,TRANSLATE,C6,D4,28104,54,79,5350,0.524458386,INTERFERES,DOES_NOT_INTERFERE,True,False,False
v1__scene_translate_v05__L2__C6_D4__r04_s28104,scene_translate_v05,TRANSLATE,C6,D4,28104,54,82,0,0.0,DOES_NOT_INTERFERE,DOES_NOT_INTERFERE,False,False,True
v1__scene_translate_v05__L2__C6_D4__r05_s28105,scene_translate_v05,TRANSLATE,C6,D4,28105,54,49,0,0.0,DOES_NOT_INTERFERE,DOES_NOT_INTERFERE,False,False,True
v1__scene_translate_v05__L2__C6_D4__r05_s28105,scene_translate_v05,TRANSLATE,C6,D4,28105,54,66,0,0.0,DOES_NOT_INTERFERE,DOES_NOT_INTERFERE,False,False,True
v1__scene_translate_v05__L2__C6_D4__r05_s28105,scene_translate_v05,TRANSLATE,C6,D4,28105,54,79,5350,0.524458386,INTERFERES,DOES_NOT_INTERFERE,True,False,False
v1__scene_translate_v05__L2__C6_D4__r05_s28105,scene_translate_v05,TRANSLATE,C6,D4,28105,54,82,0,0.0,DOES_NOT_INTERFERE,DOES_NOT_INTERFERE,False,False,True
v1__scene_translate_v05__L2__C6_D8__r01_s28101,scene_translate_v05,TRANSLATE,C6,D8,28101,54,49,0,0.0,DOES_NOT_INTERFERE,DOES_NOT_INTERFERE,False,False,True
v1__scene_translate_v05__L2__C6_D8__r01_s28101,scene_translate_v05,TRANSLATE,C6,D8,28101,54,66,0,0.0,DOES_NOT_INTERFERE,DOES_NOT_INTERFERE,False,False,True
v1__scene_translate_v05__L2__C6_D8__r01_s28101,scene_translate_v05,TRANSLATE,C6,D8,28101,54,79,5350,0.524458386,INTERFERES,DOES_NOT_INTERFERE,True,False,False
v1__scene_translate_v05__L2__C6_D8__r01_s28101,scene_translate_v05,TRANSLATE,C6,D8,28101,54,82,0,0.0,DOES_NOT_INTERFERE,DOES_NOT_INTERFERE,False,False,True
v1__scene_translate_v05__L2__C6_D8__r02_s28102,scene_translate_v05,TRANSLATE,C6,D8,28102,54,49,0,0.0,DOES_NOT_INTERFERE,DOES_NOT_INTERFERE,False,False,True
v1__scene_translate_v05__L2__C6_D8__r02_s28102,scene_translate_v05,TRANSLATE,C6,D8,28102,54,66,0,0.0,DOES_NOT_INTERFERE,DOES_NOT_INTERFERE,False,False,True
v1__scene_translate_v05__L2__C6_D8__r02_s28102,scene_translate_v05,TRANSLATE,C6,D8,28102,54,79,5350,0.524458386,INTERFERES,DOES_NOT_INTERFERE,True,False,False
v1__scene_translate_v05__L2__C6_D8__r02_s28102,scene_translate_v05,TRANSLATE,C6,D8,28102,54,82,0,0.0,DOES_NOT_INTERFERE,DOES_NOT_INTERFERE,False,False,True
v1__scene_translate_v05__L2__C6_D8__r03_s28103,scene_translate_v05,TRANSLATE,C6,D8,28103,54,49,0,0.0,DOES_NOT_INTERFERE,DOES_NOT_INTERFERE,False,False,True
v1__scene_translate_v05__L2__C6_D8__r03_s28103,scene_translate_v05,TRANSLATE,C6,D8,28103,54,66,0,0.0,DOES_NOT_INTERFERE,DOES_NOT_INTERFERE,False,False,True
v1__scene_translate_v05__L2__C6_D8__r03_s28103,scene_translate_v05,TRANSLATE,C6,D8,28103,54,79,5350,0.524458386,INTERFERES,DOES_NOT_INTERFERE,True,False,False
v1__scene_translate_v05__L2__C6_D8__r03_s28103,scene_translate_v05,TRANSLATE,C6,D8,28103,54,82,0,0.0,DOES_NOT_INTERFERE,DOES_NOT_INTERFERE,False,False,True
v1__scene_translate_v05__L2__C6_D8__r04_s28104,scene_translate_v05,TRANSLATE,C6,D8,28104,54,49,0,0.0,DOES_NOT_INTERFERE,DOES_NOT_INTERFERE,False,False,True
v1__scene_translate_v05__L2__C6_D8__r04_s28104,scene_translate_v05,TRANSLATE,C6,D8,28104,54,66,0,0.0,DOES_NOT_INTERFERE,DOES_NOT_INTERFERE,False,False,True
v1__scene_translate_v05__L2__C6_D8__r04_s28104,scene_translate_v05,TRANSLATE,C6,D8,28104,54,79,5350,0.524458386,INTERFERES,DOES_NOT_INTERFERE,True,False,False
v1__scene_translate_v05__L2__C6_D8__r04_s28104,scene_translate_v05,TRANSLATE,C6,D8,28104,54,82,0,0.0,DOES_NOT_INTERFERE,DOES_NOT_INTERFERE,False,False,True
v1__scene_translate_v05__L2__C6_D8__r05_s28105,scene_translate_v05,TRANSLATE,C6,D8,28105,54,49,0,0.0,DOES_NOT_INTERFERE,DOES_NOT_INTERFERE,False,False,True
v1__scene_translate_v05__L2__C6_D8__r05_s28105,scene_translate_v05,TRANSLATE,C6,D8,28105,54,66,0,0.0,DOES_NOT_INTERFERE,DOES_NOT_INTERFERE,False,False,True
v1__scene_translate_v05__L2__C6_D8__r05_s28105,scene_translate_v05,TRANSLATE,C6,D8,28105,54,79,5350,0.524458386,INTERFERES,DOES_NOT_INTERFERE,True,False,False
v1__scene_translate_v05__L2__C6_D8__r05_s28105,scene_translate_v05,TRANSLATE,C6,D8,28105,54,82,0,0.0,DOES_NOT_INTERFERE,DOES_NOT_INTERFERE,False,False,True
