run_id,scene_id,scene_family,condition,resolution,seed,target_id,numbered_object_count,candidate_count,correct_candidate_count,target_role_correct,expected_blocker_ids,predicted_blocker_ids,instance_exact_match,blocker_set_exact_match,truth_any_interference,predicted_any_interference,any_interference_correct
v1__scene_fc_blocked_v01__L2__C0_NA__r01_s28101,scene_fc_blocked_v01,FC_BLOCKED,C0,,28101,64,4,3,2,True,[],[40],False,False,False,True,False
v1__scene_fc_blocked_v01__L2__C0_NA__r02_s28102,scene_fc_blocked_v01,FC_BLOCKED,C0,,28102,64,4,3,2,True,[],[40],False,False,False,True,False
v1__scene_fc_blocked_v01__L2__C0_NA__r03_s28103,scene_fc_blocked_v01,FC_BLOCKED,C0,,28103,64,4,3,2,True,[],[40],False,False,False,True,False
v1__scene_fc_blocked_v01__L2__C0_NA__r04_s28104,scene_fc_blocked_v01,FC_BLOCKED,C0,,28104,64,4,3,2,True,[],[40],False,False,False,True,False
v1__scene_fc_blocked_v01__L2__C0_NA__r05_s28105,scene_fc_blocked_v01,FC_BLOCKED,C0,,28105,64,4,3,2,True,[],[40],False,False,False,True,False
v1__scene_fc_blocked_v01__L2__C1_NA__r01_s28101,scene_fc_blocked_v01,FC_BLOCKED,C1,,28101,64,4,3,2,True,[],[40],False,False,False,True,False
v1__scene_fc_blocked_v01__L2__C1_NA__r02_s28102,scene_fc_blocked_v01,FC_BLOCKED,C1,,28102,64,4,3,2,True,[],[40],False,False,False,True,False
v1__scene_fc_blocked_v01__L2__C1_NA__r03_s28103,scene_fc_blocked_v01,FC_BLOCKED,C1,,28103,64,4,3,2,True,[],[40],False,False,False,True,False
v1__scene_fc_blocked_v01__L2__C1_NA__r04_s28104,scene_fc_blocked_v01,FC_BLOCKED,C1,,28104,64,4,3,2,True,[],[40],False,False,False,True,False
v1__scene_fc_blocked_v01__L2__C1_NA__r05_s28105,scene_fc_blocked_v01,FC_BLOCKED,C1,,28105,64,4,3,2,True,[],[40],False,False,False,True,False
v1__scene_fc_blocked_v01__L2__C2_D4__r01_s28101,scene_fc_blocked_v01,FC_BLOCKED,C2,D4,28101,64,4,3,2,True,[],[40],False,False,False,True,False
v1__scene_fc_blocked_v01__L2__C2_D4__r02_s28102,scene_fc_blocked_v01,FC_BLOCKED,C2,D4,28102,64,4,3,2,True,[],[40],False,False,False,True,False
v1__scene_fc_blocked_v01__L2__C2_D4__r03_s28103,scene_fc_blocked_v01,FC_BLOCKED,C2,D4,28103,64,4,3,2,True,[],[40],False,False,False,True,False
v1__scene_fc_blocked_v01__L2__C2_D4__r04_s28104,scene_fc_blocked_v01,FC_BLOCKED,C2,D4,28104,64,4,3,2,True,[],[40],False,False,False,True,False
v1__scene_fc_blocked_v01__L2__C2_D4__r05_s28105,scene_fc_blocked_v01,FC_BLOCKED,C2,D4,28105,64,4,3,2,True,[],[40],False,False,False,True,False
v1__scene_fc_blocked_v01__L2__C2_D8__r01_s28101,scene_fc_blocked_v01,FC_BLOCKED,C2,D8,28101,64,4,3,2,True,[],[40],False,False,False,True,False
v1__scene_fc_blocked_v01__L2__C2_D8__r02_s28102,scene_fc_blocked_v01,FC_BLOCKED,C2,D8,28102,64,4,3,2,True,[],[40],False,False,False,True,False
v1__scene_fc_blocked_v01__L2__C2_D8__r03_s28103,scene_fc_blocked_v01,FC_BLOCKED,C2,D8,28103,64,4,3,2,True,[],[40],False,False,False,True,False
v1__scene_fc_blocked_v01__L2__C2_D8__r04_s28104,scene_fc_blocked_v01,FC_BLOCKED,C2,D8,28104,64,4,3,2,True,[],[40],False,False,False,True,False
v1__scene_fc_blocked_v01__L2__C2_D8__r05_s28105,scene_fc_blocked_v01,FC_BLOCKED,C2,D8,28105,64,4,3,2,True,[],[40],False,False,False,True,False
v1__scene_fc_blocked_v01__L2__C3_D4__r01_s28101,scene_fc_blocked_v01,FC_BLOCKED,C3,D4,28101,64,4,3,2,True,[],[40],False,False,False,True,False
v1__scene_fc_blocked_v01__L2__C3_D4__r02_s28102,scene_fc_blocked_v01,FC_BLOCKED,C3,D4,28102,64,4,3,2,True,[],[40],False,False,False,True,False
v1__scene_fc_blocked_v01__L2__C3_D4__r03_s28103,scene_fc_blocked_v01,FC_BLOCKED,C3,D4,28103,64,4,3,2,True,[],[40],False,False,False,True,False
v1__scene_fc_blocked_v01__L2__C3_D4__r04_s28104,scene_fc_blocked_v01,FC_BLOCKED,C3,D4,28104,64,4,3,2,True,[],[40],False,False,False,True,False
v1__scene_fc_blocked_v01__L2__C3_D4__r05_s28105,scene_fc_blocked_v01,FC_BLOCKED,C3,D4,28105,64,4,3,2,True,[],[40],False,False,False,True,False
v1__scene_fc_blocked_v01__L2__C3_D8__r01_s28101,scene_fc_blocked_v01,FC_BLOCKED,C3,D8,28101,64,4,3,2,True,[],[40],False,False,False,True,False
v1__scene_fc_blocked_v01__L2__C3_D8__r02_s28102,scene_fc_blocked_v01,FC_BLOCKED,C3,D8,28102,64,4,3,2,True,[],[40],False,False,False,True,False
v1__scene_fc_blocked_v01__L2__C3_D8__r03_s28103,scene_fc_blocked_v01,FC_BLOCKED,C3,D8,28103,64,4,3,2,True,[],[40],False,False,False,True,False
v1__scene_fc_blocked_v01__L2__C3_D8__r04_s28104,scene_fc_blocked_v01,FC_BLOCKED,C3,D8,28104,64,4,3,2,True,[],[40],False,False,False,True,False
v1__scene_fc_blocked_v01__L2__C3_D8__r05_s28105,scene_fc_blocked_v01,FC_BLOCKED,C3,D8,28105,64,4,3,2,True,[],[40],False,False,False,True,False
v1__scene_fc_blocked_v01__L2__C4_D4__r01_s28101,scene_fc_blocked_v01,FC_BLOCKED,C4,D4,28101,64,4,3,2,True,[],[40],False,False,False,True,False
v1__scene_fc_blocked_v01__L2__C4_D4__r02_s28102,scene_fc_blocked_v01,FC_BLOCKED,C4,D4,28102,64,4,3,2,True,[],[40],False,False,False,True,False
v1__scene_fc_blocked_v01__L2__C4_D4__r03_s28103,scene_fc_blocked_v01,FC_BLOCKED,C4,D4,28103,64,4,3,2,True,[],[40],False,False,False,True,False
v1__scene_fc_blocked_v01__L2__C4_D4__r04_s28104,scene_fc_blocked_v01,FC_BLOCKED,C4,D4,28104,64,4,3,2,True,[],[40],False,False,False,True,False
v1__scene_fc_blocked_v01__L2__C4_D4__r05_s28105,scene_fc_blocked_v01,FC_BLOCKED,C4,D4,28105,64,4,3,2,True,[],[40],False,False,False,True,False
v1__scene_fc_blocked_v01__L2__C4_D8__r01_s28101,scene_fc_blocked_v01,FC_BLOCKED,C4,D8,28101,64,4,3,2,True,[],[40],False,False,False,True,False
v1__scene_fc_blocked_v01__L2__C4_D8__r02_s28102,scene_fc_blocked_v01,FC_BLOCKED,C4,D8,28102,64,4,3,2,True,[],[40],False,False,False,True,False
v1__scene_fc_blocked_v01__L2__C4_D8__r03_s28103,scene_fc_blocked_v01,FC_BLOCKED,C4,D8,28103,64,4,3,2,True,[],[40],False,False,False,True,False
v1__scene_fc_blocked_v01__L2__C4_D8__r04_s28104,scene_fc_blocked_v01,FC_BLOCKED,C4,D8,28104,64,4,3,2,True,[],[40],False,False,False,True,False
v1__scene_fc_blocked_v01__L2__C4_D8__r05_s28105,scene_fc_blocked_v01,FC_BLOCKED,C4,D8,28105,64,4,3,2,True,[],[40],False,False,False,True,False
v1__scene_fc_blocked_v01__L2__C5_D4__r01_s28101,scene_fc_blocked_v01,FC_BLOCKED,C5,D4,28101,64,4,3,2,True,[],[40],False,False,False,True,False
v1__scene_fc_blocked_v01__L2__C5_D4__r02_s28102,scene_fc_blocked_v01,FC_BLOCKED,C5,D4,28102,64,4,3,2,True,[],[40],False,False,False,True,False
v1__scene_fc_blocked_v01__L2__C5_D4__r03_s28103,scene_fc_blocked_v01,FC_BLOCKED,C5,D4,28103,64,4,3,2,True,[],[40],False,False,False,True,False
v1__scene_fc_blocked_v01__L2__C5_D4__r04_s28104,scene_fc_blocked_v01,FC_BLOCKED,C5,D4,28104,64,4,3,2,True,[],[40],False,False,False,True,False
v1__scene_fc_blocked_v01__L2__C5_D4__r05_s28105,scene_fc_blocked_v01,FC_BLOCKED,C5,D4,28105,64,4,3,2,True,[],[40],False,False,False,True,False
v1__scene_fc_blocked_v01__L2__C5_D8__r01_s28101,scene_fc_blocked_v01,FC_BLOCKED,C5,D8,28101,64,4,3,2,True,[],[40],False,False,False,True,False
v1__scene_fc_blocked_v01__L2__C5_D8__r02_s28102,scene_fc_blocked_v01,FC_BLOCKED,C5,D8,28102,64,4,3,2,True,[],[40],False,False,False,True,False
v1__scene_fc_blocked_v01__L2__C5_D8__r03_s28103,scene_fc_blocked_v01,FC_BLOCKED,C5,D8,28103,64,4,3,2,True,[],[40],False,False,False,True,False
v1__scene_fc_blocked_v01__L2__C5_D8__r04_s28104,scene_fc_blocked_v01,FC_BLOCKED,C5,D8,28104,64,4,3,2,True,[],[40],False,False,False,True,False
v1__scene_fc_blocked_v01__L2__C5_D8__r05_s28105,scene_fc_blocked_v01,FC_BLOCKED,C5,D8,28105,64,4,3,2,True,[],[40],False,False,False,True,False
v1__scene_fc_blocked_v01__L2__C6_D4__r01_s28101,scene_fc_blocked_v01,FC_BLOCKED,C6,D4,28101,64,4,3,2,True,[],[40],False,False,False,True,False
v1__scene_fc_blocked_v01__L2__C6_D4__r02_s28102,scene_fc_blocked_v01,FC_BLOCKED,C6,D4,28102,64,4,3,2,True,[],[40],False,False,False,True,False
v1__scene_fc_blocked_v01__L2__C6_D4__r03_s28103,scene_fc_blocked_v01,FC_BLOCKED,C6,D4,28103,64,4,3,2,True,[],[40],False,False,False,True,False
v1__scene_fc_blocked_v01__L2__C6_D4__r04_s28104,scene_fc_blocked_v01,FC_BLOCKED,C6,D4,28104,64,4,3,2,True,[],[40],False,False,False,True,False
v1__scene_fc_blocked_v01__L2__C6_D4__r05_s28105,scene_fc_blocked_v01,FC_BLOCKED,C6,D4,28105,64,4,3,2,True,[],[40],False,False,False,True,False
v1__scene_fc_blocked_v01__L2__C6_D8__r01_s28101,scene_fc_blocked_v01,FC_BLOCKED,C6,D8,28101,64,4,3,2,True,[],[40],False,False,False,True,False
v1__scene_fc_blocked_v01__L2__C6_D8__r02_s28102,scene_fc_blocked_v01,FC_BLOCKED,C6,D8,28102,64,4,3,2,True,[],[40],False,False,False,True,False
v1__scene_fc_blocked_v01__L2__C6_D8__r03_s28103,scene_fc_blocked_v01,FC_BLOCKED,C6,D8,28103,64,4,3,2,True,[],[40],False,False,False,True,False
v1__scene_fc_blocked_v01__L2__C6_D8__r04_s28104,scene_fc_blocked_v01,FC_BLOCKED,C6,D8,28104,64,4,3,2,True,[],[40],False,False,False,True,False
v1__scene_fc_blocked_v01__L2__C6_D8__r05_s28105,scene_fc_blocked_v01,FC_BLOCKED,C6,D8,28105,64,4,3,2,True,[],[40],False,False,False,True,False
v1__scene_fc_blocked_v02__L2__C0_NA__r01_s28101,scene_fc_blocked_v02,FC_BLOCKED,C0,,28101,53,4,3,2,True,[],[49],False,False,False,True,False
v1__scene_fc_blocked_v02__L2__C0_NA__r02_s28102,scene_fc_blocked_v02,FC_BLOCKED,C0,,28102,53,4,3,2,True,[],[49],False,False,False,True,False
v1__scene_fc_blocked_v02__L2__C0_NA__r03_s28103,scene_fc_blocked_v02,FC_BLOCKED,C0,,28103,53,4,3,2,True,[],[49],False,False,False,True,False
v1__scene_fc_blocked_v02__L2__C0_NA__r04_s28104,scene_fc_blocked_v02,FC_BLOCKED,C0,,28104,53,4,3,2,True,[],[49],False,False,False,True,False
v1__scene_fc_blocked_v02__L2__C0_NA__r05_s28105,scene_fc_blocked_v02,FC_BLOCKED,C0,,28105,53,4,3,2,True,[],[49],False,False,False,True,False
v1__scene_fc_blocked_v02__L2__C1_NA__r01_s28101,scene_fc_blocked_v02,FC_BLOCKED,C1,,28101,53,4,3,2,True,[],[49],False,False,False,True,False
v1__scene_fc_blocked_v02__L2__C1_NA__r02_s28102,scene_fc_blocked_v02,FC_BLOCKED,C1,,28102,53,4,3,2,True,[],[49],False,False,False,True,False
v1__scene_fc_blocked_v02__L2__C1_NA__r03_s28103,scene_fc_blocked_v02,FC_BLOCKED,C1,,28103,53,4,3,2,True,[],[49],False,False,False,True,False
v1__scene_fc_blocked_v02__L2__C1_NA__r04_s28104,scene_fc_blocked_v02,FC_BLOCKED,C1,,28104,53,4,3,2,True,[],[49],False,False,False,True,False
v1__scene_fc_blocked_v02__L2__C1_NA__r05_s28105,scene_fc_blocked_v02,FC_BLOCKED,C1,,28105,53,4,3,2,True,[],[49],False,False,False,True,False
v1__scene_fc_blocked_v02__L2__C2_D4__r01_s28101,scene_fc_blocked_v02,FC_BLOCKED,C2,D4,28101,53,4,3,2,True,[],[49],False,False,False,True,False
v1__scene_fc_blocked_v02__L2__C2_D4__r02_s28102,scene_fc_blocked_v02,FC_BLOCKED,C2,D4,28102,53,4,3,2,True,[],[49],False,False,False,True,False
v1__scene_fc_blocked_v02__L2__C2_D4__r03_s28103,scene_fc_blocked_v02,FC_BLOCKED,C2,D4,28103,53,4,3,2,True,[],[49],False,False,False,True,False
v1__scene_fc_blocked_v02__L2__C2_D4__r04_s28104,scene_fc_blocked_v02,FC_BLOCKED,C2,D4,28104,53,4,3,2,True,[],[49],False,False,False,True,False
v1__scene_fc_blocked_v02__L2__C2_D4__r05_s28105,scene_fc_blocked_v02,FC_BLOCKED,C2,D4,28105,53,4,3,2,True,[],[49],False,False,False,True,False
v1__scene_fc_blocked_v02__L2__C2_D8__r01_s28101,scene_fc_blocked_v02,FC_BLOCKED,C2,D8,28101,53,4,3,2,True,[],[49],False,False,False,True,False
v1__scene_fc_blocked_v02__L2__C2_D8__r02_s28102,scene_fc_blocked_v02,FC_BLOCKED,C2,D8,28102,53,4,3,2,True,[],[49],False,False,False,True,False
v1__scene_fc_blocked_v02__L2__C2_D8__r03_s28103,scene_fc_blocked_v02,FC_BLOCKED,C2,D8,28103,53,4,3,2,True,[],[49],False,False,False,True,False
v1__scene_fc_blocked_v02__L2__C2_D8__r04_s28104,scene_fc_blocked_v02,FC_BLOCKED,C2,D8,28104,53,4,3,2,True,[],[49],False,False,False,True,False
v1__scene_fc_blocked_v02__L2__C2_D8__r05_s28105,scene_fc_blocked_v02,FC_BLOCKED,C2,D8,28105,53,4,3,2,True,[],[49],False,False,False,True,False
v1__scene_fc_blocked_v02__L2__C3_D4__r01_s28101,scene_fc_blocked_v02,FC_BLOCKED,C3,D4,28101,53,4,3,2,True,[],[49],False,False,False,True,False
v1__scene_fc_blocked_v02__L2__C3_D4__r02_s28102,scene_fc_blocked_v02,FC_BLOCKED,C3,D4,28102,53,4,3,2,True,[],[49],False,False,False,True,False
v1__scene_fc_blocked_v02__L2__C3_D4__r03_s28103,scene_fc_blocked_v02,FC_BLOCKED,C3,D4,28103,53,4,3,2,True,[],[49],False,False,False,True,False
v1__scene_fc_blocked_v02__L2__C3_D4__r04_s28104,scene_fc_blocked_v02,FC_BLOCKED,C3,D4,28104,53,4,3,2,True,[],[49],False,False,False,True,False
v1__scene_fc_blocked_v02__L2__C3_D4__r05_s28105,scene_fc_blocked_v02,FC_BLOCKED,C3,D4,28105,53,4,3,2,True,[],[49],False,False,False,True,False
v1__scene_fc_blocked_v02__L2__C3_D8__r01_s28101,scene_fc_blocked_v02,FC_BLOCKED,C3,D8,28101,53,4,3,2,True,[],[49],False,False,False,True,False
v1__scene_fc_blocked_v02__L2__C3_D8__r02_s28102,scene_fc_blocked_v02,FC_BLOCKED,C3,D8,28102,53,4,3,2,True,[],[49],False,False,False,True,False
v1__scene_fc_blocked_v02__L2__C3_D8__r03_s28103,scene_fc_blocked_v02,FC_BLOCKED,C3,D8,28103,53,4,3,2,True,[],[49],False,False,False,True,False
v1__scene_fc_blocked_v02__L2__C3_D8__r04_s28104,scene_fc_blocked_v02,FC_BLOCKED,C3,D8,28104,53,4,3,2,True,[],[49],False,False,False,True,False
v1__scene_fc_blocked_v02__L2__C3_D8__r05_s28105,scene_fc_blocked_v02,FC_BLOCKED,C3,D8,28105,53,4,3,2,True,[],[49],False,False,False,True,False
v1__scene_fc_blocked_v02__L2__C4_D4__r01_s28101,scene_fc_blocked_v02,FC_BLOCKED,C4,D4,28101,53,4,3,2,True,[],[49],False,False,False,True,False
v1__scene_fc_blocked_v02__L2__C4_D4__r02_s28102,scene_fc_blocked_v02,FC_BLOCKED,C4,D4,28102,53,4,3,2,True,[],[49],False,False,False,True,False
v1__scene_fc_blocked_v02__L2__C4_D4__r03_s28103,scene_fc_blocked_v02,FC_BLOCKED,C4,D4,28103,53,4,3,2,True,[],[49],False,False,False,True,False
v1__scene_fc_blocked_v02__L2__C4_D4__r04_s28104,scene_fc_blocked_v02,FC_BLOCKED,C4,D4,28104,53,4,3,2,True,[],[49],False,False,False,True,False
v1__scene_fc_blocked_v02__L2__C4_D4__r05_s28105,scene_fc_blocked_v02,FC_BLOCKED,C4,D4,28105,53,4,3,2,True,[],[49],False,False,False,True,False
v1__scene_fc_blocked_v02__L2__C4_D8__r01_s28101,scene_fc_blocked_v02,FC_BLOCKED,C4,D8,28101,53,4,3,2,True,[],[49],False,False,False,True,False
v1__scene_fc_blocked_v02__L2__C4_D8__r02_s28102,scene_fc_blocked_v02,FC_BLOCKED,C4,D8,28102,53,4,3,2,True,[],[49],False,False,False,True,False
v1__scene_fc_blocked_v02__L2__C4_D8__r03_s28103,scene_fc_blocked_v02,FC_BLOCKED,C4,D8,28103,53,4,3,2,True,[],[49],False,False,False,True,False
v1__scene_fc_blocked_v02__L2__C4_D8__r04_s28104,scene_fc_blocked_v02,FC_BLOCKED,C4,D8,28104,53,4,3,2,True,[],[49],False,False,False,True,False
v1__scene_fc_blocked_v02__L2__C4_D8__r05_s28105,scene_fc_blocked_v02,FC_BLOCKED,C4,D8,28105,53,4,3,2,True,[],[49],False,False,False,True,False
v1__scene_fc_blocked_v02__L2__C5_D4__r01_s28101,scene_fc_blocked_v02,FC_BLOCKED,C5,D4,28101,53,4,3,2,True,[],[49],False,False,False,True,False
v1__scene_fc_blocked_v02__L2__C5_D4__r02_s28102,scene_fc_blocked_v02,FC_BLOCKED,C5,D4,28102,53,4,3,2,True,[],[49],False,False,False,True,False
v1__scene_fc_blocked_v02__L2__C5_D4__r03_s28103,scene_fc_blocked_v02,FC_BLOCKED,C5,D4,28103,53,4,3,2,True,[],[49],False,False,False,True,False
v1__scene_fc_blocked_v02__L2__C5_D4__r04_s28104,scene_fc_blocked_v02,FC_BLOCKED,C5,D4,28104,53,4,3,2,True,[],[49],False,False,False,True,False
v1__scene_fc_blocked_v02__L2__C5_D4__r05_s28105,scene_fc_blocked_v02,FC_BLOCKED,C5,D4,28105,53,4,3,2,True,[],[49],False,False,False,True,False
v1__scene_fc_blocked_v02__L2__C5_D8__r01_s28101,scene_fc_blocked_v02,FC_BLOCKED,C5,D8,28101,53,4,3,2,True,[],[49],False,False,False,True,False
v1__scene_fc_blocked_v02__L2__C5_D8__r02_s28102,scene_fc_blocked_v02,FC_BLOCKED,C5,D8,28102,53,4,3,2,True,[],[49],False,False,False,True,False
v1__scene_fc_blocked_v02__L2__C5_D8__r03_s28103,scene_fc_blocked_v02,FC_BLOCKED,C5,D8,28103,53,4,3,2,True,[],[49],False,False,False,True,False
v1__scene_fc_blocked_v02__L2__C5_D8__r04_s28104,scene_fc_blocked_v02,FC_BLOCKED,C5,D8,28104,53,4,3,2,True,[],[49],False,False,False,True,False
v1__scene_fc_blocked_v02__L2__C5_D8__r05_s28105,scene_fc_blocked_v02,FC_BLOCKED,C5,D8,28105,53,4,3,2,True,[],[49],False,False,False,True,False
v1__scene_fc_blocked_v02__L2__C6_D4__r01_s28101,scene_fc_blocked_v02,FC_BLOCKED,C6,D4,28101,53,4,3,2,True,[],[49],False,False,False,True,False
v1__scene_fc_blocked_v02__L2__C6_D4__r02_s28102,scene_fc_blocked_v02,FC_BLOCKED,C6,D4,28102,53,4,3,2,True,[],[49],False,False,False,True,False
v1__scene_fc_blocked_v02__L2__C6_D4__r03_s28103,scene_fc_blocked_v02,FC_BLOCKED,C6,D4,28103,53,4,3,2,True,[],[49],False,False,False,True,False
v1__scene_fc_blocked_v02__L2__C6_D4__r04_s28104,scene_fc_blocked_v02,FC_BLOCKED,C6,D4,28104,53,4,3,2,True,[],[49],False,False,False,True,False
v1__scene_fc_blocked_v02__L2__C6_D4__r05_s28105,scene_fc_blocked_v02,FC_BLOCKED,C6,D4,28105,53,4,3,2,True,[],[49],False,False,False,True,False
v1__scene_fc_blocked_v02__L2__C6_D8__r01_s28101,scene_fc_blocked_v02,FC_BLOCKED,C6,D8,28101,53,4,3,2,True,[],[49],False,False,False,True,False
v1__scene_fc_blocked_v02__L2__C6_D8__r02_s28102,scene_fc_blocked_v02,FC_BLOCKED,C6,D8,28102,53,4,3,2,True,[],[49],False,False,False,True,False
v1__scene_fc_blocked_v02__L2__C6_D8__r03_s28103,scene_fc_blocked_v02,FC_BLOCKED,C6,D8,28103,53,4,3,2,True,[],[49],False,False,False,True,False
v1__scene_fc_blocked_v02__L2__C6_D8__r04_s28104,scene_fc_blocked_v02,FC_BLOCKED,C6,D8,28104,53,4,3,2,True,[],[49],False,False,False,True,False
v1__scene_fc_blocked_v02__L2__C6_D8__r05_s28105,scene_fc_blocked_v02,FC_BLOCKED,C6,D8,28105,53,4,3,2,True,[],[49],False,False,False,True,False
v1__scene_fc_blocked_v03__L2__C0_NA__r01_s28101,scene_fc_blocked_v03,FC_BLOCKED,C0,,28101,12,4,3,2,True,[],[33],False,False,False,True,False
v1__scene_fc_blocked_v03__L2__C0_NA__r02_s28102,scene_fc_blocked_v03,FC_BLOCKED,C0,,28102,12,4,3,2,True,[],[33],False,False,False,True,False
v1__scene_fc_blocked_v03__L2__C0_NA__r03_s28103,scene_fc_blocked_v03,FC_BLOCKED,C0,,28103,12,4,3,2,True,[],[33],False,False,False,True,False
v1__scene_fc_blocked_v03__L2__C0_NA__r04_s28104,scene_fc_blocked_v03,FC_BLOCKED,C0,,28104,12,4,3,2,True,[],[33],False,False,False,True,False
v1__scene_fc_blocked_v03__L2__C0_NA__r05_s28105,scene_fc_blocked_v03,FC_BLOCKED,C0,,28105,12,4,3,2,True,[],[33],False,False,False,True,False
v1__scene_fc_blocked_v03__L2__C1_NA__r01_s28101,scene_fc_blocked_v03,FC_BLOCKED,C1,,28101,12,4,3,2,True,[],[33],False,False,False,True,False
v1__scene_fc_blocked_v03__L2__C1_NA__r02_s28102,scene_fc_blocked_v03,FC_BLOCKED,C1,,28102,12,4,3,2,True,[],[33],False,False,False,True,False
v1__scene_fc_blocked_v03__L2__C1_NA__r03_s28103,scene_fc_blocked_v03,FC_BLOCKED,C1,,28103,12,4,3,2,True,[],[33],False,False,False,True,False
v1__scene_fc_blocked_v03__L2__C1_NA__r04_s28104,scene_fc_blocked_v03,FC_BLOCKED,C1,,28104,12,4,3,2,True,[],[33],False,False,False,True,False
v1__scene_fc_blocked_v03__L2__C1_NA__r05_s28105,scene_fc_blocked_v03,FC_BLOCKED,C1,,28105,12,4,3,2,True,[],[33],False,False,False,True,False
v1__scene_fc_blocked_v03__L2__C2_D4__r01_s28101,scene_fc_blocked_v03,FC_BLOCKED,C2,D4,28101,12,4,3,2,True,[],[33],False,False,False,True,False
v1__scene_fc_blocked_v03__L2__C2_D4__r02_s28102,scene_fc_blocked_v03,FC_BLOCKED,C2,D4,28102,12,4,3,3,True,[],[],True,True,False,False,True
v1__scene_fc_blocked_v03__L2__C2_D4__r03_s28103,scene_fc_blocked_v03,FC_BLOCKED,C2,D4,28103,12,4,3,3,True,[],[],True,True,False,False,True
v1__scene_fc_blocked_v03__L2__C2_D4__r04_s28104,scene_fc_blocked_v03,FC_BLOCKED,C2,D4,28104,12,4,3,3,True,[],[],True,True,False,False,True
v1__scene_fc_blocked_v03__L2__C2_D4__r05_s28105,scene_fc_blocked_v03,FC_BLOCKED,C2,D4,28105,12,4,3,3,True,[],[],True,True,False,False,True
v1__scene_fc_blocked_v03__L2__C2_D8__r01_s28101,scene_fc_blocked_v03,FC_BLOCKED,C2,D8,28101,12,4,3,2,True,[],[33],False,False,False,True,False
v1__scene_fc_blocked_v03__L2__C2_D8__r02_s28102,scene_fc_blocked_v03,FC_BLOCKED,C2,D8,28102,12,4,3,2,True,[],[33],False,False,False,True,False
v1__scene_fc_blocked_v03__L2__C2_D8__r03_s28103,scene_fc_blocked_v03,FC_BLOCKED,C2,D8,28103,12,4,3,2,True,[],[33],False,False,False,True,False
v1__scene_fc_blocked_v03__L2__C2_D8__r04_s28104,scene_fc_blocked_v03,FC_BLOCKED,C2,D8,28104,12,4,3,2,True,[],[33],False,False,False,True,False
v1__scene_fc_blocked_v03__L2__C2_D8__r05_s28105,scene_fc_blocked_v03,FC_BLOCKED,C2,D8,28105,12,4,3,2,True,[],[33],False,False,False,True,False
v1__scene_fc_blocked_v03__L2__C3_D4__r01_s28101,scene_fc_blocked_v03,FC_BLOCKED,C3,D4,28101,12,4,3,2,True,[],[33],False,False,False,True,False
v1__scene_fc_blocked_v03__L2__C3_D4__r02_s28102,scene_fc_blocked_v03,FC_BLOCKED,C3,D4,28102,12,4,3,2,True,[],[33],False,False,False,True,False
v1__scene_fc_blocked_v03__L2__C3_D4__r03_s28103,scene_fc_blocked_v03,FC_BLOCKED,C3,D4,28103,12,4,3,2,True,[],[33],False,False,False,True,False
v1__scene_fc_blocked_v03__L2__C3_D4__r04_s28104,scene_fc_blocked_v03,FC_BLOCKED,C3,D4,28104,12,4,3,3,True,[],[],True,True,False,False,True
v1__scene_fc_blocked_v03__L2__C3_D4__r05_s28105,scene_fc_blocked_v03,FC_BLOCKED,C3,D4,28105,12,4,3,3,True,[],[],True,True,False,False,True
v1__scene_fc_blocked_v03__L2__C3_D8__r01_s28101,scene_fc_blocked_v03,FC_BLOCKED,C3,D8,28101,12,4,3,3,True,[],[],True,True,False,False,True
v1__scene_fc_blocked_v03__L2__C3_D8__r02_s28102,scene_fc_blocked_v03,FC_BLOCKED,C3,D8,28102,12,4,3,2,True,[],[33],False,False,False,True,False
v1__scene_fc_blocked_v03__L2__C3_D8__r03_s28103,scene_fc_blocked_v03,FC_BLOCKED,C3,D8,28103,12,4,3,3,True,[],[],True,True,False,False,True
v1__scene_fc_blocked_v03__L2__C3_D8__r04_s28104,scene_fc_blocked_v03,FC_BLOCKED,C3,D8,28104,12,4,3,3,True,[],[],True,True,False,False,True
v1__scene_fc_blocked_v03__L2__C3_D8__r05_s28105,scene_fc_blocked_v03,FC_BLOCKED,C3,D8,28105,12,4,3,3,True,[],[],True,True,False,False,True
v1__scene_fc_blocked_v03__L2__C4_D4__r01_s28101,scene_fc_blocked_v03,FC_BLOCKED,C4,D4,28101,12,4,3,3,True,[],[],True,True,False,False,True
v1__scene_fc_blocked_v03__L2__C4_D4__r02_s28102,scene_fc_blocked_v03,FC_BLOCKED,C4,D4,28102,12,4,3,3,True,[],[],True,True,False,False,True
v1__scene_fc_blocked_v03__L2__C4_D4__r03_s28103,scene_fc_blocked_v03,FC_BLOCKED,C4,D4,28103,12,4,3,3,True,[],[],True,True,False,False,True
v1__scene_fc_blocked_v03__L2__C4_D4__r04_s28104,scene_fc_blocked_v03,FC_BLOCKED,C4,D4,28104,12,4,3,3,True,[],[],True,True,False,False,True
v1__scene_fc_blocked_v03__L2__C4_D4__r05_s28105,scene_fc_blocked_v03,FC_BLOCKED,C4,D4,28105,12,4,3,3,True,[],[],True,True,False,False,True
v1__scene_fc_blocked_v03__L2__C4_D8__r01_s28101,scene_fc_blocked_v03,FC_BLOCKED,C4,D8,28101,12,4,3,3,True,[],[],True,True,False,False,True
v1__scene_fc_blocked_v03__L2__C4_D8__r02_s28102,scene_fc_blocked_v03,FC_BLOCKED,C4,D8,28102,12,4,3,3,True,[],[],True,True,False,False,True
v1__scene_fc_blocked_v03__L2__C4_D8__r03_s28103,scene_fc_blocked_v03,FC_BLOCKED,C4,D8,28103,12,4,3,3,True,[],[],True,True,False,False,True
v1__scene_fc_blocked_v03__L2__C4_D8__r04_s28104,scene_fc_blocked_v03,FC_BLOCKED,C4,D8,28104,12,4,3,3,True,[],[],True,True,False,False,True
v1__scene_fc_blocked_v03__L2__C4_D8__r05_s28105,scene_fc_blocked_v03,FC_BLOCKED,C4,D8,28105,12,4,3,3,True,[],[],True,True,False,False,True
v1__scene_fc_blocked_v03__L2__C5_D4__r01_s28101,scene_fc_blocked_v03,FC_BLOCKED,C5,D4,28101,12,4,3,2,True,[],[33],False,False,False,True,False
v1__scene_fc_blocked_v03__L2__C5_D4__r02_s28102,scene_fc_blocked_v03,FC_BLOCKED,C5,D4,28102,12,4,3,2,True,[],[33],False,False,False,True,False
v1__scene_fc_blocked_v03__L2__C5_D4__r03_s28103,scene_fc_blocked_v03,FC_BLOCKED,C5,D4,28103,12,4,3,2,True,[],[33],False,False,False,True,False
v1__scene_fc_blocked_v03__L2__C5_D4__r04_s28104,scene_fc_blocked_v03,FC_BLOCKED,C5,D4,28104,12,4,3,3,True,[],[],True,True,False,False,True
v1__scene_fc_blocked_v03__L2__C5_D4__r05_s28105,scene_fc_blocked_v03,FC_BLOCKED,C5,D4,28105,12,4,3,2,True,[],[33],False,False,False,True,False
v1__scene_fc_blocked_v03__L2__C5_D8__r01_s28101,scene_fc_blocked_v03,FC_BLOCKED,C5,D8,28101,12,4,3,2,True,[],[33],False,False,False,True,False
v1__scene_fc_blocked_v03__L2__C5_D8__r02_s28102,scene_fc_blocked_v03,FC_BLOCKED,C5,D8,28102,12,4,3,2,True,[],[33],False,False,False,True,False
v1__scene_fc_blocked_v03__L2__C5_D8__r03_s28103,scene_fc_blocked_v03,FC_BLOCKED,C5,D8,28103,12,4,3,2,True,[],[33],False,False,False,True,False
v1__scene_fc_blocked_v03__L2__C5_D8__r04_s28104,scene_fc_blocked_v03,FC_BLOCKED,C5,D8,28104,12,4,3,2,True,[],[33],False,False,False,True,False
v1__scene_fc_blocked_v03__L2__C5_D8__r05_s28105,scene_fc_blocked_v03,FC_BLOCKED,C5,D8,28105,12,4,3,2,True,[],[33],False,False,False,True,False
v1__scene_fc_blocked_v03__L2__C6_D4__r01_s28101,scene_fc_blocked_v03,FC_BLOCKED,C6,D4,28101,12,4,3,3,True,[],[],True,True,False,False,True
v1__scene_fc_blocked_v03__L2__C6_D4__r02_s28102,scene_fc_blocked_v03,FC_BLOCKED,C6,D4,28102,12,4,3,2,True,[],[33],False,False,False,True,False
v1__scene_fc_blocked_v03__L2__C6_D4__r03_s28103,scene_fc_blocked_v03,FC_BLOCKED,C6,D4,28103,12,4,3,2,True,[],[33],False,False,False,True,False
v1__scene_fc_blocked_v03__L2__C6_D4__r04_s28104,scene_fc_blocked_v03,FC_BLOCKED,C6,D4,28104,12,4,3,2,True,[],[33],False,False,False,True,False
v1__scene_fc_blocked_v03__L2__C6_D4__r05_s28105,scene_fc_blocked_v03,FC_BLOCKED,C6,D4,28105,12,4,3,3,True,[],[],True,True,False,False,True
v1__scene_fc_blocked_v03__L2__C6_D8__r01_s28101,scene_fc_blocked_v03,FC_BLOCKED,C6,D8,28101,12,4,3,2,True,[],[33],False,False,False,True,False
v1__scene_fc_blocked_v03__L2__C6_D8__r02_s28102,scene_fc_blocked_v03,FC_BLOCKED,C6,D8,28102,12,4,3,2,True,[],[33],False,False,False,True,False
v1__scene_fc_blocked_v03__L2__C6_D8__r03_s28103,scene_fc_blocked_v03,FC_BLOCKED,C6,D8,28103,12,4,3,2,True,[],[33],False,False,False,True,False
v1__scene_fc_blocked_v03__L2__C6_D8__r04_s28104,scene_fc_blocked_v03,FC_BLOCKED,C6,D8,28104,12,4,3,2,True,[],[33],False,False,False,True,False
v1__scene_fc_blocked_v03__L2__C6_D8__r05_s28105,scene_fc_blocked_v03,FC_BLOCKED,C6,D8,28105,12,4,3,2,True,[],[33],False,False,False,True,False
v1__scene_fc_blocked_v04__L2__C0_NA__r01_s28101,scene_fc_blocked_v04,FC_BLOCKED,C0,,28101,89,4,3,1,True,[],"[19, 44]",False,False,False,True,False
v1__scene_fc_blocked_v04__L2__C0_NA__r02_s28102,scene_fc_blocked_v04,FC_BLOCKED,C0,,28102,89,4,3,1,True,[],"[19, 44]",False,False,False,True,False
v1__scene_fc_blocked_v04__L2__C0_NA__r03_s28103,scene_fc_blocked_v04,FC_BLOCKED,C0,,28103,89,4,3,1,True,[],"[19, 44]",False,False,False,True,False
v1__scene_fc_blocked_v04__L2__C0_NA__r04_s28104,scene_fc_blocked_v04,FC_BLOCKED,C0,,28104,89,4,3,1,True,[],"[19, 44]",False,False,False,True,False
v1__scene_fc_blocked_v04__L2__C0_NA__r05_s28105,scene_fc_blocked_v04,FC_BLOCKED,C0,,28105,89,4,3,1,True,[],"[19, 44]",False,False,False,True,False
v1__scene_fc_blocked_v04__L2__C1_NA__r01_s28101,scene_fc_blocked_v04,FC_BLOCKED,C1,,28101,89,4,3,2,True,[],[19],False,False,False,True,False
v1__scene_fc_blocked_v04__L2__C1_NA__r02_s28102,scene_fc_blocked_v04,FC_BLOCKED,C1,,28102,89,4,3,2,True,[],[19],False,False,False,True,False
v1__scene_fc_blocked_v04__L2__C1_NA__r03_s28103,scene_fc_blocked_v04,FC_BLOCKED,C1,,28103,89,4,3,2,True,[],[19],False,False,False,True,False
v1__scene_fc_blocked_v04__L2__C1_NA__r04_s28104,scene_fc_blocked_v04,FC_BLOCKED,C1,,28104,89,4,3,2,True,[],[19],False,False,False,True,False
v1__scene_fc_blocked_v04__L2__C1_NA__r05_s28105,scene_fc_blocked_v04,FC_BLOCKED,C1,,28105,89,4,3,2,True,[],[19],False,False,False,True,False
v1__scene_fc_blocked_v04__L2__C2_D4__r01_s28101,scene_fc_blocked_v04,FC_BLOCKED,C2,D4,28101,89,4,3,1,True,[],"[19, 44]",False,False,False,True,False
v1__scene_fc_blocked_v04__L2__C2_D4__r02_s28102,scene_fc_blocked_v04,FC_BLOCKED,C2,D4,28102,89,4,3,1,True,[],"[19, 44]",False,False,False,True,False
v1__scene_fc_blocked_v04__L2__C2_D4__r03_s28103,scene_fc_blocked_v04,FC_BLOCKED,C2,D4,28103,89,4,3,1,True,[],"[19, 44]",False,False,False,True,False
v1__scene_fc_blocked_v04__L2__C2_D4__r04_s28104,scene_fc_blocked_v04,FC_BLOCKED,C2,D4,28104,89,4,3,1,True,[],"[19, 44]",False,False,False,True,False
v1__scene_fc_blocked_v04__L2__C2_D4__r05_s28105,scene_fc_blocked_v04,FC_BLOCKED,C2,D4,28105,89,4,3,1,True,[],"[19, 44]",False,False,False,True,False
v1__scene_fc_blocked_v04__L2__C2_D8__r01_s28101,scene_fc_blocked_v04,FC_BLOCKED,C2,D8,28101,89,4,3,1,True,[],"[19, 44]",False,False,False,True,False
v1__scene_fc_blocked_v04__L2__C2_D8__r02_s28102,scene_fc_blocked_v04,FC_BLOCKED,C2,D8,28102,89,4,3,2,True,[],[19],False,False,False,True,False
v1__scene_fc_blocked_v04__L2__C2_D8__r03_s28103,scene_fc_blocked_v04,FC_BLOCKED,C2,D8,28103,89,4,3,1,True,[],"[19, 44]",False,False,False,True,False
v1__scene_fc_blocked_v04__L2__C2_D8__r04_s28104,scene_fc_blocked_v04,FC_BLOCKED,C2,D8,28104,89,4,3,2,True,[],[19],False,False,False,True,False
v1__scene_fc_blocked_v04__L2__C2_D8__r05_s28105,scene_fc_blocked_v04,FC_BLOCKED,C2,D8,28105,89,4,3,2,True,[],[19],False,False,False,True,False
v1__scene_fc_blocked_v04__L2__C3_D4__r01_s28101,scene_fc_blocked_v04,FC_BLOCKED,C3,D4,28101,89,4,3,1,True,[],"[19, 44]",False,False,False,True,False
v1__scene_fc_blocked_v04__L2__C3_D4__r02_s28102,scene_fc_blocked_v04,FC_BLOCKED,C3,D4,28102,89,4,3,1,True,[],"[19, 44]",False,False,False,True,False
v1__scene_fc_blocked_v04__L2__C3_D4__r03_s28103,scene_fc_blocked_v04,FC_BLOCKED,C3,D4,28103,89,4,3,1,True,[],"[19, 44]",False,False,False,True,False
v1__scene_fc_blocked_v04__L2__C3_D4__r04_s28104,scene_fc_blocked_v04,FC_BLOCKED,C3,D4,28104,89,4,3,1,True,[],"[19, 44]",False,False,False,True,False
v1__scene_fc_blocked_v04__L2__C3_D4__r05_s28105,scene_fc_blocked_v04,FC_BLOCKED,C3,D4,28105,89,4,3,1,True,[],"[19, 44]",False,False,False,True,False
v1__scene_fc_blocked_v04__L2__C3_D8__r01_s28101,scene_fc_blocked_v04,FC_BLOCKED,C3,D8,28101,89,4,3,1,True,[],"[19, 44]",False,False,False,True,False
v1__scene_fc_blocked_v04__L2__C3_D8__r02_s28102,scene_fc_blocked_v04,FC_BLOCKED,C3,D8,28102,89,4,3,0,True,[],"[19, 44, 77]",False,False,False,True,False
v1__scene_fc_blocked_v04__L2__C3_D8__r03_s28103,scene_fc_blocked_v04,FC_BLOCKED,C3,D8,28103,89,4,3,0,True,[],"[19, 44, 77]",False,False,False,True,False
v1__scene_fc_blocked_v04__L2__C3_D8__r04_s28104,scene_fc_blocked_v04,FC_BLOCKED,C3,D8,28104,89,4,3,1,True,[],"[19, 44]",False,False,False,True,False
v1__scene_fc_blocked_v04__L2__C3_D8__r05_s28105,scene_fc_blocked_v04,FC_BLOCKED,C3,D8,28105,89,4,3,0,True,[],"[19, 44, 77]",False,False,False,True,False
v1__scene_fc_blocked_v04__L2__C4_D4__r01_s28101,scene_fc_blocked_v04,FC_BLOCKED,C4,D4,28101,89,4,3,1,True,[],"[19, 44]",False,False,False,True,False
v1__scene_fc_blocked_v04__L2__C4_D4__r02_s28102,scene_fc_blocked_v04,FC_BLOCKED,C4,D4,28102,89,4,3,1,True,[],"[19, 44]",False,False,False,True,False
v1__scene_fc_blocked_v04__L2__C4_D4__r03_s28103,scene_fc_blocked_v04,FC_BLOCKED,C4,D4,28103,89,4,3,1,True,[],"[19, 44]",False,False,False,True,False
v1__scene_fc_blocked_v04__L2__C4_D4__r04_s28104,scene_fc_blocked_v04,FC_BLOCKED,C4,D4,28104,89,4,3,1,True,[],"[19, 44]",False,False,False,True,False
v1__scene_fc_blocked_v04__L2__C4_D4__r05_s28105,scene_fc_blocked_v04,FC_BLOCKED,C4,D4,28105,89,4,3,1,True,[],"[19, 44]",False,False,False,True,False
v1__scene_fc_blocked_v04__L2__C4_D8__r01_s28101,scene_fc_blocked_v04,FC_BLOCKED,C4,D8,28101,89,4,3,1,True,[],"[19, 44]",False,False,False,True,False
v1__scene_fc_blocked_v04__L2__C4_D8__r02_s28102,scene_fc_blocked_v04,FC_BLOCKED,C4,D8,28102,89,4,3,1,True,[],"[19, 44]",False,False,False,True,False
v1__scene_fc_blocked_v04__L2__C4_D8__r03_s28103,scene_fc_blocked_v04,FC_BLOCKED,C4,D8,28103,89,4,3,1,True,[],"[19, 44]",False,False,False,True,False
v1__scene_fc_blocked_v04__L2__C4_D8__r04_s28104,scene_fc_blocked_v04,FC_BLOCKED,C4,D8,28104,89,4,3,1,True,[],"[19, 44]",False,False,False,True,False
v1__scene_fc_blocked_v04__L2__C4_D8__r05_s28105,scene_fc_blocked_v04,FC_BLOCKED,C4,D8,28105,89,4,3,1,True,[],"[19, 44]",False,False,False,True,False
v1__scene_fc_blocked_v04__L2__C5_D4__r01_s28101,scene_fc_blocked_v04,FC_BLOCKED,C5,D4,28101,89,4,3,1,True,[],"[19, 44]",False,False,False,True,False
v1__scene_fc_blocked_v04__L2__C5_D4__r02_s28102,scene_fc_blocked_v04,FC_BLOCKED,C5,D4,28102,89,4,3,0,True,[],"[19, 44, 77]",False,False,False,True,False
v1__scene_fc_blocked_v04__L2__C5_D4__r03_s28103,scene_fc_blocked_v04,FC_BLOCKED,C5,D4,28103,89,4,3,1,True,[],"[19, 44]",False,False,False,True,False
v1__scene_fc_blocked_v04__L2__C5_D4__r04_s28104,scene_fc_blocked_v04,FC_BLOCKED,C5,D4,28104,89,4,3,1,True,[],"[19, 44]",False,False,False,True,False
v1__scene_fc_blocked_v04__L2__C5_D4__r05_s28105,scene_fc_blocked_v04,FC_BLOCKED,C5,D4,28105,89,4,3,1,True,[],"[19, 44]",False,False,False,True,False
v1__scene_fc_blocked_v04__L2__C5_D8__r01_s28101,scene_fc_blocked_v04,FC_BLOCKED,C5,D8,28101,89,4,3,1,True,[],"[19, 44]",False,False,False,True,False
v1__scene_fc_blocked_v04__L2__C5_D8__r02_s28102,scene_fc_blocked_v04,FC_BLOCKED,C5,D8,28102,89,4,3,1,True,[],"[19, 44]",False,False,False,True,False
v1__scene_fc_blocked_v04__L2__C5_D8__r03_s28103,scene_fc_blocked_v04,FC_BLOCKED,C5,D8,28103,89,4,3,1,True,[],"[19, 44]",False,False,False,True,False
v1__scene_fc_blocked_v04__L2__C5_D8__r04_s28104,scene_fc_blocked_v04,FC_BLOCKED,C5,D8,28104,89,4,3,1,True,[],"[19, 44]",False,False,False,True,False
v1__scene_fc_blocked_v04__L2__C5_D8__r05_s28105,scene_fc_blocked_v04,FC_BLOCKED,C5,D8,28105,89,4,3,1,True,[],"[19, 44]",False,False,False,True,False
v1__scene_fc_blocked_v04__L2__C6_D4__r01_s28101,scene_fc_blocked_v04,FC_BLOCKED,C6,D4,28101,89,4,3,1,True,[],"[19, 44]",False,False,False,True,False
v1__scene_fc_blocked_v04__L2__C6_D4__r02_s28102,scene_fc_blocked_v04,FC_BLOCKED,C6,D4,28102,89,4,3,1,True,[],"[19, 44]",False,False,False,True,False
v1__scene_fc_blocked_v04__L2__C6_D4__r03_s28103,scene_fc_blocked_v04,FC_BLOCKED,C6,D4,28103,89,4,3,1,True,[],"[19, 44]",False,False,False,True,False
v1__scene_fc_blocked_v04__L2__C6_D4__r04_s28104,scene_fc_blocked_v04,FC_BLOCKED,C6,D4,28104,89,4,3,1,True,[],"[19, 44]",False,False,False,True,False
v1__scene_fc_blocked_v04__L2__C6_D4__r05_s28105,scene_fc_blocked_v04,FC_BLOCKED,C6,D4,28105,89,4,3,1,True,[],"[19, 44]",False,False,False,True,False
v1__scene_fc_blocked_v04__L2__C6_D8__r01_s28101,scene_fc_blocked_v04,FC_BLOCKED,C6,D8,28101,89,4,3,1,True,[],"[19, 44]",False,False,False,True,False
v1__scene_fc_blocked_v04__L2__C6_D8__r02_s28102,scene_fc_blocked_v04,FC_BLOCKED,C6,D8,28102,89,4,3,1,True,[],"[19, 44]",False,False,False,True,False
v1__scene_fc_blocked_v04__L2__C6_D8__r03_s28103,scene_fc_blocked_v04,FC_BLOCKED,C6,D8,28103,89,4,3,1,True,[],"[19, 44]",False,False,False,True,False
v1__scene_fc_blocked_v04__L2__C6_D8__r04_s28104,scene_fc_blocked_v04,FC_BLOCKED,C6,D8,28104,89,4,3,1,True,[],"[19, 44]",False,False,False,True,False
v1__scene_fc_blocked_v04__L2__C6_D8__r05_s28105,scene_fc_blocked_v04,FC_BLOCKED,C6,D8,28105,89,4,3,1,True,[],"[19, 44]",False,False,False,True,False
v1__scene_fc_blocked_v05__L2__C0_NA__r01_s28101,scene_fc_blocked_v05,FC_BLOCKED,C0,,28101,59,4,3,2,True,[],[26],False,False,False,True,False
v1__scene_fc_blocked_v05__L2__C0_NA__r02_s28102,scene_fc_blocked_v05,FC_BLOCKED,C0,,28102,59,4,3,2,True,[],[26],False,False,False,True,False
v1__scene_fc_blocked_v05__L2__C0_NA__r03_s28103,scene_fc_blocked_v05,FC_BLOCKED,C0,,28103,59,4,3,2,True,[],[26],False,False,False,True,False
v1__scene_fc_blocked_v05__L2__C0_NA__r04_s28104,scene_fc_blocked_v05,FC_BLOCKED,C0,,28104,59,4,3,2,True,[],[26],False,False,False,True,False
v1__scene_fc_blocked_v05__L2__C0_NA__r05_s28105,scene_fc_blocked_v05,FC_BLOCKED,C0,,28105,59,4,3,2,True,[],[26],False,False,False,True,False
v1__scene_fc_blocked_v05__L2__C1_NA__r01_s28101,scene_fc_blocked_v05,FC_BLOCKED,C1,,28101,59,4,3,2,True,[],[26],False,False,False,True,False
v1__scene_fc_blocked_v05__L2__C1_NA__r02_s28102,scene_fc_blocked_v05,FC_BLOCKED,C1,,28102,59,4,3,2,True,[],[26],False,False,False,True,False
v1__scene_fc_blocked_v05__L2__C1_NA__r03_s28103,scene_fc_blocked_v05,FC_BLOCKED,C1,,28103,59,4,3,2,True,[],[26],False,False,False,True,False
v1__scene_fc_blocked_v05__L2__C1_NA__r04_s28104,scene_fc_blocked_v05,FC_BLOCKED,C1,,28104,59,4,3,2,True,[],[26],False,False,False,True,False
v1__scene_fc_blocked_v05__L2__C1_NA__r05_s28105,scene_fc_blocked_v05,FC_BLOCKED,C1,,28105,59,4,3,2,True,[],[26],False,False,False,True,False
v1__scene_fc_blocked_v05__L2__C2_D4__r01_s28101,scene_fc_blocked_v05,FC_BLOCKED,C2,D4,28101,59,4,3,2,True,[],[26],False,False,False,True,False
v1__scene_fc_blocked_v05__L2__C2_D4__r02_s28102,scene_fc_blocked_v05,FC_BLOCKED,C2,D4,28102,59,4,3,2,True,[],[26],False,False,False,True,False
v1__scene_fc_blocked_v05__L2__C2_D4__r03_s28103,scene_fc_blocked_v05,FC_BLOCKED,C2,D4,28103,59,4,3,2,True,[],[26],False,False,False,True,False
v1__scene_fc_blocked_v05__L2__C2_D4__r04_s28104,scene_fc_blocked_v05,FC_BLOCKED,C2,D4,28104,59,4,3,2,True,[],[26],False,False,False,True,False
v1__scene_fc_blocked_v05__L2__C2_D4__r05_s28105,scene_fc_blocked_v05,FC_BLOCKED,C2,D4,28105,59,4,3,2,True,[],[26],False,False,False,True,False
v1__scene_fc_blocked_v05__L2__C2_D8__r01_s28101,scene_fc_blocked_v05,FC_BLOCKED,C2,D8,28101,59,4,3,2,True,[],[26],False,False,False,True,False
v1__scene_fc_blocked_v05__L2__C2_D8__r02_s28102,scene_fc_blocked_v05,FC_BLOCKED,C2,D8,28102,59,4,3,2,True,[],[26],False,False,False,True,False
v1__scene_fc_blocked_v05__L2__C2_D8__r03_s28103,scene_fc_blocked_v05,FC_BLOCKED,C2,D8,28103,59,4,3,2,True,[],[26],False,False,False,True,False
v1__scene_fc_blocked_v05__L2__C2_D8__r04_s28104,scene_fc_blocked_v05,FC_BLOCKED,C2,D8,28104,59,4,3,2,True,[],[26],False,False,False,True,False
v1__scene_fc_blocked_v05__L2__C2_D8__r05_s28105,scene_fc_blocked_v05,FC_BLOCKED,C2,D8,28105,59,4,3,2,True,[],[26],False,False,False,True,False
v1__scene_fc_blocked_v05__L2__C3_D4__r01_s28101,scene_fc_blocked_v05,FC_BLOCKED,C3,D4,28101,59,4,3,2,True,[],[26],False,False,False,True,False
v1__scene_fc_blocked_v05__L2__C3_D4__r02_s28102,scene_fc_blocked_v05,FC_BLOCKED,C3,D4,28102,59,4,3,2,True,[],[26],False,False,False,True,False
v1__scene_fc_blocked_v05__L2__C3_D4__r03_s28103,scene_fc_blocked_v05,FC_BLOCKED,C3,D4,28103,59,4,3,2,True,[],[26],False,False,False,True,False
v1__scene_fc_blocked_v05__L2__C3_D4__r04_s28104,scene_fc_blocked_v05,FC_BLOCKED,C3,D4,28104,59,4,3,2,True,[],[26],False,False,False,True,False
v1__scene_fc_blocked_v05__L2__C3_D4__r05_s28105,scene_fc_blocked_v05,FC_BLOCKED,C3,D4,28105,59,4,3,2,True,[],[26],False,False,False,True,False
v1__scene_fc_blocked_v05__L2__C3_D8__r01_s28101,scene_fc_blocked_v05,FC_BLOCKED,C3,D8,28101,59,4,3,2,True,[],[26],False,False,False,True,False
v1__scene_fc_blocked_v05__L2__C3_D8__r02_s28102,scene_fc_blocked_v05,FC_BLOCKED,C3,D8,28102,59,4,3,2,True,[],[26],False,False,False,True,False
v1__scene_fc_blocked_v05__L2__C3_D8__r03_s28103,scene_fc_blocked_v05,FC_BLOCKED,C3,D8,28103,59,4,3,2,True,[],[26],False,False,False,True,False
v1__scene_fc_blocked_v05__L2__C3_D8__r04_s28104,scene_fc_blocked_v05,FC_BLOCKED,C3,D8,28104,59,4,3,2,True,[],[26],False,False,False,True,False
v1__scene_fc_blocked_v05__L2__C3_D8__r05_s28105,scene_fc_blocked_v05,FC_BLOCKED,C3,D8,28105,59,4,3,2,True,[],[26],False,False,False,True,False
v1__scene_fc_blocked_v05__L2__C4_D4__r01_s28101,scene_fc_blocked_v05,FC_BLOCKED,C4,D4,28101,59,4,3,2,True,[],[26],False,False,False,True,False
v1__scene_fc_blocked_v05__L2__C4_D4__r02_s28102,scene_fc_blocked_v05,FC_BLOCKED,C4,D4,28102,59,4,3,2,True,[],[26],False,False,False,True,False
v1__scene_fc_blocked_v05__L2__C4_D4__r03_s28103,scene_fc_blocked_v05,FC_BLOCKED,C4,D4,28103,59,4,3,2,True,[],[26],False,False,False,True,False
v1__scene_fc_blocked_v05__L2__C4_D4__r04_s28104,scene_fc_blocked_v05,FC_BLOCKED,C4,D4,28104,59,4,3,2,True,[],[26],False,False,False,True,False
v1__scene_fc_blocked_v05__L2__C4_D4__r05_s28105,scene_fc_blocked_v05,FC_BLOCKED,C4,D4,28105,59,4,3,2,True,[],[26],False,False,False,True,False
v1__scene_fc_blocked_v05__L2__C4_D8__r01_s28101,scene_fc_blocked_v05,FC_BLOCKED,C4,D8,28101,59,4,3,2,True,[],[26],False,False,False,True,False
v1__scene_fc_blocked_v05__L2__C4_D8__r02_s28102,scene_fc_blocked_v05,FC_BLOCKED,C4,D8,28102,59,4,3,2,True,[],[26],False,False,False,True,False
v1__scene_fc_blocked_v05__L2__C4_D8__r03_s28103,scene_fc_blocked_v05,FC_BLOCKED,C4,D8,28103,59,4,3,2,True,[],[26],False,False,False,True,False
v1__scene_fc_blocked_v05__L2__C4_D8__r04_s28104,scene_fc_blocked_v05,FC_BLOCKED,C4,D8,28104,59,4,3,2,True,[],[26],False,False,False,True,False
v1__scene_fc_blocked_v05__L2__C4_D8__r05_s28105,scene_fc_blocked_v05,FC_BLOCKED,C4,D8,28105,59,4,3,2,True,[],[26],False,False,False,True,False
v1__scene_fc_blocked_v05__L2__C5_D4__r01_s28101,scene_fc_blocked_v05,FC_BLOCKED,C5,D4,28101,59,4,3,2,True,[],[26],False,False,False,True,False
v1__scene_fc_blocked_v05__L2__C5_D4__r02_s28102,scene_fc_blocked_v05,FC_BLOCKED,C5,D4,28102,59,4,3,2,True,[],[26],False,False,False,True,False
v1__scene_fc_blocked_v05__L2__C5_D4__r03_s28103,scene_fc_blocked_v05,FC_BLOCKED,C5,D4,28103,59,4,3,2,True,[],[26],False,False,False,True,False
v1__scene_fc_blocked_v05__L2__C5_D4__r04_s28104,scene_fc_blocked_v05,FC_BLOCKED,C5,D4,28104,59,4,3,2,True,[],[26],False,False,False,True,False
v1__scene_fc_blocked_v05__L2__C5_D4__r05_s28105,scene_fc_blocked_v05,FC_BLOCKED,C5,D4,28105,59,4,3,2,True,[],[26],False,False,False,True,False
v1__scene_fc_blocked_v05__L2__C5_D8__r01_s28101,scene_fc_blocked_v05,FC_BLOCKED,C5,D8,28101,59,4,3,2,True,[],[26],False,False,False,True,False
v1__scene_fc_blocked_v05__L2__C5_D8__r02_s28102,scene_fc_blocked_v05,FC_BLOCKED,C5,D8,28102,59,4,3,2,True,[],[26],False,False,False,True,False
v1__scene_fc_blocked_v05__L2__C5_D8__r03_s28103,scene_fc_blocked_v05,FC_BLOCKED,C5,D8,28103,59,4,3,2,True,[],[26],False,False,False,True,False
v1__scene_fc_blocked_v05__L2__C5_D8__r04_s28104,scene_fc_blocked_v05,FC_BLOCKED,C5,D8,28104,59,4,3,2,True,[],[26],False,False,False,True,False
v1__scene_fc_blocked_v05__L2__C5_D8__r05_s28105,scene_fc_blocked_v05,FC_BLOCKED,C5,D8,28105,59,4,3,2,True,[],[26],False,False,False,True,False
v1__scene_fc_blocked_v05__L2__C6_D4__r01_s28101,scene_fc_blocked_v05,FC_BLOCKED,C6,D4,28101,59,4,3,2,True,[],[26],False,False,False,True,False
v1__scene_fc_blocked_v05__L2__C6_D4__r02_s28102,scene_fc_blocked_v05,FC_BLOCKED,C6,D4,28102,59,4,3,2,True,[],[26],False,False,False,True,False
v1__scene_fc_blocked_v05__L2__C6_D4__r03_s28103,scene_fc_blocked_v05,FC_BLOCKED,C6,D4,28103,59,4,3,2,True,[],[26],False,False,False,True,False
v1__scene_fc_blocked_v05__L2__C6_D4__r04_s28104,scene_fc_blocked_v05,FC_BLOCKED,C6,D4,28104,59,4,3,2,True,[],[26],False,False,False,True,False
v1__scene_fc_blocked_v05__L2__C6_D4__r05_s28105,scene_fc_blocked_v05,FC_BLOCKED,C6,D4,28105,59,4,3,2,True,[],[26],False,False,False,True,False
v1__scene_fc_blocked_v05__L2__C6_D8__r01_s28101,scene_fc_blocked_v05,FC_BLOCKED,C6,D8,28101,59,4,3,2,True,[],[26],False,False,False,True,False
v1__scene_fc_blocked_v05__L2__C6_D8__r02_s28102,scene_fc_blocked_v05,FC_BLOCKED,C6,D8,28102,59,4,3,2,True,[],[26],False,False,False,True,False
v1__scene_fc_blocked_v05__L2__C6_D8__r03_s28103,scene_fc_blocked_v05,FC_BLOCKED,C6,D8,28103,59,4,3,2,True,[],[26],False,False,False,True,False
v1__scene_fc_blocked_v05__L2__C6_D8__r04_s28104,scene_fc_blocked_v05,FC_BLOCKED,C6,D8,28104,59,4,3,2,True,[],[26],False,False,False,True,False
v1__scene_fc_blocked_v05__L2__C6_D8__r05_s28105,scene_fc_blocked_v05,FC_BLOCKED,C6,D8,28105,59,4,3,2,True,[],[26],False,False,False,True,False
v1__scene_fc_clear_v01__L2__C0_NA__r01_s28101,scene_fc_clear_v01,FC_CLEAR,C0,,28101,53,4,3,3,True,[],[],True,True,False,False,True
v1__scene_fc_clear_v01__L2__C0_NA__r02_s28102,scene_fc_clear_v01,FC_CLEAR,C0,,28102,53,4,3,3,True,[],[],True,True,False,False,True
v1__scene_fc_clear_v01__L2__C0_NA__r03_s28103,scene_fc_clear_v01,FC_CLEAR,C0,,28103,53,4,3,3,True,[],[],True,True,False,False,True
v1__scene_fc_clear_v01__L2__C0_NA__r04_s28104,scene_fc_clear_v01,FC_CLEAR,C0,,28104,53,4,3,3,True,[],[],True,True,False,False,True
v1__scene_fc_clear_v01__L2__C0_NA__r05_s28105,scene_fc_clear_v01,FC_CLEAR,C0,,28105,53,4,3,3,True,[],[],True,True,False,False,True
v1__scene_fc_clear_v01__L2__C1_NA__r01_s28101,scene_fc_clear_v01,FC_CLEAR,C1,,28101,53,4,3,3,True,[],[],True,True,False,False,True
v1__scene_fc_clear_v01__L2__C1_NA__r02_s28102,scene_fc_clear_v01,FC_CLEAR,C1,,28102,53,4,3,3,True,[],[],True,True,False,False,True
v1__scene_fc_clear_v01__L2__C1_NA__r03_s28103,scene_fc_clear_v01,FC_CLEAR,C1,,28103,53,4,3,3,True,[],[],True,True,False,False,True
v1__scene_fc_clear_v01__L2__C1_NA__r04_s28104,scene_fc_clear_v01,FC_CLEAR,C1,,28104,53,4,3,3,True,[],[],True,True,False,False,True
v1__scene_fc_clear_v01__L2__C1_NA__r05_s28105,scene_fc_clear_v01,FC_CLEAR,C1,,28105,53,4,3,3,True,[],[],True,True,False,False,True
v1__scene_fc_clear_v01__L2__C2_D4__r01_s28101,scene_fc_clear_v01,FC_CLEAR,C2,D4,28101,53,4,3,3,True,[],[],True,True,False,False,True
v1__scene_fc_clear_v01__L2__C2_D4__r02_s28102,scene_fc_clear_v01,FC_CLEAR,C2,D4,28102,53,4,3,1,True,[],"[59, 98]",False,False,False,True,False
v1__scene_fc_clear_v01__L2__C2_D4__r03_s28103,scene_fc_clear_v01,FC_CLEAR,C2,D4,28103,53,4,3,3,True,[],[],True,True,False,False,True
v1__scene_fc_clear_v01__L2__C2_D4__r04_s28104,scene_fc_clear_v01,FC_CLEAR,C2,D4,28104,53,4,3,1,True,[],"[59, 98]",False,False,False,True,False
v1__scene_fc_clear_v01__L2__C2_D4__r05_s28105,scene_fc_clear_v01,FC_CLEAR,C2,D4,28105,53,4,3,1,True,[],"[59, 98]",False,False,False,True,False
v1__scene_fc_clear_v01__L2__C2_D8__r01_s28101,scene_fc_clear_v01,FC_CLEAR,C2,D8,28101,53,4,3,1,True,[],"[59, 98]",False,False,False,True,False
v1__scene_fc_clear_v01__L2__C2_D8__r02_s28102,scene_fc_clear_v01,FC_CLEAR,C2,D8,28102,53,4,3,1,True,[],"[59, 98]",False,False,False,True,False
v1__scene_fc_clear_v01__L2__C2_D8__r03_s28103,scene_fc_clear_v01,FC_CLEAR,C2,D8,28103,53,4,3,1,True,[],"[59, 98]",False,False,False,True,False
v1__scene_fc_clear_v01__L2__C2_D8__r04_s28104,scene_fc_clear_v01,FC_CLEAR,C2,D8,28104,53,4,3,1,True,[],"[59, 98]",False,False,False,True,False
v1__scene_fc_clear_v01__L2__C2_D8__r05_s28105,scene_fc_clear_v01,FC_CLEAR,C2,D8,28105,53,4,3,1,True,[],"[59, 98]",False,False,False,True,False
v1__scene_fc_clear_v01__L2__C3_D4__r01_s28101,scene_fc_clear_v01,FC_CLEAR,C3,D4,28101,53,4,3,3,True,[],[],True,True,False,False,True
v1__scene_fc_clear_v01__L2__C3_D4__r02_s28102,scene_fc_clear_v01,FC_CLEAR,C3,D4,28102,53,4,3,3,True,[],[],True,True,False,False,True
v1__scene_fc_clear_v01__L2__C3_D4__r03_s28103,scene_fc_clear_v01,FC_CLEAR,C3,D4,28103,53,4,3,3,True,[],[],True,True,False,False,True
v1__scene_fc_clear_v01__L2__C3_D4__r04_s28104,scene_fc_clear_v01,FC_CLEAR,C3,D4,28104,53,4,3,3,True,[],[],True,True,False,False,True
v1__scene_fc_clear_v01__L2__C3_D4__r05_s28105,scene_fc_clear_v01,FC_CLEAR,C3,D4,28105,53,4,3,3,True,[],[],True,True,False,False,True
v1__scene_fc_clear_v01__L2__C3_D8__r01_s28101,scene_fc_clear_v01,FC_CLEAR,C3,D8,28101,53,4,3,3,True,[],[],True,True,False,False,True
v1__scene_fc_clear_v01__L2__C3_D8__r02_s28102,scene_fc_clear_v01,FC_CLEAR,C3,D8,28102,53,4,3,3,True,[],[],True,True,False,False,True
v1__scene_fc_clear_v01__L2__C3_D8__r03_s28103,scene_fc_clear_v01,FC_CLEAR,C3,D8,28103,53,4,3,3,True,[],[],True,True,False,False,True
v1__scene_fc_clear_v01__L2__C3_D8__r04_s28104,scene_fc_clear_v01,FC_CLEAR,C3,D8,28104,53,4,3,3,True,[],[],True,True,False,False,True
v1__scene_fc_clear_v01__L2__C3_D8__r05_s28105,scene_fc_clear_v01,FC_CLEAR,C3,D8,28105,53,4,3,3,True,[],[],True,True,False,False,True
v1__scene_fc_clear_v01__L2__C4_D4__r01_s28101,scene_fc_clear_v01,FC_CLEAR,C4,D4,28101,53,4,3,3,True,[],[],True,True,False,False,True
v1__scene_fc_clear_v01__L2__C4_D4__r02_s28102,scene_fc_clear_v01,FC_CLEAR,C4,D4,28102,53,4,3,1,True,[],"[59, 98]",False,False,False,True,False
v1__scene_fc_clear_v01__L2__C4_D4__r03_s28103,scene_fc_clear_v01,FC_CLEAR,C4,D4,28103,53,4,3,1,True,[],"[59, 98]",False,False,False,True,False
v1__scene_fc_clear_v01__L2__C4_D4__r04_s28104,scene_fc_clear_v01,FC_CLEAR,C4,D4,28104,53,4,3,1,True,[],"[59, 98]",False,False,False,True,False
v1__scene_fc_clear_v01__L2__C4_D4__r05_s28105,scene_fc_clear_v01,FC_CLEAR,C4,D4,28105,53,4,3,1,True,[],"[59, 98]",False,False,False,True,False
v1__scene_fc_clear_v01__L2__C4_D8__r01_s28101,scene_fc_clear_v01,FC_CLEAR,C4,D8,28101,53,4,3,3,True,[],[],True,True,False,False,True
v1__scene_fc_clear_v01__L2__C4_D8__r02_s28102,scene_fc_clear_v01,FC_CLEAR,C4,D8,28102,53,4,3,3,True,[],[],True,True,False,False,True
v1__scene_fc_clear_v01__L2__C4_D8__r03_s28103,scene_fc_clear_v01,FC_CLEAR,C4,D8,28103,53,4,3,3,True,[],[],True,True,False,False,True
v1__scene_fc_clear_v01__L2__C4_D8__r04_s28104,scene_fc_clear_v01,FC_CLEAR,C4,D8,28104,53,4,3,3,True,[],[],True,True,False,False,True
v1__scene_fc_clear_v01__L2__C4_D8__r05_s28105,scene_fc_clear_v01,FC_CLEAR,C4,D8,28105,53,4,3,3,True,[],[],True,True,False,False,True
v1__scene_fc_clear_v01__L2__C5_D4__r01_s28101,scene_fc_clear_v01,FC_CLEAR,C5,D4,28101,53,4,3,3,True,[],[],True,True,False,False,True
v1__scene_fc_clear_v01__L2__C5_D4__r02_s28102,scene_fc_clear_v01,FC_CLEAR,C5,D4,28102,53,4,3,3,True,[],[],True,True,False,False,True
v1__scene_fc_clear_v01__L2__C5_D4__r03_s28103,scene_fc_clear_v01,FC_CLEAR,C5,D4,28103,53,4,3,3,True,[],[],True,True,False,False,True
v1__scene_fc_clear_v01__L2__C5_D4__r04_s28104,scene_fc_clear_v01,FC_CLEAR,C5,D4,28104,53,4,3,1,True,[],"[59, 98]",False,False,False,True,False
v1__scene_fc_clear_v01__L2__C5_D4__r05_s28105,scene_fc_clear_v01,FC_CLEAR,C5,D4,28105,53,4,3,3,True,[],[],True,True,False,False,True
v1__scene_fc_clear_v01__L2__C5_D8__r01_s28101,scene_fc_clear_v01,FC_CLEAR,C5,D8,28101,53,4,3,3,True,[],[],True,True,False,False,True
v1__scene_fc_clear_v01__L2__C5_D8__r02_s28102,scene_fc_clear_v01,FC_CLEAR,C5,D8,28102,53,4,3,3,True,[],[],True,True,False,False,True
v1__scene_fc_clear_v01__L2__C5_D8__r03_s28103,scene_fc_clear_v01,FC_CLEAR,C5,D8,28103,53,4,3,3,True,[],[],True,True,False,False,True
v1__scene_fc_clear_v01__L2__C5_D8__r04_s28104,scene_fc_clear_v01,FC_CLEAR,C5,D8,28104,53,4,3,3,True,[],[],True,True,False,False,True
v1__scene_fc_clear_v01__L2__C5_D8__r05_s28105,scene_fc_clear_v01,FC_CLEAR,C5,D8,28105,53,4,3,3,True,[],[],True,True,False,False,True
v1__scene_fc_clear_v01__L2__C6_D4__r01_s28101,scene_fc_clear_v01,FC_CLEAR,C6,D4,28101,53,4,3,3,True,[],[],True,True,False,False,True
v1__scene_fc_clear_v01__L2__C6_D4__r02_s28102,scene_fc_clear_v01,FC_CLEAR,C6,D4,28102,53,4,3,3,True,[],[],True,True,False,False,True
v1__scene_fc_clear_v01__L2__C6_D4__r03_s28103,scene_fc_clear_v01,FC_CLEAR,C6,D4,28103,53,4,3,3,True,[],[],True,True,False,False,True
v1__scene_fc_clear_v01__L2__C6_D4__r04_s28104,scene_fc_clear_v01,FC_CLEAR,C6,D4,28104,53,4,3,3,True,[],[],True,True,False,False,True
v1__scene_fc_clear_v01__L2__C6_D4__r05_s28105,scene_fc_clear_v01,FC_CLEAR,C6,D4,28105,53,4,3,3,True,[],[],True,True,False,False,True
v1__scene_fc_clear_v01__L2__C6_D8__r01_s28101,scene_fc_clear_v01,FC_CLEAR,C6,D8,28101,53,4,3,3,True,[],[],True,True,False,False,True
v1__scene_fc_clear_v01__L2__C6_D8__r02_s28102,scene_fc_clear_v01,FC_CLEAR,C6,D8,28102,53,4,3,3,True,[],[],True,True,False,False,True
v1__scene_fc_clear_v01__L2__C6_D8__r03_s28103,scene_fc_clear_v01,FC_CLEAR,C6,D8,28103,53,4,3,3,True,[],[],True,True,False,False,True
v1__scene_fc_clear_v01__L2__C6_D8__r04_s28104,scene_fc_clear_v01,FC_CLEAR,C6,D8,28104,53,4,3,3,True,[],[],True,True,False,False,True
v1__scene_fc_clear_v01__L2__C6_D8__r05_s28105,scene_fc_clear_v01,FC_CLEAR,C6,D8,28105,53,4,3,3,True,[],[],True,True,False,False,True
v1__scene_fc_clear_v02__L2__C0_NA__r01_s28101,scene_fc_clear_v02,FC_CLEAR,C0,,28101,29,4,3,3,True,[],[],True,True,False,False,True
v1__scene_fc_clear_v02__L2__C0_NA__r02_s28102,scene_fc_clear_v02,FC_CLEAR,C0,,28102,29,4,3,3,True,[],[],True,True,False,False,True
v1__scene_fc_clear_v02__L2__C0_NA__r03_s28103,scene_fc_clear_v02,FC_CLEAR,C0,,28103,29,4,3,3,True,[],[],True,True,False,False,True
v1__scene_fc_clear_v02__L2__C0_NA__r04_s28104,scene_fc_clear_v02,FC_CLEAR,C0,,28104,29,4,3,3,True,[],[],True,True,False,False,True
v1__scene_fc_clear_v02__L2__C0_NA__r05_s28105,scene_fc_clear_v02,FC_CLEAR,C0,,28105,29,4,3,3,True,[],[],True,True,False,False,True
v1__scene_fc_clear_v02__L2__C1_NA__r01_s28101,scene_fc_clear_v02,FC_CLEAR,C1,,28101,29,4,3,2,True,[],[10],False,False,False,True,False
v1__scene_fc_clear_v02__L2__C1_NA__r02_s28102,scene_fc_clear_v02,FC_CLEAR,C1,,28102,29,4,3,2,True,[],[10],False,False,False,True,False
v1__scene_fc_clear_v02__L2__C1_NA__r03_s28103,scene_fc_clear_v02,FC_CLEAR,C1,,28103,29,4,3,2,True,[],[10],False,False,False,True,False
v1__scene_fc_clear_v02__L2__C1_NA__r04_s28104,scene_fc_clear_v02,FC_CLEAR,C1,,28104,29,4,3,2,True,[],[10],False,False,False,True,False
v1__scene_fc_clear_v02__L2__C1_NA__r05_s28105,scene_fc_clear_v02,FC_CLEAR,C1,,28105,29,4,3,2,True,[],[10],False,False,False,True,False
v1__scene_fc_clear_v02__L2__C2_D4__r01_s28101,scene_fc_clear_v02,FC_CLEAR,C2,D4,28101,29,4,3,2,True,[],[10],False,False,False,True,False
v1__scene_fc_clear_v02__L2__C2_D4__r02_s28102,scene_fc_clear_v02,FC_CLEAR,C2,D4,28102,29,4,3,2,True,[],[10],False,False,False,True,False
v1__scene_fc_clear_v02__L2__C2_D4__r03_s28103,scene_fc_clear_v02,FC_CLEAR,C2,D4,28103,29,4,3,2,True,[],[10],False,False,False,True,False
v1__scene_fc_clear_v02__L2__C2_D4__r04_s28104,scene_fc_clear_v02,FC_CLEAR,C2,D4,28104,29,4,3,2,True,[],[10],False,False,False,True,False
v1__scene_fc_clear_v02__L2__C2_D4__r05_s28105,scene_fc_clear_v02,FC_CLEAR,C2,D4,28105,29,4,3,2,True,[],[10],False,False,False,True,False
v1__scene_fc_clear_v02__L2__C2_D8__r01_s28101,scene_fc_clear_v02,FC_CLEAR,C2,D8,28101,29,4,3,2,True,[],[10],False,False,False,True,False
v1__scene_fc_clear_v02__L2__C2_D8__r02_s28102,scene_fc_clear_v02,FC_CLEAR,C2,D8,28102,29,4,3,2,True,[],[10],False,False,False,True,False
v1__scene_fc_clear_v02__L2__C2_D8__r03_s28103,scene_fc_clear_v02,FC_CLEAR,C2,D8,28103,29,4,3,2,True,[],[10],False,False,False,True,False
v1__scene_fc_clear_v02__L2__C2_D8__r04_s28104,scene_fc_clear_v02,FC_CLEAR,C2,D8,28104,29,4,3,2,True,[],[10],False,False,False,True,False
v1__scene_fc_clear_v02__L2__C2_D8__r05_s28105,scene_fc_clear_v02,FC_CLEAR,C2,D8,28105,29,4,3,2,True,[],[10],False,False,False,True,False
v1__scene_fc_clear_v02__L2__C3_D4__r01_s28101,scene_fc_clear_v02,FC_CLEAR,C3,D4,28101,29,4,3,3,True,[],[],True,True,False,False,True
v1__scene_fc_clear_v02__L2__C3_D4__r02_s28102,scene_fc_clear_v02,FC_CLEAR,C3,D4,28102,29,4,3,3,True,[],[],True,True,False,False,True
v1__scene_fc_clear_v02__L2__C3_D4__r03_s28103,scene_fc_clear_v02,FC_CLEAR,C3,D4,28103,29,4,3,3,True,[],[],True,True,False,False,True
v1__scene_fc_clear_v02__L2__C3_D4__r04_s28104,scene_fc_clear_v02,FC_CLEAR,C3,D4,28104,29,4,3,3,True,[],[],True,True,False,False,True
v1__scene_fc_clear_v02__L2__C3_D4__r05_s28105,scene_fc_clear_v02,FC_CLEAR,C3,D4,28105,29,4,3,3,True,[],[],True,True,False,False,True
v1__scene_fc_clear_v02__L2__C3_D8__r01_s28101,scene_fc_clear_v02,FC_CLEAR,C3,D8,28101,29,4,3,3,True,[],[],True,True,False,False,True
v1__scene_fc_clear_v02__L2__C3_D8__r02_s28102,scene_fc_clear_v02,FC_CLEAR,C3,D8,28102,29,4,3,3,True,[],[],True,True,False,False,True
v1__scene_fc_clear_v02__L2__C3_D8__r03_s28103,scene_fc_clear_v02,FC_CLEAR,C3,D8,28103,29,4,3,3,True,[],[],True,True,False,False,True
v1__scene_fc_clear_v02__L2__C3_D8__r04_s28104,scene_fc_clear_v02,FC_CLEAR,C3,D8,28104,29,4,3,3,True,[],[],True,True,False,False,True
v1__scene_fc_clear_v02__L2__C3_D8__r05_s28105,scene_fc_clear_v02,FC_CLEAR,C3,D8,28105,29,4,3,3,True,[],[],True,True,False,False,True
v1__scene_fc_clear_v02__L2__C4_D4__r01_s28101,scene_fc_clear_v02,FC_CLEAR,C4,D4,28101,29,4,3,3,True,[],[],True,True,False,False,True
v1__scene_fc_clear_v02__L2__C4_D4__r02_s28102,scene_fc_clear_v02,FC_CLEAR,C4,D4,28102,29,4,3,3,True,[],[],True,True,False,False,True
v1__scene_fc_clear_v02__L2__C4_D4__r03_s28103,scene_fc_clear_v02,FC_CLEAR,C4,D4,28103,29,4,3,3,True,[],[],True,True,False,False,True
v1__scene_fc_clear_v02__L2__C4_D4__r04_s28104,scene_fc_clear_v02,FC_CLEAR,C4,D4,28104,29,4,3,3,True,[],[],True,True,False,False,True
v1__scene_fc_clear_v02__L2__C4_D4__r05_s28105,scene_fc_clear_v02,FC_CLEAR,C4,D4,28105,29,4,3,3,True,[],[],True,True,False,False,True
v1__scene_fc_clear_v02__L2__C4_D8__r01_s28101,scene_fc_clear_v02,FC_CLEAR,C4,D8,28101,29,4,3,3,True,[],[],True,True,False,False,True
v1__scene_fc_clear_v02__L2__C4_D8__r02_s28102,scene_fc_clear_v02,FC_CLEAR,C4,D8,28102,29,4,3,3,True,[],[],True,True,False,False,True
v1__scene_fc_clear_v02__L2__C4_D8__r03_s28103,scene_fc_clear_v02,FC_CLEAR,C4,D8,28103,29,4,3,3,True,[],[],True,True,False,False,True
v1__scene_fc_clear_v02__L2__C4_D8__r04_s28104,scene_fc_clear_v02,FC_CLEAR,C4,D8,28104,29,4,3,3,True,[],[],True,True,False,False,True
v1__scene_fc_clear_v02__L2__C4_D8__r05_s28105,scene_fc_clear_v02,FC_CLEAR,C4,D8,28105,29,4,3,3,True,[],[],True,True,False,False,True
v1__scene_fc_clear_v02__L2__C5_D4__r01_s28101,scene_fc_clear_v02,FC_CLEAR,C5,D4,28101,29,4,3,3,True,[],[],True,True,False,False,True
v1__scene_fc_clear_v02__L2__C5_D4__r02_s28102,scene_fc_clear_v02,FC_CLEAR,C5,D4,28102,29,4,3,3,True,[],[],True,True,False,False,True
v1__scene_fc_clear_v02__L2__C5_D4__r03_s28103,scene_fc_clear_v02,FC_CLEAR,C5,D4,28103,29,4,3,3,True,[],[],True,True,False,False,True
v1__scene_fc_clear_v02__L2__C5_D4__r04_s28104,scene_fc_clear_v02,FC_CLEAR,C5,D4,28104,29,4,3,3,True,[],[],True,True,False,False,True
v1__scene_fc_clear_v02__L2__C5_D4__r05_s28105,scene_fc_clear_v02,FC_CLEAR,C5,D4,28105,29,4,3,3,True,[],[],True,True,False,False,True
v1__scene_fc_clear_v02__L2__C5_D8__r01_s28101,scene_fc_clear_v02,FC_CLEAR,C5,D8,28101,29,4,3,3,True,[],[],True,True,False,False,True
v1__scene_fc_clear_v02__L2__C5_D8__r02_s28102,scene_fc_clear_v02,FC_CLEAR,C5,D8,28102,29,4,3,3,True,[],[],True,True,False,False,True
v1__scene_fc_clear_v02__L2__C5_D8__r03_s28103,scene_fc_clear_v02,FC_CLEAR,C5,D8,28103,29,4,3,3,True,[],[],True,True,False,False,True
v1__scene_fc_clear_v02__L2__C5_D8__r04_s28104,scene_fc_clear_v02,FC_CLEAR,C5,D8,28104,29,4,3,3,True,[],[],True,True,False,False,True
v1__scene_fc_clear_v02__L2__C5_D8__r05_s28105,scene_fc_clear_v02,FC_CLEAR,C5,D8,28105,29,4,3,3,True,[],[],True,True,False,False,True
v1__scene_fc_clear_v02__L2__C6_D4__r01_s28101,scene_fc_clear_v02,FC_CLEAR,C6,D4,28101,29,4,3,0,True,[],"[10, 39, 66]",False,False,False,True,False
v1__scene_fc_clear_v02__L2__C6_D4__r02_s28102,scene_fc_clear_v02,FC_CLEAR,C6,D4,28102,29,4,3,0,True,[],"[10, 39, 66]",False,False,False,True,False
v1__scene_fc_clear_v02__L2__C6_D4__r03_s28103,scene_fc_clear_v02,FC_CLEAR,C6,D4,28103,29,4,3,0,True,[],"[10, 39, 66]",False,False,False,True,False
v1__scene_fc_clear_v02__L2__C6_D4__r04_s28104,scene_fc_clear_v02,FC_CLEAR,C6,D4,28104,29,4,3,0,True,[],"[10, 39, 66]",False,False,False,True,False
v1__scene_fc_clear_v02__L2__C6_D4__r05_s28105,scene_fc_clear_v02,FC_CLEAR,C6,D4,28105,29,4,3,0,True,[],"[10, 39, 66]",False,False,False,True,False
v1__scene_fc_clear_v02__L2__C6_D8__r01_s28101,scene_fc_clear_v02,FC_CLEAR,C6,D8,28101,29,4,3,3,True,[],[],True,True,False,False,True
v1__scene_fc_clear_v02__L2__C6_D8__r02_s28102,scene_fc_clear_v02,FC_CLEAR,C6,D8,28102,29,4,3,3,True,[],[],True,True,False,False,True
v1__scene_fc_clear_v02__L2__C6_D8__r03_s28103,scene_fc_clear_v02,FC_CLEAR,C6,D8,28103,29,4,3,3,True,[],[],True,True,False,False,True
v1__scene_fc_clear_v02__L2__C6_D8__r04_s28104,scene_fc_clear_v02,FC_CLEAR,C6,D8,28104,29,4,3,3,True,[],[],True,True,False,False,True
v1__scene_fc_clear_v02__L2__C6_D8__r05_s28105,scene_fc_clear_v02,FC_CLEAR,C6,D8,28105,29,4,3,3,True,[],[],True,True,False,False,True
v1__scene_fc_clear_v03__L2__C0_NA__r01_s28101,scene_fc_clear_v03,FC_CLEAR,C0,,28101,95,4,3,3,True,[],[],True,True,False,False,True
v1__scene_fc_clear_v03__L2__C0_NA__r02_s28102,scene_fc_clear_v03,FC_CLEAR,C0,,28102,95,4,3,3,True,[],[],True,True,False,False,True
v1__scene_fc_clear_v03__L2__C0_NA__r03_s28103,scene_fc_clear_v03,FC_CLEAR,C0,,28103,95,4,3,3,True,[],[],True,True,False,False,True
v1__scene_fc_clear_v03__L2__C0_NA__r04_s28104,scene_fc_clear_v03,FC_CLEAR,C0,,28104,95,4,3,3,True,[],[],True,True,False,False,True
v1__scene_fc_clear_v03__L2__C0_NA__r05_s28105,scene_fc_clear_v03,FC_CLEAR,C0,,28105,95,4,3,3,True,[],[],True,True,False,False,True
v1__scene_fc_clear_v03__L2__C1_NA__r01_s28101,scene_fc_clear_v03,FC_CLEAR,C1,,28101,95,4,3,3,True,[],[],True,True,False,False,True
v1__scene_fc_clear_v03__L2__C1_NA__r02_s28102,scene_fc_clear_v03,FC_CLEAR,C1,,28102,95,4,3,3,True,[],[],True,True,False,False,True
v1__scene_fc_clear_v03__L2__C1_NA__r03_s28103,scene_fc_clear_v03,FC_CLEAR,C1,,28103,95,4,3,3,True,[],[],True,True,False,False,True
v1__scene_fc_clear_v03__L2__C1_NA__r04_s28104,scene_fc_clear_v03,FC_CLEAR,C1,,28104,95,4,3,3,True,[],[],True,True,False,False,True
v1__scene_fc_clear_v03__L2__C1_NA__r05_s28105,scene_fc_clear_v03,FC_CLEAR,C1,,28105,95,4,3,3,True,[],[],True,True,False,False,True
v1__scene_fc_clear_v03__L2__C2_D4__r01_s28101,scene_fc_clear_v03,FC_CLEAR,C2,D4,28101,95,4,3,0,True,[],"[20, 22, 51]",False,False,False,True,False
v1__scene_fc_clear_v03__L2__C2_D4__r02_s28102,scene_fc_clear_v03,FC_CLEAR,C2,D4,28102,95,4,3,0,True,[],"[20, 22, 51]",False,False,False,True,False
v1__scene_fc_clear_v03__L2__C2_D4__r03_s28103,scene_fc_clear_v03,FC_CLEAR,C2,D4,28103,95,4,3,0,True,[],"[20, 22, 51]",False,False,False,True,False
v1__scene_fc_clear_v03__L2__C2_D4__r04_s28104,scene_fc_clear_v03,FC_CLEAR,C2,D4,28104,95,4,3,0,True,[],"[20, 22, 51]",False,False,False,True,False
v1__scene_fc_clear_v03__L2__C2_D4__r05_s28105,scene_fc_clear_v03,FC_CLEAR,C2,D4,28105,95,4,3,0,True,[],"[20, 22, 51]",False,False,False,True,False
v1__scene_fc_clear_v03__L2__C2_D8__r01_s28101,scene_fc_clear_v03,FC_CLEAR,C2,D8,28101,95,4,3,0,True,[],"[20, 22, 51]",False,False,False,True,False
v1__scene_fc_clear_v03__L2__C2_D8__r02_s28102,scene_fc_clear_v03,FC_CLEAR,C2,D8,28102,95,4,3,0,True,[],"[20, 22, 51]",False,False,False,True,False
v1__scene_fc_clear_v03__L2__C2_D8__r03_s28103,scene_fc_clear_v03,FC_CLEAR,C2,D8,28103,95,4,3,0,True,[],"[20, 22, 51]",False,False,False,True,False
v1__scene_fc_clear_v03__L2__C2_D8__r04_s28104,scene_fc_clear_v03,FC_CLEAR,C2,D8,28104,95,4,3,0,True,[],"[20, 22, 51]",False,False,False,True,False
v1__scene_fc_clear_v03__L2__C2_D8__r05_s28105,scene_fc_clear_v03,FC_CLEAR,C2,D8,28105,95,4,3,0,True,[],"[20, 22, 51]",False,False,False,True,False
v1__scene_fc_clear_v03__L2__C3_D4__r01_s28101,scene_fc_clear_v03,FC_CLEAR,C3,D4,28101,95,4,3,3,True,[],[],True,True,False,False,True
v1__scene_fc_clear_v03__L2__C3_D4__r02_s28102,scene_fc_clear_v03,FC_CLEAR,C3,D4,28102,95,4,3,3,True,[],[],True,True,False,False,True
v1__scene_fc_clear_v03__L2__C3_D4__r03_s28103,scene_fc_clear_v03,FC_CLEAR,C3,D4,28103,95,4,3,3,True,[],[],True,True,False,False,True
v1__scene_fc_clear_v03__L2__C3_D4__r04_s28104,scene_fc_clear_v03,FC_CLEAR,C3,D4,28104,95,4,3,3,True,[],[],True,True,False,False,True
v1__scene_fc_clear_v03__L2__C3_D4__r05_s28105,scene_fc_clear_v03,FC_CLEAR,C3,D4,28105,95,4,3,3,True,[],[],True,True,False,False,True
v1__scene_fc_clear_v03__L2__C3_D8__r01_s28101,scene_fc_clear_v03,FC_CLEAR,C3,D8,28101,95,4,3,3,True,[],[],True,True,False,False,True
v1__scene_fc_clear_v03__L2__C3_D8__r02_s28102,scene_fc_clear_v03,FC_CLEAR,C3,D8,28102,95,4,3,3,True,[],[],True,True,False,False,True
v1__scene_fc_clear_v03__L2__C3_D8__r03_s28103,scene_fc_clear_v03,FC_CLEAR,C3,D8,28103,95,4,3,3,True,[],[],True,True,False,False,True
v1__scene_fc_clear_v03__L2__C3_D8__r04_s28104,scene_fc_clear_v03,FC_CLEAR,C3,D8,28104,95,4,3,3,True,[],[],True,True,False,False,True
v1__scene_fc_clear_v03__L2__C3_D8__r05_s28105,scene_fc_clear_v03,FC_CLEAR,C3,D8,28105,95,4,3,3,True,[],[],True,True,False,False,True
v1__scene_fc_clear_v03__L2__C4_D4__r01_s28101,scene_fc_clear_v03,FC_CLEAR,C4,D4,28101,95,4,3,3,True,[],[],True,True,False,False,True
v1__scene_fc_clear_v03__L2__C4_D4__r02_s28102,scene_fc_clear_v03,FC_CLEAR,C4,D4,28102,95,4,3,3,True,[],[],True,True,False,False,True
v1__scene_fc_clear_v03__L2__C4_D4__r03_s28103,scene_fc_clear_v03,FC_CLEAR,C4,D4,28103,95,4,3,3,True,[],[],True,True,False,False,True
v1__scene_fc_clear_v03__L2__C4_D4__r04_s28104,scene_fc_clear_v03,FC_CLEAR,C4,D4,28104,95,4,3,3,True,[],[],True,True,False,False,True
v1__scene_fc_clear_v03__L2__C4_D4__r05_s28105,scene_fc_clear_v03,FC_CLEAR,C4,D4,28105,95,4,3,3,True,[],[],True,True,False,False,True
v1__scene_fc_clear_v03__L2__C4_D8__r01_s28101,scene_fc_clear_v03,FC_CLEAR,C4,D8,28101,95,4,3,3,True,[],[],True,True,False,False,True
v1__scene_fc_clear_v03__L2__C4_D8__r02_s28102,scene_fc_clear_v03,FC_CLEAR,C4,D8,28102,95,4,3,3,True,[],[],True,True,False,False,True
v1__scene_fc_clear_v03__L2__C4_D8__r03_s28103,scene_fc_clear_v03,FC_CLEAR,C4,D8,28103,95,4,3,3,True,[],[],True,True,False,False,True
v1__scene_fc_clear_v03__L2__C4_D8__r04_s28104,scene_fc_clear_v03,FC_CLEAR,C4,D8,28104,95,4,3,3,True,[],[],True,True,False,False,True
v1__scene_fc_clear_v03__L2__C4_D8__r05_s28105,scene_fc_clear_v03,FC_CLEAR,C4,D8,28105,95,4,3,3,True,[],[],True,True,False,False,True
v1__scene_fc_clear_v03__L2__C5_D4__r01_s28101,scene_fc_clear_v03,FC_CLEAR,C5,D4,28101,95,4,3,2,True,[],[20],False,False,False,True,False
v1__scene_fc_clear_v03__L2__C5_D4__r02_s28102,scene_fc_clear_v03,FC_CLEAR,C5,D4,28102,95,4,3,3,True,[],[],True,True,False,False,True
v1__scene_fc_clear_v03__L2__C5_D4__r03_s28103,scene_fc_clear_v03,FC_CLEAR,C5,D4,28103,95,4,3,3,True,[],[],True,True,False,False,True
v1__scene_fc_clear_v03__L2__C5_D4__r04_s28104,scene_fc_clear_v03,FC_CLEAR,C5,D4,28104,95,4,3,3,True,[],[],True,True,False,False,True
v1__scene_fc_clear_v03__L2__C5_D4__r05_s28105,scene_fc_clear_v03,FC_CLEAR,C5,D4,28105,95,4,3,2,True,[],[20],False,False,False,True,False
v1__scene_fc_clear_v03__L2__C5_D8__r01_s28101,scene_fc_clear_v03,FC_CLEAR,C5,D8,28101,95,4,3,3,True,[],[],True,True,False,False,True
v1__scene_fc_clear_v03__L2__C5_D8__r02_s28102,scene_fc_clear_v03,FC_CLEAR,C5,D8,28102,95,4,3,3,True,[],[],True,True,False,False,True
v1__scene_fc_clear_v03__L2__C5_D8__r03_s28103,scene_fc_clear_v03,FC_CLEAR,C5,D8,28103,95,4,3,3,True,[],[],True,True,False,False,True
v1__scene_fc_clear_v03__L2__C5_D8__r04_s28104,scene_fc_clear_v03,FC_CLEAR,C5,D8,28104,95,4,3,3,True,[],[],True,True,False,False,True
v1__scene_fc_clear_v03__L2__C5_D8__r05_s28105,scene_fc_clear_v03,FC_CLEAR,C5,D8,28105,95,4,3,3,True,[],[],True,True,False,False,True
v1__scene_fc_clear_v03__L2__C6_D4__r01_s28101,scene_fc_clear_v03,FC_CLEAR,C6,D4,28101,95,4,3,3,True,[],[],True,True,False,False,True
v1__scene_fc_clear_v03__L2__C6_D4__r02_s28102,scene_fc_clear_v03,FC_CLEAR,C6,D4,28102,95,4,3,3,True,[],[],True,True,False,False,True
v1__scene_fc_clear_v03__L2__C6_D4__r03_s28103,scene_fc_clear_v03,FC_CLEAR,C6,D4,28103,95,4,3,3,True,[],[],True,True,False,False,True
v1__scene_fc_clear_v03__L2__C6_D4__r04_s28104,scene_fc_clear_v03,FC_CLEAR,C6,D4,28104,95,4,3,2,True,[],[20],False,False,False,True,False
v1__scene_fc_clear_v03__L2__C6_D4__r05_s28105,scene_fc_clear_v03,FC_CLEAR,C6,D4,28105,95,4,3,2,True,[],[20],False,False,False,True,False
v1__scene_fc_clear_v03__L2__C6_D8__r01_s28101,scene_fc_clear_v03,FC_CLEAR,C6,D8,28101,95,4,3,3,True,[],[],True,True,False,False,True
v1__scene_fc_clear_v03__L2__C6_D8__r02_s28102,scene_fc_clear_v03,FC_CLEAR,C6,D8,28102,95,4,3,3,True,[],[],True,True,False,False,True
v1__scene_fc_clear_v03__L2__C6_D8__r03_s28103,scene_fc_clear_v03,FC_CLEAR,C6,D8,28103,95,4,3,3,True,[],[],True,True,False,False,True
v1__scene_fc_clear_v03__L2__C6_D8__r04_s28104,scene_fc_clear_v03,FC_CLEAR,C6,D8,28104,95,4,3,3,True,[],[],True,True,False,False,True
v1__scene_fc_clear_v03__L2__C6_D8__r05_s28105,scene_fc_clear_v03,FC_CLEAR,C6,D8,28105,95,4,3,3,True,[],[],True,True,False,False,True
v1__scene_fc_clear_v04__L2__C0_NA__r01_s28101,scene_fc_clear_v04,FC_CLEAR,C0,,28101,61,4,3,0,True,[],"[13, 38, 59]",False,False,False,True,False
v1__scene_fc_clear_v04__L2__C0_NA__r02_s28102,scene_fc_clear_v04,FC_CLEAR,C0,,28102,61,4,3,0,True,[],"[13, 38, 59]",False,False,False,True,False
v1__scene_fc_clear_v04__L2__C0_NA__r03_s28103,scene_fc_clear_v04,FC_CLEAR,C0,,28103,61,4,3,0,True,[],"[13, 38, 59]",False,False,False,True,False
v1__scene_fc_clear_v04__L2__C0_NA__r04_s28104,scene_fc_clear_v04,FC_CLEAR,C0,,28104,61,4,3,0,True,[],"[13, 38, 59]",False,False,False,True,False
v1__scene_fc_clear_v04__L2__C0_NA__r05_s28105,scene_fc_clear_v04,FC_CLEAR,C0,,28105,61,4,3,0,True,[],"[13, 38, 59]",False,False,False,True,False
v1__scene_fc_clear_v04__L2__C1_NA__r01_s28101,scene_fc_clear_v04,FC_CLEAR,C1,,28101,61,4,3,1,True,[],"[13, 38]",False,False,False,True,False
v1__scene_fc_clear_v04__L2__C1_NA__r02_s28102,scene_fc_clear_v04,FC_CLEAR,C1,,28102,61,4,3,3,True,[],[],True,True,False,False,True
v1__scene_fc_clear_v04__L2__C1_NA__r03_s28103,scene_fc_clear_v04,FC_CLEAR,C1,,28103,61,4,3,3,True,[],[],True,True,False,False,True
v1__scene_fc_clear_v04__L2__C1_NA__r04_s28104,scene_fc_clear_v04,FC_CLEAR,C1,,28104,61,4,3,1,True,[],"[13, 38]",False,False,False,True,False
v1__scene_fc_clear_v04__L2__C1_NA__r05_s28105,scene_fc_clear_v04,FC_CLEAR,C1,,28105,61,4,3,1,True,[],"[13, 38]",False,False,False,True,False
v1__scene_fc_clear_v04__L2__C2_D4__r01_s28101,scene_fc_clear_v04,FC_CLEAR,C2,D4,28101,61,4,3,1,True,[],"[13, 38]",False,False,False,True,False
v1__scene_fc_clear_v04__L2__C2_D4__r02_s28102,scene_fc_clear_v04,FC_CLEAR,C2,D4,28102,61,4,3,0,True,[],"[13, 38, 59]",False,False,False,True,False
v1__scene_fc_clear_v04__L2__C2_D4__r03_s28103,scene_fc_clear_v04,FC_CLEAR,C2,D4,28103,61,4,3,0,True,[],"[13, 38, 59]",False,False,False,True,False
v1__scene_fc_clear_v04__L2__C2_D4__r04_s28104,scene_fc_clear_v04,FC_CLEAR,C2,D4,28104,61,4,3,0,True,[],"[13, 38, 59]",False,False,False,True,False
v1__scene_fc_clear_v04__L2__C2_D4__r05_s28105,scene_fc_clear_v04,FC_CLEAR,C2,D4,28105,61,4,3,1,True,[],"[13, 38]",False,False,False,True,False
v1__scene_fc_clear_v04__L2__C2_D8__r01_s28101,scene_fc_clear_v04,FC_CLEAR,C2,D8,28101,61,4,3,1,True,[],"[13, 38]",False,False,False,True,False
v1__scene_fc_clear_v04__L2__C2_D8__r02_s28102,scene_fc_clear_v04,FC_CLEAR,C2,D8,28102,61,4,3,1,True,[],"[13, 38]",False,False,False,True,False
v1__scene_fc_clear_v04__L2__C2_D8__r03_s28103,scene_fc_clear_v04,FC_CLEAR,C2,D8,28103,61,4,3,1,True,[],"[13, 38]",False,False,False,True,False
v1__scene_fc_clear_v04__L2__C2_D8__r04_s28104,scene_fc_clear_v04,FC_CLEAR,C2,D8,28104,61,4,3,1,True,[],"[13, 38]",False,False,False,True,False
v1__scene_fc_clear_v04__L2__C2_D8__r05_s28105,scene_fc_clear_v04,FC_CLEAR,C2,D8,28105,61,4,3,1,True,[],"[13, 38]",False,False,False,True,False
v1__scene_fc_clear_v04__L2__C3_D4__r01_s28101,scene_fc_clear_v04,FC_CLEAR,C3,D4,28101,61,4,3,3,True,[],[],True,True,False,False,True
v1__scene_fc_clear_v04__L2__C3_D4__r02_s28102,scene_fc_clear_v04,FC_CLEAR,C3,D4,28102,61,4,3,3,True,[],[],True,True,False,False,True
v1__scene_fc_clear_v04__L2__C3_D4__r03_s28103,scene_fc_clear_v04,FC_CLEAR,C3,D4,28103,61,4,3,3,True,[],[],True,True,False,False,True
v1__scene_fc_clear_v04__L2__C3_D4__r04_s28104,scene_fc_clear_v04,FC_CLEAR,C3,D4,28104,61,4,3,3,True,[],[],True,True,False,False,True
v1__scene_fc_clear_v04__L2__C3_D4__r05_s28105,scene_fc_clear_v04,FC_CLEAR,C3,D4,28105,61,4,3,3,True,[],[],True,True,False,False,True
v1__scene_fc_clear_v04__L2__C3_D8__r01_s28101,scene_fc_clear_v04,FC_CLEAR,C3,D8,28101,61,4,3,3,True,[],[],True,True,False,False,True
v1__scene_fc_clear_v04__L2__C3_D8__r02_s28102,scene_fc_clear_v04,FC_CLEAR,C3,D8,28102,61,4,3,3,True,[],[],True,True,False,False,True
v1__scene_fc_clear_v04__L2__C3_D8__r03_s28103,scene_fc_clear_v04,FC_CLEAR,C3,D8,28103,61,4,3,3,True,[],[],True,True,False,False,True
v1__scene_fc_clear_v04__L2__C3_D8__r04_s28104,scene_fc_clear_v04,FC_CLEAR,C3,D8,28104,61,4,3,3,True,[],[],True,True,False,False,True
v1__scene_fc_clear_v04__L2__C3_D8__r05_s28105,scene_fc_clear_v04,FC_CLEAR,C3,D8,28105,61,4,3,3,True,[],[],True,True,False,False,True
v1__scene_fc_clear_v04__L2__C4_D4__r01_s28101,scene_fc_clear_v04,FC_CLEAR,C4,D4,28101,61,4,3,3,True,[],[],True,True,False,False,True
v1__scene_fc_clear_v04__L2__C4_D4__r02_s28102,scene_fc_clear_v04,FC_CLEAR,C4,D4,28102,61,4,3,0,True,[],"[13, 38, 59]",False,False,False,True,False
v1__scene_fc_clear_v04__L2__C4_D4__r03_s28103,scene_fc_clear_v04,FC_CLEAR,C4,D4,28103,61,4,3,1,True,[],"[13, 38]",False,False,False,True,False
v1__scene_fc_clear_v04__L2__C4_D4__r04_s28104,scene_fc_clear_v04,FC_CLEAR,C4,D4,28104,61,4,3,0,True,[],"[13, 38, 59]",False,False,False,True,False
v1__scene_fc_clear_v04__L2__C4_D4__r05_s28105,scene_fc_clear_v04,FC_CLEAR,C4,D4,28105,61,4,3,3,True,[],[],True,True,False,False,True
v1__scene_fc_clear_v04__L2__C4_D8__r01_s28101,scene_fc_clear_v04,FC_CLEAR,C4,D8,28101,61,4,3,3,True,[],[],True,True,False,False,True
v1__scene_fc_clear_v04__L2__C4_D8__r02_s28102,scene_fc_clear_v04,FC_CLEAR,C4,D8,28102,61,4,3,3,True,[],[],True,True,False,False,True
v1__scene_fc_clear_v04__L2__C4_D8__r03_s28103,scene_fc_clear_v04,FC_CLEAR,C4,D8,28103,61,4,3,3,True,[],[],True,True,False,False,True
v1__scene_fc_clear_v04__L2__C4_D8__r04_s28104,scene_fc_clear_v04,FC_CLEAR,C4,D8,28104,61,4,3,3,True,[],[],True,True,False,False,True
v1__scene_fc_clear_v04__L2__C4_D8__r05_s28105,scene_fc_clear_v04,FC_CLEAR,C4,D8,28105,61,4,3,3,True,[],[],True,True,False,False,True
v1__scene_fc_clear_v04__L2__C5_D4__r01_s28101,scene_fc_clear_v04,FC_CLEAR,C5,D4,28101,61,4,3,0,True,[],"[13, 38, 59]",False,False,False,True,False
v1__scene_fc_clear_v04__L2__C5_D4__r02_s28102,scene_fc_clear_v04,FC_CLEAR,C5,D4,28102,61,4,3,0,True,[],"[13, 38, 59]",False,False,False,True,False
v1__scene_fc_clear_v04__L2__C5_D4__r03_s28103,scene_fc_clear_v04,FC_CLEAR,C5,D4,28103,61,4,3,0,True,[],"[13, 38, 59]",False,False,False,True,False
v1__scene_fc_clear_v04__L2__C5_D4__r04_s28104,scene_fc_clear_v04,FC_CLEAR,C5,D4,28104,61,4,3,0,True,[],"[13, 38, 59]",False,False,False,True,False
v1__scene_fc_clear_v04__L2__C5_D4__r05_s28105,scene_fc_clear_v04,FC_CLEAR,C5,D4,28105,61,4,3,0,True,[],"[13, 38, 59]",False,False,False,True,False
v1__scene_fc_clear_v04__L2__C5_D8__r01_s28101,scene_fc_clear_v04,FC_CLEAR,C5,D8,28101,61,4,3,3,True,[],[],True,True,False,False,True
v1__scene_fc_clear_v04__L2__C5_D8__r02_s28102,scene_fc_clear_v04,FC_CLEAR,C5,D8,28102,61,4,3,0,True,[],"[13, 38, 59]",False,False,False,True,False
v1__scene_fc_clear_v04__L2__C5_D8__r03_s28103,scene_fc_clear_v04,FC_CLEAR,C5,D8,28103,61,4,3,0,True,[],"[13, 38, 59]",False,False,False,True,False
v1__scene_fc_clear_v04__L2__C5_D8__r04_s28104,scene_fc_clear_v04,FC_CLEAR,C5,D8,28104,61,4,3,0,True,[],"[13, 38, 59]",False,False,False,True,False
v1__scene_fc_clear_v04__L2__C5_D8__r05_s28105,scene_fc_clear_v04,FC_CLEAR,C5,D8,28105,61,4,3,0,True,[],"[13, 38, 59]",False,False,False,True,False
v1__scene_fc_clear_v04__L2__C6_D4__r01_s28101,scene_fc_clear_v04,FC_CLEAR,C6,D4,28101,61,4,3,0,True,[],"[13, 38, 59]",False,False,False,True,False
v1__scene_fc_clear_v04__L2__C6_D4__r02_s28102,scene_fc_clear_v04,FC_CLEAR,C6,D4,28102,61,4,3,0,True,[],"[13, 38, 59]",False,False,False,True,False
v1__scene_fc_clear_v04__L2__C6_D4__r03_s28103,scene_fc_clear_v04,FC_CLEAR,C6,D4,28103,61,4,3,0,True,[],"[13, 38, 59]",False,False,False,True,False
v1__scene_fc_clear_v04__L2__C6_D4__r04_s28104,scene_fc_clear_v04,FC_CLEAR,C6,D4,28104,61,4,3,0,True,[],"[13, 38, 59]",False,False,False,True,False
v1__scene_fc_clear_v04__L2__C6_D4__r05_s28105,scene_fc_clear_v04,FC_CLEAR,C6,D4,28105,61,4,3,0,True,[],"[13, 38, 59]",False,False,False,True,False
v1__scene_fc_clear_v04__L2__C6_D8__r01_s28101,scene_fc_clear_v04,FC_CLEAR,C6,D8,28101,61,4,3,0,True,[],"[13, 38, 59]",False,False,False,True,False
v1__scene_fc_clear_v04__L2__C6_D8__r02_s28102,scene_fc_clear_v04,FC_CLEAR,C6,D8,28102,61,4,3,0,True,[],"[13, 38, 59]",False,False,False,True,False
v1__scene_fc_clear_v04__L2__C6_D8__r03_s28103,scene_fc_clear_v04,FC_CLEAR,C6,D8,28103,61,4,3,0,True,[],"[13, 38, 59]",False,False,False,True,False
v1__scene_fc_clear_v04__L2__C6_D8__r04_s28104,scene_fc_clear_v04,FC_CLEAR,C6,D8,28104,61,4,3,0,True,[],"[13, 38, 59]",False,False,False,True,False
v1__scene_fc_clear_v04__L2__C6_D8__r05_s28105,scene_fc_clear_v04,FC_CLEAR,C6,D8,28105,61,4,3,0,True,[],"[13, 38, 59]",False,False,False,True,False
v1__scene_fc_clear_v05__L2__C0_NA__r01_s28101,scene_fc_clear_v05,FC_CLEAR,C0,,28101,62,4,3,3,True,[],[],True,True,False,False,True
v1__scene_fc_clear_v05__L2__C0_NA__r02_s28102,scene_fc_clear_v05,FC_CLEAR,C0,,28102,62,4,3,3,True,[],[],True,True,False,False,True
v1__scene_fc_clear_v05__L2__C0_NA__r03_s28103,scene_fc_clear_v05,FC_CLEAR,C0,,28103,62,4,3,3,True,[],[],True,True,False,False,True
v1__scene_fc_clear_v05__L2__C0_NA__r04_s28104,scene_fc_clear_v05,FC_CLEAR,C0,,28104,62,4,3,3,True,[],[],True,True,False,False,True
v1__scene_fc_clear_v05__L2__C0_NA__r05_s28105,scene_fc_clear_v05,FC_CLEAR,C0,,28105,62,4,3,3,True,[],[],True,True,False,False,True
v1__scene_fc_clear_v05__L2__C1_NA__r01_s28101,scene_fc_clear_v05,FC_CLEAR,C1,,28101,62,4,3,2,True,[],[82],False,False,False,True,False
v1__scene_fc_clear_v05__L2__C1_NA__r02_s28102,scene_fc_clear_v05,FC_CLEAR,C1,,28102,62,4,3,2,True,[],[82],False,False,False,True,False
v1__scene_fc_clear_v05__L2__C1_NA__r03_s28103,scene_fc_clear_v05,FC_CLEAR,C1,,28103,62,4,3,2,True,[],[82],False,False,False,True,False
v1__scene_fc_clear_v05__L2__C1_NA__r04_s28104,scene_fc_clear_v05,FC_CLEAR,C1,,28104,62,4,3,2,True,[],[82],False,False,False,True,False
v1__scene_fc_clear_v05__L2__C1_NA__r05_s28105,scene_fc_clear_v05,FC_CLEAR,C1,,28105,62,4,3,2,True,[],[82],False,False,False,True,False
v1__scene_fc_clear_v05__L2__C2_D4__r01_s28101,scene_fc_clear_v05,FC_CLEAR,C2,D4,28101,62,4,3,0,True,[],"[27, 42, 82]",False,False,False,True,False
v1__scene_fc_clear_v05__L2__C2_D4__r02_s28102,scene_fc_clear_v05,FC_CLEAR,C2,D4,28102,62,4,3,1,True,[],"[27, 82]",False,False,False,True,False
v1__scene_fc_clear_v05__L2__C2_D4__r03_s28103,scene_fc_clear_v05,FC_CLEAR,C2,D4,28103,62,4,3,0,True,[],"[27, 42, 82]",False,False,False,True,False
v1__scene_fc_clear_v05__L2__C2_D4__r04_s28104,scene_fc_clear_v05,FC_CLEAR,C2,D4,28104,62,4,3,1,True,[],"[27, 82]",False,False,False,True,False
v1__scene_fc_clear_v05__L2__C2_D4__r05_s28105,scene_fc_clear_v05,FC_CLEAR,C2,D4,28105,62,4,3,1,True,[],"[27, 82]",False,False,False,True,False
v1__scene_fc_clear_v05__L2__C2_D8__r01_s28101,scene_fc_clear_v05,FC_CLEAR,C2,D8,28101,62,4,3,1,True,[],"[27, 82]",False,False,False,True,False
v1__scene_fc_clear_v05__L2__C2_D8__r02_s28102,scene_fc_clear_v05,FC_CLEAR,C2,D8,28102,62,4,3,1,True,[],"[27, 82]",False,False,False,True,False
v1__scene_fc_clear_v05__L2__C2_D8__r03_s28103,scene_fc_clear_v05,FC_CLEAR,C2,D8,28103,62,4,3,3,True,[],[],True,True,False,False,True
v1__scene_fc_clear_v05__L2__C2_D8__r04_s28104,scene_fc_clear_v05,FC_CLEAR,C2,D8,28104,62,4,3,1,True,[],"[27, 82]",False,False,False,True,False
v1__scene_fc_clear_v05__L2__C2_D8__r05_s28105,scene_fc_clear_v05,FC_CLEAR,C2,D8,28105,62,4,3,1,True,[],"[27, 82]",False,False,False,True,False
v1__scene_fc_clear_v05__L2__C3_D4__r01_s28101,scene_fc_clear_v05,FC_CLEAR,C3,D4,28101,62,4,3,3,True,[],[],True,True,False,False,True
v1__scene_fc_clear_v05__L2__C3_D4__r02_s28102,scene_fc_clear_v05,FC_CLEAR,C3,D4,28102,62,4,3,3,True,[],[],True,True,False,False,True
v1__scene_fc_clear_v05__L2__C3_D4__r03_s28103,scene_fc_clear_v05,FC_CLEAR,C3,D4,28103,62,4,3,3,True,[],[],True,True,False,False,True
v1__scene_fc_clear_v05__L2__C3_D4__r04_s28104,scene_fc_clear_v05,FC_CLEAR,C3,D4,28104,62,4,3,3,True,[],[],True,True,False,False,True
v1__scene_fc_clear_v05__L2__C3_D4__r05_s28105,scene_fc_clear_v05,FC_CLEAR,C3,D4,28105,62,4,3,3,True,[],[],True,True,False,False,True
v1__scene_fc_clear_v05__L2__C3_D8__r01_s28101,scene_fc_clear_v05,FC_CLEAR,C3,D8,28101,62,4,3,3,True,[],[],True,True,False,False,True
v1__scene_fc_clear_v05__L2__C3_D8__r02_s28102,scene_fc_clear_v05,FC_CLEAR,C3,D8,28102,62,4,3,3,True,[],[],True,True,False,False,True
v1__scene_fc_clear_v05__L2__C3_D8__r03_s28103,scene_fc_clear_v05,FC_CLEAR,C3,D8,28103,62,4,3,3,True,[],[],True,True,False,False,True
v1__scene_fc_clear_v05__L2__C3_D8__r04_s28104,scene_fc_clear_v05,FC_CLEAR,C3,D8,28104,62,4,3,3,True,[],[],True,True,False,False,True
v1__scene_fc_clear_v05__L2__C3_D8__r05_s28105,scene_fc_clear_v05,FC_CLEAR,C3,D8,28105,62,4,3,3,True,[],[],True,True,False,False,True
v1__scene_fc_clear_v05__L2__C4_D4__r01_s28101,scene_fc_clear_v05,FC_CLEAR,C4,D4,28101,62,4,3,3,True,[],[],True,True,False,False,True
v1__scene_fc_clear_v05__L2__C4_D4__r02_s28102,scene_fc_clear_v05,FC_CLEAR,C4,D4,28102,62,4,3,3,True,[],[],True,True,False,False,True
v1__scene_fc_clear_v05__L2__C4_D4__r03_s28103,scene_fc_clear_v05,FC_CLEAR,C4,D4,28103,62,4,3,3,True,[],[],True,True,False,False,True
v1__scene_fc_clear_v05__L2__C4_D4__r04_s28104,scene_fc_clear_v05,FC_CLEAR,C4,D4,28104,62,4,3,3,True,[],[],True,True,False,False,True
v1__scene_fc_clear_v05__L2__C4_D4__r05_s28105,scene_fc_clear_v05,FC_CLEAR,C4,D4,28105,62,4,3,3,True,[],[],True,True,False,False,True
v1__scene_fc_clear_v05__L2__C4_D8__r01_s28101,scene_fc_clear_v05,FC_CLEAR,C4,D8,28101,62,4,3,3,True,[],[],True,True,False,False,True
v1__scene_fc_clear_v05__L2__C4_D8__r02_s28102,scene_fc_clear_v05,FC_CLEAR,C4,D8,28102,62,4,3,3,True,[],[],True,True,False,False,True
v1__scene_fc_clear_v05__L2__C4_D8__r03_s28103,scene_fc_clear_v05,FC_CLEAR,C4,D8,28103,62,4,3,3,True,[],[],True,True,False,False,True
v1__scene_fc_clear_v05__L2__C4_D8__r04_s28104,scene_fc_clear_v05,FC_CLEAR,C4,D8,28104,62,4,3,3,True,[],[],True,True,False,False,True
v1__scene_fc_clear_v05__L2__C4_D8__r05_s28105,scene_fc_clear_v05,FC_CLEAR,C4,D8,28105,62,4,3,3,True,[],[],True,True,False,False,True
v1__scene_fc_clear_v05__L2__C5_D4__r01_s28101,scene_fc_clear_v05,FC_CLEAR,C5,D4,28101,62,4,3,3,True,[],[],True,True,False,False,True
v1__scene_fc_clear_v05__L2__C5_D4__r02_s28102,scene_fc_clear_v05,FC_CLEAR,C5,D4,28102,62,4,3,3,True,[],[],True,True,False,False,True
v1__scene_fc_clear_v05__L2__C5_D4__r03_s28103,scene_fc_clear_v05,FC_CLEAR,C5,D4,28103,62,4,3,3,True,[],[],True,True,False,False,True
v1__scene_fc_clear_v05__L2__C5_D4__r04_s28104,scene_fc_clear_v05,FC_CLEAR,C5,D4,28104,62,4,3,3,True,[],[],True,True,False,False,True
v1__scene_fc_clear_v05__L2__C5_D4__r05_s28105,scene_fc_clear_v05,FC_CLEAR,C5,D4,28105,62,4,3,3,True,[],[],True,True,False,False,True
v1__scene_fc_clear_v05__L2__C5_D8__r01_s28101,scene_fc_clear_v05,FC_CLEAR,C5,D8,28101,62,4,3,3,True,[],[],True,True,False,False,True
v1__scene_fc_clear_v05__L2__C5_D8__r02_s28102,scene_fc_clear_v05,FC_CLEAR,C5,D8,28102,62,4,3,3,True,[],[],True,True,False,False,True
v1__scene_fc_clear_v05__L2__C5_D8__r03_s28103,scene_fc_clear_v05,FC_CLEAR,C5,D8,28103,62,4,3,3,True,[],[],True,True,False,False,True
v1__scene_fc_clear_v05__L2__C5_D8__r04_s28104,scene_fc_clear_v05,FC_CLEAR,C5,D8,28104,62,4,3,3,True,[],[],True,True,False,False,True
v1__scene_fc_clear_v05__L2__C5_D8__r05_s28105,scene_fc_clear_v05,FC_CLEAR,C5,D8,28105,62,4,3,3,True,[],[],True,True,False,False,True
v1__scene_fc_clear_v05__L2__C6_D4__r01_s28101,scene_fc_clear_v05,FC_CLEAR,C6,D4,28101,62,4,3,3,True,[],[],True,True,False,False,True
v1__scene_fc_clear_v05__L2__C6_D4__r02_s28102,scene_fc_clear_v05,FC_CLEAR,C6,D4,28102,62,4,3,3,True,[],[],True,True,False,False,True
v1__scene_fc_clear_v05__L2__C6_D4__r03_s28103,scene_fc_clear_v05,FC_CLEAR,C6,D4,28103,62,4,3,3,True,[],[],True,True,False,False,True
v1__scene_fc_clear_v05__L2__C6_D4__r04_s28104,scene_fc_clear_v05,FC_CLEAR,C6,D4,28104,62,4,3,3,True,[],[],True,True,False,False,True
v1__scene_fc_clear_v05__L2__C6_D4__r05_s28105,scene_fc_clear_v05,FC_CLEAR,C6,D4,28105,62,4,3,3,True,[],[],True,True,False,False,True
v1__scene_fc_clear_v05__L2__C6_D8__r01_s28101,scene_fc_clear_v05,FC_CLEAR,C6,D8,28101,62,4,3,3,True,[],[],True,True,False,False,True
v1__scene_fc_clear_v05__L2__C6_D8__r02_s28102,scene_fc_clear_v05,FC_CLEAR,C6,D8,28102,62,4,3,3,True,[],[],True,True,False,False,True
v1__scene_fc_clear_v05__L2__C6_D8__r03_s28103,scene_fc_clear_v05,FC_CLEAR,C6,D8,28103,62,4,3,3,True,[],[],True,True,False,False,True
v1__scene_fc_clear_v05__L2__C6_D8__r04_s28104,scene_fc_clear_v05,FC_CLEAR,C6,D8,28104,62,4,3,3,True,[],[],True,True,False,False,True
v1__scene_fc_clear_v05__L2__C6_D8__r05_s28105,scene_fc_clear_v05,FC_CLEAR,C6,D8,28105,62,4,3,3,True,[],[],True,True,False,False,True
v1__scene_lift_and_relocate_v01__L2__C0_NA__r01_s28101,scene_lift_and_relocate_v01,LIFT_AND_RELOCATE,C0,,28101,59,6,5,4,True,[64],[],False,False,True,False,False
v1__scene_lift_and_relocate_v01__L2__C0_NA__r02_s28102,scene_lift_and_relocate_v01,LIFT_AND_RELOCATE,C0,,28102,59,6,5,4,True,[64],"[64, 79]",False,False,True,True,True
v1__scene_lift_and_relocate_v01__L2__C0_NA__r03_s28103,scene_lift_and_relocate_v01,LIFT_AND_RELOCATE,C0,,28103,59,6,5,4,True,[64],"[64, 79]",False,False,True,True,True
v1__scene_lift_and_relocate_v01__L2__C0_NA__r04_s28104,scene_lift_and_relocate_v01,LIFT_AND_RELOCATE,C0,,28104,59,6,5,4,True,[64],"[64, 79]",False,False,True,True,True
v1__scene_lift_and_relocate_v01__L2__C0_NA__r05_s28105,scene_lift_and_relocate_v01,LIFT_AND_RELOCATE,C0,,28105,59,6,5,4,True,[64],"[64, 79]",False,False,True,True,True
v1__scene_lift_and_relocate_v01__L2__C1_NA__r01_s28101,scene_lift_and_relocate_v01,LIFT_AND_RELOCATE,C1,,28101,59,6,5,5,True,[64],[64],True,True,True,True,True
v1__scene_lift_and_relocate_v01__L2__C1_NA__r02_s28102,scene_lift_and_relocate_v01,LIFT_AND_RELOCATE,C1,,28102,59,6,5,5,True,[64],[64],True,True,True,True,True
v1__scene_lift_and_relocate_v01__L2__C1_NA__r03_s28103,scene_lift_and_relocate_v01,LIFT_AND_RELOCATE,C1,,28103,59,6,5,5,True,[64],[64],True,True,True,True,True
v1__scene_lift_and_relocate_v01__L2__C1_NA__r04_s28104,scene_lift_and_relocate_v01,LIFT_AND_RELOCATE,C1,,28104,59,6,5,5,True,[64],[64],True,True,True,True,True
v1__scene_lift_and_relocate_v01__L2__C1_NA__r05_s28105,scene_lift_and_relocate_v01,LIFT_AND_RELOCATE,C1,,28105,59,6,5,4,True,[64],[],False,False,True,False,False
v1__scene_lift_and_relocate_v01__L2__C2_D4__r01_s28101,scene_lift_and_relocate_v01,LIFT_AND_RELOCATE,C2,D4,28101,59,6,5,4,True,[64],[],False,False,True,False,False
v1__scene_lift_and_relocate_v01__L2__C2_D4__r02_s28102,scene_lift_and_relocate_v01,LIFT_AND_RELOCATE,C2,D4,28102,59,6,5,1,True,[64],"[16, 30, 32, 64, 79]",False,False,True,True,True
v1__scene_lift_and_relocate_v01__L2__C2_D4__r03_s28103,scene_lift_and_relocate_v01,LIFT_AND_RELOCATE,C2,D4,28103,59,6,5,4,True,[64],[],False,False,True,False,False
v1__scene_lift_and_relocate_v01__L2__C2_D4__r04_s28104,scene_lift_and_relocate_v01,LIFT_AND_RELOCATE,C2,D4,28104,59,6,5,5,True,[64],[64],True,True,True,True,True
v1__scene_lift_and_relocate_v01__L2__C2_D4__r05_s28105,scene_lift_and_relocate_v01,LIFT_AND_RELOCATE,C2,D4,28105,59,6,5,4,True,[64],[],False,False,True,False,False
v1__scene_lift_and_relocate_v01__L2__C2_D8__r01_s28101,scene_lift_and_relocate_v01,LIFT_AND_RELOCATE,C2,D8,28101,59,6,5,4,True,[64],[],False,False,True,False,False
v1__scene_lift_and_relocate_v01__L2__C2_D8__r02_s28102,scene_lift_and_relocate_v01,LIFT_AND_RELOCATE,C2,D8,28102,59,6,5,1,True,[64],"[16, 30, 32, 64, 79]",False,False,True,True,True
v1__scene_lift_and_relocate_v01__L2__C2_D8__r03_s28103,scene_lift_and_relocate_v01,LIFT_AND_RELOCATE,C2,D8,28103,59,6,5,1,True,[64],"[16, 30, 32, 64, 79]",False,False,True,True,True
v1__scene_lift_and_relocate_v01__L2__C2_D8__r04_s28104,scene_lift_and_relocate_v01,LIFT_AND_RELOCATE,C2,D8,28104,59,6,5,1,True,[64],"[16, 30, 32, 64, 79]",False,False,True,True,True
v1__scene_lift_and_relocate_v01__L2__C2_D8__r05_s28105,scene_lift_and_relocate_v01,LIFT_AND_RELOCATE,C2,D8,28105,59,6,5,1,True,[64],"[16, 30, 32, 64, 79]",False,False,True,True,True
v1__scene_lift_and_relocate_v01__L2__C3_D4__r01_s28101,scene_lift_and_relocate_v01,LIFT_AND_RELOCATE,C3,D4,28101,59,6,5,4,True,[64],[],False,False,True,False,False
v1__scene_lift_and_relocate_v01__L2__C3_D4__r02_s28102,scene_lift_and_relocate_v01,LIFT_AND_RELOCATE,C3,D4,28102,59,6,5,4,True,[64],[],False,False,True,False,False
v1__scene_lift_and_relocate_v01__L2__C3_D4__r03_s28103,scene_lift_and_relocate_v01,LIFT_AND_RELOCATE,C3,D4,28103,59,6,5,4,True,[64],[],False,False,True,False,False
v1__scene_lift_and_relocate_v01__L2__C3_D4__r04_s28104,scene_lift_and_relocate_v01,LIFT_AND_RELOCATE,C3,D4,28104,59,6,5,4,True,[64],[],False,False,True,False,False
v1__scene_lift_and_relocate_v01__L2__C3_D4__r05_s28105,scene_lift_and_relocate_v01,LIFT_AND_RELOCATE,C3,D4,28105,59,6,5,4,True,[64],[],False,False,True,False,False
v1__scene_lift_and_relocate_v01__L2__C3_D8__r01_s28101,scene_lift_and_relocate_v01,LIFT_AND_RELOCATE,C3,D8,28101,59,6,5,4,True,[64],[],False,False,True,False,False
v1__scene_lift_and_relocate_v01__L2__C3_D8__r02_s28102,scene_lift_and_relocate_v01,LIFT_AND_RELOCATE,C3,D8,28102,59,6,5,4,True,[64],[],False,False,True,False,False
v1__scene_lift_and_relocate_v01__L2__C3_D8__r03_s28103,scene_lift_and_relocate_v01,LIFT_AND_RELOCATE,C3,D8,28103,59,6,5,4,True,[64],[],False,False,True,False,False
v1__scene_lift_and_relocate_v01__L2__C3_D8__r04_s28104,scene_lift_and_relocate_v01,LIFT_AND_RELOCATE,C3,D8,28104,59,6,5,4,True,[64],[],False,False,True,False,False
v1__scene_lift_and_relocate_v01__L2__C3_D8__r05_s28105,scene_lift_and_relocate_v01,LIFT_AND_RELOCATE,C3,D8,28105,59,6,5,4,True,[64],[],False,False,True,False,False
v1__scene_lift_and_relocate_v01__L2__C4_D4__r01_s28101,scene_lift_and_relocate_v01,LIFT_AND_RELOCATE,C4,D4,28101,59,6,5,4,True,[64],[],False,False,True,False,False
v1__scene_lift_and_relocate_v01__L2__C4_D4__r02_s28102,scene_lift_and_relocate_v01,LIFT_AND_RELOCATE,C4,D4,28102,59,6,5,4,True,[64],[],False,False,True,False,False
v1__scene_lift_and_relocate_v01__L2__C4_D4__r03_s28103,scene_lift_and_relocate_v01,LIFT_AND_RELOCATE,C4,D4,28103,59,6,5,4,True,[64],[],False,False,True,False,False
v1__scene_lift_and_relocate_v01__L2__C4_D4__r04_s28104,scene_lift_and_relocate_v01,LIFT_AND_RELOCATE,C4,D4,28104,59,6,5,4,True,[64],[],False,False,True,False,False
v1__scene_lift_and_relocate_v01__L2__C4_D4__r05_s28105,scene_lift_and_relocate_v01,LIFT_AND_RELOCATE,C4,D4,28105,59,6,5,4,True,[64],[],False,False,True,False,False
v1__scene_lift_and_relocate_v01__L2__C4_D8__r01_s28101,scene_lift_and_relocate_v01,LIFT_AND_RELOCATE,C4,D8,28101,59,6,5,4,True,[64],[],False,False,True,False,False
v1__scene_lift_and_relocate_v01__L2__C4_D8__r02_s28102,scene_lift_and_relocate_v01,LIFT_AND_RELOCATE,C4,D8,28102,59,6,5,4,True,[64],[],False,False,True,False,False
v1__scene_lift_and_relocate_v01__L2__C4_D8__r03_s28103,scene_lift_and_relocate_v01,LIFT_AND_RELOCATE,C4,D8,28103,59,6,5,4,True,[64],[],False,False,True,False,False
v1__scene_lift_and_relocate_v01__L2__C4_D8__r04_s28104,scene_lift_and_relocate_v01,LIFT_AND_RELOCATE,C4,D8,28104,59,6,5,4,True,[64],[],False,False,True,False,False
v1__scene_lift_and_relocate_v01__L2__C4_D8__r05_s28105,scene_lift_and_relocate_v01,LIFT_AND_RELOCATE,C4,D8,28105,59,6,5,4,True,[64],[],False,False,True,False,False
v1__scene_lift_and_relocate_v01__L2__C5_D4__r01_s28101,scene_lift_and_relocate_v01,LIFT_AND_RELOCATE,C5,D4,28101,59,6,5,4,True,[64],[],False,False,True,False,False
v1__scene_lift_and_relocate_v01__L2__C5_D4__r02_s28102,scene_lift_and_relocate_v01,LIFT_AND_RELOCATE,C5,D4,28102,59,6,5,4,True,[64],[],False,False,True,False,False
v1__scene_lift_and_relocate_v01__L2__C5_D4__r03_s28103,scene_lift_and_relocate_v01,LIFT_AND_RELOCATE,C5,D4,28103,59,6,5,4,True,[64],[],False,False,True,False,False
v1__scene_lift_and_relocate_v01__L2__C5_D4__r04_s28104,scene_lift_and_relocate_v01,LIFT_AND_RELOCATE,C5,D4,28104,59,6,5,4,True,[64],[],False,False,True,False,False
v1__scene_lift_and_relocate_v01__L2__C5_D4__r05_s28105,scene_lift_and_relocate_v01,LIFT_AND_RELOCATE,C5,D4,28105,59,6,5,4,True,[64],[],False,False,True,False,False
v1__scene_lift_and_relocate_v01__L2__C5_D8__r01_s28101,scene_lift_and_relocate_v01,LIFT_AND_RELOCATE,C5,D8,28101,59,6,5,4,True,[64],[],False,False,True,False,False
v1__scene_lift_and_relocate_v01__L2__C5_D8__r02_s28102,scene_lift_and_relocate_v01,LIFT_AND_RELOCATE,C5,D8,28102,59,6,5,4,True,[64],[],False,False,True,False,False
v1__scene_lift_and_relocate_v01__L2__C5_D8__r03_s28103,scene_lift_and_relocate_v01,LIFT_AND_RELOCATE,C5,D8,28103,59,6,5,4,True,[64],[],False,False,True,False,False
v1__scene_lift_and_relocate_v01__L2__C5_D8__r04_s28104,scene_lift_and_relocate_v01,LIFT_AND_RELOCATE,C5,D8,28104,59,6,5,4,True,[64],[],False,False,True,False,False
v1__scene_lift_and_relocate_v01__L2__C5_D8__r05_s28105,scene_lift_and_relocate_v01,LIFT_AND_RELOCATE,C5,D8,28105,59,6,5,4,True,[64],[],False,False,True,False,False
v1__scene_lift_and_relocate_v01__L2__C6_D4__r01_s28101,scene_lift_and_relocate_v01,LIFT_AND_RELOCATE,C6,D4,28101,59,6,5,4,True,[64],"[64, 79]",False,False,True,True,True
v1__scene_lift_and_relocate_v01__L2__C6_D4__r02_s28102,scene_lift_and_relocate_v01,LIFT_AND_RELOCATE,C6,D4,28102,59,6,5,4,True,[64],[],False,False,True,False,False
v1__scene_lift_and_relocate_v01__L2__C6_D4__r03_s28103,scene_lift_and_relocate_v01,LIFT_AND_RELOCATE,C6,D4,28103,59,6,5,4,True,[64],[],False,False,True,False,False
v1__scene_lift_and_relocate_v01__L2__C6_D4__r04_s28104,scene_lift_and_relocate_v01,LIFT_AND_RELOCATE,C6,D4,28104,59,6,5,4,True,[64],[],False,False,True,False,False
v1__scene_lift_and_relocate_v01__L2__C6_D4__r05_s28105,scene_lift_and_relocate_v01,LIFT_AND_RELOCATE,C6,D4,28105,59,6,5,4,True,[64],[],False,False,True,False,False
v1__scene_lift_and_relocate_v01__L2__C6_D8__r01_s28101,scene_lift_and_relocate_v01,LIFT_AND_RELOCATE,C6,D8,28101,59,6,5,4,True,[64],"[64, 79]",False,False,True,True,True
v1__scene_lift_and_relocate_v01__L2__C6_D8__r02_s28102,scene_lift_and_relocate_v01,LIFT_AND_RELOCATE,C6,D8,28102,59,6,5,4,True,[64],[],False,False,True,False,False
v1__scene_lift_and_relocate_v01__L2__C6_D8__r03_s28103,scene_lift_and_relocate_v01,LIFT_AND_RELOCATE,C6,D8,28103,59,6,5,4,True,[64],[],False,False,True,False,False
v1__scene_lift_and_relocate_v01__L2__C6_D8__r04_s28104,scene_lift_and_relocate_v01,LIFT_AND_RELOCATE,C6,D8,28104,59,6,5,4,True,[64],[],False,False,True,False,False
v1__scene_lift_and_relocate_v01__L2__C6_D8__r05_s28105,scene_lift_and_relocate_v01,LIFT_AND_RELOCATE,C6,D8,28105,59,6,5,4,True,[64],[],False,False,True,False,False
v1__scene_lift_and_relocate_v02__L2__C0_NA__r01_s28101,scene_lift_and_relocate_v02,LIFT_AND_RELOCATE,C0,,28101,70,6,5,1,True,[14],"[14, 22, 72, 77, 79]",False,False,True,True,True
v1__scene_lift_and_relocate_v02__L2__C0_NA__r02_s28102,scene_lift_and_relocate_v02,LIFT_AND_RELOCATE,C0,,28102,70,6,5,4,True,[14],[],False,False,True,False,False
v1__scene_lift_and_relocate_v02__L2__C0_NA__r03_s28103,scene_lift_and_relocate_v02,LIFT_AND_RELOCATE,C0,,28103,70,6,5,1,True,[14],"[14, 22, 72, 77, 79]",False,False,True,True,True
v1__scene_lift_and_relocate_v02__L2__C0_NA__r04_s28104,scene_lift_and_relocate_v02,LIFT_AND_RELOCATE,C0,,28104,70,6,5,4,True,[14],[],False,False,True,False,False
v1__scene_lift_and_relocate_v02__L2__C0_NA__r05_s28105,scene_lift_and_relocate_v02,LIFT_AND_RELOCATE,C0,,28105,70,6,5,4,True,[14],[],False,False,True,False,False
v1__scene_lift_and_relocate_v02__L2__C1_NA__r01_s28101,scene_lift_and_relocate_v02,LIFT_AND_RELOCATE,C1,,28101,70,6,5,5,True,[14],[14],True,True,True,True,True
v1__scene_lift_and_relocate_v02__L2__C1_NA__r02_s28102,scene_lift_and_relocate_v02,LIFT_AND_RELOCATE,C1,,28102,70,6,5,4,True,[14],"[14, 22]",False,False,True,True,True
v1__scene_lift_and_relocate_v02__L2__C1_NA__r03_s28103,scene_lift_and_relocate_v02,LIFT_AND_RELOCATE,C1,,28103,70,6,5,4,True,[14],"[14, 22]",False,False,True,True,True
v1__scene_lift_and_relocate_v02__L2__C1_NA__r04_s28104,scene_lift_and_relocate_v02,LIFT_AND_RELOCATE,C1,,28104,70,6,5,4,True,[14],"[14, 22]",False,False,True,True,True
v1__scene_lift_and_relocate_v02__L2__C1_NA__r05_s28105,scene_lift_and_relocate_v02,LIFT_AND_RELOCATE,C1,,28105,70,6,5,4,True,[14],"[14, 22]",False,False,True,True,True
v1__scene_lift_and_relocate_v02__L2__C2_D4__r01_s28101,scene_lift_and_relocate_v02,LIFT_AND_RELOCATE,C2,D4,28101,70,6,5,5,True,[14],[14],True,True,True,True,True
v1__scene_lift_and_relocate_v02__L2__C2_D4__r02_s28102,scene_lift_and_relocate_v02,LIFT_AND_RELOCATE,C2,D4,28102,70,6,5,1,True,[14],"[14, 22, 72, 77, 79]",False,False,True,True,True
v1__scene_lift_and_relocate_v02__L2__C2_D4__r03_s28103,scene_lift_and_relocate_v02,LIFT_AND_RELOCATE,C2,D4,28103,70,6,5,1,True,[14],"[14, 22, 72, 77, 79]",False,False,True,True,True
v1__scene_lift_and_relocate_v02__L2__C2_D4__r04_s28104,scene_lift_and_relocate_v02,LIFT_AND_RELOCATE,C2,D4,28104,70,6,5,1,True,[14],"[14, 22, 72, 77, 79]",False,False,True,True,True
v1__scene_lift_and_relocate_v02__L2__C2_D4__r05_s28105,scene_lift_and_relocate_v02,LIFT_AND_RELOCATE,C2,D4,28105,70,6,5,1,True,[14],"[14, 22, 72, 77, 79]",False,False,True,True,True
v1__scene_lift_and_relocate_v02__L2__C2_D8__r01_s28101,scene_lift_and_relocate_v02,LIFT_AND_RELOCATE,C2,D8,28101,70,6,5,1,True,[14],"[14, 22, 72, 77, 79]",False,False,True,True,True
v1__scene_lift_and_relocate_v02__L2__C2_D8__r02_s28102,scene_lift_and_relocate_v02,LIFT_AND_RELOCATE,C2,D8,28102,70,6,5,1,True,[14],"[14, 22, 72, 77, 79]",False,False,True,True,True
v1__scene_lift_and_relocate_v02__L2__C2_D8__r03_s28103,scene_lift_and_relocate_v02,LIFT_AND_RELOCATE,C2,D8,28103,70,6,5,1,True,[14],"[14, 22, 72, 77, 79]",False,False,True,True,True
v1__scene_lift_and_relocate_v02__L2__C2_D8__r04_s28104,scene_lift_and_relocate_v02,LIFT_AND_RELOCATE,C2,D8,28104,70,6,5,1,True,[14],"[14, 22, 72, 77, 79]",False,False,True,True,True
v1__scene_lift_and_relocate_v02__L2__C2_D8__r05_s28105,scene_lift_and_relocate_v02,LIFT_AND_RELOCATE,C2,D8,28105,70,6,5,3,True,[14],"[14, 22, 72]",False,False,True,True,True
v1__scene_lift_and_relocate_v02__L2__C3_D4__r01_s28101,scene_lift_and_relocate_v02,LIFT_AND_RELOCATE,C3,D4,28101,70,6,5,1,True,[14],"[14, 22, 72, 77, 79]",False,False,True,True,True
v1__scene_lift_and_relocate_v02__L2__C3_D4__r02_s28102,scene_lift_and_relocate_v02,LIFT_AND_RELOCATE,C3,D4,28102,70,6,5,1,True,[14],"[14, 22, 72, 77, 79]",False,False,True,True,True
v1__scene_lift_and_relocate_v02__L2__C3_D4__r03_s28103,scene_lift_and_relocate_v02,LIFT_AND_RELOCATE,C3,D4,28103,70,6,5,1,True,[14],"[14, 22, 72, 77, 79]",False,False,True,True,True
v1__scene_lift_and_relocate_v02__L2__C3_D4__r04_s28104,scene_lift_and_relocate_v02,LIFT_AND_RELOCATE,C3,D4,28104,70,6,5,1,True,[14],"[14, 22, 72, 77, 79]",False,False,True,True,True
v1__scene_lift_and_relocate_v02__L2__C3_D4__r05_s28105,scene_lift_and_relocate_v02,LIFT_AND_RELOCATE,C3,D4,28105,70,6,5,1,True,[14],"[14, 22, 72, 77, 79]",False,False,True,True,True
v1__scene_lift_and_relocate_v02__L2__C3_D8__r01_s28101,scene_lift_and_relocate_v02,LIFT_AND_RELOCATE,C3,D8,28101,70,6,5,1,True,[14],"[14, 22, 72, 77, 79]",False,False,True,True,True
v1__scene_lift_and_relocate_v02__L2__C3_D8__r02_s28102,scene_lift_and_relocate_v02,LIFT_AND_RELOCATE,C3,D8,28102,70,6,5,1,True,[14],"[14, 22, 72, 77, 79]",False,False,True,True,True
v1__scene_lift_and_relocate_v02__L2__C3_D8__r03_s28103,scene_lift_and_relocate_v02,LIFT_AND_RELOCATE,C3,D8,28103,70,6,5,1,True,[14],"[14, 22, 72, 77, 79]",False,False,True,True,True
v1__scene_lift_and_relocate_v02__L2__C3_D8__r04_s28104,scene_lift_and_relocate_v02,LIFT_AND_RELOCATE,C3,D8,28104,70,6,5,1,True,[14],"[14, 22, 72, 77, 79]",False,False,True,True,True
v1__scene_lift_and_relocate_v02__L2__C3_D8__r05_s28105,scene_lift_and_relocate_v02,LIFT_AND_RELOCATE,C3,D8,28105,70,6,5,1,True,[14],"[14, 22, 72, 77, 79]",False,False,True,True,True
v1__scene_lift_and_relocate_v02__L2__C4_D4__r01_s28101,scene_lift_and_relocate_v02,LIFT_AND_RELOCATE,C4,D4,28101,70,6,5,1,True,[14],"[14, 22, 72, 77, 79]",False,False,True,True,True
v1__scene_lift_and_relocate_v02__L2__C4_D4__r02_s28102,scene_lift_and_relocate_v02,LIFT_AND_RELOCATE,C4,D4,28102,70,6,5,1,True,[14],"[14, 22, 72, 77, 79]",False,False,True,True,True
v1__scene_lift_and_relocate_v02__L2__C4_D4__r03_s28103,scene_lift_and_relocate_v02,LIFT_AND_RELOCATE,C4,D4,28103,70,6,5,1,True,[14],"[14, 22, 72, 77, 79]",False,False,True,True,True
v1__scene_lift_and_relocate_v02__L2__C4_D4__r04_s28104,scene_lift_and_relocate_v02,LIFT_AND_RELOCATE,C4,D4,28104,70,6,5,1,True,[14],"[14, 22, 72, 77, 79]",False,False,True,True,True
v1__scene_lift_and_relocate_v02__L2__C4_D4__r05_s28105,scene_lift_and_relocate_v02,LIFT_AND_RELOCATE,C4,D4,28105,70,6,5,1,True,[14],"[14, 22, 72, 77, 79]",False,False,True,True,True
v1__scene_lift_and_relocate_v02__L2__C4_D8__r01_s28101,scene_lift_and_relocate_v02,LIFT_AND_RELOCATE,C4,D8,28101,70,6,5,1,True,[14],"[14, 22, 72, 77, 79]",False,False,True,True,True
v1__scene_lift_and_relocate_v02__L2__C4_D8__r02_s28102,scene_lift_and_relocate_v02,LIFT_AND_RELOCATE,C4,D8,28102,70,6,5,1,True,[14],"[14, 22, 72, 77, 79]",False,False,True,True,True
v1__scene_lift_and_relocate_v02__L2__C4_D8__r03_s28103,scene_lift_and_relocate_v02,LIFT_AND_RELOCATE,C4,D8,28103,70,6,5,1,True,[14],"[14, 22, 72, 77, 79]",False,False,True,True,True
v1__scene_lift_and_relocate_v02__L2__C4_D8__r04_s28104,scene_lift_and_relocate_v02,LIFT_AND_RELOCATE,C4,D8,28104,70,6,5,1,True,[14],"[14, 22, 72, 77, 79]",False,False,True,True,True
v1__scene_lift_and_relocate_v02__L2__C4_D8__r05_s28105,scene_lift_and_relocate_v02,LIFT_AND_RELOCATE,C4,D8,28105,70,6,5,1,True,[14],"[14, 22, 72, 77, 79]",False,False,True,True,True
v1__scene_lift_and_relocate_v02__L2__C5_D4__r01_s28101,scene_lift_and_relocate_v02,LIFT_AND_RELOCATE,C5,D4,28101,70,6,5,1,True,[14],"[14, 22, 72, 77, 79]",False,False,True,True,True
v1__scene_lift_and_relocate_v02__L2__C5_D4__r02_s28102,scene_lift_and_relocate_v02,LIFT_AND_RELOCATE,C5,D4,28102,70,6,5,1,True,[14],"[14, 22, 72, 77, 79]",False,False,True,True,True
v1__scene_lift_and_relocate_v02__L2__C5_D4__r03_s28103,scene_lift_and_relocate_v02,LIFT_AND_RELOCATE,C5,D4,28103,70,6,5,1,True,[14],"[14, 22, 72, 77, 79]",False,False,True,True,True
v1__scene_lift_and_relocate_v02__L2__C5_D4__r04_s28104,scene_lift_and_relocate_v02,LIFT_AND_RELOCATE,C5,D4,28104,70,6,5,1,True,[14],"[14, 22, 72, 77, 79]",False,False,True,True,True
v1__scene_lift_and_relocate_v02__L2__C5_D4__r05_s28105,scene_lift_and_relocate_v02,LIFT_AND_RELOCATE,C5,D4,28105,70,6,5,1,True,[14],"[14, 22, 72, 77, 79]",False,False,True,True,True
v1__scene_lift_and_relocate_v02__L2__C5_D8__r01_s28101,scene_lift_and_relocate_v02,LIFT_AND_RELOCATE,C5,D8,28101,70,6,5,1,True,[14],"[14, 22, 72, 77, 79]",False,False,True,True,True
v1__scene_lift_and_relocate_v02__L2__C5_D8__r02_s28102,scene_lift_and_relocate_v02,LIFT_AND_RELOCATE,C5,D8,28102,70,6,5,1,True,[14],"[14, 22, 72, 77, 79]",False,False,True,True,True
v1__scene_lift_and_relocate_v02__L2__C5_D8__r03_s28103,scene_lift_and_relocate_v02,LIFT_AND_RELOCATE,C5,D8,28103,70,6,5,1,True,[14],"[14, 22, 72, 77, 79]",False,False,True,True,True
v1__scene_lift_and_relocate_v02__L2__C5_D8__r04_s28104,scene_lift_and_relocate_v02,LIFT_AND_RELOCATE,C5,D8,28104,70,6,5,1,True,[14],"[14, 22, 72, 77, 79]",False,False,True,True,True
v1__scene_lift_and_relocate_v02__L2__C5_D8__r05_s28105,scene_lift_and_relocate_v02,LIFT_AND_RELOCATE,C5,D8,28105,70,6,5,1,True,[14],"[14, 22, 72, 77, 79]",False,False,True,True,True
v1__scene_lift_and_relocate_v02__L2__C6_D4__r01_s28101,scene_lift_and_relocate_v02,LIFT_AND_RELOCATE,C6,D4,28101,70,6,5,1,True,[14],"[14, 22, 72, 77, 79]",False,False,True,True,True
v1__scene_lift_and_relocate_v02__L2__C6_D4__r02_s28102,scene_lift_and_relocate_v02,LIFT_AND_RELOCATE,C6,D4,28102,70,6,5,1,True,[14],"[14, 22, 72, 77, 79]",False,False,True,True,True
v1__scene_lift_and_relocate_v02__L2__C6_D4__r03_s28103,scene_lift_and_relocate_v02,LIFT_AND_RELOCATE,C6,D4,28103,70,6,5,1,True,[14],"[14, 22, 72, 77, 79]",False,False,True,True,True
v1__scene_lift_and_relocate_v02__L2__C6_D4__r04_s28104,scene_lift_and_relocate_v02,LIFT_AND_RELOCATE,C6,D4,28104,70,6,5,1,True,[14],"[14, 22, 72, 77, 79]",False,False,True,True,True
v1__scene_lift_and_relocate_v02__L2__C6_D4__r05_s28105,scene_lift_and_relocate_v02,LIFT_AND_RELOCATE,C6,D4,28105,70,6,5,1,True,[14],"[14, 22, 72, 77, 79]",False,False,True,True,True
v1__scene_lift_and_relocate_v02__L2__C6_D8__r01_s28101,scene_lift_and_relocate_v02,LIFT_AND_RELOCATE,C6,D8,28101,70,6,5,1,True,[14],"[14, 22, 72, 77, 79]",False,False,True,True,True
v1__scene_lift_and_relocate_v02__L2__C6_D8__r02_s28102,scene_lift_and_relocate_v02,LIFT_AND_RELOCATE,C6,D8,28102,70,6,5,1,True,[14],"[14, 22, 72, 77, 79]",False,False,True,True,True
v1__scene_lift_and_relocate_v02__L2__C6_D8__r03_s28103,scene_lift_and_relocate_v02,LIFT_AND_RELOCATE,C6,D8,28103,70,6,5,1,True,[14],"[14, 22, 72, 77, 79]",False,False,True,True,True
v1__scene_lift_and_relocate_v02__L2__C6_D8__r04_s28104,scene_lift_and_relocate_v02,LIFT_AND_RELOCATE,C6,D8,28104,70,6,5,1,True,[14],"[14, 22, 72, 77, 79]",False,False,True,True,True
v1__scene_lift_and_relocate_v02__L2__C6_D8__r05_s28105,scene_lift_and_relocate_v02,LIFT_AND_RELOCATE,C6,D8,28105,70,6,5,1,True,[14],"[14, 22, 72, 77, 79]",False,False,True,True,True
v1__scene_lift_and_relocate_v03__L2__C0_NA__r01_s28101,scene_lift_and_relocate_v03,LIFT_AND_RELOCATE,C0,,28101,12,6,5,1,True,[35],"[16, 35, 50, 80, 92]",False,False,True,True,True
v1__scene_lift_and_relocate_v03__L2__C0_NA__r02_s28102,scene_lift_and_relocate_v03,LIFT_AND_RELOCATE,C0,,28102,12,6,5,1,True,[35],"[16, 35, 50, 80, 92]",False,False,True,True,True
v1__scene_lift_and_relocate_v03__L2__C0_NA__r03_s28103,scene_lift_and_relocate_v03,LIFT_AND_RELOCATE,C0,,28103,12,6,5,1,True,[35],"[16, 35, 50, 80, 92]",False,False,True,True,True
v1__scene_lift_and_relocate_v03__L2__C0_NA__r04_s28104,scene_lift_and_relocate_v03,LIFT_AND_RELOCATE,C0,,28104,12,6,5,1,True,[35],"[16, 35, 50, 80, 92]",False,False,True,True,True
v1__scene_lift_and_relocate_v03__L2__C0_NA__r05_s28105,scene_lift_and_relocate_v03,LIFT_AND_RELOCATE,C0,,28105,12,6,5,1,True,[35],"[16, 35, 50, 80, 92]",False,False,True,True,True
v1__scene_lift_and_relocate_v03__L2__C1_NA__r01_s28101,scene_lift_and_relocate_v03,LIFT_AND_RELOCATE,C1,,28101,12,6,5,4,True,[35],"[16, 35]",False,False,True,True,True
v1__scene_lift_and_relocate_v03__L2__C1_NA__r02_s28102,scene_lift_and_relocate_v03,LIFT_AND_RELOCATE,C1,,28102,12,6,5,4,True,[35],"[16, 35]",False,False,True,True,True
v1__scene_lift_and_relocate_v03__L2__C1_NA__r03_s28103,scene_lift_and_relocate_v03,LIFT_AND_RELOCATE,C1,,28103,12,6,5,4,True,[35],"[16, 35]",False,False,True,True,True
v1__scene_lift_and_relocate_v03__L2__C1_NA__r04_s28104,scene_lift_and_relocate_v03,LIFT_AND_RELOCATE,C1,,28104,12,6,5,4,True,[35],"[16, 35]",False,False,True,True,True
v1__scene_lift_and_relocate_v03__L2__C1_NA__r05_s28105,scene_lift_and_relocate_v03,LIFT_AND_RELOCATE,C1,,28105,12,6,5,4,True,[35],"[16, 35]",False,False,True,True,True
v1__scene_lift_and_relocate_v03__L2__C2_D4__r01_s28101,scene_lift_and_relocate_v03,LIFT_AND_RELOCATE,C2,D4,28101,12,6,5,1,True,[35],"[16, 35, 50, 80, 92]",False,False,True,True,True
v1__scene_lift_and_relocate_v03__L2__C2_D4__r02_s28102,scene_lift_and_relocate_v03,LIFT_AND_RELOCATE,C2,D4,28102,12,6,5,1,True,[35],"[16, 35, 50, 80, 92]",False,False,True,True,True
v1__scene_lift_and_relocate_v03__L2__C2_D4__r03_s28103,scene_lift_and_relocate_v03,LIFT_AND_RELOCATE,C2,D4,28103,12,6,5,1,True,[35],"[16, 35, 50, 80, 92]",False,False,True,True,True
v1__scene_lift_and_relocate_v03__L2__C2_D4__r04_s28104,scene_lift_and_relocate_v03,LIFT_AND_RELOCATE,C2,D4,28104,12,6,5,1,True,[35],"[16, 35, 50, 80, 92]",False,False,True,True,True
v1__scene_lift_and_relocate_v03__L2__C2_D4__r05_s28105,scene_lift_and_relocate_v03,LIFT_AND_RELOCATE,C2,D4,28105,12,6,5,1,True,[35],"[16, 35, 50, 80, 92]",False,False,True,True,True
v1__scene_lift_and_relocate_v03__L2__C2_D8__r01_s28101,scene_lift_and_relocate_v03,LIFT_AND_RELOCATE,C2,D8,28101,12,6,5,3,True,[35],"[16, 35, 80]",False,False,True,True,True
v1__scene_lift_and_relocate_v03__L2__C2_D8__r02_s28102,scene_lift_and_relocate_v03,LIFT_AND_RELOCATE,C2,D8,28102,12,6,5,1,True,[35],"[16, 35, 50, 80, 92]",False,False,True,True,True
v1__scene_lift_and_relocate_v03__L2__C2_D8__r03_s28103,scene_lift_and_relocate_v03,LIFT_AND_RELOCATE,C2,D8,28103,12,6,5,1,True,[35],"[16, 35, 50, 80, 92]",False,False,True,True,True
v1__scene_lift_and_relocate_v03__L2__C2_D8__r04_s28104,scene_lift_and_relocate_v03,LIFT_AND_RELOCATE,C2,D8,28104,12,6,5,1,True,[35],"[16, 35, 50, 80, 92]",False,False,True,True,True
v1__scene_lift_and_relocate_v03__L2__C2_D8__r05_s28105,scene_lift_and_relocate_v03,LIFT_AND_RELOCATE,C2,D8,28105,12,6,5,4,True,[35],"[16, 35]",False,False,True,True,True
v1__scene_lift_and_relocate_v03__L2__C3_D4__r01_s28101,scene_lift_and_relocate_v03,LIFT_AND_RELOCATE,C3,D4,28101,12,6,5,3,True,[35],"[16, 35, 80]",False,False,True,True,True
v1__scene_lift_and_relocate_v03__L2__C3_D4__r02_s28102,scene_lift_and_relocate_v03,LIFT_AND_RELOCATE,C3,D4,28102,12,6,5,4,True,[35],"[16, 35]",False,False,True,True,True
v1__scene_lift_and_relocate_v03__L2__C3_D4__r03_s28103,scene_lift_and_relocate_v03,LIFT_AND_RELOCATE,C3,D4,28103,12,6,5,3,True,[35],"[16, 35, 80]",False,False,True,True,True
v1__scene_lift_and_relocate_v03__L2__C3_D4__r04_s28104,scene_lift_and_relocate_v03,LIFT_AND_RELOCATE,C3,D4,28104,12,6,5,3,True,[35],"[16, 35, 80]",False,False,True,True,True
v1__scene_lift_and_relocate_v03__L2__C3_D4__r05_s28105,scene_lift_and_relocate_v03,LIFT_AND_RELOCATE,C3,D4,28105,12,6,5,4,True,[35],"[16, 35]",False,False,True,True,True
v1__scene_lift_and_relocate_v03__L2__C3_D8__r01_s28101,scene_lift_and_relocate_v03,LIFT_AND_RELOCATE,C3,D8,28101,12,6,5,3,True,[35],"[16, 35, 80]",False,False,True,True,True
v1__scene_lift_and_relocate_v03__L2__C3_D8__r02_s28102,scene_lift_and_relocate_v03,LIFT_AND_RELOCATE,C3,D8,28102,12,6,5,1,True,[35],"[16, 35, 50, 80, 92]",False,False,True,True,True
v1__scene_lift_and_relocate_v03__L2__C3_D8__r03_s28103,scene_lift_and_relocate_v03,LIFT_AND_RELOCATE,C3,D8,28103,12,6,5,1,True,[35],"[16, 35, 50, 80, 92]",False,False,True,True,True
v1__scene_lift_and_relocate_v03__L2__C3_D8__r04_s28104,scene_lift_and_relocate_v03,LIFT_AND_RELOCATE,C3,D8,28104,12,6,5,1,True,[35],"[16, 35, 50, 80, 92]",False,False,True,True,True
v1__scene_lift_and_relocate_v03__L2__C3_D8__r05_s28105,scene_lift_and_relocate_v03,LIFT_AND_RELOCATE,C3,D8,28105,12,6,5,3,True,[35],"[16, 35, 80]",False,False,True,True,True
v1__scene_lift_and_relocate_v03__L2__C4_D4__r01_s28101,scene_lift_and_relocate_v03,LIFT_AND_RELOCATE,C4,D4,28101,12,6,5,4,True,[35],"[16, 35]",False,False,True,True,True
v1__scene_lift_and_relocate_v03__L2__C4_D4__r02_s28102,scene_lift_and_relocate_v03,LIFT_AND_RELOCATE,C4,D4,28102,12,6,5,4,True,[35],"[16, 35]",False,False,True,True,True
v1__scene_lift_and_relocate_v03__L2__C4_D4__r03_s28103,scene_lift_and_relocate_v03,LIFT_AND_RELOCATE,C4,D4,28103,12,6,5,4,True,[35],"[16, 35]",False,False,True,True,True
v1__scene_lift_and_relocate_v03__L2__C4_D4__r04_s28104,scene_lift_and_relocate_v03,LIFT_AND_RELOCATE,C4,D4,28104,12,6,5,4,True,[35],"[16, 35]",False,False,True,True,True
v1__scene_lift_and_relocate_v03__L2__C4_D4__r05_s28105,scene_lift_and_relocate_v03,LIFT_AND_RELOCATE,C4,D4,28105,12,6,5,4,True,[35],"[16, 35]",False,False,True,True,True
v1__scene_lift_and_relocate_v03__L2__C4_D8__r01_s28101,scene_lift_and_relocate_v03,LIFT_AND_RELOCATE,C4,D8,28101,12,6,5,1,True,[35],"[16, 35, 50, 80, 92]",False,False,True,True,True
v1__scene_lift_and_relocate_v03__L2__C4_D8__r02_s28102,scene_lift_and_relocate_v03,LIFT_AND_RELOCATE,C4,D8,28102,12,6,5,1,True,[35],"[16, 35, 50, 80, 92]",False,False,True,True,True
v1__scene_lift_and_relocate_v03__L2__C4_D8__r03_s28103,scene_lift_and_relocate_v03,LIFT_AND_RELOCATE,C4,D8,28103,12,6,5,1,True,[35],"[16, 35, 50, 80, 92]",False,False,True,True,True
v1__scene_lift_and_relocate_v03__L2__C4_D8__r04_s28104,scene_lift_and_relocate_v03,LIFT_AND_RELOCATE,C4,D8,28104,12,6,5,1,True,[35],"[16, 35, 50, 80, 92]",False,False,True,True,True
v1__scene_lift_and_relocate_v03__L2__C4_D8__r05_s28105,scene_lift_and_relocate_v03,LIFT_AND_RELOCATE,C4,D8,28105,12,6,5,1,True,[35],"[16, 35, 50, 80, 92]",False,False,True,True,True
v1__scene_lift_and_relocate_v03__L2__C5_D4__r01_s28101,scene_lift_and_relocate_v03,LIFT_AND_RELOCATE,C5,D4,28101,12,6,5,4,True,[35],"[16, 35]",False,False,True,True,True
v1__scene_lift_and_relocate_v03__L2__C5_D4__r02_s28102,scene_lift_and_relocate_v03,LIFT_AND_RELOCATE,C5,D4,28102,12,6,5,1,True,[35],"[16, 35, 50, 80, 92]",False,False,True,True,True
v1__scene_lift_and_relocate_v03__L2__C5_D4__r03_s28103,scene_lift_and_relocate_v03,LIFT_AND_RELOCATE,C5,D4,28103,12,6,5,1,True,[35],"[16, 35, 50, 80, 92]",False,False,True,True,True
v1__scene_lift_and_relocate_v03__L2__C5_D4__r04_s28104,scene_lift_and_relocate_v03,LIFT_AND_RELOCATE,C5,D4,28104,12,6,5,1,True,[35],"[16, 35, 50, 80, 92]",False,False,True,True,True
v1__scene_lift_and_relocate_v03__L2__C5_D4__r05_s28105,scene_lift_and_relocate_v03,LIFT_AND_RELOCATE,C5,D4,28105,12,6,5,4,True,[35],"[16, 35]",False,False,True,True,True
v1__scene_lift_and_relocate_v03__L2__C5_D8__r01_s28101,scene_lift_and_relocate_v03,LIFT_AND_RELOCATE,C5,D8,28101,12,6,5,3,True,[35],"[16, 35, 80]",False,False,True,True,True
v1__scene_lift_and_relocate_v03__L2__C5_D8__r02_s28102,scene_lift_and_relocate_v03,LIFT_AND_RELOCATE,C5,D8,28102,12,6,5,1,True,[35],"[16, 35, 50, 80, 92]",False,False,True,True,True
v1__scene_lift_and_relocate_v03__L2__C5_D8__r03_s28103,scene_lift_and_relocate_v03,LIFT_AND_RELOCATE,C5,D8,28103,12,6,5,1,True,[35],"[16, 35, 50, 80, 92]",False,False,True,True,True
v1__scene_lift_and_relocate_v03__L2__C5_D8__r04_s28104,scene_lift_and_relocate_v03,LIFT_AND_RELOCATE,C5,D8,28104,12,6,5,1,True,[35],"[16, 35, 50, 80, 92]",False,False,True,True,True
v1__scene_lift_and_relocate_v03__L2__C5_D8__r05_s28105,scene_lift_and_relocate_v03,LIFT_AND_RELOCATE,C5,D8,28105,12,6,5,3,True,[35],"[16, 35, 80]",False,False,True,True,True
v1__scene_lift_and_relocate_v03__L2__C6_D4__r01_s28101,scene_lift_and_relocate_v03,LIFT_AND_RELOCATE,C6,D4,28101,12,6,5,1,True,[35],"[16, 35, 50, 80, 92]",False,False,True,True,True
v1__scene_lift_and_relocate_v03__L2__C6_D4__r02_s28102,scene_lift_and_relocate_v03,LIFT_AND_RELOCATE,C6,D4,28102,12,6,5,4,True,[35],"[16, 35]",False,False,True,True,True
v1__scene_lift_and_relocate_v03__L2__C6_D4__r03_s28103,scene_lift_and_relocate_v03,LIFT_AND_RELOCATE,C6,D4,28103,12,6,5,1,True,[35],"[16, 35, 50, 80, 92]",False,False,True,True,True
v1__scene_lift_and_relocate_v03__L2__C6_D4__r04_s28104,scene_lift_and_relocate_v03,LIFT_AND_RELOCATE,C6,D4,28104,12,6,5,1,True,[35],"[16, 35, 50, 80, 92]",False,False,True,True,True
v1__scene_lift_and_relocate_v03__L2__C6_D4__r05_s28105,scene_lift_and_relocate_v03,LIFT_AND_RELOCATE,C6,D4,28105,12,6,5,1,True,[35],"[16, 35, 50, 80, 92]",False,False,True,True,True
v1__scene_lift_and_relocate_v03__L2__C6_D8__r01_s28101,scene_lift_and_relocate_v03,LIFT_AND_RELOCATE,C6,D8,28101,12,6,5,3,True,[35],"[16, 35, 80]",False,False,True,True,True
v1__scene_lift_and_relocate_v03__L2__C6_D8__r02_s28102,scene_lift_and_relocate_v03,LIFT_AND_RELOCATE,C6,D8,28102,12,6,5,4,True,[35],"[16, 35]",False,False,True,True,True
v1__scene_lift_and_relocate_v03__L2__C6_D8__r03_s28103,scene_lift_and_relocate_v03,LIFT_AND_RELOCATE,C6,D8,28103,12,6,5,1,True,[35],"[16, 35, 50, 80, 92]",False,False,True,True,True
v1__scene_lift_and_relocate_v03__L2__C6_D8__r04_s28104,scene_lift_and_relocate_v03,LIFT_AND_RELOCATE,C6,D8,28104,12,6,5,1,True,[35],"[16, 35, 50, 80, 92]",False,False,True,True,True
v1__scene_lift_and_relocate_v03__L2__C6_D8__r05_s28105,scene_lift_and_relocate_v03,LIFT_AND_RELOCATE,C6,D8,28105,12,6,5,3,True,[35],"[16, 35, 80]",False,False,True,True,True
v1__scene_lift_and_relocate_v04__L2__C0_NA__r01_s28101,scene_lift_and_relocate_v04,LIFT_AND_RELOCATE,C0,,28101,68,5,4,4,True,[73],[73],True,True,True,True,True
v1__scene_lift_and_relocate_v04__L2__C0_NA__r02_s28102,scene_lift_and_relocate_v04,LIFT_AND_RELOCATE,C0,,28102,68,5,4,4,True,[73],[73],True,True,True,True,True
v1__scene_lift_and_relocate_v04__L2__C0_NA__r03_s28103,scene_lift_and_relocate_v04,LIFT_AND_RELOCATE,C0,,28103,68,5,4,4,True,[73],[73],True,True,True,True,True
v1__scene_lift_and_relocate_v04__L2__C0_NA__r04_s28104,scene_lift_and_relocate_v04,LIFT_AND_RELOCATE,C0,,28104,68,5,4,4,True,[73],[73],True,True,True,True,True
v1__scene_lift_and_relocate_v04__L2__C0_NA__r05_s28105,scene_lift_and_relocate_v04,LIFT_AND_RELOCATE,C0,,28105,68,5,4,4,True,[73],[73],True,True,True,True,True
v1__scene_lift_and_relocate_v04__L2__C1_NA__r01_s28101,scene_lift_and_relocate_v04,LIFT_AND_RELOCATE,C1,,28101,68,5,4,4,True,[73],[73],True,True,True,True,True
v1__scene_lift_and_relocate_v04__L2__C1_NA__r02_s28102,scene_lift_and_relocate_v04,LIFT_AND_RELOCATE,C1,,28102,68,5,4,4,True,[73],[73],True,True,True,True,True
v1__scene_lift_and_relocate_v04__L2__C1_NA__r03_s28103,scene_lift_and_relocate_v04,LIFT_AND_RELOCATE,C1,,28103,68,5,4,4,True,[73],[73],True,True,True,True,True
v1__scene_lift_and_relocate_v04__L2__C1_NA__r04_s28104,scene_lift_and_relocate_v04,LIFT_AND_RELOCATE,C1,,28104,68,5,4,4,True,[73],[73],True,True,True,True,True
v1__scene_lift_and_relocate_v04__L2__C1_NA__r05_s28105,scene_lift_and_relocate_v04,LIFT_AND_RELOCATE,C1,,28105,68,5,4,4,True,[73],[73],True,True,True,True,True
v1__scene_lift_and_relocate_v04__L2__C2_D4__r01_s28101,scene_lift_and_relocate_v04,LIFT_AND_RELOCATE,C2,D4,28101,68,5,4,4,True,[73],[73],True,True,True,True,True
v1__scene_lift_and_relocate_v04__L2__C2_D4__r02_s28102,scene_lift_and_relocate_v04,LIFT_AND_RELOCATE,C2,D4,28102,68,5,4,4,True,[73],[73],True,True,True,True,True
v1__scene_lift_and_relocate_v04__L2__C2_D4__r03_s28103,scene_lift_and_relocate_v04,LIFT_AND_RELOCATE,C2,D4,28103,68,5,4,4,True,[73],[73],True,True,True,True,True
v1__scene_lift_and_relocate_v04__L2__C2_D4__r04_s28104,scene_lift_and_relocate_v04,LIFT_AND_RELOCATE,C2,D4,28104,68,5,4,4,True,[73],[73],True,True,True,True,True
v1__scene_lift_and_relocate_v04__L2__C2_D4__r05_s28105,scene_lift_and_relocate_v04,LIFT_AND_RELOCATE,C2,D4,28105,68,5,4,4,True,[73],[73],True,True,True,True,True
v1__scene_lift_and_relocate_v04__L2__C2_D8__r01_s28101,scene_lift_and_relocate_v04,LIFT_AND_RELOCATE,C2,D8,28101,68,5,4,4,True,[73],[73],True,True,True,True,True
v1__scene_lift_and_relocate_v04__L2__C2_D8__r02_s28102,scene_lift_and_relocate_v04,LIFT_AND_RELOCATE,C2,D8,28102,68,5,4,4,True,[73],[73],True,True,True,True,True
v1__scene_lift_and_relocate_v04__L2__C2_D8__r03_s28103,scene_lift_and_relocate_v04,LIFT_AND_RELOCATE,C2,D8,28103,68,5,4,4,True,[73],[73],True,True,True,True,True
v1__scene_lift_and_relocate_v04__L2__C2_D8__r04_s28104,scene_lift_and_relocate_v04,LIFT_AND_RELOCATE,C2,D8,28104,68,5,4,4,True,[73],[73],True,True,True,True,True
v1__scene_lift_and_relocate_v04__L2__C2_D8__r05_s28105,scene_lift_and_relocate_v04,LIFT_AND_RELOCATE,C2,D8,28105,68,5,4,3,True,[73],[],False,False,True,False,False
v1__scene_lift_and_relocate_v04__L2__C3_D4__r01_s28101,scene_lift_and_relocate_v04,LIFT_AND_RELOCATE,C3,D4,28101,68,5,4,4,True,[73],[73],True,True,True,True,True
v1__scene_lift_and_relocate_v04__L2__C3_D4__r02_s28102,scene_lift_and_relocate_v04,LIFT_AND_RELOCATE,C3,D4,28102,68,5,4,3,True,[73],[],False,False,True,False,False
v1__scene_lift_and_relocate_v04__L2__C3_D4__r03_s28103,scene_lift_and_relocate_v04,LIFT_AND_RELOCATE,C3,D4,28103,68,5,4,4,True,[73],[73],True,True,True,True,True
v1__scene_lift_and_relocate_v04__L2__C3_D4__r04_s28104,scene_lift_and_relocate_v04,LIFT_AND_RELOCATE,C3,D4,28104,68,5,4,3,True,[73],[],False,False,True,False,False
v1__scene_lift_and_relocate_v04__L2__C3_D4__r05_s28105,scene_lift_and_relocate_v04,LIFT_AND_RELOCATE,C3,D4,28105,68,5,4,3,True,[73],[],False,False,True,False,False
v1__scene_lift_and_relocate_v04__L2__C3_D8__r01_s28101,scene_lift_and_relocate_v04,LIFT_AND_RELOCATE,C3,D8,28101,68,5,4,3,True,[73],[],False,False,True,False,False
v1__scene_lift_and_relocate_v04__L2__C3_D8__r02_s28102,scene_lift_and_relocate_v04,LIFT_AND_RELOCATE,C3,D8,28102,68,5,4,3,True,[73],[],False,False,True,False,False
v1__scene_lift_and_relocate_v04__L2__C3_D8__r03_s28103,scene_lift_and_relocate_v04,LIFT_AND_RELOCATE,C3,D8,28103,68,5,4,3,True,[73],[],False,False,True,False,False
v1__scene_lift_and_relocate_v04__L2__C3_D8__r04_s28104,scene_lift_and_relocate_v04,LIFT_AND_RELOCATE,C3,D8,28104,68,5,4,3,True,[73],[],False,False,True,False,False
v1__scene_lift_and_relocate_v04__L2__C3_D8__r05_s28105,scene_lift_and_relocate_v04,LIFT_AND_RELOCATE,C3,D8,28105,68,5,4,3,True,[73],[],False,False,True,False,False
v1__scene_lift_and_relocate_v04__L2__C4_D4__r01_s28101,scene_lift_and_relocate_v04,LIFT_AND_RELOCATE,C4,D4,28101,68,5,4,2,True,[73],"[30, 45, 73]",False,False,True,True,True
v1__scene_lift_and_relocate_v04__L2__C4_D4__r02_s28102,scene_lift_and_relocate_v04,LIFT_AND_RELOCATE,C4,D4,28102,68,5,4,1,True,[73],"[30, 45, 54, 73]",False,False,True,True,True
v1__scene_lift_and_relocate_v04__L2__C4_D4__r03_s28103,scene_lift_and_relocate_v04,LIFT_AND_RELOCATE,C4,D4,28103,68,5,4,2,True,[73],"[30, 45, 73]",False,False,True,True,True
v1__scene_lift_and_relocate_v04__L2__C4_D4__r04_s28104,scene_lift_and_relocate_v04,LIFT_AND_RELOCATE,C4,D4,28104,68,5,4,2,True,[73],"[30, 45, 73]",False,False,True,True,True
v1__scene_lift_and_relocate_v04__L2__C4_D4__r05_s28105,scene_lift_and_relocate_v04,LIFT_AND_RELOCATE,C4,D4,28105,68,5,4,2,True,[73],"[30, 45, 73]",False,False,True,True,True
v1__scene_lift_and_relocate_v04__L2__C4_D8__r01_s28101,scene_lift_and_relocate_v04,LIFT_AND_RELOCATE,C4,D8,28101,68,5,4,2,True,[73],"[30, 45, 73]",False,False,True,True,True
v1__scene_lift_and_relocate_v04__L2__C4_D8__r02_s28102,scene_lift_and_relocate_v04,LIFT_AND_RELOCATE,C4,D8,28102,68,5,4,1,True,[73],"[30, 45, 54, 73]",False,False,True,True,True
v1__scene_lift_and_relocate_v04__L2__C4_D8__r03_s28103,scene_lift_and_relocate_v04,LIFT_AND_RELOCATE,C4,D8,28103,68,5,4,1,True,[73],"[30, 45, 54, 73]",False,False,True,True,True
v1__scene_lift_and_relocate_v04__L2__C4_D8__r04_s28104,scene_lift_and_relocate_v04,LIFT_AND_RELOCATE,C4,D8,28104,68,5,4,2,True,[73],"[30, 45, 73]",False,False,True,True,True
v1__scene_lift_and_relocate_v04__L2__C4_D8__r05_s28105,scene_lift_and_relocate_v04,LIFT_AND_RELOCATE,C4,D8,28105,68,5,4,2,True,[73],"[30, 45, 73]",False,False,True,True,True
v1__scene_lift_and_relocate_v04__L2__C5_D4__r01_s28101,scene_lift_and_relocate_v04,LIFT_AND_RELOCATE,C5,D4,28101,68,5,4,4,True,[73],[73],True,True,True,True,True
v1__scene_lift_and_relocate_v04__L2__C5_D4__r02_s28102,scene_lift_and_relocate_v04,LIFT_AND_RELOCATE,C5,D4,28102,68,5,4,4,True,[73],[73],True,True,True,True,True
v1__scene_lift_and_relocate_v04__L2__C5_D4__r03_s28103,scene_lift_and_relocate_v04,LIFT_AND_RELOCATE,C5,D4,28103,68,5,4,3,True,[73],[],False,False,True,False,False
v1__scene_lift_and_relocate_v04__L2__C5_D4__r04_s28104,scene_lift_and_relocate_v04,LIFT_AND_RELOCATE,C5,D4,28104,68,5,4,3,True,[73],[],False,False,True,False,False
v1__scene_lift_and_relocate_v04__L2__C5_D4__r05_s28105,scene_lift_and_relocate_v04,LIFT_AND_RELOCATE,C5,D4,28105,68,5,4,3,True,[73],[],False,False,True,False,False
v1__scene_lift_and_relocate_v04__L2__C5_D8__r01_s28101,scene_lift_and_relocate_v04,LIFT_AND_RELOCATE,C5,D8,28101,68,5,4,2,True,[73],"[30, 45, 73]",False,False,True,True,True
v1__scene_lift_and_relocate_v04__L2__C5_D8__r02_s28102,scene_lift_and_relocate_v04,LIFT_AND_RELOCATE,C5,D8,28102,68,5,4,2,True,[73],"[30, 45, 73]",False,False,True,True,True
v1__scene_lift_and_relocate_v04__L2__C5_D8__r03_s28103,scene_lift_and_relocate_v04,LIFT_AND_RELOCATE,C5,D8,28103,68,5,4,2,True,[73],"[30, 45, 73]",False,False,True,True,True
v1__scene_lift_and_relocate_v04__L2__C5_D8__r04_s28104,scene_lift_and_relocate_v04,LIFT_AND_RELOCATE,C5,D8,28104,68,5,4,2,True,[73],"[30, 45, 73]",False,False,True,True,True
v1__scene_lift_and_relocate_v04__L2__C5_D8__r05_s28105,scene_lift_and_relocate_v04,LIFT_AND_RELOCATE,C5,D8,28105,68,5,4,2,True,[73],"[30, 45, 73]",False,False,True,True,True
v1__scene_lift_and_relocate_v04__L2__C6_D4__r01_s28101,scene_lift_and_relocate_v04,LIFT_AND_RELOCATE,C6,D4,28101,68,5,4,3,True,[73],[],False,False,True,False,False
v1__scene_lift_and_relocate_v04__L2__C6_D4__r02_s28102,scene_lift_and_relocate_v04,LIFT_AND_RELOCATE,C6,D4,28102,68,5,4,4,True,[73],[73],True,True,True,True,True
v1__scene_lift_and_relocate_v04__L2__C6_D4__r03_s28103,scene_lift_and_relocate_v04,LIFT_AND_RELOCATE,C6,D4,28103,68,5,4,2,True,[73],"[30, 45, 73]",False,False,True,True,True
v1__scene_lift_and_relocate_v04__L2__C6_D4__r04_s28104,scene_lift_and_relocate_v04,LIFT_AND_RELOCATE,C6,D4,28104,68,5,4,2,True,[73],"[30, 45, 73]",False,False,True,True,True
v1__scene_lift_and_relocate_v04__L2__C6_D4__r05_s28105,scene_lift_and_relocate_v04,LIFT_AND_RELOCATE,C6,D4,28105,68,5,4,3,True,[73],[],False,False,True,False,False
v1__scene_lift_and_relocate_v04__L2__C6_D8__r01_s28101,scene_lift_and_relocate_v04,LIFT_AND_RELOCATE,C6,D8,28101,68,5,4,2,True,[73],"[30, 45, 73]",False,False,True,True,True
v1__scene_lift_and_relocate_v04__L2__C6_D8__r02_s28102,scene_lift_and_relocate_v04,LIFT_AND_RELOCATE,C6,D8,28102,68,5,4,2,True,[73],"[30, 45, 73]",False,False,True,True,True
v1__scene_lift_and_relocate_v04__L2__C6_D8__r03_s28103,scene_lift_and_relocate_v04,LIFT_AND_RELOCATE,C6,D8,28103,68,5,4,4,True,[73],[73],True,True,True,True,True
v1__scene_lift_and_relocate_v04__L2__C6_D8__r04_s28104,scene_lift_and_relocate_v04,LIFT_AND_RELOCATE,C6,D8,28104,68,5,4,2,True,[73],"[30, 45, 73]",False,False,True,True,True
v1__scene_lift_and_relocate_v04__L2__C6_D8__r05_s28105,scene_lift_and_relocate_v04,LIFT_AND_RELOCATE,C6,D8,28105,68,5,4,2,True,[73],"[30, 45, 73]",False,False,True,True,True
v1__scene_lift_and_relocate_v05__L2__C0_NA__r01_s28101,scene_lift_and_relocate_v05,LIFT_AND_RELOCATE,C0,,28101,43,6,5,1,True,[15],"[15, 24, 48, 52, 76]",False,False,True,True,True
v1__scene_lift_and_relocate_v05__L2__C0_NA__r02_s28102,scene_lift_and_relocate_v05,LIFT_AND_RELOCATE,C0,,28102,43,6,5,1,True,[15],"[15, 24, 48, 52, 76]",False,False,True,True,True
v1__scene_lift_and_relocate_v05__L2__C0_NA__r03_s28103,scene_lift_and_relocate_v05,LIFT_AND_RELOCATE,C0,,28103,43,6,5,1,True,[15],"[15, 24, 48, 52, 76]",False,False,True,True,True
v1__scene_lift_and_relocate_v05__L2__C0_NA__r04_s28104,scene_lift_and_relocate_v05,LIFT_AND_RELOCATE,C0,,28104,43,6,5,1,True,[15],"[15, 24, 48, 52, 76]",False,False,True,True,True
v1__scene_lift_and_relocate_v05__L2__C0_NA__r05_s28105,scene_lift_and_relocate_v05,LIFT_AND_RELOCATE,C0,,28105,43,6,5,1,True,[15],"[15, 24, 48, 52, 76]",False,False,True,True,True
v1__scene_lift_and_relocate_v05__L2__C1_NA__r01_s28101,scene_lift_and_relocate_v05,LIFT_AND_RELOCATE,C1,,28101,43,6,5,5,True,[15],[15],True,True,True,True,True
v1__scene_lift_and_relocate_v05__L2__C1_NA__r02_s28102,scene_lift_and_relocate_v05,LIFT_AND_RELOCATE,C1,,28102,43,6,5,5,True,[15],[15],True,True,True,True,True
v1__scene_lift_and_relocate_v05__L2__C1_NA__r03_s28103,scene_lift_and_relocate_v05,LIFT_AND_RELOCATE,C1,,28103,43,6,5,5,True,[15],[15],True,True,True,True,True
v1__scene_lift_and_relocate_v05__L2__C1_NA__r04_s28104,scene_lift_and_relocate_v05,LIFT_AND_RELOCATE,C1,,28104,43,6,5,5,True,[15],[15],True,True,True,True,True
v1__scene_lift_and_relocate_v05__L2__C1_NA__r05_s28105,scene_lift_and_relocate_v05,LIFT_AND_RELOCATE,C1,,28105,43,6,5,5,True,[15],[15],True,True,True,True,True
v1__scene_lift_and_relocate_v05__L2__C2_D4__r01_s28101,scene_lift_and_relocate_v05,LIFT_AND_RELOCATE,C2,D4,28101,43,6,5,1,True,[15],"[15, 24, 48, 52, 76]",False,False,True,True,True
v1__scene_lift_and_relocate_v05__L2__C2_D4__r02_s28102,scene_lift_and_relocate_v05,LIFT_AND_RELOCATE,C2,D4,28102,43,6,5,1,True,[15],"[15, 24, 48, 52, 76]",False,False,True,True,True
v1__scene_lift_and_relocate_v05__L2__C2_D4__r03_s28103,scene_lift_and_relocate_v05,LIFT_AND_RELOCATE,C2,D4,28103,43,6,5,1,True,[15],"[15, 24, 48, 52, 76]",False,False,True,True,True
v1__scene_lift_and_relocate_v05__L2__C2_D4__r04_s28104,scene_lift_and_relocate_v05,LIFT_AND_RELOCATE,C2,D4,28104,43,6,5,1,True,[15],"[15, 24, 48, 52, 76]",False,False,True,True,True
v1__scene_lift_and_relocate_v05__L2__C2_D4__r05_s28105,scene_lift_and_relocate_v05,LIFT_AND_RELOCATE,C2,D4,28105,43,6,5,1,True,[15],"[15, 24, 48, 52, 76]",False,False,True,True,True
v1__scene_lift_and_relocate_v05__L2__C2_D8__r01_s28101,scene_lift_and_relocate_v05,LIFT_AND_RELOCATE,C2,D8,28101,43,6,5,1,True,[15],"[15, 24, 48, 52, 76]",False,False,True,True,True
v1__scene_lift_and_relocate_v05__L2__C2_D8__r02_s28102,scene_lift_and_relocate_v05,LIFT_AND_RELOCATE,C2,D8,28102,43,6,5,1,True,[15],"[15, 24, 48, 52, 76]",False,False,True,True,True
v1__scene_lift_and_relocate_v05__L2__C2_D8__r03_s28103,scene_lift_and_relocate_v05,LIFT_AND_RELOCATE,C2,D8,28103,43,6,5,1,True,[15],"[15, 24, 48, 52, 76]",False,False,True,True,True
v1__scene_lift_and_relocate_v05__L2__C2_D8__r04_s28104,scene_lift_and_relocate_v05,LIFT_AND_RELOCATE,C2,D8,28104,43,6,5,1,True,[15],"[15, 24, 48, 52, 76]",False,False,True,True,True
v1__scene_lift_and_relocate_v05__L2__C2_D8__r05_s28105,scene_lift_and_relocate_v05,LIFT_AND_RELOCATE,C2,D8,28105,43,6,5,1,True,[15],"[15, 24, 48, 52, 76]",False,False,True,True,True
v1__scene_lift_and_relocate_v05__L2__C3_D4__r01_s28101,scene_lift_and_relocate_v05,LIFT_AND_RELOCATE,C3,D4,28101,43,6,5,1,True,[15],"[15, 24, 48, 52, 76]",False,False,True,True,True
v1__scene_lift_and_relocate_v05__L2__C3_D4__r02_s28102,scene_lift_and_relocate_v05,LIFT_AND_RELOCATE,C3,D4,28102,43,6,5,1,True,[15],"[15, 24, 48, 52, 76]",False,False,True,True,True
v1__scene_lift_and_relocate_v05__L2__C3_D4__r03_s28103,scene_lift_and_relocate_v05,LIFT_AND_RELOCATE,C3,D4,28103,43,6,5,1,True,[15],"[15, 24, 48, 52, 76]",False,False,True,True,True
v1__scene_lift_and_relocate_v05__L2__C3_D4__r04_s28104,scene_lift_and_relocate_v05,LIFT_AND_RELOCATE,C3,D4,28104,43,6,5,1,True,[15],"[15, 24, 48, 52, 76]",False,False,True,True,True
v1__scene_lift_and_relocate_v05__L2__C3_D4__r05_s28105,scene_lift_and_relocate_v05,LIFT_AND_RELOCATE,C3,D4,28105,43,6,5,1,True,[15],"[15, 24, 48, 52, 76]",False,False,True,True,True
v1__scene_lift_and_relocate_v05__L2__C3_D8__r01_s28101,scene_lift_and_relocate_v05,LIFT_AND_RELOCATE,C3,D8,28101,43,6,5,1,True,[15],"[15, 24, 48, 52, 76]",False,False,True,True,True
v1__scene_lift_and_relocate_v05__L2__C3_D8__r02_s28102,scene_lift_and_relocate_v05,LIFT_AND_RELOCATE,C3,D8,28102,43,6,5,1,True,[15],"[15, 24, 48, 52, 76]",False,False,True,True,True
v1__scene_lift_and_relocate_v05__L2__C3_D8__r03_s28103,scene_lift_and_relocate_v05,LIFT_AND_RELOCATE,C3,D8,28103,43,6,5,1,True,[15],"[15, 24, 48, 52, 76]",False,False,True,True,True
v1__scene_lift_and_relocate_v05__L2__C3_D8__r04_s28104,scene_lift_and_relocate_v05,LIFT_AND_RELOCATE,C3,D8,28104,43,6,5,1,True,[15],"[15, 24, 48, 52, 76]",False,False,True,True,True
v1__scene_lift_and_relocate_v05__L2__C3_D8__r05_s28105,scene_lift_and_relocate_v05,LIFT_AND_RELOCATE,C3,D8,28105,43,6,5,1,True,[15],"[15, 24, 48, 52, 76]",False,False,True,True,True
v1__scene_lift_and_relocate_v05__L2__C4_D4__r01_s28101,scene_lift_and_relocate_v05,LIFT_AND_RELOCATE,C4,D4,28101,43,6,5,1,True,[15],"[15, 24, 48, 52, 76]",False,False,True,True,True
v1__scene_lift_and_relocate_v05__L2__C4_D4__r02_s28102,scene_lift_and_relocate_v05,LIFT_AND_RELOCATE,C4,D4,28102,43,6,5,1,True,[15],"[15, 24, 48, 52, 76]",False,False,True,True,True
v1__scene_lift_and_relocate_v05__L2__C4_D4__r03_s28103,scene_lift_and_relocate_v05,LIFT_AND_RELOCATE,C4,D4,28103,43,6,5,1,True,[15],"[15, 24, 48, 52, 76]",False,False,True,True,True
v1__scene_lift_and_relocate_v05__L2__C4_D4__r04_s28104,scene_lift_and_relocate_v05,LIFT_AND_RELOCATE,C4,D4,28104,43,6,5,1,True,[15],"[15, 24, 48, 52, 76]",False,False,True,True,True
v1__scene_lift_and_relocate_v05__L2__C4_D4__r05_s28105,scene_lift_and_relocate_v05,LIFT_AND_RELOCATE,C4,D4,28105,43,6,5,1,True,[15],"[15, 24, 48, 52, 76]",False,False,True,True,True
v1__scene_lift_and_relocate_v05__L2__C4_D8__r01_s28101,scene_lift_and_relocate_v05,LIFT_AND_RELOCATE,C4,D8,28101,43,6,5,1,True,[15],"[15, 24, 48, 52, 76]",False,False,True,True,True
v1__scene_lift_and_relocate_v05__L2__C4_D8__r02_s28102,scene_lift_and_relocate_v05,LIFT_AND_RELOCATE,C4,D8,28102,43,6,5,1,True,[15],"[15, 24, 48, 52, 76]",False,False,True,True,True
v1__scene_lift_and_relocate_v05__L2__C4_D8__r03_s28103,scene_lift_and_relocate_v05,LIFT_AND_RELOCATE,C4,D8,28103,43,6,5,1,True,[15],"[15, 24, 48, 52, 76]",False,False,True,True,True
v1__scene_lift_and_relocate_v05__L2__C4_D8__r04_s28104,scene_lift_and_relocate_v05,LIFT_AND_RELOCATE,C4,D8,28104,43,6,5,1,True,[15],"[15, 24, 48, 52, 76]",False,False,True,True,True
v1__scene_lift_and_relocate_v05__L2__C4_D8__r05_s28105,scene_lift_and_relocate_v05,LIFT_AND_RELOCATE,C4,D8,28105,43,6,5,1,True,[15],"[15, 24, 48, 52, 76]",False,False,True,True,True
v1__scene_lift_and_relocate_v05__L2__C5_D4__r01_s28101,scene_lift_and_relocate_v05,LIFT_AND_RELOCATE,C5,D4,28101,43,6,5,1,True,[15],"[15, 24, 48, 52, 76]",False,False,True,True,True
v1__scene_lift_and_relocate_v05__L2__C5_D4__r02_s28102,scene_lift_and_relocate_v05,LIFT_AND_RELOCATE,C5,D4,28102,43,6,5,1,True,[15],"[15, 24, 48, 52, 76]",False,False,True,True,True
v1__scene_lift_and_relocate_v05__L2__C5_D4__r03_s28103,scene_lift_and_relocate_v05,LIFT_AND_RELOCATE,C5,D4,28103,43,6,5,1,True,[15],"[15, 24, 48, 52, 76]",False,False,True,True,True
v1__scene_lift_and_relocate_v05__L2__C5_D4__r04_s28104,scene_lift_and_relocate_v05,LIFT_AND_RELOCATE,C5,D4,28104,43,6,5,1,True,[15],"[15, 24, 48, 52, 76]",False,False,True,True,True
v1__scene_lift_and_relocate_v05__L2__C5_D4__r05_s28105,scene_lift_and_relocate_v05,LIFT_AND_RELOCATE,C5,D4,28105,43,6,5,1,True,[15],"[15, 24, 48, 52, 76]",False,False,True,True,True
v1__scene_lift_and_relocate_v05__L2__C5_D8__r01_s28101,scene_lift_and_relocate_v05,LIFT_AND_RELOCATE,C5,D8,28101,43,6,5,1,True,[15],"[15, 24, 48, 52, 76]",False,False,True,True,True
v1__scene_lift_and_relocate_v05__L2__C5_D8__r02_s28102,scene_lift_and_relocate_v05,LIFT_AND_RELOCATE,C5,D8,28102,43,6,5,1,True,[15],"[15, 24, 48, 52, 76]",False,False,True,True,True
v1__scene_lift_and_relocate_v05__L2__C5_D8__r03_s28103,scene_lift_and_relocate_v05,LIFT_AND_RELOCATE,C5,D8,28103,43,6,5,1,True,[15],"[15, 24, 48, 52, 76]",False,False,True,True,True
v1__scene_lift_and_relocate_v05__L2__C5_D8__r04_s28104,scene_lift_and_relocate_v05,LIFT_AND_RELOCATE,C5,D8,28104,43,6,5,1,True,[15],"[15, 24, 48, 52, 76]",False,False,True,True,True
v1__scene_lift_and_relocate_v05__L2__C5_D8__r05_s28105,scene_lift_and_relocate_v05,LIFT_AND_RELOCATE,C5,D8,28105,43,6,5,1,True,[15],"[15, 24, 48, 52, 76]",False,False,True,True,True
v1__scene_lift_and_relocate_v05__L2__C6_D4__r01_s28101,scene_lift_and_relocate_v05,LIFT_AND_RELOCATE,C6,D4,28101,43,6,5,1,True,[15],"[15, 24, 48, 52, 76]",False,False,True,True,True
v1__scene_lift_and_relocate_v05__L2__C6_D4__r02_s28102,scene_lift_and_relocate_v05,LIFT_AND_RELOCATE,C6,D4,28102,43,6,5,1,True,[15],"[15, 24, 48, 52, 76]",False,False,True,True,True
v1__scene_lift_and_relocate_v05__L2__C6_D4__r03_s28103,scene_lift_and_relocate_v05,LIFT_AND_RELOCATE,C6,D4,28103,43,6,5,1,True,[15],"[15, 24, 48, 52, 76]",False,False,True,True,True
v1__scene_lift_and_relocate_v05__L2__C6_D4__r04_s28104,scene_lift_and_relocate_v05,LIFT_AND_RELOCATE,C6,D4,28104,43,6,5,1,True,[15],"[15, 24, 48, 52, 76]",False,False,True,True,True
v1__scene_lift_and_relocate_v05__L2__C6_D4__r05_s28105,scene_lift_and_relocate_v05,LIFT_AND_RELOCATE,C6,D4,28105,43,6,5,1,True,[15],"[15, 24, 48, 52, 76]",False,False,True,True,True
v1__scene_lift_and_relocate_v05__L2__C6_D8__r01_s28101,scene_lift_and_relocate_v05,LIFT_AND_RELOCATE,C6,D8,28101,43,6,5,1,True,[15],"[15, 24, 48, 52, 76]",False,False,True,True,True
v1__scene_lift_and_relocate_v05__L2__C6_D8__r02_s28102,scene_lift_and_relocate_v05,LIFT_AND_RELOCATE,C6,D8,28102,43,6,5,1,True,[15],"[15, 24, 48, 52, 76]",False,False,True,True,True
v1__scene_lift_and_relocate_v05__L2__C6_D8__r03_s28103,scene_lift_and_relocate_v05,LIFT_AND_RELOCATE,C6,D8,28103,43,6,5,1,True,[15],"[15, 24, 48, 52, 76]",False,False,True,True,True
v1__scene_lift_and_relocate_v05__L2__C6_D8__r04_s28104,scene_lift_and_relocate_v05,LIFT_AND_RELOCATE,C6,D8,28104,43,6,5,1,True,[15],"[15, 24, 48, 52, 76]",False,False,True,True,True
v1__scene_lift_and_relocate_v05__L2__C6_D8__r05_s28105,scene_lift_and_relocate_v05,LIFT_AND_RELOCATE,C6,D8,28105,43,6,5,1,True,[15],"[15, 24, 48, 52, 76]",False,False,True,True,True
v1__scene_rotate_v01__L2__C0_NA__r01_s28101,scene_rotate_v01,ROTATE,C0,,28101,12,5,4,1,True,[95],"[41, 54, 88, 95]",False,False,True,True,True
v1__scene_rotate_v01__L2__C0_NA__r02_s28102,scene_rotate_v01,ROTATE,C0,,28102,12,5,4,1,True,[95],"[41, 54, 88, 95]",False,False,True,True,True
v1__scene_rotate_v01__L2__C0_NA__r03_s28103,scene_rotate_v01,ROTATE,C0,,28103,12,5,4,1,True,[95],"[41, 54, 88, 95]",False,False,True,True,True
v1__scene_rotate_v01__L2__C0_NA__r04_s28104,scene_rotate_v01,ROTATE,C0,,28104,12,5,4,1,True,[95],"[41, 54, 88, 95]",False,False,True,True,True
v1__scene_rotate_v01__L2__C0_NA__r05_s28105,scene_rotate_v01,ROTATE,C0,,28105,12,5,4,1,True,[95],"[41, 54, 88, 95]",False,False,True,True,True
v1__scene_rotate_v01__L2__C1_NA__r01_s28101,scene_rotate_v01,ROTATE,C1,,28101,12,5,4,1,True,[95],"[41, 54, 88, 95]",False,False,True,True,True
v1__scene_rotate_v01__L2__C1_NA__r02_s28102,scene_rotate_v01,ROTATE,C1,,28102,12,5,4,1,True,[95],"[41, 54, 88, 95]",False,False,True,True,True
v1__scene_rotate_v01__L2__C1_NA__r03_s28103,scene_rotate_v01,ROTATE,C1,,28103,12,5,4,1,True,[95],"[41, 54, 88, 95]",False,False,True,True,True
v1__scene_rotate_v01__L2__C1_NA__r04_s28104,scene_rotate_v01,ROTATE,C1,,28104,12,5,4,1,True,[95],"[41, 54, 88, 95]",False,False,True,True,True
v1__scene_rotate_v01__L2__C1_NA__r05_s28105,scene_rotate_v01,ROTATE,C1,,28105,12,5,4,1,True,[95],"[41, 54, 88, 95]",False,False,True,True,True
v1__scene_rotate_v01__L2__C2_D4__r01_s28101,scene_rotate_v01,ROTATE,C2,D4,28101,12,5,4,1,True,[95],"[41, 54, 88, 95]",False,False,True,True,True
v1__scene_rotate_v01__L2__C2_D4__r02_s28102,scene_rotate_v01,ROTATE,C2,D4,28102,12,5,4,1,True,[95],"[41, 54, 88, 95]",False,False,True,True,True
v1__scene_rotate_v01__L2__C2_D4__r03_s28103,scene_rotate_v01,ROTATE,C2,D4,28103,12,5,4,1,True,[95],"[41, 54, 88, 95]",False,False,True,True,True
v1__scene_rotate_v01__L2__C2_D4__r04_s28104,scene_rotate_v01,ROTATE,C2,D4,28104,12,5,4,1,True,[95],"[41, 54, 88, 95]",False,False,True,True,True
v1__scene_rotate_v01__L2__C2_D4__r05_s28105,scene_rotate_v01,ROTATE,C2,D4,28105,12,5,4,1,True,[95],"[41, 54, 88, 95]",False,False,True,True,True
v1__scene_rotate_v01__L2__C2_D8__r01_s28101,scene_rotate_v01,ROTATE,C2,D8,28101,12,5,4,1,True,[95],"[41, 54, 88, 95]",False,False,True,True,True
v1__scene_rotate_v01__L2__C2_D8__r02_s28102,scene_rotate_v01,ROTATE,C2,D8,28102,12,5,4,1,True,[95],"[41, 54, 88, 95]",False,False,True,True,True
v1__scene_rotate_v01__L2__C2_D8__r03_s28103,scene_rotate_v01,ROTATE,C2,D8,28103,12,5,4,1,True,[95],"[41, 54, 88, 95]",False,False,True,True,True
v1__scene_rotate_v01__L2__C2_D8__r04_s28104,scene_rotate_v01,ROTATE,C2,D8,28104,12,5,4,1,True,[95],"[41, 54, 88, 95]",False,False,True,True,True
v1__scene_rotate_v01__L2__C2_D8__r05_s28105,scene_rotate_v01,ROTATE,C2,D8,28105,12,5,4,1,True,[95],"[41, 54, 88, 95]",False,False,True,True,True
v1__scene_rotate_v01__L2__C3_D4__r01_s28101,scene_rotate_v01,ROTATE,C3,D4,28101,12,5,4,1,True,[95],"[41, 54, 88, 95]",False,False,True,True,True
v1__scene_rotate_v01__L2__C3_D4__r02_s28102,scene_rotate_v01,ROTATE,C3,D4,28102,12,5,4,1,True,[95],"[41, 54]",False,False,True,True,True
v1__scene_rotate_v01__L2__C3_D4__r03_s28103,scene_rotate_v01,ROTATE,C3,D4,28103,12,5,4,1,True,[95],"[41, 54, 88, 95]",False,False,True,True,True
v1__scene_rotate_v01__L2__C3_D4__r04_s28104,scene_rotate_v01,ROTATE,C3,D4,28104,12,5,4,1,True,[95],"[41, 54, 88, 95]",False,False,True,True,True
v1__scene_rotate_v01__L2__C3_D4__r05_s28105,scene_rotate_v01,ROTATE,C3,D4,28105,12,5,4,1,True,[95],"[41, 54, 88, 95]",False,False,True,True,True
v1__scene_rotate_v01__L2__C3_D8__r01_s28101,scene_rotate_v01,ROTATE,C3,D8,28101,12,5,4,1,True,[95],"[41, 54, 88, 95]",False,False,True,True,True
v1__scene_rotate_v01__L2__C3_D8__r02_s28102,scene_rotate_v01,ROTATE,C3,D8,28102,12,5,4,1,True,[95],"[41, 54, 88, 95]",False,False,True,True,True
v1__scene_rotate_v01__L2__C3_D8__r03_s28103,scene_rotate_v01,ROTATE,C3,D8,28103,12,5,4,1,True,[95],"[41, 54, 88, 95]",False,False,True,True,True
v1__scene_rotate_v01__L2__C3_D8__r04_s28104,scene_rotate_v01,ROTATE,C3,D8,28104,12,5,4,1,True,[95],"[41, 54, 88, 95]",False,False,True,True,True
v1__scene_rotate_v01__L2__C3_D8__r05_s28105,scene_rotate_v01,ROTATE,C3,D8,28105,12,5,4,1,True,[95],"[41, 54, 88, 95]",False,False,True,True,True
v1__scene_rotate_v01__L2__C4_D4__r01_s28101,scene_rotate_v01,ROTATE,C4,D4,28101,12,5,4,1,True,[95],"[41, 54, 88, 95]",False,False,True,True,True
v1__scene_rotate_v01__L2__C4_D4__r02_s28102,scene_rotate_v01,ROTATE,C4,D4,28102,12,5,4,1,True,[95],"[41, 54, 88, 95]",False,False,True,True,True
v1__scene_rotate_v01__L2__C4_D4__r03_s28103,scene_rotate_v01,ROTATE,C4,D4,28103,12,5,4,1,True,[95],"[41, 54, 88, 95]",False,False,True,True,True
v1__scene_rotate_v01__L2__C4_D4__r04_s28104,scene_rotate_v01,ROTATE,C4,D4,28104,12,5,4,1,True,[95],"[41, 54, 88, 95]",False,False,True,True,True
v1__scene_rotate_v01__L2__C4_D4__r05_s28105,scene_rotate_v01,ROTATE,C4,D4,28105,12,5,4,1,True,[95],"[41, 54, 88, 95]",False,False,True,True,True
v1__scene_rotate_v01__L2__C4_D8__r01_s28101,scene_rotate_v01,ROTATE,C4,D8,28101,12,5,4,1,True,[95],"[41, 54, 88, 95]",False,False,True,True,True
v1__scene_rotate_v01__L2__C4_D8__r02_s28102,scene_rotate_v01,ROTATE,C4,D8,28102,12,5,4,1,True,[95],"[41, 54, 88, 95]",False,False,True,True,True
v1__scene_rotate_v01__L2__C4_D8__r03_s28103,scene_rotate_v01,ROTATE,C4,D8,28103,12,5,4,1,True,[95],"[41, 54, 88, 95]",False,False,True,True,True
v1__scene_rotate_v01__L2__C4_D8__r04_s28104,scene_rotate_v01,ROTATE,C4,D8,28104,12,5,4,1,True,[95],"[41, 54, 88, 95]",False,False,True,True,True
v1__scene_rotate_v01__L2__C4_D8__r05_s28105,scene_rotate_v01,ROTATE,C4,D8,28105,12,5,4,1,True,[95],"[41, 54, 88, 95]",False,False,True,True,True
v1__scene_rotate_v01__L2__C5_D4__r01_s28101,scene_rotate_v01,ROTATE,C5,D4,28101,12,5,4,1,True,[95],"[41, 54, 88, 95]",False,False,True,True,True
v1__scene_rotate_v01__L2__C5_D4__r02_s28102,scene_rotate_v01,ROTATE,C5,D4,28102,12,5,4,1,True,[95],"[41, 54, 88, 95]",False,False,True,True,True
v1__scene_rotate_v01__L2__C5_D4__r03_s28103,scene_rotate_v01,ROTATE,C5,D4,28103,12,5,4,1,True,[95],"[41, 54, 88, 95]",False,False,True,True,True
v1__scene_rotate_v01__L2__C5_D4__r04_s28104,scene_rotate_v01,ROTATE,C5,D4,28104,12,5,4,1,True,[95],"[41, 54, 88, 95]",False,False,True,True,True
v1__scene_rotate_v01__L2__C5_D4__r05_s28105,scene_rotate_v01,ROTATE,C5,D4,28105,12,5,4,1,True,[95],"[41, 54, 88, 95]",False,False,True,True,True
v1__scene_rotate_v01__L2__C5_D8__r01_s28101,scene_rotate_v01,ROTATE,C5,D8,28101,12,5,4,1,True,[95],"[41, 54, 88, 95]",False,False,True,True,True
v1__scene_rotate_v01__L2__C5_D8__r02_s28102,scene_rotate_v01,ROTATE,C5,D8,28102,12,5,4,1,True,[95],"[41, 54, 88, 95]",False,False,True,True,True
v1__scene_rotate_v01__L2__C5_D8__r03_s28103,scene_rotate_v01,ROTATE,C5,D8,28103,12,5,4,1,True,[95],"[41, 54, 88, 95]",False,False,True,True,True
v1__scene_rotate_v01__L2__C5_D8__r04_s28104,scene_rotate_v01,ROTATE,C5,D8,28104,12,5,4,1,True,[95],"[41, 54, 88, 95]",False,False,True,True,True
v1__scene_rotate_v01__L2__C5_D8__r05_s28105,scene_rotate_v01,ROTATE,C5,D8,28105,12,5,4,1,True,[95],"[41, 54, 88, 95]",False,False,True,True,True
v1__scene_rotate_v01__L2__C6_D4__r01_s28101,scene_rotate_v01,ROTATE,C6,D4,28101,12,5,4,1,True,[95],"[41, 54, 88, 95]",False,False,True,True,True
v1__scene_rotate_v01__L2__C6_D4__r02_s28102,scene_rotate_v01,ROTATE,C6,D4,28102,12,5,4,1,True,[95],"[41, 54, 88, 95]",False,False,True,True,True
v1__scene_rotate_v01__L2__C6_D4__r03_s28103,scene_rotate_v01,ROTATE,C6,D4,28103,12,5,4,1,True,[95],"[41, 54, 88, 95]",False,False,True,True,True
v1__scene_rotate_v01__L2__C6_D4__r04_s28104,scene_rotate_v01,ROTATE,C6,D4,28104,12,5,4,1,True,[95],"[41, 54, 88, 95]",False,False,True,True,True
v1__scene_rotate_v01__L2__C6_D4__r05_s28105,scene_rotate_v01,ROTATE,C6,D4,28105,12,5,4,1,True,[95],"[41, 54, 88, 95]",False,False,True,True,True
v1__scene_rotate_v01__L2__C6_D8__r01_s28101,scene_rotate_v01,ROTATE,C6,D8,28101,12,5,4,1,True,[95],"[41, 54, 88, 95]",False,False,True,True,True
v1__scene_rotate_v01__L2__C6_D8__r02_s28102,scene_rotate_v01,ROTATE,C6,D8,28102,12,5,4,1,True,[95],"[41, 54, 88, 95]",False,False,True,True,True
v1__scene_rotate_v01__L2__C6_D8__r03_s28103,scene_rotate_v01,ROTATE,C6,D8,28103,12,5,4,1,True,[95],"[41, 54, 88, 95]",False,False,True,True,True
v1__scene_rotate_v01__L2__C6_D8__r04_s28104,scene_rotate_v01,ROTATE,C6,D8,28104,12,5,4,1,True,[95],"[41, 54, 88, 95]",False,False,True,True,True
v1__scene_rotate_v01__L2__C6_D8__r05_s28105,scene_rotate_v01,ROTATE,C6,D8,28105,12,5,4,1,True,[95],"[41, 54, 88, 95]",False,False,True,True,True
v1__scene_rotate_v02__L2__C0_NA__r01_s28101,scene_rotate_v02,ROTATE,C0,,28101,38,5,4,4,True,[50],[50],True,True,True,True,True
v1__scene_rotate_v02__L2__C0_NA__r02_s28102,scene_rotate_v02,ROTATE,C0,,28102,38,5,4,4,True,[50],[50],True,True,True,True,True
v1__scene_rotate_v02__L2__C0_NA__r03_s28103,scene_rotate_v02,ROTATE,C0,,28103,38,5,4,4,True,[50],[50],True,True,True,True,True
v1__scene_rotate_v02__L2__C0_NA__r04_s28104,scene_rotate_v02,ROTATE,C0,,28104,38,5,4,1,True,[50],"[29, 44, 50, 74]",False,False,True,True,True
v1__scene_rotate_v02__L2__C0_NA__r05_s28105,scene_rotate_v02,ROTATE,C0,,28105,38,5,4,4,True,[50],[50],True,True,True,True,True
v1__scene_rotate_v02__L2__C1_NA__r01_s28101,scene_rotate_v02,ROTATE,C1,,28101,38,5,4,3,True,[50],[],False,False,True,False,False
v1__scene_rotate_v02__L2__C1_NA__r02_s28102,scene_rotate_v02,ROTATE,C1,,28102,38,5,4,3,True,[50],[],False,False,True,False,False
v1__scene_rotate_v02__L2__C1_NA__r03_s28103,scene_rotate_v02,ROTATE,C1,,28103,38,5,4,3,True,[50],[],False,False,True,False,False
v1__scene_rotate_v02__L2__C1_NA__r04_s28104,scene_rotate_v02,ROTATE,C1,,28104,38,5,4,3,True,[50],[],False,False,True,False,False
v1__scene_rotate_v02__L2__C1_NA__r05_s28105,scene_rotate_v02,ROTATE,C1,,28105,38,5,4,3,True,[50],[],False,False,True,False,False
v1__scene_rotate_v02__L2__C2_D4__r01_s28101,scene_rotate_v02,ROTATE,C2,D4,28101,38,5,4,1,True,[50],"[29, 44, 50, 74]",False,False,True,True,True
v1__scene_rotate_v02__L2__C2_D4__r02_s28102,scene_rotate_v02,ROTATE,C2,D4,28102,38,5,4,1,True,[50],"[29, 44, 50, 74]",False,False,True,True,True
v1__scene_rotate_v02__L2__C2_D4__r03_s28103,scene_rotate_v02,ROTATE,C2,D4,28103,38,5,4,1,True,[50],"[29, 44, 50, 74]",False,False,True,True,True
v1__scene_rotate_v02__L2__C2_D4__r04_s28104,scene_rotate_v02,ROTATE,C2,D4,28104,38,5,4,1,True,[50],"[29, 44, 50, 74]",False,False,True,True,True
v1__scene_rotate_v02__L2__C2_D4__r05_s28105,scene_rotate_v02,ROTATE,C2,D4,28105,38,5,4,1,True,[50],"[29, 44, 50, 74]",False,False,True,True,True
v1__scene_rotate_v02__L2__C2_D8__r01_s28101,scene_rotate_v02,ROTATE,C2,D8,28101,38,5,4,3,True,[50],"[29, 50]",False,False,True,True,True
v1__scene_rotate_v02__L2__C2_D8__r02_s28102,scene_rotate_v02,ROTATE,C2,D8,28102,38,5,4,1,True,[50],"[29, 44, 50, 74]",False,False,True,True,True
v1__scene_rotate_v02__L2__C2_D8__r03_s28103,scene_rotate_v02,ROTATE,C2,D8,28103,38,5,4,3,True,[50],"[29, 50]",False,False,True,True,True
v1__scene_rotate_v02__L2__C2_D8__r04_s28104,scene_rotate_v02,ROTATE,C2,D8,28104,38,5,4,3,True,[50],"[29, 50]",False,False,True,True,True
v1__scene_rotate_v02__L2__C2_D8__r05_s28105,scene_rotate_v02,ROTATE,C2,D8,28105,38,5,4,1,True,[50],"[29, 44, 50, 74]",False,False,True,True,True
v1__scene_rotate_v02__L2__C3_D4__r01_s28101,scene_rotate_v02,ROTATE,C3,D4,28101,38,5,4,2,True,[50],"[29, 44, 50]",False,False,True,True,True
v1__scene_rotate_v02__L2__C3_D4__r02_s28102,scene_rotate_v02,ROTATE,C3,D4,28102,38,5,4,3,True,[50],[],False,False,True,False,False
v1__scene_rotate_v02__L2__C3_D4__r03_s28103,scene_rotate_v02,ROTATE,C3,D4,28103,38,5,4,2,True,[50],"[29, 44, 50]",False,False,True,True,True
v1__scene_rotate_v02__L2__C3_D4__r04_s28104,scene_rotate_v02,ROTATE,C3,D4,28104,38,5,4,2,True,[50],"[29, 44, 50]",False,False,True,True,True
v1__scene_rotate_v02__L2__C3_D4__r05_s28105,scene_rotate_v02,ROTATE,C3,D4,28105,38,5,4,3,True,[50],[],False,False,True,False,False
v1__scene_rotate_v02__L2__C3_D8__r01_s28101,scene_rotate_v02,ROTATE,C3,D8,28101,38,5,4,3,True,[50],[],False,False,True,False,False
v1__scene_rotate_v02__L2__C3_D8__r02_s28102,scene_rotate_v02,ROTATE,C3,D8,28102,38,5,4,3,True,[50],[],False,False,True,False,False
v1__scene_rotate_v02__L2__C3_D8__r03_s28103,scene_rotate_v02,ROTATE,C3,D8,28103,38,5,4,4,True,[50],[50],True,True,True,True,True
v1__scene_rotate_v02__L2__C3_D8__r04_s28104,scene_rotate_v02,ROTATE,C3,D8,28104,38,5,4,3,True,[50],[],False,False,True,False,False
v1__scene_rotate_v02__L2__C3_D8__r05_s28105,scene_rotate_v02,ROTATE,C3,D8,28105,38,5,4,3,True,[50],[],False,False,True,False,False
v1__scene_rotate_v02__L2__C4_D4__r01_s28101,scene_rotate_v02,ROTATE,C4,D4,28101,38,5,4,2,True,[50],"[29, 44, 50]",False,False,True,True,True
v1__scene_rotate_v02__L2__C4_D4__r02_s28102,scene_rotate_v02,ROTATE,C4,D4,28102,38,5,4,1,True,[50],"[29, 44, 50, 74]",False,False,True,True,True
v1__scene_rotate_v02__L2__C4_D4__r03_s28103,scene_rotate_v02,ROTATE,C4,D4,28103,38,5,4,2,True,[50],"[29, 44, 50]",False,False,True,True,True
v1__scene_rotate_v02__L2__C4_D4__r04_s28104,scene_rotate_v02,ROTATE,C4,D4,28104,38,5,4,2,True,[50],"[29, 44, 50]",False,False,True,True,True
v1__scene_rotate_v02__L2__C4_D4__r05_s28105,scene_rotate_v02,ROTATE,C4,D4,28105,38,5,4,2,True,[50],"[29, 44, 50]",False,False,True,True,True
v1__scene_rotate_v02__L2__C4_D8__r01_s28101,scene_rotate_v02,ROTATE,C4,D8,28101,38,5,4,1,True,[50],"[29, 44, 50, 74]",False,False,True,True,True
v1__scene_rotate_v02__L2__C4_D8__r02_s28102,scene_rotate_v02,ROTATE,C4,D8,28102,38,5,4,1,True,[50],"[29, 44, 50, 74]",False,False,True,True,True
v1__scene_rotate_v02__L2__C4_D8__r03_s28103,scene_rotate_v02,ROTATE,C4,D8,28103,38,5,4,1,True,[50],"[29, 44, 50, 74]",False,False,True,True,True
v1__scene_rotate_v02__L2__C4_D8__r04_s28104,scene_rotate_v02,ROTATE,C4,D8,28104,38,5,4,1,True,[50],"[29, 44, 50, 74]",False,False,True,True,True
v1__scene_rotate_v02__L2__C4_D8__r05_s28105,scene_rotate_v02,ROTATE,C4,D8,28105,38,5,4,1,True,[50],"[29, 44, 50, 74]",False,False,True,True,True
v1__scene_rotate_v02__L2__C5_D4__r01_s28101,scene_rotate_v02,ROTATE,C5,D4,28101,38,5,4,3,True,[50],[],False,False,True,False,False
v1__scene_rotate_v02__L2__C5_D4__r02_s28102,scene_rotate_v02,ROTATE,C5,D4,28102,38,5,4,3,True,[50],[],False,False,True,False,False
v1__scene_rotate_v02__L2__C5_D4__r03_s28103,scene_rotate_v02,ROTATE,C5,D4,28103,38,5,4,4,True,[50],[50],True,True,True,True,True
v1__scene_rotate_v02__L2__C5_D4__r04_s28104,scene_rotate_v02,ROTATE,C5,D4,28104,38,5,4,3,True,[50],[],False,False,True,False,False
v1__scene_rotate_v02__L2__C5_D4__r05_s28105,scene_rotate_v02,ROTATE,C5,D4,28105,38,5,4,3,True,[50],[],False,False,True,False,False
v1__scene_rotate_v02__L2__C5_D8__r01_s28101,scene_rotate_v02,ROTATE,C5,D8,28101,38,5,4,4,True,[50],[50],True,True,True,True,True
v1__scene_rotate_v02__L2__C5_D8__r02_s28102,scene_rotate_v02,ROTATE,C5,D8,28102,38,5,4,4,True,[50],[50],True,True,True,True,True
v1__scene_rotate_v02__L2__C5_D8__r03_s28103,scene_rotate_v02,ROTATE,C5,D8,28103,38,5,4,4,True,[50],[50],True,True,True,True,True
v1__scene_rotate_v02__L2__C5_D8__r04_s28104,scene_rotate_v02,ROTATE,C5,D8,28104,38,5,4,4,True,[50],[50],True,True,True,True,True
v1__scene_rotate_v02__L2__C5_D8__r05_s28105,scene_rotate_v02,ROTATE,C5,D8,28105,38,5,4,4,True,[50],[50],True,True,True,True,True
v1__scene_rotate_v02__L2__C6_D4__r01_s28101,scene_rotate_v02,ROTATE,C6,D4,28101,38,5,4,3,True,[50],[],False,False,True,False,False
v1__scene_rotate_v02__L2__C6_D4__r02_s28102,scene_rotate_v02,ROTATE,C6,D4,28102,38,5,4,4,True,[50],[50],True,True,True,True,True
v1__scene_rotate_v02__L2__C6_D4__r03_s28103,scene_rotate_v02,ROTATE,C6,D4,28103,38,5,4,3,True,[50],[],False,False,True,False,False
v1__scene_rotate_v02__L2__C6_D4__r04_s28104,scene_rotate_v02,ROTATE,C6,D4,28104,38,5,4,1,True,[50],"[29, 44, 50, 74]",False,False,True,True,True
v1__scene_rotate_v02__L2__C6_D4__r05_s28105,scene_rotate_v02,ROTATE,C6,D4,28105,38,5,4,2,True,[50],"[29, 44, 50]",False,False,True,True,True
v1__scene_rotate_v02__L2__C6_D8__r01_s28101,scene_rotate_v02,ROTATE,C6,D8,28101,38,5,4,4,True,[50],[50],True,True,True,True,True
v1__scene_rotate_v02__L2__C6_D8__r02_s28102,scene_rotate_v02,ROTATE,C6,D8,28102,38,5,4,3,True,[50],[],False,False,True,False,False
v1__scene_rotate_v02__L2__C6_D8__r03_s28103,scene_rotate_v02,ROTATE,C6,D8,28103,38,5,4,3,True,[50],[],False,False,True,False,False
v1__scene_rotate_v02__L2__C6_D8__r04_s28104,scene_rotate_v02,ROTATE,C6,D8,28104,38,5,4,4,True,[50],[50],True,True,True,True,True
v1__scene_rotate_v02__L2__C6_D8__r05_s28105,scene_rotate_v02,ROTATE,C6,D8,28105,38,5,4,4,True,[50],[50],True,True,True,True,True
v1__scene_rotate_v03__L2__C0_NA__r01_s28101,scene_rotate_v03,ROTATE,C0,,28101,83,5,4,2,True,[19],"[11, 19, 23]",False,False,True,True,True
v1__scene_rotate_v03__L2__C0_NA__r02_s28102,scene_rotate_v03,ROTATE,C0,,28102,83,5,4,2,True,[19],"[11, 19, 23]",False,False,True,True,True
v1__scene_rotate_v03__L2__C0_NA__r03_s28103,scene_rotate_v03,ROTATE,C0,,28103,83,5,4,2,True,[19],"[11, 19, 23]",False,False,True,True,True
v1__scene_rotate_v03__L2__C0_NA__r04_s28104,scene_rotate_v03,ROTATE,C0,,28104,83,5,4,2,True,[19],"[11, 19, 23]",False,False,True,True,True
v1__scene_rotate_v03__L2__C0_NA__r05_s28105,scene_rotate_v03,ROTATE,C0,,28105,83,5,4,1,True,[19],"[11, 19, 23, 41]",False,False,True,True,True
v1__scene_rotate_v03__L2__C1_NA__r01_s28101,scene_rotate_v03,ROTATE,C1,,28101,83,5,4,1,True,[19],"[11, 19, 23, 41]",False,False,True,True,True
v1__scene_rotate_v03__L2__C1_NA__r02_s28102,scene_rotate_v03,ROTATE,C1,,28102,83,5,4,1,True,[19],"[11, 19, 23, 41]",False,False,True,True,True
v1__scene_rotate_v03__L2__C1_NA__r03_s28103,scene_rotate_v03,ROTATE,C1,,28103,83,5,4,1,True,[19],"[11, 19, 23, 41]",False,False,True,True,True
v1__scene_rotate_v03__L2__C1_NA__r04_s28104,scene_rotate_v03,ROTATE,C1,,28104,83,5,4,1,True,[19],"[11, 19, 23, 41]",False,False,True,True,True
v1__scene_rotate_v03__L2__C1_NA__r05_s28105,scene_rotate_v03,ROTATE,C1,,28105,83,5,4,1,True,[19],"[11, 19, 23, 41]",False,False,True,True,True
v1__scene_rotate_v03__L2__C2_D4__r01_s28101,scene_rotate_v03,ROTATE,C2,D4,28101,83,5,4,1,True,[19],"[11, 19, 23, 41]",False,False,True,True,True
v1__scene_rotate_v03__L2__C2_D4__r02_s28102,scene_rotate_v03,ROTATE,C2,D4,28102,83,5,4,1,True,[19],"[11, 19, 23, 41]",False,False,True,True,True
v1__scene_rotate_v03__L2__C2_D4__r03_s28103,scene_rotate_v03,ROTATE,C2,D4,28103,83,5,4,1,True,[19],"[11, 19, 23, 41]",False,False,True,True,True
v1__scene_rotate_v03__L2__C2_D4__r04_s28104,scene_rotate_v03,ROTATE,C2,D4,28104,83,5,4,1,True,[19],"[11, 19, 23, 41]",False,False,True,True,True
v1__scene_rotate_v03__L2__C2_D4__r05_s28105,scene_rotate_v03,ROTATE,C2,D4,28105,83,5,4,1,True,[19],"[11, 19, 23, 41]",False,False,True,True,True
v1__scene_rotate_v03__L2__C2_D8__r01_s28101,scene_rotate_v03,ROTATE,C2,D8,28101,83,5,4,3,True,[19],[],False,False,True,False,False
v1__scene_rotate_v03__L2__C2_D8__r02_s28102,scene_rotate_v03,ROTATE,C2,D8,28102,83,5,4,1,True,[19],"[11, 19, 23, 41]",False,False,True,True,True
v1__scene_rotate_v03__L2__C2_D8__r03_s28103,scene_rotate_v03,ROTATE,C2,D8,28103,83,5,4,1,True,[19],"[11, 19, 23, 41]",False,False,True,True,True
v1__scene_rotate_v03__L2__C2_D8__r04_s28104,scene_rotate_v03,ROTATE,C2,D8,28104,83,5,4,1,True,[19],"[11, 19, 23, 41]",False,False,True,True,True
v1__scene_rotate_v03__L2__C2_D8__r05_s28105,scene_rotate_v03,ROTATE,C2,D8,28105,83,5,4,1,True,[19],"[11, 19, 23, 41]",False,False,True,True,True
v1__scene_rotate_v03__L2__C3_D4__r01_s28101,scene_rotate_v03,ROTATE,C3,D4,28101,83,5,4,3,True,[19],[],False,False,True,False,False
v1__scene_rotate_v03__L2__C3_D4__r02_s28102,scene_rotate_v03,ROTATE,C3,D4,28102,83,5,4,3,True,[19],[],False,False,True,False,False
v1__scene_rotate_v03__L2__C3_D4__r03_s28103,scene_rotate_v03,ROTATE,C3,D4,28103,83,5,4,3,True,[19],[],False,False,True,False,False
v1__scene_rotate_v03__L2__C3_D4__r04_s28104,scene_rotate_v03,ROTATE,C3,D4,28104,83,5,4,3,True,[19],[],False,False,True,False,False
v1__scene_rotate_v03__L2__C3_D4__r05_s28105,scene_rotate_v03,ROTATE,C3,D4,28105,83,5,4,3,True,[19],[],False,False,True,False,False
v1__scene_rotate_v03__L2__C3_D8__r01_s28101,scene_rotate_v03,ROTATE,C3,D8,28101,83,5,4,3,True,[19],[],False,False,True,False,False
v1__scene_rotate_v03__L2__C3_D8__r02_s28102,scene_rotate_v03,ROTATE,C3,D8,28102,83,5,4,3,True,[19],[],False,False,True,False,False
v1__scene_rotate_v03__L2__C3_D8__r03_s28103,scene_rotate_v03,ROTATE,C3,D8,28103,83,5,4,4,True,[19],[19],True,True,True,True,True
v1__scene_rotate_v03__L2__C3_D8__r04_s28104,scene_rotate_v03,ROTATE,C3,D8,28104,83,5,4,4,True,[19],[19],True,True,True,True,True
v1__scene_rotate_v03__L2__C3_D8__r05_s28105,scene_rotate_v03,ROTATE,C3,D8,28105,83,5,4,3,True,[19],[],False,False,True,False,False
v1__scene_rotate_v03__L2__C4_D4__r01_s28101,scene_rotate_v03,ROTATE,C4,D4,28101,83,5,4,3,True,[19],[],False,False,True,False,False
v1__scene_rotate_v03__L2__C4_D4__r02_s28102,scene_rotate_v03,ROTATE,C4,D4,28102,83,5,4,3,True,[19],[],False,False,True,False,False
v1__scene_rotate_v03__L2__C4_D4__r03_s28103,scene_rotate_v03,ROTATE,C4,D4,28103,83,5,4,3,True,[19],[],False,False,True,False,False
v1__scene_rotate_v03__L2__C4_D4__r04_s28104,scene_rotate_v03,ROTATE,C4,D4,28104,83,5,4,3,True,[19],[],False,False,True,False,False
v1__scene_rotate_v03__L2__C4_D4__r05_s28105,scene_rotate_v03,ROTATE,C4,D4,28105,83,5,4,3,True,[19],[],False,False,True,False,False
v1__scene_rotate_v03__L2__C4_D8__r01_s28101,scene_rotate_v03,ROTATE,C4,D8,28101,83,5,4,4,True,[19],[19],True,True,True,True,True
v1__scene_rotate_v03__L2__C4_D8__r02_s28102,scene_rotate_v03,ROTATE,C4,D8,28102,83,5,4,1,True,[19],"[11, 19, 23, 41]",False,False,True,True,True
v1__scene_rotate_v03__L2__C4_D8__r03_s28103,scene_rotate_v03,ROTATE,C4,D8,28103,83,5,4,3,True,[19],[],False,False,True,False,False
v1__scene_rotate_v03__L2__C4_D8__r04_s28104,scene_rotate_v03,ROTATE,C4,D8,28104,83,5,4,1,True,[19],"[11, 19, 23, 41]",False,False,True,True,True
v1__scene_rotate_v03__L2__C4_D8__r05_s28105,scene_rotate_v03,ROTATE,C4,D8,28105,83,5,4,1,True,[19],"[11, 19, 23, 41]",False,False,True,True,True
v1__scene_rotate_v03__L2__C5_D4__r01_s28101,scene_rotate_v03,ROTATE,C5,D4,28101,83,5,4,3,True,[19],[],False,False,True,False,False
v1__scene_rotate_v03__L2__C5_D4__r02_s28102,scene_rotate_v03,ROTATE,C5,D4,28102,83,5,4,3,True,[19],[],False,False,True,False,False
v1__scene_rotate_v03__L2__C5_D4__r03_s28103,scene_rotate_v03,ROTATE,C5,D4,28103,83,5,4,3,True,[19],[],False,False,True,False,False
v1__scene_rotate_v03__L2__C5_D4__r04_s28104,scene_rotate_v03,ROTATE,C5,D4,28104,83,5,4,3,True,[19],[],False,False,True,False,False
v1__scene_rotate_v03__L2__C5_D4__r05_s28105,scene_rotate_v03,ROTATE,C5,D4,28105,83,5,4,3,True,[19],[],False,False,True,False,False
v1__scene_rotate_v03__L2__C5_D8__r01_s28101,scene_rotate_v03,ROTATE,C5,D8,28101,83,5,4,4,True,[19],[19],True,True,True,True,True
v1__scene_rotate_v03__L2__C5_D8__r02_s28102,scene_rotate_v03,ROTATE,C5,D8,28102,83,5,4,4,True,[19],[19],True,True,True,True,True
v1__scene_rotate_v03__L2__C5_D8__r03_s28103,scene_rotate_v03,ROTATE,C5,D8,28103,83,5,4,3,True,[19],[],False,False,True,False,False
v1__scene_rotate_v03__L2__C5_D8__r04_s28104,scene_rotate_v03,ROTATE,C5,D8,28104,83,5,4,4,True,[19],[19],True,True,True,True,True
v1__scene_rotate_v03__L2__C5_D8__r05_s28105,scene_rotate_v03,ROTATE,C5,D8,28105,83,5,4,3,True,[19],[],False,False,True,False,False
v1__scene_rotate_v03__L2__C6_D4__r01_s28101,scene_rotate_v03,ROTATE,C6,D4,28101,83,5,4,4,True,[19],[19],True,True,True,True,True
v1__scene_rotate_v03__L2__C6_D4__r02_s28102,scene_rotate_v03,ROTATE,C6,D4,28102,83,5,4,4,True,[19],[19],True,True,True,True,True
v1__scene_rotate_v03__L2__C6_D4__r03_s28103,scene_rotate_v03,ROTATE,C6,D4,28103,83,5,4,4,True,[19],[19],True,True,True,True,True
v1__scene_rotate_v03__L2__C6_D4__r04_s28104,scene_rotate_v03,ROTATE,C6,D4,28104,83,5,4,4,True,[19],[19],True,True,True,True,True
v1__scene_rotate_v03__L2__C6_D4__r05_s28105,scene_rotate_v03,ROTATE,C6,D4,28105,83,5,4,4,True,[19],[19],True,True,True,True,True
v1__scene_rotate_v03__L2__C6_D8__r01_s28101,scene_rotate_v03,ROTATE,C6,D8,28101,83,5,4,4,True,[19],[19],True,True,True,True,True
v1__scene_rotate_v03__L2__C6_D8__r02_s28102,scene_rotate_v03,ROTATE,C6,D8,28102,83,5,4,4,True,[19],[19],True,True,True,True,True
v1__scene_rotate_v03__L2__C6_D8__r03_s28103,scene_rotate_v03,ROTATE,C6,D8,28103,83,5,4,4,True,[19],[19],True,True,True,True,True
v1__scene_rotate_v03__L2__C6_D8__r04_s28104,scene_rotate_v03,ROTATE,C6,D8,28104,83,5,4,4,True,[19],[19],True,True,True,True,True
v1__scene_rotate_v03__L2__C6_D8__r05_s28105,scene_rotate_v03,ROTATE,C6,D8,28105,83,5,4,4,True,[19],[19],True,True,True,True,True
v1__scene_rotate_v04__L2__C0_NA__r01_s28101,scene_rotate_v04,ROTATE,C0,,28101,47,5,4,3,True,[95],[],False,False,True,False,False
v1__scene_rotate_v04__L2__C0_NA__r02_s28102,scene_rotate_v04,ROTATE,C0,,28102,47,5,4,3,True,[95],[],False,False,True,False,False
v1__scene_rotate_v04__L2__C0_NA__r03_s28103,scene_rotate_v04,ROTATE,C0,,28103,47,5,4,3,True,[95],[],False,False,True,False,False
v1__scene_rotate_v04__L2__C0_NA__r04_s28104,scene_rotate_v04,ROTATE,C0,,28104,47,5,4,3,True,[95],[],False,False,True,False,False
v1__scene_rotate_v04__L2__C0_NA__r05_s28105,scene_rotate_v04,ROTATE,C0,,28105,47,5,4,3,True,[95],[],False,False,True,False,False
v1__scene_rotate_v04__L2__C1_NA__r01_s28101,scene_rotate_v04,ROTATE,C1,,28101,47,5,4,3,True,[95],[],False,False,True,False,False
v1__scene_rotate_v04__L2__C1_NA__r02_s28102,scene_rotate_v04,ROTATE,C1,,28102,47,5,4,3,True,[95],[],False,False,True,False,False
v1__scene_rotate_v04__L2__C1_NA__r03_s28103,scene_rotate_v04,ROTATE,C1,,28103,47,5,4,3,True,[95],[],False,False,True,False,False
v1__scene_rotate_v04__L2__C1_NA__r04_s28104,scene_rotate_v04,ROTATE,C1,,28104,47,5,4,1,True,[95],"[25, 29]",False,False,True,True,True
v1__scene_rotate_v04__L2__C1_NA__r05_s28105,scene_rotate_v04,ROTATE,C1,,28105,47,5,4,1,True,[95],"[25, 29]",False,False,True,True,True
v1__scene_rotate_v04__L2__C2_D4__r01_s28101,scene_rotate_v04,ROTATE,C2,D4,28101,47,5,4,1,True,[95],"[25, 29, 53, 95]",False,False,True,True,True
v1__scene_rotate_v04__L2__C2_D4__r02_s28102,scene_rotate_v04,ROTATE,C2,D4,28102,47,5,4,3,True,[95],[],False,False,True,False,False
v1__scene_rotate_v04__L2__C2_D4__r03_s28103,scene_rotate_v04,ROTATE,C2,D4,28103,47,5,4,1,True,[95],"[25, 29, 53, 95]",False,False,True,True,True
v1__scene_rotate_v04__L2__C2_D4__r04_s28104,scene_rotate_v04,ROTATE,C2,D4,28104,47,5,4,1,True,[95],"[25, 29, 53, 95]",False,False,True,True,True
v1__scene_rotate_v04__L2__C2_D4__r05_s28105,scene_rotate_v04,ROTATE,C2,D4,28105,47,5,4,1,True,[95],"[25, 29, 53, 95]",False,False,True,True,True
v1__scene_rotate_v04__L2__C2_D8__r01_s28101,scene_rotate_v04,ROTATE,C2,D8,28101,47,5,4,1,True,[95],"[25, 29, 53, 95]",False,False,True,True,True
v1__scene_rotate_v04__L2__C2_D8__r02_s28102,scene_rotate_v04,ROTATE,C2,D8,28102,47,5,4,1,True,[95],"[25, 29, 53, 95]",False,False,True,True,True
v1__scene_rotate_v04__L2__C2_D8__r03_s28103,scene_rotate_v04,ROTATE,C2,D8,28103,47,5,4,1,True,[95],"[25, 29, 53, 95]",False,False,True,True,True
v1__scene_rotate_v04__L2__C2_D8__r04_s28104,scene_rotate_v04,ROTATE,C2,D8,28104,47,5,4,1,True,[95],"[25, 29, 53, 95]",False,False,True,True,True
v1__scene_rotate_v04__L2__C2_D8__r05_s28105,scene_rotate_v04,ROTATE,C2,D8,28105,47,5,4,1,True,[95],"[25, 29, 53, 95]",False,False,True,True,True
v1__scene_rotate_v04__L2__C3_D4__r01_s28101,scene_rotate_v04,ROTATE,C3,D4,28101,47,5,4,3,True,[95],[],False,False,True,False,False
v1__scene_rotate_v04__L2__C3_D4__r02_s28102,scene_rotate_v04,ROTATE,C3,D4,28102,47,5,4,3,True,[95],[],False,False,True,False,False
v1__scene_rotate_v04__L2__C3_D4__r03_s28103,scene_rotate_v04,ROTATE,C3,D4,28103,47,5,4,3,True,[95],[],False,False,True,False,False
v1__scene_rotate_v04__L2__C3_D4__r04_s28104,scene_rotate_v04,ROTATE,C3,D4,28104,47,5,4,3,True,[95],[],False,False,True,False,False
v1__scene_rotate_v04__L2__C3_D4__r05_s28105,scene_rotate_v04,ROTATE,C3,D4,28105,47,5,4,3,True,[95],[],False,False,True,False,False
v1__scene_rotate_v04__L2__C3_D8__r01_s28101,scene_rotate_v04,ROTATE,C3,D8,28101,47,5,4,3,True,[95],[],False,False,True,False,False
v1__scene_rotate_v04__L2__C3_D8__r02_s28102,scene_rotate_v04,ROTATE,C3,D8,28102,47,5,4,1,True,[95],"[25, 29]",False,False,True,True,True
v1__scene_rotate_v04__L2__C3_D8__r03_s28103,scene_rotate_v04,ROTATE,C3,D8,28103,47,5,4,1,True,[95],"[25, 29]",False,False,True,True,True
v1__scene_rotate_v04__L2__C3_D8__r04_s28104,scene_rotate_v04,ROTATE,C3,D8,28104,47,5,4,1,True,[95],"[25, 29]",False,False,True,True,True
v1__scene_rotate_v04__L2__C3_D8__r05_s28105,scene_rotate_v04,ROTATE,C3,D8,28105,47,5,4,1,True,[95],"[25, 29]",False,False,True,True,True
v1__scene_rotate_v04__L2__C4_D4__r01_s28101,scene_rotate_v04,ROTATE,C4,D4,28101,47,5,4,1,True,[95],"[25, 29]",False,False,True,True,True
v1__scene_rotate_v04__L2__C4_D4__r02_s28102,scene_rotate_v04,ROTATE,C4,D4,28102,47,5,4,3,True,[95],[],False,False,True,False,False
v1__scene_rotate_v04__L2__C4_D4__r03_s28103,scene_rotate_v04,ROTATE,C4,D4,28103,47,5,4,1,True,[95],"[25, 29]",False,False,True,True,True
v1__scene_rotate_v04__L2__C4_D4__r04_s28104,scene_rotate_v04,ROTATE,C4,D4,28104,47,5,4,1,True,[95],"[25, 29]",False,False,True,True,True
v1__scene_rotate_v04__L2__C4_D4__r05_s28105,scene_rotate_v04,ROTATE,C4,D4,28105,47,5,4,3,True,[95],[],False,False,True,False,False
v1__scene_rotate_v04__L2__C4_D8__r01_s28101,scene_rotate_v04,ROTATE,C4,D8,28101,47,5,4,1,True,[95],"[25, 29]",False,False,True,True,True
v1__scene_rotate_v04__L2__C4_D8__r02_s28102,scene_rotate_v04,ROTATE,C4,D8,28102,47,5,4,3,True,[95],[],False,False,True,False,False
v1__scene_rotate_v04__L2__C4_D8__r03_s28103,scene_rotate_v04,ROTATE,C4,D8,28103,47,5,4,1,True,[95],"[25, 29]",False,False,True,True,True
v1__scene_rotate_v04__L2__C4_D8__r04_s28104,scene_rotate_v04,ROTATE,C4,D8,28104,47,5,4,1,True,[95],"[25, 29]",False,False,True,True,True
v1__scene_rotate_v04__L2__C4_D8__r05_s28105,scene_rotate_v04,ROTATE,C4,D8,28105,47,5,4,1,True,[95],"[25, 29]",False,False,True,True,True
v1__scene_rotate_v04__L2__C5_D4__r01_s28101,scene_rotate_v04,ROTATE,C5,D4,28101,47,5,4,3,True,[95],[],False,False,True,False,False
v1__scene_rotate_v04__L2__C5_D4__r02_s28102,scene_rotate_v04,ROTATE,C5,D4,28102,47,5,4,3,True,[95],[],False,False,True,False,False
v1__scene_rotate_v04__L2__C5_D4__r03_s28103,scene_rotate_v04,ROTATE,C5,D4,28103,47,5,4,3,True,[95],[],False,False,True,False,False
v1__scene_rotate_v04__L2__C5_D4__r04_s28104,scene_rotate_v04,ROTATE,C5,D4,28104,47,5,4,3,True,[95],[],False,False,True,False,False
v1__scene_rotate_v04__L2__C5_D4__r05_s28105,scene_rotate_v04,ROTATE,C5,D4,28105,47,5,4,3,True,[95],[],False,False,True,False,False
v1__scene_rotate_v04__L2__C5_D8__r01_s28101,scene_rotate_v04,ROTATE,C5,D8,28101,47,5,4,3,True,[95],[],False,False,True,False,False
v1__scene_rotate_v04__L2__C5_D8__r02_s28102,scene_rotate_v04,ROTATE,C5,D8,28102,47,5,4,3,True,[95],[],False,False,True,False,False
v1__scene_rotate_v04__L2__C5_D8__r03_s28103,scene_rotate_v04,ROTATE,C5,D8,28103,47,5,4,3,True,[95],[],False,False,True,False,False
v1__scene_rotate_v04__L2__C5_D8__r04_s28104,scene_rotate_v04,ROTATE,C5,D8,28104,47,5,4,3,True,[95],[],False,False,True,False,False
v1__scene_rotate_v04__L2__C5_D8__r05_s28105,scene_rotate_v04,ROTATE,C5,D8,28105,47,5,4,3,True,[95],[],False,False,True,False,False
v1__scene_rotate_v04__L2__C6_D4__r01_s28101,scene_rotate_v04,ROTATE,C6,D4,28101,47,5,4,3,True,[95],[],False,False,True,False,False
v1__scene_rotate_v04__L2__C6_D4__r02_s28102,scene_rotate_v04,ROTATE,C6,D4,28102,47,5,4,3,True,[95],[],False,False,True,False,False
v1__scene_rotate_v04__L2__C6_D4__r03_s28103,scene_rotate_v04,ROTATE,C6,D4,28103,47,5,4,3,True,[95],[],False,False,True,False,False
v1__scene_rotate_v04__L2__C6_D4__r04_s28104,scene_rotate_v04,ROTATE,C6,D4,28104,47,5,4,1,True,[95],"[25, 29]",False,False,True,True,True
v1__scene_rotate_v04__L2__C6_D4__r05_s28105,scene_rotate_v04,ROTATE,C6,D4,28105,47,5,4,1,True,[95],"[25, 29]",False,False,True,True,True
v1__scene_rotate_v04__L2__C6_D8__r01_s28101,scene_rotate_v04,ROTATE,C6,D8,28101,47,5,4,3,True,[95],[],False,False,True,False,False
v1__scene_rotate_v04__L2__C6_D8__r02_s28102,scene_rotate_v04,ROTATE,C6,D8,28102,47,5,4,3,True,[95],[],False,False,True,False,False
v1__scene_rotate_v04__L2__C6_D8__r03_s28103,scene_rotate_v04,ROTATE,C6,D8,28103,47,5,4,3,True,[95],[],False,False,True,False,False
v1__scene_rotate_v04__L2__C6_D8__r04_s28104,scene_rotate_v04,ROTATE,C6,D8,28104,47,5,4,3,True,[95],[],False,False,True,False,False
v1__scene_rotate_v04__L2__C6_D8__r05_s28105,scene_rotate_v04,ROTATE,C6,D8,28105,47,5,4,3,True,[95],[],False,False,True,False,False
v1__scene_rotate_v05__L2__C0_NA__r01_s28101,scene_rotate_v05,ROTATE,C0,,28101,44,6,5,4,True,[82],[],False,False,True,False,False
v1__scene_rotate_v05__L2__C0_NA__r02_s28102,scene_rotate_v05,ROTATE,C0,,28102,44,6,5,4,True,[82],[],False,False,True,False,False
v1__scene_rotate_v05__L2__C0_NA__r03_s28103,scene_rotate_v05,ROTATE,C0,,28103,44,6,5,4,True,[82],[],False,False,True,False,False
v1__scene_rotate_v05__L2__C0_NA__r04_s28104,scene_rotate_v05,ROTATE,C0,,28104,44,6,5,4,True,[82],[],False,False,True,False,False
v1__scene_rotate_v05__L2__C0_NA__r05_s28105,scene_rotate_v05,ROTATE,C0,,28105,44,6,5,4,True,[82],[],False,False,True,False,False
v1__scene_rotate_v05__L2__C1_NA__r01_s28101,scene_rotate_v05,ROTATE,C1,,28101,44,6,5,4,True,[82],[],False,False,True,False,False
v1__scene_rotate_v05__L2__C1_NA__r02_s28102,scene_rotate_v05,ROTATE,C1,,28102,44,6,5,4,True,[82],[],False,False,True,False,False
v1__scene_rotate_v05__L2__C1_NA__r03_s28103,scene_rotate_v05,ROTATE,C1,,28103,44,6,5,4,True,[82],[],False,False,True,False,False
v1__scene_rotate_v05__L2__C1_NA__r04_s28104,scene_rotate_v05,ROTATE,C1,,28104,44,6,5,4,True,[82],[],False,False,True,False,False
v1__scene_rotate_v05__L2__C1_NA__r05_s28105,scene_rotate_v05,ROTATE,C1,,28105,44,6,5,4,True,[82],[],False,False,True,False,False
v1__scene_rotate_v05__L2__C2_D4__r01_s28101,scene_rotate_v05,ROTATE,C2,D4,28101,44,6,5,4,True,[82],[],False,False,True,False,False
v1__scene_rotate_v05__L2__C2_D4__r02_s28102,scene_rotate_v05,ROTATE,C2,D4,28102,44,6,5,4,True,[82],[],False,False,True,False,False
v1__scene_rotate_v05__L2__C2_D4__r03_s28103,scene_rotate_v05,ROTATE,C2,D4,28103,44,6,5,4,True,[82],[],False,False,True,False,False
v1__scene_rotate_v05__L2__C2_D4__r04_s28104,scene_rotate_v05,ROTATE,C2,D4,28104,44,6,5,4,True,[82],[],False,False,True,False,False
v1__scene_rotate_v05__L2__C2_D4__r05_s28105,scene_rotate_v05,ROTATE,C2,D4,28105,44,6,5,4,True,[82],[],False,False,True,False,False
v1__scene_rotate_v05__L2__C2_D8__r01_s28101,scene_rotate_v05,ROTATE,C2,D8,28101,44,6,5,4,True,[82],[],False,False,True,False,False
v1__scene_rotate_v05__L2__C2_D8__r02_s28102,scene_rotate_v05,ROTATE,C2,D8,28102,44,6,5,4,True,[82],[],False,False,True,False,False
v1__scene_rotate_v05__L2__C2_D8__r03_s28103,scene_rotate_v05,ROTATE,C2,D8,28103,44,6,5,4,True,[82],[],False,False,True,False,False
v1__scene_rotate_v05__L2__C2_D8__r04_s28104,scene_rotate_v05,ROTATE,C2,D8,28104,44,6,5,4,True,[82],[],False,False,True,False,False
v1__scene_rotate_v05__L2__C2_D8__r05_s28105,scene_rotate_v05,ROTATE,C2,D8,28105,44,6,5,4,True,[82],[],False,False,True,False,False
v1__scene_rotate_v05__L2__C3_D4__r01_s28101,scene_rotate_v05,ROTATE,C3,D4,28101,44,6,5,4,True,[82],[],False,False,True,False,False
v1__scene_rotate_v05__L2__C3_D4__r02_s28102,scene_rotate_v05,ROTATE,C3,D4,28102,44,6,5,4,True,[82],[],False,False,True,False,False
v1__scene_rotate_v05__L2__C3_D4__r03_s28103,scene_rotate_v05,ROTATE,C3,D4,28103,44,6,5,4,True,[82],[],False,False,True,False,False
v1__scene_rotate_v05__L2__C3_D4__r04_s28104,scene_rotate_v05,ROTATE,C3,D4,28104,44,6,5,4,True,[82],[],False,False,True,False,False
v1__scene_rotate_v05__L2__C3_D4__r05_s28105,scene_rotate_v05,ROTATE,C3,D4,28105,44,6,5,4,True,[82],[],False,False,True,False,False
v1__scene_rotate_v05__L2__C3_D8__r01_s28101,scene_rotate_v05,ROTATE,C3,D8,28101,44,6,5,4,True,[82],[],False,False,True,False,False
v1__scene_rotate_v05__L2__C3_D8__r02_s28102,scene_rotate_v05,ROTATE,C3,D8,28102,44,6,5,4,True,[82],[],False,False,True,False,False
v1__scene_rotate_v05__L2__C3_D8__r03_s28103,scene_rotate_v05,ROTATE,C3,D8,28103,44,6,5,4,True,[82],[],False,False,True,False,False
v1__scene_rotate_v05__L2__C3_D8__r04_s28104,scene_rotate_v05,ROTATE,C3,D8,28104,44,6,5,4,True,[82],[],False,False,True,False,False
v1__scene_rotate_v05__L2__C3_D8__r05_s28105,scene_rotate_v05,ROTATE,C3,D8,28105,44,6,5,4,True,[82],[],False,False,True,False,False
v1__scene_rotate_v05__L2__C4_D4__r01_s28101,scene_rotate_v05,ROTATE,C4,D4,28101,44,6,5,4,True,[82],[],False,False,True,False,False
v1__scene_rotate_v05__L2__C4_D4__r02_s28102,scene_rotate_v05,ROTATE,C4,D4,28102,44,6,5,4,True,[82],[],False,False,True,False,False
v1__scene_rotate_v05__L2__C4_D4__r03_s28103,scene_rotate_v05,ROTATE,C4,D4,28103,44,6,5,4,True,[82],[],False,False,True,False,False
v1__scene_rotate_v05__L2__C4_D4__r04_s28104,scene_rotate_v05,ROTATE,C4,D4,28104,44,6,5,4,True,[82],[],False,False,True,False,False
v1__scene_rotate_v05__L2__C4_D4__r05_s28105,scene_rotate_v05,ROTATE,C4,D4,28105,44,6,5,4,True,[82],[],False,False,True,False,False
v1__scene_rotate_v05__L2__C4_D8__r01_s28101,scene_rotate_v05,ROTATE,C4,D8,28101,44,6,5,4,True,[82],[],False,False,True,False,False
v1__scene_rotate_v05__L2__C4_D8__r02_s28102,scene_rotate_v05,ROTATE,C4,D8,28102,44,6,5,4,True,[82],[],False,False,True,False,False
v1__scene_rotate_v05__L2__C4_D8__r03_s28103,scene_rotate_v05,ROTATE,C4,D8,28103,44,6,5,4,True,[82],[],False,False,True,False,False
v1__scene_rotate_v05__L2__C4_D8__r04_s28104,scene_rotate_v05,ROTATE,C4,D8,28104,44,6,5,4,True,[82],[],False,False,True,False,False
v1__scene_rotate_v05__L2__C4_D8__r05_s28105,scene_rotate_v05,ROTATE,C4,D8,28105,44,6,5,4,True,[82],[],False,False,True,False,False
v1__scene_rotate_v05__L2__C5_D4__r01_s28101,scene_rotate_v05,ROTATE,C5,D4,28101,44,6,5,4,True,[82],[],False,False,True,False,False
v1__scene_rotate_v05__L2__C5_D4__r02_s28102,scene_rotate_v05,ROTATE,C5,D4,28102,44,6,5,4,True,[82],[],False,False,True,False,False
v1__scene_rotate_v05__L2__C5_D4__r03_s28103,scene_rotate_v05,ROTATE,C5,D4,28103,44,6,5,4,True,[82],[],False,False,True,False,False
v1__scene_rotate_v05__L2__C5_D4__r04_s28104,scene_rotate_v05,ROTATE,C5,D4,28104,44,6,5,4,True,[82],[],False,False,True,False,False
v1__scene_rotate_v05__L2__C5_D4__r05_s28105,scene_rotate_v05,ROTATE,C5,D4,28105,44,6,5,4,True,[82],[],False,False,True,False,False
v1__scene_rotate_v05__L2__C5_D8__r01_s28101,scene_rotate_v05,ROTATE,C5,D8,28101,44,6,5,4,True,[82],[],False,False,True,False,False
v1__scene_rotate_v05__L2__C5_D8__r02_s28102,scene_rotate_v05,ROTATE,C5,D8,28102,44,6,5,4,True,[82],[],False,False,True,False,False
v1__scene_rotate_v05__L2__C5_D8__r03_s28103,scene_rotate_v05,ROTATE,C5,D8,28103,44,6,5,4,True,[82],[],False,False,True,False,False
v1__scene_rotate_v05__L2__C5_D8__r04_s28104,scene_rotate_v05,ROTATE,C5,D8,28104,44,6,5,4,True,[82],[],False,False,True,False,False
v1__scene_rotate_v05__L2__C5_D8__r05_s28105,scene_rotate_v05,ROTATE,C5,D8,28105,44,6,5,4,True,[82],[],False,False,True,False,False
v1__scene_rotate_v05__L2__C6_D4__r01_s28101,scene_rotate_v05,ROTATE,C6,D4,28101,44,6,5,4,True,[82],[],False,False,True,False,False
v1__scene_rotate_v05__L2__C6_D4__r02_s28102,scene_rotate_v05,ROTATE,C6,D4,28102,44,6,5,4,True,[82],[],False,False,True,False,False
v1__scene_rotate_v05__L2__C6_D4__r03_s28103,scene_rotate_v05,ROTATE,C6,D4,28103,44,6,5,4,True,[82],[],False,False,True,False,False
v1__scene_rotate_v05__L2__C6_D4__r04_s28104,scene_rotate_v05,ROTATE,C6,D4,28104,44,6,5,4,True,[82],[],False,False,True,False,False
v1__scene_rotate_v05__L2__C6_D4__r05_s28105,scene_rotate_v05,ROTATE,C6,D4,28105,44,6,5,4,True,[82],[],False,False,True,False,False
v1__scene_rotate_v05__L2__C6_D8__r01_s28101,scene_rotate_v05,ROTATE,C6,D8,28101,44,6,5,4,True,[82],[],False,False,True,False,False
v1__scene_rotate_v05__L2__C6_D8__r02_s28102,scene_rotate_v05,ROTATE,C6,D8,28102,44,6,5,4,True,[82],[],False,False,True,False,False
v1__scene_rotate_v05__L2__C6_D8__r03_s28103,scene_rotate_v05,ROTATE,C6,D8,28103,44,6,5,4,True,[82],[],False,False,True,False,False
v1__scene_rotate_v05__L2__C6_D8__r04_s28104,scene_rotate_v05,ROTATE,C6,D8,28104,44,6,5,4,True,[82],[],False,False,True,False,False
v1__scene_rotate_v05__L2__C6_D8__r05_s28105,scene_rotate_v05,ROTATE,C6,D8,28105,44,6,5,4,True,[82],[],False,False,True,False,False
v1__scene_translate_v01__L2__C0_NA__r01_s28101,scene_translate_v01,TRANSLATE,C0,,28101,67,2,1,1,True,[35],[35],True,True,True,True,True
v1__scene_translate_v01__L2__C0_NA__r02_s28102,scene_translate_v01,TRANSLATE,C0,,28102,67,2,1,1,True,[35],[35],True,True,True,True,True
v1__scene_translate_v01__L2__C0_NA__r03_s28103,scene_translate_v01,TRANSLATE,C0,,28103,67,2,1,1,True,[35],[35],True,True,True,True,True
v1__scene_translate_v01__L2__C0_NA__r04_s28104,scene_translate_v01,TRANSLATE,C0,,28104,67,2,1,1,True,[35],[35],True,True,True,True,True
v1__scene_translate_v01__L2__C0_NA__r05_s28105,scene_translate_v01,TRANSLATE,C0,,28105,67,2,1,1,True,[35],[35],True,True,True,True,True
v1__scene_translate_v01__L2__C1_NA__r01_s28101,scene_translate_v01,TRANSLATE,C1,,28101,67,2,1,1,True,[35],[35],True,True,True,True,True
v1__scene_translate_v01__L2__C1_NA__r02_s28102,scene_translate_v01,TRANSLATE,C1,,28102,67,2,1,1,True,[35],[35],True,True,True,True,True
v1__scene_translate_v01__L2__C1_NA__r03_s28103,scene_translate_v01,TRANSLATE,C1,,28103,67,2,1,1,True,[35],[35],True,True,True,True,True
v1__scene_translate_v01__L2__C1_NA__r04_s28104,scene_translate_v01,TRANSLATE,C1,,28104,67,2,1,1,True,[35],[35],True,True,True,True,True
v1__scene_translate_v01__L2__C1_NA__r05_s28105,scene_translate_v01,TRANSLATE,C1,,28105,67,2,1,1,True,[35],[35],True,True,True,True,True
v1__scene_translate_v01__L2__C2_D4__r01_s28101,scene_translate_v01,TRANSLATE,C2,D4,28101,67,2,1,1,True,[35],[35],True,True,True,True,True
v1__scene_translate_v01__L2__C2_D4__r02_s28102,scene_translate_v01,TRANSLATE,C2,D4,28102,67,2,1,1,True,[35],[35],True,True,True,True,True
v1__scene_translate_v01__L2__C2_D4__r03_s28103,scene_translate_v01,TRANSLATE,C2,D4,28103,67,2,1,1,True,[35],[35],True,True,True,True,True
v1__scene_translate_v01__L2__C2_D4__r04_s28104,scene_translate_v01,TRANSLATE,C2,D4,28104,67,2,1,1,True,[35],[35],True,True,True,True,True
v1__scene_translate_v01__L2__C2_D4__r05_s28105,scene_translate_v01,TRANSLATE,C2,D4,28105,67,2,1,1,True,[35],[35],True,True,True,True,True
v1__scene_translate_v01__L2__C2_D8__r01_s28101,scene_translate_v01,TRANSLATE,C2,D8,28101,67,2,1,1,True,[35],[35],True,True,True,True,True
v1__scene_translate_v01__L2__C2_D8__r02_s28102,scene_translate_v01,TRANSLATE,C2,D8,28102,67,2,1,1,True,[35],[35],True,True,True,True,True
v1__scene_translate_v01__L2__C2_D8__r03_s28103,scene_translate_v01,TRANSLATE,C2,D8,28103,67,2,1,1,True,[35],[35],True,True,True,True,True
v1__scene_translate_v01__L2__C2_D8__r04_s28104,scene_translate_v01,TRANSLATE,C2,D8,28104,67,2,1,1,True,[35],[35],True,True,True,True,True
v1__scene_translate_v01__L2__C2_D8__r05_s28105,scene_translate_v01,TRANSLATE,C2,D8,28105,67,2,1,1,True,[35],[35],True,True,True,True,True
v1__scene_translate_v01__L2__C3_D4__r01_s28101,scene_translate_v01,TRANSLATE,C3,D4,28101,67,2,1,1,True,[35],[35],True,True,True,True,True
v1__scene_translate_v01__L2__C3_D4__r02_s28102,scene_translate_v01,TRANSLATE,C3,D4,28102,67,2,1,1,True,[35],[35],True,True,True,True,True
v1__scene_translate_v01__L2__C3_D4__r03_s28103,scene_translate_v01,TRANSLATE,C3,D4,28103,67,2,1,1,True,[35],[35],True,True,True,True,True
v1__scene_translate_v01__L2__C3_D4__r04_s28104,scene_translate_v01,TRANSLATE,C3,D4,28104,67,2,1,1,True,[35],[35],True,True,True,True,True
v1__scene_translate_v01__L2__C3_D4__r05_s28105,scene_translate_v01,TRANSLATE,C3,D4,28105,67,2,1,1,True,[35],[35],True,True,True,True,True
v1__scene_translate_v01__L2__C3_D8__r01_s28101,scene_translate_v01,TRANSLATE,C3,D8,28101,67,2,1,1,True,[35],[35],True,True,True,True,True
v1__scene_translate_v01__L2__C3_D8__r02_s28102,scene_translate_v01,TRANSLATE,C3,D8,28102,67,2,1,1,True,[35],[35],True,True,True,True,True
v1__scene_translate_v01__L2__C3_D8__r03_s28103,scene_translate_v01,TRANSLATE,C3,D8,28103,67,2,1,1,True,[35],[35],True,True,True,True,True
v1__scene_translate_v01__L2__C3_D8__r04_s28104,scene_translate_v01,TRANSLATE,C3,D8,28104,67,2,1,1,True,[35],[35],True,True,True,True,True
v1__scene_translate_v01__L2__C3_D8__r05_s28105,scene_translate_v01,TRANSLATE,C3,D8,28105,67,2,1,1,True,[35],[35],True,True,True,True,True
v1__scene_translate_v01__L2__C4_D4__r01_s28101,scene_translate_v01,TRANSLATE,C4,D4,28101,67,2,1,1,True,[35],[35],True,True,True,True,True
v1__scene_translate_v01__L2__C4_D4__r02_s28102,scene_translate_v01,TRANSLATE,C4,D4,28102,67,2,1,1,True,[35],[35],True,True,True,True,True
v1__scene_translate_v01__L2__C4_D4__r03_s28103,scene_translate_v01,TRANSLATE,C4,D4,28103,67,2,1,1,True,[35],[35],True,True,True,True,True
v1__scene_translate_v01__L2__C4_D4__r04_s28104,scene_translate_v01,TRANSLATE,C4,D4,28104,67,2,1,1,True,[35],[35],True,True,True,True,True
v1__scene_translate_v01__L2__C4_D4__r05_s28105,scene_translate_v01,TRANSLATE,C4,D4,28105,67,2,1,1,True,[35],[35],True,True,True,True,True
v1__scene_translate_v01__L2__C4_D8__r01_s28101,scene_translate_v01,TRANSLATE,C4,D8,28101,67,2,1,1,True,[35],[35],True,True,True,True,True
v1__scene_translate_v01__L2__C4_D8__r02_s28102,scene_translate_v01,TRANSLATE,C4,D8,28102,67,2,1,1,True,[35],[35],True,True,True,True,True
v1__scene_translate_v01__L2__C4_D8__r03_s28103,scene_translate_v01,TRANSLATE,C4,D8,28103,67,2,1,1,True,[35],[35],True,True,True,True,True
v1__scene_translate_v01__L2__C4_D8__r04_s28104,scene_translate_v01,TRANSLATE,C4,D8,28104,67,2,1,1,True,[35],[35],True,True,True,True,True
v1__scene_translate_v01__L2__C4_D8__r05_s28105,scene_translate_v01,TRANSLATE,C4,D8,28105,67,2,1,1,True,[35],[35],True,True,True,True,True
v1__scene_translate_v01__L2__C5_D4__r01_s28101,scene_translate_v01,TRANSLATE,C5,D4,28101,67,2,1,1,True,[35],[35],True,True,True,True,True
v1__scene_translate_v01__L2__C5_D4__r02_s28102,scene_translate_v01,TRANSLATE,C5,D4,28102,67,2,1,1,True,[35],[35],True,True,True,True,True
v1__scene_translate_v01__L2__C5_D4__r03_s28103,scene_translate_v01,TRANSLATE,C5,D4,28103,67,2,1,1,True,[35],[35],True,True,True,True,True
v1__scene_translate_v01__L2__C5_D4__r04_s28104,scene_translate_v01,TRANSLATE,C5,D4,28104,67,2,1,1,True,[35],[35],True,True,True,True,True
v1__scene_translate_v01__L2__C5_D4__r05_s28105,scene_translate_v01,TRANSLATE,C5,D4,28105,67,2,1,1,True,[35],[35],True,True,True,True,True
v1__scene_translate_v01__L2__C5_D8__r01_s28101,scene_translate_v01,TRANSLATE,C5,D8,28101,67,2,1,1,True,[35],[35],True,True,True,True,True
v1__scene_translate_v01__L2__C5_D8__r02_s28102,scene_translate_v01,TRANSLATE,C5,D8,28102,67,2,1,1,True,[35],[35],True,True,True,True,True
v1__scene_translate_v01__L2__C5_D8__r03_s28103,scene_translate_v01,TRANSLATE,C5,D8,28103,67,2,1,1,True,[35],[35],True,True,True,True,True
v1__scene_translate_v01__L2__C5_D8__r04_s28104,scene_translate_v01,TRANSLATE,C5,D8,28104,67,2,1,1,True,[35],[35],True,True,True,True,True
v1__scene_translate_v01__L2__C5_D8__r05_s28105,scene_translate_v01,TRANSLATE,C5,D8,28105,67,2,1,1,True,[35],[35],True,True,True,True,True
v1__scene_translate_v01__L2__C6_D4__r01_s28101,scene_translate_v01,TRANSLATE,C6,D4,28101,67,2,1,1,True,[35],[35],True,True,True,True,True
v1__scene_translate_v01__L2__C6_D4__r02_s28102,scene_translate_v01,TRANSLATE,C6,D4,28102,67,2,1,1,True,[35],[35],True,True,True,True,True
v1__scene_translate_v01__L2__C6_D4__r03_s28103,scene_translate_v01,TRANSLATE,C6,D4,28103,67,2,1,1,True,[35],[35],True,True,True,True,True
v1__scene_translate_v01__L2__C6_D4__r04_s28104,scene_translate_v01,TRANSLATE,C6,D4,28104,67,2,1,1,True,[35],[35],True,True,True,True,True
v1__scene_translate_v01__L2__C6_D4__r05_s28105,scene_translate_v01,TRANSLATE,C6,D4,28105,67,2,1,1,True,[35],[35],True,True,True,True,True
v1__scene_translate_v01__L2__C6_D8__r01_s28101,scene_translate_v01,TRANSLATE,C6,D8,28101,67,2,1,1,True,[35],[35],True,True,True,True,True
v1__scene_translate_v01__L2__C6_D8__r02_s28102,scene_translate_v01,TRANSLATE,C6,D8,28102,67,2,1,1,True,[35],[35],True,True,True,True,True
v1__scene_translate_v01__L2__C6_D8__r03_s28103,scene_translate_v01,TRANSLATE,C6,D8,28103,67,2,1,1,True,[35],[35],True,True,True,True,True
v1__scene_translate_v01__L2__C6_D8__r04_s28104,scene_translate_v01,TRANSLATE,C6,D8,28104,67,2,1,1,True,[35],[35],True,True,True,True,True
v1__scene_translate_v01__L2__C6_D8__r05_s28105,scene_translate_v01,TRANSLATE,C6,D8,28105,67,2,1,1,True,[35],[35],True,True,True,True,True
v1__scene_translate_v02__L2__C0_NA__r01_s28101,scene_translate_v02,TRANSLATE,C0,,28101,45,4,3,2,True,[95],"[81, 95]",False,False,True,True,True
v1__scene_translate_v02__L2__C0_NA__r02_s28102,scene_translate_v02,TRANSLATE,C0,,28102,45,4,3,3,True,[95],[95],True,True,True,True,True
v1__scene_translate_v02__L2__C0_NA__r03_s28103,scene_translate_v02,TRANSLATE,C0,,28103,45,4,3,3,True,[95],[95],True,True,True,True,True
v1__scene_translate_v02__L2__C0_NA__r04_s28104,scene_translate_v02,TRANSLATE,C0,,28104,45,4,3,2,True,[95],"[81, 95]",False,False,True,True,True
v1__scene_translate_v02__L2__C0_NA__r05_s28105,scene_translate_v02,TRANSLATE,C0,,28105,45,4,3,3,True,[95],[95],True,True,True,True,True
v1__scene_translate_v02__L2__C1_NA__r01_s28101,scene_translate_v02,TRANSLATE,C1,,28101,45,4,3,2,True,[95],"[81, 95]",False,False,True,True,True
v1__scene_translate_v02__L2__C1_NA__r02_s28102,scene_translate_v02,TRANSLATE,C1,,28102,45,4,3,2,True,[95],"[81, 95]",False,False,True,True,True
v1__scene_translate_v02__L2__C1_NA__r03_s28103,scene_translate_v02,TRANSLATE,C1,,28103,45,4,3,2,True,[95],"[81, 95]",False,False,True,True,True
v1__scene_translate_v02__L2__C1_NA__r04_s28104,scene_translate_v02,TRANSLATE,C1,,28104,45,4,3,2,True,[95],"[81, 95]",False,False,True,True,True
v1__scene_translate_v02__L2__C1_NA__r05_s28105,scene_translate_v02,TRANSLATE,C1,,28105,45,4,3,2,True,[95],"[81, 95]",False,False,True,True,True
v1__scene_translate_v02__L2__C2_D4__r01_s28101,scene_translate_v02,TRANSLATE,C2,D4,28101,45,4,3,2,True,[95],"[81, 95]",False,False,True,True,True
v1__scene_translate_v02__L2__C2_D4__r02_s28102,scene_translate_v02,TRANSLATE,C2,D4,28102,45,4,3,2,True,[95],"[81, 95]",False,False,True,True,True
v1__scene_translate_v02__L2__C2_D4__r03_s28103,scene_translate_v02,TRANSLATE,C2,D4,28103,45,4,3,2,True,[95],"[81, 95]",False,False,True,True,True
v1__scene_translate_v02__L2__C2_D4__r04_s28104,scene_translate_v02,TRANSLATE,C2,D4,28104,45,4,3,2,True,[95],"[81, 95]",False,False,True,True,True
v1__scene_translate_v02__L2__C2_D4__r05_s28105,scene_translate_v02,TRANSLATE,C2,D4,28105,45,4,3,2,True,[95],"[81, 95]",False,False,True,True,True
v1__scene_translate_v02__L2__C2_D8__r01_s28101,scene_translate_v02,TRANSLATE,C2,D8,28101,45,4,3,2,True,[95],"[81, 95]",False,False,True,True,True
v1__scene_translate_v02__L2__C2_D8__r02_s28102,scene_translate_v02,TRANSLATE,C2,D8,28102,45,4,3,2,True,[95],"[81, 95]",False,False,True,True,True
v1__scene_translate_v02__L2__C2_D8__r03_s28103,scene_translate_v02,TRANSLATE,C2,D8,28103,45,4,3,2,True,[95],"[81, 95]",False,False,True,True,True
v1__scene_translate_v02__L2__C2_D8__r04_s28104,scene_translate_v02,TRANSLATE,C2,D8,28104,45,4,3,2,True,[95],"[81, 95]",False,False,True,True,True
v1__scene_translate_v02__L2__C2_D8__r05_s28105,scene_translate_v02,TRANSLATE,C2,D8,28105,45,4,3,2,True,[95],"[81, 95]",False,False,True,True,True
v1__scene_translate_v02__L2__C3_D4__r01_s28101,scene_translate_v02,TRANSLATE,C3,D4,28101,45,4,3,2,True,[95],"[81, 95]",False,False,True,True,True
v1__scene_translate_v02__L2__C3_D4__r02_s28102,scene_translate_v02,TRANSLATE,C3,D4,28102,45,4,3,2,True,[95],"[81, 95]",False,False,True,True,True
v1__scene_translate_v02__L2__C3_D4__r03_s28103,scene_translate_v02,TRANSLATE,C3,D4,28103,45,4,3,2,True,[95],"[81, 95]",False,False,True,True,True
v1__scene_translate_v02__L2__C3_D4__r04_s28104,scene_translate_v02,TRANSLATE,C3,D4,28104,45,4,3,2,True,[95],"[81, 95]",False,False,True,True,True
v1__scene_translate_v02__L2__C3_D4__r05_s28105,scene_translate_v02,TRANSLATE,C3,D4,28105,45,4,3,2,True,[95],"[81, 95]",False,False,True,True,True
v1__scene_translate_v02__L2__C3_D8__r01_s28101,scene_translate_v02,TRANSLATE,C3,D8,28101,45,4,3,2,True,[95],"[81, 95]",False,False,True,True,True
v1__scene_translate_v02__L2__C3_D8__r02_s28102,scene_translate_v02,TRANSLATE,C3,D8,28102,45,4,3,2,True,[95],"[81, 95]",False,False,True,True,True
v1__scene_translate_v02__L2__C3_D8__r03_s28103,scene_translate_v02,TRANSLATE,C3,D8,28103,45,4,3,2,True,[95],"[81, 95]",False,False,True,True,True
v1__scene_translate_v02__L2__C3_D8__r04_s28104,scene_translate_v02,TRANSLATE,C3,D8,28104,45,4,3,2,True,[95],"[81, 95]",False,False,True,True,True
v1__scene_translate_v02__L2__C3_D8__r05_s28105,scene_translate_v02,TRANSLATE,C3,D8,28105,45,4,3,2,True,[95],"[81, 95]",False,False,True,True,True
v1__scene_translate_v02__L2__C4_D4__r01_s28101,scene_translate_v02,TRANSLATE,C4,D4,28101,45,4,3,2,True,[95],"[81, 95]",False,False,True,True,True
v1__scene_translate_v02__L2__C4_D4__r02_s28102,scene_translate_v02,TRANSLATE,C4,D4,28102,45,4,3,2,True,[95],"[81, 95]",False,False,True,True,True
v1__scene_translate_v02__L2__C4_D4__r03_s28103,scene_translate_v02,TRANSLATE,C4,D4,28103,45,4,3,2,True,[95],"[81, 95]",False,False,True,True,True
v1__scene_translate_v02__L2__C4_D4__r04_s28104,scene_translate_v02,TRANSLATE,C4,D4,28104,45,4,3,2,True,[95],"[81, 95]",False,False,True,True,True
v1__scene_translate_v02__L2__C4_D4__r05_s28105,scene_translate_v02,TRANSLATE,C4,D4,28105,45,4,3,2,True,[95],"[81, 95]",False,False,True,True,True
v1__scene_translate_v02__L2__C4_D8__r01_s28101,scene_translate_v02,TRANSLATE,C4,D8,28101,45,4,3,2,True,[95],"[81, 95]",False,False,True,True,True
v1__scene_translate_v02__L2__C4_D8__r02_s28102,scene_translate_v02,TRANSLATE,C4,D8,28102,45,4,3,2,True,[95],"[81, 95]",False,False,True,True,True
v1__scene_translate_v02__L2__C4_D8__r03_s28103,scene_translate_v02,TRANSLATE,C4,D8,28103,45,4,3,3,True,[95],[95],True,True,True,True,True
v1__scene_translate_v02__L2__C4_D8__r04_s28104,scene_translate_v02,TRANSLATE,C4,D8,28104,45,4,3,3,True,[95],[95],True,True,True,True,True
v1__scene_translate_v02__L2__C4_D8__r05_s28105,scene_translate_v02,TRANSLATE,C4,D8,28105,45,4,3,2,True,[95],"[81, 95]",False,False,True,True,True
v1__scene_translate_v02__L2__C5_D4__r01_s28101,scene_translate_v02,TRANSLATE,C5,D4,28101,45,4,3,2,True,[95],"[81, 95]",False,False,True,True,True
v1__scene_translate_v02__L2__C5_D4__r02_s28102,scene_translate_v02,TRANSLATE,C5,D4,28102,45,4,3,2,True,[95],"[81, 95]",False,False,True,True,True
v1__scene_translate_v02__L2__C5_D4__r03_s28103,scene_translate_v02,TRANSLATE,C5,D4,28103,45,4,3,2,True,[95],"[81, 95]",False,False,True,True,True
v1__scene_translate_v02__L2__C5_D4__r04_s28104,scene_translate_v02,TRANSLATE,C5,D4,28104,45,4,3,2,True,[95],"[81, 95]",False,False,True,True,True
v1__scene_translate_v02__L2__C5_D4__r05_s28105,scene_translate_v02,TRANSLATE,C5,D4,28105,45,4,3,2,True,[95],"[81, 95]",False,False,True,True,True
v1__scene_translate_v02__L2__C5_D8__r01_s28101,scene_translate_v02,TRANSLATE,C5,D8,28101,45,4,3,2,True,[95],"[81, 95]",False,False,True,True,True
v1__scene_translate_v02__L2__C5_D8__r02_s28102,scene_translate_v02,TRANSLATE,C5,D8,28102,45,4,3,2,True,[95],"[81, 95]",False,False,True,True,True
v1__scene_translate_v02__L2__C5_D8__r03_s28103,scene_translate_v02,TRANSLATE,C5,D8,28103,45,4,3,2,True,[95],"[81, 95]",False,False,True,True,True
v1__scene_translate_v02__L2__C5_D8__r04_s28104,scene_translate_v02,TRANSLATE,C5,D8,28104,45,4,3,2,True,[95],"[81, 95]",False,False,True,True,True
v1__scene_translate_v02__L2__C5_D8__r05_s28105,scene_translate_v02,TRANSLATE,C5,D8,28105,45,4,3,2,True,[95],"[81, 95]",False,False,True,True,True
v1__scene_translate_v02__L2__C6_D4__r01_s28101,scene_translate_v02,TRANSLATE,C6,D4,28101,45,4,3,2,True,[95],"[81, 95]",False,False,True,True,True
v1__scene_translate_v02__L2__C6_D4__r02_s28102,scene_translate_v02,TRANSLATE,C6,D4,28102,45,4,3,2,True,[95],"[81, 95]",False,False,True,True,True
v1__scene_translate_v02__L2__C6_D4__r03_s28103,scene_translate_v02,TRANSLATE,C6,D4,28103,45,4,3,2,True,[95],"[81, 95]",False,False,True,True,True
v1__scene_translate_v02__L2__C6_D4__r04_s28104,scene_translate_v02,TRANSLATE,C6,D4,28104,45,4,3,2,True,[95],"[81, 95]",False,False,True,True,True
v1__scene_translate_v02__L2__C6_D4__r05_s28105,scene_translate_v02,TRANSLATE,C6,D4,28105,45,4,3,2,True,[95],"[81, 95]",False,False,True,True,True
v1__scene_translate_v02__L2__C6_D8__r01_s28101,scene_translate_v02,TRANSLATE,C6,D8,28101,45,4,3,2,True,[95],"[81, 95]",False,False,True,True,True
v1__scene_translate_v02__L2__C6_D8__r02_s28102,scene_translate_v02,TRANSLATE,C6,D8,28102,45,4,3,2,True,[95],"[81, 95]",False,False,True,True,True
v1__scene_translate_v02__L2__C6_D8__r03_s28103,scene_translate_v02,TRANSLATE,C6,D8,28103,45,4,3,2,True,[95],"[81, 95]",False,False,True,True,True
v1__scene_translate_v02__L2__C6_D8__r04_s28104,scene_translate_v02,TRANSLATE,C6,D8,28104,45,4,3,2,True,[95],"[81, 95]",False,False,True,True,True
v1__scene_translate_v02__L2__C6_D8__r05_s28105,scene_translate_v02,TRANSLATE,C6,D8,28105,45,4,3,2,True,[95],"[81, 95]",False,False,True,True,True
v1__scene_translate_v03__L2__C0_NA__r01_s28101,scene_translate_v03,TRANSLATE,C0,,28101,18,4,3,2,True,[45],[],False,False,True,False,False
v1__scene_translate_v03__L2__C0_NA__r02_s28102,scene_translate_v03,TRANSLATE,C0,,28102,18,4,3,2,True,[45],[],False,False,True,False,False
v1__scene_translate_v03__L2__C0_NA__r03_s28103,scene_translate_v03,TRANSLATE,C0,,28103,18,4,3,2,True,[45],[],False,False,True,False,False
v1__scene_translate_v03__L2__C0_NA__r04_s28104,scene_translate_v03,TRANSLATE,C0,,28104,18,4,3,2,True,[45],[],False,False,True,False,False
v1__scene_translate_v03__L2__C0_NA__r05_s28105,scene_translate_v03,TRANSLATE,C0,,28105,18,4,3,2,True,[45],[],False,False,True,False,False
v1__scene_translate_v03__L2__C1_NA__r01_s28101,scene_translate_v03,TRANSLATE,C1,,28101,18,4,3,1,True,[45],"[39, 41, 45]",False,False,True,True,True
v1__scene_translate_v03__L2__C1_NA__r02_s28102,scene_translate_v03,TRANSLATE,C1,,28102,18,4,3,1,True,[45],"[39, 41, 45]",False,False,True,True,True
v1__scene_translate_v03__L2__C1_NA__r03_s28103,scene_translate_v03,TRANSLATE,C1,,28103,18,4,3,1,True,[45],"[39, 41, 45]",False,False,True,True,True
v1__scene_translate_v03__L2__C1_NA__r04_s28104,scene_translate_v03,TRANSLATE,C1,,28104,18,4,3,1,True,[45],"[39, 41, 45]",False,False,True,True,True
v1__scene_translate_v03__L2__C1_NA__r05_s28105,scene_translate_v03,TRANSLATE,C1,,28105,18,4,3,1,True,[45],"[39, 41, 45]",False,False,True,True,True
v1__scene_translate_v03__L2__C2_D4__r01_s28101,scene_translate_v03,TRANSLATE,C2,D4,28101,18,4,3,1,True,[45],"[39, 41, 45]",False,False,True,True,True
v1__scene_translate_v03__L2__C2_D4__r02_s28102,scene_translate_v03,TRANSLATE,C2,D4,28102,18,4,3,1,True,[45],"[39, 41, 45]",False,False,True,True,True
v1__scene_translate_v03__L2__C2_D4__r03_s28103,scene_translate_v03,TRANSLATE,C2,D4,28103,18,4,3,1,True,[45],"[39, 41, 45]",False,False,True,True,True
v1__scene_translate_v03__L2__C2_D4__r04_s28104,scene_translate_v03,TRANSLATE,C2,D4,28104,18,4,3,1,True,[45],"[39, 41, 45]",False,False,True,True,True
v1__scene_translate_v03__L2__C2_D4__r05_s28105,scene_translate_v03,TRANSLATE,C2,D4,28105,18,4,3,1,True,[45],"[39, 41, 45]",False,False,True,True,True
v1__scene_translate_v03__L2__C2_D8__r01_s28101,scene_translate_v03,TRANSLATE,C2,D8,28101,18,4,3,1,True,[45],"[39, 41, 45]",False,False,True,True,True
v1__scene_translate_v03__L2__C2_D8__r02_s28102,scene_translate_v03,TRANSLATE,C2,D8,28102,18,4,3,1,True,[45],"[39, 41, 45]",False,False,True,True,True
v1__scene_translate_v03__L2__C2_D8__r03_s28103,scene_translate_v03,TRANSLATE,C2,D8,28103,18,4,3,1,True,[45],"[39, 41, 45]",False,False,True,True,True
v1__scene_translate_v03__L2__C2_D8__r04_s28104,scene_translate_v03,TRANSLATE,C2,D8,28104,18,4,3,1,True,[45],"[39, 41, 45]",False,False,True,True,True
v1__scene_translate_v03__L2__C2_D8__r05_s28105,scene_translate_v03,TRANSLATE,C2,D8,28105,18,4,3,1,True,[45],"[39, 41, 45]",False,False,True,True,True
v1__scene_translate_v03__L2__C3_D4__r01_s28101,scene_translate_v03,TRANSLATE,C3,D4,28101,18,4,3,2,True,[45],[],False,False,True,False,False
v1__scene_translate_v03__L2__C3_D4__r02_s28102,scene_translate_v03,TRANSLATE,C3,D4,28102,18,4,3,2,True,[45],[],False,False,True,False,False
v1__scene_translate_v03__L2__C3_D4__r03_s28103,scene_translate_v03,TRANSLATE,C3,D4,28103,18,4,3,2,True,[45],[],False,False,True,False,False
v1__scene_translate_v03__L2__C3_D4__r04_s28104,scene_translate_v03,TRANSLATE,C3,D4,28104,18,4,3,1,True,[45],"[39, 41, 45]",False,False,True,True,True
v1__scene_translate_v03__L2__C3_D4__r05_s28105,scene_translate_v03,TRANSLATE,C3,D4,28105,18,4,3,2,True,[45],[],False,False,True,False,False
v1__scene_translate_v03__L2__C3_D8__r01_s28101,scene_translate_v03,TRANSLATE,C3,D8,28101,18,4,3,2,True,[45],[],False,False,True,False,False
v1__scene_translate_v03__L2__C3_D8__r02_s28102,scene_translate_v03,TRANSLATE,C3,D8,28102,18,4,3,1,True,[45],"[39, 41, 45]",False,False,True,True,True
v1__scene_translate_v03__L2__C3_D8__r03_s28103,scene_translate_v03,TRANSLATE,C3,D8,28103,18,4,3,2,True,[45],[],False,False,True,False,False
v1__scene_translate_v03__L2__C3_D8__r04_s28104,scene_translate_v03,TRANSLATE,C3,D8,28104,18,4,3,1,True,[45],"[39, 41, 45]",False,False,True,True,True
v1__scene_translate_v03__L2__C3_D8__r05_s28105,scene_translate_v03,TRANSLATE,C3,D8,28105,18,4,3,1,True,[45],"[39, 41, 45]",False,False,True,True,True
v1__scene_translate_v03__L2__C4_D4__r01_s28101,scene_translate_v03,TRANSLATE,C4,D4,28101,18,4,3,2,True,[45],[],False,False,True,False,False
v1__scene_translate_v03__L2__C4_D4__r02_s28102,scene_translate_v03,TRANSLATE,C4,D4,28102,18,4,3,2,True,[45],[],False,False,True,False,False
v1__scene_translate_v03__L2__C4_D4__r03_s28103,scene_translate_v03,TRANSLATE,C4,D4,28103,18,4,3,2,True,[45],[],False,False,True,False,False
v1__scene_translate_v03__L2__C4_D4__r04_s28104,scene_translate_v03,TRANSLATE,C4,D4,28104,18,4,3,2,True,[45],[],False,False,True,False,False
v1__scene_translate_v03__L2__C4_D4__r05_s28105,scene_translate_v03,TRANSLATE,C4,D4,28105,18,4,3,2,True,[45],[],False,False,True,False,False
v1__scene_translate_v03__L2__C4_D8__r01_s28101,scene_translate_v03,TRANSLATE,C4,D8,28101,18,4,3,2,True,[45],[],False,False,True,False,False
v1__scene_translate_v03__L2__C4_D8__r02_s28102,scene_translate_v03,TRANSLATE,C4,D8,28102,18,4,3,1,True,[45],"[39, 41, 45]",False,False,True,True,True
v1__scene_translate_v03__L2__C4_D8__r03_s28103,scene_translate_v03,TRANSLATE,C4,D8,28103,18,4,3,1,True,[45],"[39, 41, 45]",False,False,True,True,True
v1__scene_translate_v03__L2__C4_D8__r04_s28104,scene_translate_v03,TRANSLATE,C4,D8,28104,18,4,3,1,True,[45],"[39, 41, 45]",False,False,True,True,True
v1__scene_translate_v03__L2__C4_D8__r05_s28105,scene_translate_v03,TRANSLATE,C4,D8,28105,18,4,3,2,True,[45],[],False,False,True,False,False
v1__scene_translate_v03__L2__C5_D4__r01_s28101,scene_translate_v03,TRANSLATE,C5,D4,28101,18,4,3,1,True,[45],"[39, 41, 45]",False,False,True,True,True
v1__scene_translate_v03__L2__C5_D4__r02_s28102,scene_translate_v03,TRANSLATE,C5,D4,28102,18,4,3,1,True,[45],"[39, 41, 45]",False,False,True,True,True
v1__scene_translate_v03__L2__C5_D4__r03_s28103,scene_translate_v03,TRANSLATE,C5,D4,28103,18,4,3,1,True,[45],"[39, 41, 45]",False,False,True,True,True
v1__scene_translate_v03__L2__C5_D4__r04_s28104,scene_translate_v03,TRANSLATE,C5,D4,28104,18,4,3,1,True,[45],"[39, 41, 45]",False,False,True,True,True
v1__scene_translate_v03__L2__C5_D4__r05_s28105,scene_translate_v03,TRANSLATE,C5,D4,28105,18,4,3,1,True,[45],"[39, 41, 45]",False,False,True,True,True
v1__scene_translate_v03__L2__C5_D8__r01_s28101,scene_translate_v03,TRANSLATE,C5,D8,28101,18,4,3,2,True,[45],[],False,False,True,False,False
v1__scene_translate_v03__L2__C5_D8__r02_s28102,scene_translate_v03,TRANSLATE,C5,D8,28102,18,4,3,1,True,[45],"[39, 41, 45]",False,False,True,True,True
v1__scene_translate_v03__L2__C5_D8__r03_s28103,scene_translate_v03,TRANSLATE,C5,D8,28103,18,4,3,1,True,[45],"[39, 41, 45]",False,False,True,True,True
v1__scene_translate_v03__L2__C5_D8__r04_s28104,scene_translate_v03,TRANSLATE,C5,D8,28104,18,4,3,1,True,[45],"[39, 41, 45]",False,False,True,True,True
v1__scene_translate_v03__L2__C5_D8__r05_s28105,scene_translate_v03,TRANSLATE,C5,D8,28105,18,4,3,2,True,[45],[],False,False,True,False,False
v1__scene_translate_v03__L2__C6_D4__r01_s28101,scene_translate_v03,TRANSLATE,C6,D4,28101,18,4,3,2,True,[45],[],False,False,True,False,False
v1__scene_translate_v03__L2__C6_D4__r02_s28102,scene_translate_v03,TRANSLATE,C6,D4,28102,18,4,3,1,True,[45],"[39, 41, 45]",False,False,True,True,True
v1__scene_translate_v03__L2__C6_D4__r03_s28103,scene_translate_v03,TRANSLATE,C6,D4,28103,18,4,3,2,True,[45],[],False,False,True,False,False
v1__scene_translate_v03__L2__C6_D4__r04_s28104,scene_translate_v03,TRANSLATE,C6,D4,28104,18,4,3,1,True,[45],"[39, 41, 45]",False,False,True,True,True
v1__scene_translate_v03__L2__C6_D4__r05_s28105,scene_translate_v03,TRANSLATE,C6,D4,28105,18,4,3,1,True,[45],"[39, 41, 45]",False,False,True,True,True
v1__scene_translate_v03__L2__C6_D8__r01_s28101,scene_translate_v03,TRANSLATE,C6,D8,28101,18,4,3,1,True,[45],"[39, 41, 45]",False,False,True,True,True
v1__scene_translate_v03__L2__C6_D8__r02_s28102,scene_translate_v03,TRANSLATE,C6,D8,28102,18,4,3,1,True,[45],"[39, 41, 45]",False,False,True,True,True
v1__scene_translate_v03__L2__C6_D8__r03_s28103,scene_translate_v03,TRANSLATE,C6,D8,28103,18,4,3,1,True,[45],"[39, 41, 45]",False,False,True,True,True
v1__scene_translate_v03__L2__C6_D8__r04_s28104,scene_translate_v03,TRANSLATE,C6,D8,28104,18,4,3,1,True,[45],"[39, 41, 45]",False,False,True,True,True
v1__scene_translate_v03__L2__C6_D8__r05_s28105,scene_translate_v03,TRANSLATE,C6,D8,28105,18,4,3,1,True,[45],"[39, 41, 45]",False,False,True,True,True
v1__scene_translate_v04__L2__C0_NA__r01_s28101,scene_translate_v04,TRANSLATE,C0,,28101,13,4,3,2,True,[84],[],False,False,True,False,False
v1__scene_translate_v04__L2__C0_NA__r02_s28102,scene_translate_v04,TRANSLATE,C0,,28102,13,4,3,3,True,[84],[84],True,True,True,True,True
v1__scene_translate_v04__L2__C0_NA__r03_s28103,scene_translate_v04,TRANSLATE,C0,,28103,13,4,3,3,True,[84],[84],True,True,True,True,True
v1__scene_translate_v04__L2__C0_NA__r04_s28104,scene_translate_v04,TRANSLATE,C0,,28104,13,4,3,2,True,[84],[],False,False,True,False,False
v1__scene_translate_v04__L2__C0_NA__r05_s28105,scene_translate_v04,TRANSLATE,C0,,28105,13,4,3,3,True,[84],[84],True,True,True,True,True
v1__scene_translate_v04__L2__C1_NA__r01_s28101,scene_translate_v04,TRANSLATE,C1,,28101,13,4,3,2,True,[84],[],False,False,True,False,False
v1__scene_translate_v04__L2__C1_NA__r02_s28102,scene_translate_v04,TRANSLATE,C1,,28102,13,4,3,3,True,[84],[84],True,True,True,True,True
v1__scene_translate_v04__L2__C1_NA__r03_s28103,scene_translate_v04,TRANSLATE,C1,,28103,13,4,3,2,True,[84],[],False,False,True,False,False
v1__scene_translate_v04__L2__C1_NA__r04_s28104,scene_translate_v04,TRANSLATE,C1,,28104,13,4,3,2,True,[84],[],False,False,True,False,False
v1__scene_translate_v04__L2__C1_NA__r05_s28105,scene_translate_v04,TRANSLATE,C1,,28105,13,4,3,3,True,[84],[84],True,True,True,True,True
v1__scene_translate_v04__L2__C2_D4__r01_s28101,scene_translate_v04,TRANSLATE,C2,D4,28101,13,4,3,3,True,[84],[84],True,True,True,True,True
v1__scene_translate_v04__L2__C2_D4__r02_s28102,scene_translate_v04,TRANSLATE,C2,D4,28102,13,4,3,3,True,[84],[84],True,True,True,True,True
v1__scene_translate_v04__L2__C2_D4__r03_s28103,scene_translate_v04,TRANSLATE,C2,D4,28103,13,4,3,3,True,[84],[84],True,True,True,True,True
v1__scene_translate_v04__L2__C2_D4__r04_s28104,scene_translate_v04,TRANSLATE,C2,D4,28104,13,4,3,3,True,[84],[84],True,True,True,True,True
v1__scene_translate_v04__L2__C2_D4__r05_s28105,scene_translate_v04,TRANSLATE,C2,D4,28105,13,4,3,3,True,[84],[84],True,True,True,True,True
v1__scene_translate_v04__L2__C2_D8__r01_s28101,scene_translate_v04,TRANSLATE,C2,D8,28101,13,4,3,3,True,[84],[84],True,True,True,True,True
v1__scene_translate_v04__L2__C2_D8__r02_s28102,scene_translate_v04,TRANSLATE,C2,D8,28102,13,4,3,3,True,[84],[84],True,True,True,True,True
v1__scene_translate_v04__L2__C2_D8__r03_s28103,scene_translate_v04,TRANSLATE,C2,D8,28103,13,4,3,3,True,[84],[84],True,True,True,True,True
v1__scene_translate_v04__L2__C2_D8__r04_s28104,scene_translate_v04,TRANSLATE,C2,D8,28104,13,4,3,3,True,[84],[84],True,True,True,True,True
v1__scene_translate_v04__L2__C2_D8__r05_s28105,scene_translate_v04,TRANSLATE,C2,D8,28105,13,4,3,3,True,[84],[84],True,True,True,True,True
v1__scene_translate_v04__L2__C3_D4__r01_s28101,scene_translate_v04,TRANSLATE,C3,D4,28101,13,4,3,2,True,[84],[],False,False,True,False,False
v1__scene_translate_v04__L2__C3_D4__r02_s28102,scene_translate_v04,TRANSLATE,C3,D4,28102,13,4,3,2,True,[84],[],False,False,True,False,False
v1__scene_translate_v04__L2__C3_D4__r03_s28103,scene_translate_v04,TRANSLATE,C3,D4,28103,13,4,3,2,True,[84],[],False,False,True,False,False
v1__scene_translate_v04__L2__C3_D4__r04_s28104,scene_translate_v04,TRANSLATE,C3,D4,28104,13,4,3,2,True,[84],[],False,False,True,False,False
v1__scene_translate_v04__L2__C3_D4__r05_s28105,scene_translate_v04,TRANSLATE,C3,D4,28105,13,4,3,2,True,[84],[],False,False,True,False,False
v1__scene_translate_v04__L2__C3_D8__r01_s28101,scene_translate_v04,TRANSLATE,C3,D8,28101,13,4,3,3,True,[84],[84],True,True,True,True,True
v1__scene_translate_v04__L2__C3_D8__r02_s28102,scene_translate_v04,TRANSLATE,C3,D8,28102,13,4,3,3,True,[84],[84],True,True,True,True,True
v1__scene_translate_v04__L2__C3_D8__r03_s28103,scene_translate_v04,TRANSLATE,C3,D8,28103,13,4,3,3,True,[84],[84],True,True,True,True,True
v1__scene_translate_v04__L2__C3_D8__r04_s28104,scene_translate_v04,TRANSLATE,C3,D8,28104,13,4,3,3,True,[84],[84],True,True,True,True,True
v1__scene_translate_v04__L2__C3_D8__r05_s28105,scene_translate_v04,TRANSLATE,C3,D8,28105,13,4,3,3,True,[84],[84],True,True,True,True,True
v1__scene_translate_v04__L2__C4_D4__r01_s28101,scene_translate_v04,TRANSLATE,C4,D4,28101,13,4,3,2,True,[84],[],False,False,True,False,False
v1__scene_translate_v04__L2__C4_D4__r02_s28102,scene_translate_v04,TRANSLATE,C4,D4,28102,13,4,3,2,True,[84],[],False,False,True,False,False
v1__scene_translate_v04__L2__C4_D4__r03_s28103,scene_translate_v04,TRANSLATE,C4,D4,28103,13,4,3,2,True,[84],[],False,False,True,False,False
v1__scene_translate_v04__L2__C4_D4__r04_s28104,scene_translate_v04,TRANSLATE,C4,D4,28104,13,4,3,2,True,[84],[],False,False,True,False,False
v1__scene_translate_v04__L2__C4_D4__r05_s28105,scene_translate_v04,TRANSLATE,C4,D4,28105,13,4,3,2,True,[84],[],False,False,True,False,False
v1__scene_translate_v04__L2__C4_D8__r01_s28101,scene_translate_v04,TRANSLATE,C4,D8,28101,13,4,3,3,True,[84],[84],True,True,True,True,True
v1__scene_translate_v04__L2__C4_D8__r02_s28102,scene_translate_v04,TRANSLATE,C4,D8,28102,13,4,3,2,True,[84],"[41, 84]",False,False,True,True,True
v1__scene_translate_v04__L2__C4_D8__r03_s28103,scene_translate_v04,TRANSLATE,C4,D8,28103,13,4,3,3,True,[84],[84],True,True,True,True,True
v1__scene_translate_v04__L2__C4_D8__r04_s28104,scene_translate_v04,TRANSLATE,C4,D8,28104,13,4,3,2,True,[84],"[41, 84]",False,False,True,True,True
v1__scene_translate_v04__L2__C4_D8__r05_s28105,scene_translate_v04,TRANSLATE,C4,D8,28105,13,4,3,2,True,[84],"[41, 84]",False,False,True,True,True
v1__scene_translate_v04__L2__C5_D4__r01_s28101,scene_translate_v04,TRANSLATE,C5,D4,28101,13,4,3,3,True,[84],[84],True,True,True,True,True
v1__scene_translate_v04__L2__C5_D4__r02_s28102,scene_translate_v04,TRANSLATE,C5,D4,28102,13,4,3,3,True,[84],[84],True,True,True,True,True
v1__scene_translate_v04__L2__C5_D4__r03_s28103,scene_translate_v04,TRANSLATE,C5,D4,28103,13,4,3,3,True,[84],[84],True,True,True,True,True
v1__scene_translate_v04__L2__C5_D4__r04_s28104,scene_translate_v04,TRANSLATE,C5,D4,28104,13,4,3,3,True,[84],[84],True,True,True,True,True
v1__scene_translate_v04__L2__C5_D4__r05_s28105,scene_translate_v04,TRANSLATE,C5,D4,28105,13,4,3,2,True,[84],"[41, 84]",False,False,True,True,True
v1__scene_translate_v04__L2__C5_D8__r01_s28101,scene_translate_v04,TRANSLATE,C5,D8,28101,13,4,3,2,True,[84],"[41, 84]",False,False,True,True,True
v1__scene_translate_v04__L2__C5_D8__r02_s28102,scene_translate_v04,TRANSLATE,C5,D8,28102,13,4,3,2,True,[84],"[41, 84]",False,False,True,True,True
v1__scene_translate_v04__L2__C5_D8__r03_s28103,scene_translate_v04,TRANSLATE,C5,D8,28103,13,4,3,1,True,[84],"[41, 77, 84]",False,False,True,True,True
v1__scene_translate_v04__L2__C5_D8__r04_s28104,scene_translate_v04,TRANSLATE,C5,D8,28104,13,4,3,2,True,[84],"[41, 84]",False,False,True,True,True
v1__scene_translate_v04__L2__C5_D8__r05_s28105,scene_translate_v04,TRANSLATE,C5,D8,28105,13,4,3,1,True,[84],"[41, 77, 84]",False,False,True,True,True
v1__scene_translate_v04__L2__C6_D4__r01_s28101,scene_translate_v04,TRANSLATE,C6,D4,28101,13,4,3,3,True,[84],[84],True,True,True,True,True
v1__scene_translate_v04__L2__C6_D4__r02_s28102,scene_translate_v04,TRANSLATE,C6,D4,28102,13,4,3,3,True,[84],[84],True,True,True,True,True
v1__scene_translate_v04__L2__C6_D4__r03_s28103,scene_translate_v04,TRANSLATE,C6,D4,28103,13,4,3,3,True,[84],[84],True,True,True,True,True
v1__scene_translate_v04__L2__C6_D4__r04_s28104,scene_translate_v04,TRANSLATE,C6,D4,28104,13,4,3,1,True,[84],"[41, 77, 84]",False,False,True,True,True
v1__scene_translate_v04__L2__C6_D4__r05_s28105,scene_translate_v04,TRANSLATE,C6,D4,28105,13,4,3,3,True,[84],[84],True,True,True,True,True
v1__scene_translate_v04__L2__C6_D8__r01_s28101,scene_translate_v04,TRANSLATE,C6,D8,28101,13,4,3,3,True,[84],[84],True,True,True,True,True
v1__scene_translate_v04__L2__C6_D8__r02_s28102,scene_translate_v04,TRANSLATE,C6,D8,28102,13,4,3,2,True,[84],"[41, 84]",False,False,True,True,True
v1__scene_translate_v04__L2__C6_D8__r03_s28103,scene_translate_v04,TRANSLATE,C6,D8,28103,13,4,3,3,True,[84],[84],True,True,True,True,True
v1__scene_translate_v04__L2__C6_D8__r04_s28104,scene_translate_v04,TRANSLATE,C6,D8,28104,13,4,3,2,True,[84],"[41, 84]",False,False,True,True,True
v1__scene_translate_v04__L2__C6_D8__r05_s28105,scene_translate_v04,TRANSLATE,C6,D8,28105,13,4,3,3,True,[84],[84],True,True,True,True,True
v1__scene_translate_v05__L2__C0_NA__r01_s28101,scene_translate_v05,TRANSLATE,C0,,28101,54,5,4,3,True,[79],[],False,False,True,False,False
v1__scene_translate_v05__L2__C0_NA__r02_s28102,scene_translate_v05,TRANSLATE,C0,,28102,54,5,4,3,True,[79],[],False,False,True,False,False
v1__scene_translate_v05__L2__C0_NA__r03_s28103,scene_translate_v05,TRANSLATE,C0,,28103,54,5,4,3,True,[79],[],False,False,True,False,False
v1__scene_translate_v05__L2__C0_NA__r04_s28104,scene_translate_v05,TRANSLATE,C0,,28104,54,5,4,3,True,[79],[],False,False,True,False,False
v1__scene_translate_v05__L2__C0_NA__r05_s28105,scene_translate_v05,TRANSLATE,C0,,28105,54,5,4,3,True,[79],[],False,False,True,False,False
v1__scene_translate_v05__L2__C1_NA__r01_s28101,scene_translate_v05,TRANSLATE,C1,,28101,54,5,4,3,True,[79],[],False,False,True,False,False
v1__scene_translate_v05__L2__C1_NA__r02_s28102,scene_translate_v05,TRANSLATE,C1,,28102,54,5,4,3,True,[79],[],False,False,True,False,False
v1__scene_translate_v05__L2__C1_NA__r03_s28103,scene_translate_v05,TRANSLATE,C1,,28103,54,5,4,3,True,[79],[],False,False,True,False,False
v1__scene_translate_v05__L2__C1_NA__r04_s28104,scene_translate_v05,TRANSLATE,C1,,28104,54,5,4,3,True,[79],[],False,False,True,False,False
v1__scene_translate_v05__L2__C1_NA__r05_s28105,scene_translate_v05,TRANSLATE,C1,,28105,54,5,4,3,True,[79],[],False,False,True,False,False
v1__scene_translate_v05__L2__C2_D4__r01_s28101,scene_translate_v05,TRANSLATE,C2,D4,28101,54,5,4,3,True,[79],[],False,False,True,False,False
v1__scene_translate_v05__L2__C2_D4__r02_s28102,scene_translate_v05,TRANSLATE,C2,D4,28102,54,5,4,3,True,[79],[],False,False,True,False,False
v1__scene_translate_v05__L2__C2_D4__r03_s28103,scene_translate_v05,TRANSLATE,C2,D4,28103,54,5,4,3,True,[79],[],False,False,True,False,False
v1__scene_translate_v05__L2__C2_D4__r04_s28104,scene_translate_v05,TRANSLATE,C2,D4,28104,54,5,4,3,True,[79],[],False,False,True,False,False
v1__scene_translate_v05__L2__C2_D4__r05_s28105,scene_translate_v05,TRANSLATE,C2,D4,28105,54,5,4,3,True,[79],[],False,False,True,False,False
v1__scene_translate_v05__L2__C2_D8__r01_s28101,scene_translate_v05,TRANSLATE,C2,D8,28101,54,5,4,3,True,[79],[],False,False,True,False,False
v1__scene_translate_v05__L2__C2_D8__r02_s28102,scene_translate_v05,TRANSLATE,C2,D8,28102,54,5,4,3,True,[79],[],False,False,True,False,False
v1__scene_translate_v05__L2__C2_D8__r03_s28103,scene_translate_v05,TRANSLATE,C2,D8,28103,54,5,4,3,True,[79],[],False,False,True,False,False
v1__scene_translate_v05__L2__C2_D8__r04_s28104,scene_translate_v05,TRANSLATE,C2,D8,28104,54,5,4,3,True,[79],[],False,False,True,False,False
v1__scene_translate_v05__L2__C2_D8__r05_s28105,scene_translate_v05,TRANSLATE,C2,D8,28105,54,5,4,3,True,[79],[],False,False,True,False,False
v1__scene_translate_v05__L2__C3_D4__r01_s28101,scene_translate_v05,TRANSLATE,C3,D4,28101,54,5,4,3,True,[79],[],False,False,True,False,False
v1__scene_translate_v05__L2__C3_D4__r02_s28102,scene_translate_v05,TRANSLATE,C3,D4,28102,54,5,4,3,True,[79],[],False,False,True,False,False
v1__scene_translate_v05__L2__C3_D4__r03_s28103,scene_translate_v05,TRANSLATE,C3,D4,28103,54,5,4,3,True,[79],[],False,False,True,False,False
v1__scene_translate_v05__L2__C3_D4__r04_s28104,scene_translate_v05,TRANSLATE,C3,D4,28104,54,5,4,3,True,[79],[],False,False,True,False,False
v1__scene_translate_v05__L2__C3_D4__r05_s28105,scene_translate_v05,TRANSLATE,C3,D4,28105,54,5,4,3,True,[79],[],False,False,True,False,False
v1__scene_translate_v05__L2__C3_D8__r01_s28101,scene_translate_v05,TRANSLATE,C3,D8,28101,54,5,4,3,True,[79],[],False,False,True,False,False
v1__scene_translate_v05__L2__C3_D8__r02_s28102,scene_translate_v05,TRANSLATE,C3,D8,28102,54,5,4,3,True,[79],[],False,False,True,False,False
v1__scene_translate_v05__L2__C3_D8__r03_s28103,scene_translate_v05,TRANSLATE,C3,D8,28103,54,5,4,3,True,[79],[],False,False,True,False,False
v1__scene_translate_v05__L2__C3_D8__r04_s28104,scene_translate_v05,TRANSLATE,C3,D8,28104,54,5,4,3,True,[79],[],False,False,True,False,False
v1__scene_translate_v05__L2__C3_D8__r05_s28105,scene_translate_v05,TRANSLATE,C3,D8,28105,54,5,4,3,True,[79],[],False,False,True,False,False
v1__scene_translate_v05__L2__C4_D4__r01_s28101,scene_translate_v05,TRANSLATE,C4,D4,28101,54,5,4,3,True,[79],[],False,False,True,False,False
v1__scene_translate_v05__L2__C4_D4__r02_s28102,scene_translate_v05,TRANSLATE,C4,D4,28102,54,5,4,3,True,[79],[],False,False,True,False,False
v1__scene_translate_v05__L2__C4_D4__r03_s28103,scene_translate_v05,TRANSLATE,C4,D4,28103,54,5,4,3,True,[79],[],False,False,True,False,False
v1__scene_translate_v05__L2__C4_D4__r04_s28104,scene_translate_v05,TRANSLATE,C4,D4,28104,54,5,4,3,True,[79],[],False,False,True,False,False
v1__scene_translate_v05__L2__C4_D4__r05_s28105,scene_translate_v05,TRANSLATE,C4,D4,28105,54,5,4,3,True,[79],[],False,False,True,False,False
v1__scene_translate_v05__L2__C4_D8__r01_s28101,scene_translate_v05,TRANSLATE,C4,D8,28101,54,5,4,3,True,[79],[],False,False,True,False,False
v1__scene_translate_v05__L2__C4_D8__r02_s28102,scene_translate_v05,TRANSLATE,C4,D8,28102,54,5,4,3,True,[79],[],False,False,True,False,False
v1__scene_translate_v05__L2__C4_D8__r03_s28103,scene_translate_v05,TRANSLATE,C4,D8,28103,54,5,4,3,True,[79],[],False,False,True,False,False
v1__scene_translate_v05__L2__C4_D8__r04_s28104,scene_translate_v05,TRANSLATE,C4,D8,28104,54,5,4,3,True,[79],[],False,False,True,False,False
v1__scene_translate_v05__L2__C4_D8__r05_s28105,scene_translate_v05,TRANSLATE,C4,D8,28105,54,5,4,3,True,[79],[],False,False,True,False,False
v1__scene_translate_v05__L2__C5_D4__r01_s28101,scene_translate_v05,TRANSLATE,C5,D4,28101,54,5,4,3,True,[79],[],False,False,True,False,False
v1__scene_translate_v05__L2__C5_D4__r02_s28102,scene_translate_v05,TRANSLATE,C5,D4,28102,54,5,4,3,True,[79],[],False,False,True,False,False
v1__scene_translate_v05__L2__C5_D4__r03_s28103,scene_translate_v05,TRANSLATE,C5,D4,28103,54,5,4,3,True,[79],[],False,False,True,False,False
v1__scene_translate_v05__L2__C5_D4__r04_s28104,scene_translate_v05,TRANSLATE,C5,D4,28104,54,5,4,3,True,[79],[],False,False,True,False,False
v1__scene_translate_v05__L2__C5_D4__r05_s28105,scene_translate_v05,TRANSLATE,C5,D4,28105,54,5,4,3,True,[79],[],False,False,True,False,False
v1__scene_translate_v05__L2__C5_D8__r01_s28101,scene_translate_v05,TRANSLATE,C5,D8,28101,54,5,4,3,True,[79],[],False,False,True,False,False
v1__scene_translate_v05__L2__C5_D8__r02_s28102,scene_translate_v05,TRANSLATE,C5,D8,28102,54,5,4,4,True,[79],[79],True,True,True,True,True
v1__scene_translate_v05__L2__C5_D8__r03_s28103,scene_translate_v05,TRANSLATE,C5,D8,28103,54,5,4,3,True,[79],[],False,False,True,False,False
v1__scene_translate_v05__L2__C5_D8__r04_s28104,scene_translate_v05,TRANSLATE,C5,D8,28104,54,5,4,3,True,[79],[],False,False,True,False,False
v1__scene_translate_v05__L2__C5_D8__r05_s28105,scene_translate_v05,TRANSLATE,C5,D8,28105,54,5,4,3,True,[79],[],False,False,True,False,False
v1__scene_translate_v05__L2__C6_D4__r01_s28101,scene_translate_v05,TRANSLATE,C6,D4,28101,54,5,4,3,True,[79],[],False,False,True,False,False
v1__scene_translate_v05__L2__C6_D4__r02_s28102,scene_translate_v05,TRANSLATE,C6,D4,28102,54,5,4,3,True,[79],[],False,False,True,False,False
v1__scene_translate_v05__L2__C6_D4__r03_s28103,scene_translate_v05,TRANSLATE,C6,D4,28103,54,5,4,3,True,[79],[],False,False,True,False,False
v1__scene_translate_v05__L2__C6_D4__r04_s28104,scene_translate_v05,TRANSLATE,C6,D4,28104,54,5,4,3,True,[79],[],False,False,True,False,False
v1__scene_translate_v05__L2__C6_D4__r05_s28105,scene_translate_v05,TRANSLATE,C6,D4,28105,54,5,4,3,True,[79],[],False,False,True,False,False
v1__scene_translate_v05__L2__C6_D8__r01_s28101,scene_translate_v05,TRANSLATE,C6,D8,28101,54,5,4,3,True,[79],[],False,False,True,False,False
v1__scene_translate_v05__L2__C6_D8__r02_s28102,scene_translate_v05,TRANSLATE,C6,D8,28102,54,5,4,3,True,[79],[],False,False,True,False,False
v1__scene_translate_v05__L2__C6_D8__r03_s28103,scene_translate_v05,TRANSLATE,C6,D8,28103,54,5,4,3,True,[79],[],False,False,True,False,False
v1__scene_translate_v05__L2__C6_D8__r04_s28104,scene_translate_v05,TRANSLATE,C6,D8,28104,54,5,4,3,True,[79],[],False,False,True,False,False
v1__scene_translate_v05__L2__C6_D8__r05_s28105,scene_translate_v05,TRANSLATE,C6,D8,28105,54,5,4,3,True,[79],[],False,False,True,False,False
