run_id,scene_id,scene_family,condition,resolution,condition_name,seed,target_id,truth_id,predicted_id,truth_has_blocker,predicted_has_blocker,presence_correct,exact,numbered_rgb
v1__scene_fc_blocked_v01__L2__C0_NA__r01_s28101,scene_fc_blocked_v01,FC_BLOCKED,C0,,Numbered RGB only,28101,64,,40,False,True,False,False,images/numbered_rgb/scene_fc_blocked_v01.png
v1__scene_fc_blocked_v01__L2__C0_NA__r02_s28102,scene_fc_blocked_v01,FC_BLOCKED,C0,,Numbered RGB only,28102,64,,40,False,True,False,False,images/numbered_rgb/scene_fc_blocked_v01.png
v1__scene_fc_blocked_v01__L2__C0_NA__r03_s28103,scene_fc_blocked_v01,FC_BLOCKED,C0,,Numbered RGB only,28103,64,,40,False,True,False,False,images/numbered_rgb/scene_fc_blocked_v01.png
v1__scene_fc_blocked_v01__L2__C0_NA__r04_s28104,scene_fc_blocked_v01,FC_BLOCKED,C0,,Numbered RGB only,28104,64,,40,False,True,False,False,images/numbered_rgb/scene_fc_blocked_v01.png
v1__scene_fc_blocked_v01__L2__C0_NA__r05_s28105,scene_fc_blocked_v01,FC_BLOCKED,C0,,Numbered RGB only,28105,64,,40,False,True,False,False,images/numbered_rgb/scene_fc_blocked_v01.png
v1__scene_fc_blocked_v01__L2__C1_NA__r01_s28101,scene_fc_blocked_v01,FC_BLOCKED,C1,,R Numeric,28101,64,,40,False,True,False,False,images/numbered_rgb/scene_fc_blocked_v01.png
v1__scene_fc_blocked_v01__L2__C1_NA__r02_s28102,scene_fc_blocked_v01,FC_BLOCKED,C1,,R Numeric,28102,64,,40,False,True,False,False,images/numbered_rgb/scene_fc_blocked_v01.png
v1__scene_fc_blocked_v01__L2__C1_NA__r03_s28103,scene_fc_blocked_v01,FC_BLOCKED,C1,,R Numeric,28103,64,,40,False,True,False,False,images/numbered_rgb/scene_fc_blocked_v01.png
v1__scene_fc_blocked_v01__L2__C1_NA__r04_s28104,scene_fc_blocked_v01,FC_BLOCKED,C1,,R Numeric,28104,64,,40,False,True,False,False,images/numbered_rgb/scene_fc_blocked_v01.png
v1__scene_fc_blocked_v01__L2__C1_NA__r05_s28105,scene_fc_blocked_v01,FC_BLOCKED,C1,,R Numeric,28105,64,,40,False,True,False,False,images/numbered_rgb/scene_fc_blocked_v01.png
v1__scene_fc_blocked_v01__L2__C2_D4__r01_s28101,scene_fc_blocked_v01,FC_BLOCKED,C2,D4,R Qualitative D4,28101,64,,40,False,True,False,False,images/numbered_rgb/scene_fc_blocked_v01.png
v1__scene_fc_blocked_v01__L2__C2_D4__r02_s28102,scene_fc_blocked_v01,FC_BLOCKED,C2,D4,R Qualitative D4,28102,64,,40,False,True,False,False,images/numbered_rgb/scene_fc_blocked_v01.png
v1__scene_fc_blocked_v01__L2__C2_D4__r03_s28103,scene_fc_blocked_v01,FC_BLOCKED,C2,D4,R Qualitative D4,28103,64,,40,False,True,False,False,images/numbered_rgb/scene_fc_blocked_v01.png
v1__scene_fc_blocked_v01__L2__C2_D4__r04_s28104,scene_fc_blocked_v01,FC_BLOCKED,C2,D4,R Qualitative D4,28104,64,,40,False,True,False,False,images/numbered_rgb/scene_fc_blocked_v01.png
v1__scene_fc_blocked_v01__L2__C2_D4__r05_s28105,scene_fc_blocked_v01,FC_BLOCKED,C2,D4,R Qualitative D4,28105,64,,40,False,True,False,False,images/numbered_rgb/scene_fc_blocked_v01.png
v1__scene_fc_blocked_v01__L2__C2_D8__r01_s28101,scene_fc_blocked_v01,FC_BLOCKED,C2,D8,R Qualitative D8,28101,64,,40,False,True,False,False,images/numbered_rgb/scene_fc_blocked_v01.png
v1__scene_fc_blocked_v01__L2__C2_D8__r02_s28102,scene_fc_blocked_v01,FC_BLOCKED,C2,D8,R Qualitative D8,28102,64,,40,False,True,False,False,images/numbered_rgb/scene_fc_blocked_v01.png
v1__scene_fc_blocked_v01__L2__C2_D8__r03_s28103,scene_fc_blocked_v01,FC_BLOCKED,C2,D8,R Qualitative D8,28103,64,,40,False,True,False,False,images/numbered_rgb/scene_fc_blocked_v01.png
v1__scene_fc_blocked_v01__L2__C2_D8__r04_s28104,scene_fc_blocked_v01,FC_BLOCKED,C2,D8,R Qualitative D8,28104,64,,40,False,True,False,False,images/numbered_rgb/scene_fc_blocked_v01.png
v1__scene_fc_blocked_v01__L2__C2_D8__r05_s28105,scene_fc_blocked_v01,FC_BLOCKED,C2,D8,R Qualitative D8,28105,64,,40,False,True,False,False,images/numbered_rgb/scene_fc_blocked_v01.png
v1__scene_fc_blocked_v01__L2__C3_D4__r01_s28101,scene_fc_blocked_v01,FC_BLOCKED,C3,D4,F Numeric D4,28101,64,,40,False,True,False,False,images/numbered_rgb/scene_fc_blocked_v01.png
v1__scene_fc_blocked_v01__L2__C3_D4__r02_s28102,scene_fc_blocked_v01,FC_BLOCKED,C3,D4,F Numeric D4,28102,64,,40,False,True,False,False,images/numbered_rgb/scene_fc_blocked_v01.png
v1__scene_fc_blocked_v01__L2__C3_D4__r03_s28103,scene_fc_blocked_v01,FC_BLOCKED,C3,D4,F Numeric D4,28103,64,,40,False,True,False,False,images/numbered_rgb/scene_fc_blocked_v01.png
v1__scene_fc_blocked_v01__L2__C3_D4__r04_s28104,scene_fc_blocked_v01,FC_BLOCKED,C3,D4,F Numeric D4,28104,64,,40,False,True,False,False,images/numbered_rgb/scene_fc_blocked_v01.png
v1__scene_fc_blocked_v01__L2__C3_D4__r05_s28105,scene_fc_blocked_v01,FC_BLOCKED,C3,D4,F Numeric D4,28105,64,,40,False,True,False,False,images/numbered_rgb/scene_fc_blocked_v01.png
v1__scene_fc_blocked_v01__L2__C3_D8__r01_s28101,scene_fc_blocked_v01,FC_BLOCKED,C3,D8,F Numeric D8,28101,64,,40,False,True,False,False,images/numbered_rgb/scene_fc_blocked_v01.png
v1__scene_fc_blocked_v01__L2__C3_D8__r02_s28102,scene_fc_blocked_v01,FC_BLOCKED,C3,D8,F Numeric D8,28102,64,,40,False,True,False,False,images/numbered_rgb/scene_fc_blocked_v01.png
v1__scene_fc_blocked_v01__L2__C3_D8__r03_s28103,scene_fc_blocked_v01,FC_BLOCKED,C3,D8,F Numeric D8,28103,64,,40,False,True,False,False,images/numbered_rgb/scene_fc_blocked_v01.png
v1__scene_fc_blocked_v01__L2__C3_D8__r04_s28104,scene_fc_blocked_v01,FC_BLOCKED,C3,D8,F Numeric D8,28104,64,,40,False,True,False,False,images/numbered_rgb/scene_fc_blocked_v01.png
v1__scene_fc_blocked_v01__L2__C3_D8__r05_s28105,scene_fc_blocked_v01,FC_BLOCKED,C3,D8,F Numeric D8,28105,64,,40,False,True,False,False,images/numbered_rgb/scene_fc_blocked_v01.png
v1__scene_fc_blocked_v01__L2__C4_D4__r01_s28101,scene_fc_blocked_v01,FC_BLOCKED,C4,D4,F Qualitative D4,28101,64,,40,False,True,False,False,images/numbered_rgb/scene_fc_blocked_v01.png
v1__scene_fc_blocked_v01__L2__C4_D4__r02_s28102,scene_fc_blocked_v01,FC_BLOCKED,C4,D4,F Qualitative D4,28102,64,,40,False,True,False,False,images/numbered_rgb/scene_fc_blocked_v01.png
v1__scene_fc_blocked_v01__L2__C4_D4__r03_s28103,scene_fc_blocked_v01,FC_BLOCKED,C4,D4,F Qualitative D4,28103,64,,40,False,True,False,False,images/numbered_rgb/scene_fc_blocked_v01.png
v1__scene_fc_blocked_v01__L2__C4_D4__r04_s28104,scene_fc_blocked_v01,FC_BLOCKED,C4,D4,F Qualitative D4,28104,64,,40,False,True,False,False,images/numbered_rgb/scene_fc_blocked_v01.png
v1__scene_fc_blocked_v01__L2__C4_D4__r05_s28105,scene_fc_blocked_v01,FC_BLOCKED,C4,D4,F Qualitative D4,28105,64,,40,False,True,False,False,images/numbered_rgb/scene_fc_blocked_v01.png
v1__scene_fc_blocked_v01__L2__C4_D8__r01_s28101,scene_fc_blocked_v01,FC_BLOCKED,C4,D8,F Qualitative D8,28101,64,,40,False,True,False,False,images/numbered_rgb/scene_fc_blocked_v01.png
v1__scene_fc_blocked_v01__L2__C4_D8__r02_s28102,scene_fc_blocked_v01,FC_BLOCKED,C4,D8,F Qualitative D8,28102,64,,40,False,True,False,False,images/numbered_rgb/scene_fc_blocked_v01.png
v1__scene_fc_blocked_v01__L2__C4_D8__r03_s28103,scene_fc_blocked_v01,FC_BLOCKED,C4,D8,F Qualitative D8,28103,64,,40,False,True,False,False,images/numbered_rgb/scene_fc_blocked_v01.png
v1__scene_fc_blocked_v01__L2__C4_D8__r04_s28104,scene_fc_blocked_v01,FC_BLOCKED,C4,D8,F Qualitative D8,28104,64,,40,False,True,False,False,images/numbered_rgb/scene_fc_blocked_v01.png
v1__scene_fc_blocked_v01__L2__C4_D8__r05_s28105,scene_fc_blocked_v01,FC_BLOCKED,C4,D8,F Qualitative D8,28105,64,,40,False,True,False,False,images/numbered_rgb/scene_fc_blocked_v01.png
v1__scene_fc_blocked_v01__L2__C5_D4__r01_s28101,scene_fc_blocked_v01,FC_BLOCKED,C5,D4,M Numeric D4,28101,64,,40,False,True,False,False,images/numbered_rgb/scene_fc_blocked_v01.png
v1__scene_fc_blocked_v01__L2__C5_D4__r02_s28102,scene_fc_blocked_v01,FC_BLOCKED,C5,D4,M Numeric D4,28102,64,,40,False,True,False,False,images/numbered_rgb/scene_fc_blocked_v01.png
v1__scene_fc_blocked_v01__L2__C5_D4__r03_s28103,scene_fc_blocked_v01,FC_BLOCKED,C5,D4,M Numeric D4,28103,64,,40,False,True,False,False,images/numbered_rgb/scene_fc_blocked_v01.png
v1__scene_fc_blocked_v01__L2__C5_D4__r04_s28104,scene_fc_blocked_v01,FC_BLOCKED,C5,D4,M Numeric D4,28104,64,,40,False,True,False,False,images/numbered_rgb/scene_fc_blocked_v01.png
v1__scene_fc_blocked_v01__L2__C5_D4__r05_s28105,scene_fc_blocked_v01,FC_BLOCKED,C5,D4,M Numeric D4,28105,64,,40,False,True,False,False,images/numbered_rgb/scene_fc_blocked_v01.png
v1__scene_fc_blocked_v01__L2__C5_D8__r01_s28101,scene_fc_blocked_v01,FC_BLOCKED,C5,D8,M Numeric D8,28101,64,,40,False,True,False,False,images/numbered_rgb/scene_fc_blocked_v01.png
v1__scene_fc_blocked_v01__L2__C5_D8__r02_s28102,scene_fc_blocked_v01,FC_BLOCKED,C5,D8,M Numeric D8,28102,64,,40,False,True,False,False,images/numbered_rgb/scene_fc_blocked_v01.png
v1__scene_fc_blocked_v01__L2__C5_D8__r03_s28103,scene_fc_blocked_v01,FC_BLOCKED,C5,D8,M Numeric D8,28103,64,,40,False,True,False,False,images/numbered_rgb/scene_fc_blocked_v01.png
v1__scene_fc_blocked_v01__L2__C5_D8__r04_s28104,scene_fc_blocked_v01,FC_BLOCKED,C5,D8,M Numeric D8,28104,64,,40,False,True,False,False,images/numbered_rgb/scene_fc_blocked_v01.png
v1__scene_fc_blocked_v01__L2__C5_D8__r05_s28105,scene_fc_blocked_v01,FC_BLOCKED,C5,D8,M Numeric D8,28105,64,,40,False,True,False,False,images/numbered_rgb/scene_fc_blocked_v01.png
v1__scene_fc_blocked_v01__L2__C6_D4__r01_s28101,scene_fc_blocked_v01,FC_BLOCKED,C6,D4,M Qualitative D4,28101,64,,40,False,True,False,False,images/numbered_rgb/scene_fc_blocked_v01.png
v1__scene_fc_blocked_v01__L2__C6_D4__r02_s28102,scene_fc_blocked_v01,FC_BLOCKED,C6,D4,M Qualitative D4,28102,64,,40,False,True,False,False,images/numbered_rgb/scene_fc_blocked_v01.png
v1__scene_fc_blocked_v01__L2__C6_D4__r03_s28103,scene_fc_blocked_v01,FC_BLOCKED,C6,D4,M Qualitative D4,28103,64,,40,False,True,False,False,images/numbered_rgb/scene_fc_blocked_v01.png
v1__scene_fc_blocked_v01__L2__C6_D4__r04_s28104,scene_fc_blocked_v01,FC_BLOCKED,C6,D4,M Qualitative D4,28104,64,,40,False,True,False,False,images/numbered_rgb/scene_fc_blocked_v01.png
v1__scene_fc_blocked_v01__L2__C6_D4__r05_s28105,scene_fc_blocked_v01,FC_BLOCKED,C6,D4,M Qualitative D4,28105,64,,40,False,True,False,False,images/numbered_rgb/scene_fc_blocked_v01.png
v1__scene_fc_blocked_v01__L2__C6_D8__r01_s28101,scene_fc_blocked_v01,FC_BLOCKED,C6,D8,M Qualitative D8,28101,64,,40,False,True,False,False,images/numbered_rgb/scene_fc_blocked_v01.png
v1__scene_fc_blocked_v01__L2__C6_D8__r02_s28102,scene_fc_blocked_v01,FC_BLOCKED,C6,D8,M Qualitative D8,28102,64,,40,False,True,False,False,images/numbered_rgb/scene_fc_blocked_v01.png
v1__scene_fc_blocked_v01__L2__C6_D8__r03_s28103,scene_fc_blocked_v01,FC_BLOCKED,C6,D8,M Qualitative D8,28103,64,,40,False,True,False,False,images/numbered_rgb/scene_fc_blocked_v01.png
v1__scene_fc_blocked_v01__L2__C6_D8__r04_s28104,scene_fc_blocked_v01,FC_BLOCKED,C6,D8,M Qualitative D8,28104,64,,40,False,True,False,False,images/numbered_rgb/scene_fc_blocked_v01.png
v1__scene_fc_blocked_v01__L2__C6_D8__r05_s28105,scene_fc_blocked_v01,FC_BLOCKED,C6,D8,M Qualitative D8,28105,64,,40,False,True,False,False,images/numbered_rgb/scene_fc_blocked_v01.png
v1__scene_fc_blocked_v02__L2__C0_NA__r01_s28101,scene_fc_blocked_v02,FC_BLOCKED,C0,,Numbered RGB only,28101,53,,49,False,True,False,False,images/numbered_rgb/scene_fc_blocked_v02.png
v1__scene_fc_blocked_v02__L2__C0_NA__r02_s28102,scene_fc_blocked_v02,FC_BLOCKED,C0,,Numbered RGB only,28102,53,,49,False,True,False,False,images/numbered_rgb/scene_fc_blocked_v02.png
v1__scene_fc_blocked_v02__L2__C0_NA__r03_s28103,scene_fc_blocked_v02,FC_BLOCKED,C0,,Numbered RGB only,28103,53,,49,False,True,False,False,images/numbered_rgb/scene_fc_blocked_v02.png
v1__scene_fc_blocked_v02__L2__C0_NA__r04_s28104,scene_fc_blocked_v02,FC_BLOCKED,C0,,Numbered RGB only,28104,53,,49,False,True,False,False,images/numbered_rgb/scene_fc_blocked_v02.png
v1__scene_fc_blocked_v02__L2__C0_NA__r05_s28105,scene_fc_blocked_v02,FC_BLOCKED,C0,,Numbered RGB only,28105,53,,49,False,True,False,False,images/numbered_rgb/scene_fc_blocked_v02.png
v1__scene_fc_blocked_v02__L2__C1_NA__r01_s28101,scene_fc_blocked_v02,FC_BLOCKED,C1,,R Numeric,28101,53,,49,False,True,False,False,images/numbered_rgb/scene_fc_blocked_v02.png
v1__scene_fc_blocked_v02__L2__C1_NA__r02_s28102,scene_fc_blocked_v02,FC_BLOCKED,C1,,R Numeric,28102,53,,49,False,True,False,False,images/numbered_rgb/scene_fc_blocked_v02.png
v1__scene_fc_blocked_v02__L2__C1_NA__r03_s28103,scene_fc_blocked_v02,FC_BLOCKED,C1,,R Numeric,28103,53,,49,False,True,False,False,images/numbered_rgb/scene_fc_blocked_v02.png
v1__scene_fc_blocked_v02__L2__C1_NA__r04_s28104,scene_fc_blocked_v02,FC_BLOCKED,C1,,R Numeric,28104,53,,49,False,True,False,False,images/numbered_rgb/scene_fc_blocked_v02.png
v1__scene_fc_blocked_v02__L2__C1_NA__r05_s28105,scene_fc_blocked_v02,FC_BLOCKED,C1,,R Numeric,28105,53,,49,False,True,False,False,images/numbered_rgb/scene_fc_blocked_v02.png
v1__scene_fc_blocked_v02__L2__C2_D4__r01_s28101,scene_fc_blocked_v02,FC_BLOCKED,C2,D4,R Qualitative D4,28101,53,,49,False,True,False,False,images/numbered_rgb/scene_fc_blocked_v02.png
v1__scene_fc_blocked_v02__L2__C2_D4__r02_s28102,scene_fc_blocked_v02,FC_BLOCKED,C2,D4,R Qualitative D4,28102,53,,49,False,True,False,False,images/numbered_rgb/scene_fc_blocked_v02.png
v1__scene_fc_blocked_v02__L2__C2_D4__r03_s28103,scene_fc_blocked_v02,FC_BLOCKED,C2,D4,R Qualitative D4,28103,53,,49,False,True,False,False,images/numbered_rgb/scene_fc_blocked_v02.png
v1__scene_fc_blocked_v02__L2__C2_D4__r04_s28104,scene_fc_blocked_v02,FC_BLOCKED,C2,D4,R Qualitative D4,28104,53,,49,False,True,False,False,images/numbered_rgb/scene_fc_blocked_v02.png
v1__scene_fc_blocked_v02__L2__C2_D4__r05_s28105,scene_fc_blocked_v02,FC_BLOCKED,C2,D4,R Qualitative D4,28105,53,,49,False,True,False,False,images/numbered_rgb/scene_fc_blocked_v02.png
v1__scene_fc_blocked_v02__L2__C2_D8__r01_s28101,scene_fc_blocked_v02,FC_BLOCKED,C2,D8,R Qualitative D8,28101,53,,49,False,True,False,False,images/numbered_rgb/scene_fc_blocked_v02.png
v1__scene_fc_blocked_v02__L2__C2_D8__r02_s28102,scene_fc_blocked_v02,FC_BLOCKED,C2,D8,R Qualitative D8,28102,53,,49,False,True,False,False,images/numbered_rgb/scene_fc_blocked_v02.png
v1__scene_fc_blocked_v02__L2__C2_D8__r03_s28103,scene_fc_blocked_v02,FC_BLOCKED,C2,D8,R Qualitative D8,28103,53,,49,False,True,False,False,images/numbered_rgb/scene_fc_blocked_v02.png
v1__scene_fc_blocked_v02__L2__C2_D8__r04_s28104,scene_fc_blocked_v02,FC_BLOCKED,C2,D8,R Qualitative D8,28104,53,,49,False,True,False,False,images/numbered_rgb/scene_fc_blocked_v02.png
v1__scene_fc_blocked_v02__L2__C2_D8__r05_s28105,scene_fc_blocked_v02,FC_BLOCKED,C2,D8,R Qualitative D8,28105,53,,49,False,True,False,False,images/numbered_rgb/scene_fc_blocked_v02.png
v1__scene_fc_blocked_v02__L2__C3_D4__r01_s28101,scene_fc_blocked_v02,FC_BLOCKED,C3,D4,F Numeric D4,28101,53,,49,False,True,False,False,images/numbered_rgb/scene_fc_blocked_v02.png
v1__scene_fc_blocked_v02__L2__C3_D4__r02_s28102,scene_fc_blocked_v02,FC_BLOCKED,C3,D4,F Numeric D4,28102,53,,49,False,True,False,False,images/numbered_rgb/scene_fc_blocked_v02.png
v1__scene_fc_blocked_v02__L2__C3_D4__r03_s28103,scene_fc_blocked_v02,FC_BLOCKED,C3,D4,F Numeric D4,28103,53,,49,False,True,False,False,images/numbered_rgb/scene_fc_blocked_v02.png
v1__scene_fc_blocked_v02__L2__C3_D4__r04_s28104,scene_fc_blocked_v02,FC_BLOCKED,C3,D4,F Numeric D4,28104,53,,49,False,True,False,False,images/numbered_rgb/scene_fc_blocked_v02.png
v1__scene_fc_blocked_v02__L2__C3_D4__r05_s28105,scene_fc_blocked_v02,FC_BLOCKED,C3,D4,F Numeric D4,28105,53,,49,False,True,False,False,images/numbered_rgb/scene_fc_blocked_v02.png
v1__scene_fc_blocked_v02__L2__C3_D8__r01_s28101,scene_fc_blocked_v02,FC_BLOCKED,C3,D8,F Numeric D8,28101,53,,49,False,True,False,False,images/numbered_rgb/scene_fc_blocked_v02.png
v1__scene_fc_blocked_v02__L2__C3_D8__r02_s28102,scene_fc_blocked_v02,FC_BLOCKED,C3,D8,F Numeric D8,28102,53,,49,False,True,False,False,images/numbered_rgb/scene_fc_blocked_v02.png
v1__scene_fc_blocked_v02__L2__C3_D8__r03_s28103,scene_fc_blocked_v02,FC_BLOCKED,C3,D8,F Numeric D8,28103,53,,49,False,True,False,False,images/numbered_rgb/scene_fc_blocked_v02.png
v1__scene_fc_blocked_v02__L2__C3_D8__r04_s28104,scene_fc_blocked_v02,FC_BLOCKED,C3,D8,F Numeric D8,28104,53,,49,False,True,False,False,images/numbered_rgb/scene_fc_blocked_v02.png
v1__scene_fc_blocked_v02__L2__C3_D8__r05_s28105,scene_fc_blocked_v02,FC_BLOCKED,C3,D8,F Numeric D8,28105,53,,49,False,True,False,False,images/numbered_rgb/scene_fc_blocked_v02.png
v1__scene_fc_blocked_v02__L2__C4_D4__r01_s28101,scene_fc_blocked_v02,FC_BLOCKED,C4,D4,F Qualitative D4,28101,53,,49,False,True,False,False,images/numbered_rgb/scene_fc_blocked_v02.png
v1__scene_fc_blocked_v02__L2__C4_D4__r02_s28102,scene_fc_blocked_v02,FC_BLOCKED,C4,D4,F Qualitative D4,28102,53,,49,False,True,False,False,images/numbered_rgb/scene_fc_blocked_v02.png
v1__scene_fc_blocked_v02__L2__C4_D4__r03_s28103,scene_fc_blocked_v02,FC_BLOCKED,C4,D4,F Qualitative D4,28103,53,,49,False,True,False,False,images/numbered_rgb/scene_fc_blocked_v02.png
v1__scene_fc_blocked_v02__L2__C4_D4__r04_s28104,scene_fc_blocked_v02,FC_BLOCKED,C4,D4,F Qualitative D4,28104,53,,49,False,True,False,False,images/numbered_rgb/scene_fc_blocked_v02.png
v1__scene_fc_blocked_v02__L2__C4_D4__r05_s28105,scene_fc_blocked_v02,FC_BLOCKED,C4,D4,F Qualitative D4,28105,53,,49,False,True,False,False,images/numbered_rgb/scene_fc_blocked_v02.png
v1__scene_fc_blocked_v02__L2__C4_D8__r01_s28101,scene_fc_blocked_v02,FC_BLOCKED,C4,D8,F Qualitative D8,28101,53,,49,False,True,False,False,images/numbered_rgb/scene_fc_blocked_v02.png
v1__scene_fc_blocked_v02__L2__C4_D8__r02_s28102,scene_fc_blocked_v02,FC_BLOCKED,C4,D8,F Qualitative D8,28102,53,,49,False,True,False,False,images/numbered_rgb/scene_fc_blocked_v02.png
v1__scene_fc_blocked_v02__L2__C4_D8__r03_s28103,scene_fc_blocked_v02,FC_BLOCKED,C4,D8,F Qualitative D8,28103,53,,49,False,True,False,False,images/numbered_rgb/scene_fc_blocked_v02.png
v1__scene_fc_blocked_v02__L2__C4_D8__r04_s28104,scene_fc_blocked_v02,FC_BLOCKED,C4,D8,F Qualitative D8,28104,53,,49,False,True,False,False,images/numbered_rgb/scene_fc_blocked_v02.png
v1__scene_fc_blocked_v02__L2__C4_D8__r05_s28105,scene_fc_blocked_v02,FC_BLOCKED,C4,D8,F Qualitative D8,28105,53,,49,False,True,False,False,images/numbered_rgb/scene_fc_blocked_v02.png
v1__scene_fc_blocked_v02__L2__C5_D4__r01_s28101,scene_fc_blocked_v02,FC_BLOCKED,C5,D4,M Numeric D4,28101,53,,49,False,True,False,False,images/numbered_rgb/scene_fc_blocked_v02.png
v1__scene_fc_blocked_v02__L2__C5_D4__r02_s28102,scene_fc_blocked_v02,FC_BLOCKED,C5,D4,M Numeric D4,28102,53,,49,False,True,False,False,images/numbered_rgb/scene_fc_blocked_v02.png
v1__scene_fc_blocked_v02__L2__C5_D4__r03_s28103,scene_fc_blocked_v02,FC_BLOCKED,C5,D4,M Numeric D4,28103,53,,49,False,True,False,False,images/numbered_rgb/scene_fc_blocked_v02.png
v1__scene_fc_blocked_v02__L2__C5_D4__r04_s28104,scene_fc_blocked_v02,FC_BLOCKED,C5,D4,M Numeric D4,28104,53,,49,False,True,False,False,images/numbered_rgb/scene_fc_blocked_v02.png
v1__scene_fc_blocked_v02__L2__C5_D4__r05_s28105,scene_fc_blocked_v02,FC_BLOCKED,C5,D4,M Numeric D4,28105,53,,49,False,True,False,False,images/numbered_rgb/scene_fc_blocked_v02.png
v1__scene_fc_blocked_v02__L2__C5_D8__r01_s28101,scene_fc_blocked_v02,FC_BLOCKED,C5,D8,M Numeric D8,28101,53,,49,False,True,False,False,images/numbered_rgb/scene_fc_blocked_v02.png
v1__scene_fc_blocked_v02__L2__C5_D8__r02_s28102,scene_fc_blocked_v02,FC_BLOCKED,C5,D8,M Numeric D8,28102,53,,49,False,True,False,False,images/numbered_rgb/scene_fc_blocked_v02.png
v1__scene_fc_blocked_v02__L2__C5_D8__r03_s28103,scene_fc_blocked_v02,FC_BLOCKED,C5,D8,M Numeric D8,28103,53,,49,False,True,False,False,images/numbered_rgb/scene_fc_blocked_v02.png
v1__scene_fc_blocked_v02__L2__C5_D8__r04_s28104,scene_fc_blocked_v02,FC_BLOCKED,C5,D8,M Numeric D8,28104,53,,49,False,True,False,False,images/numbered_rgb/scene_fc_blocked_v02.png
v1__scene_fc_blocked_v02__L2__C5_D8__r05_s28105,scene_fc_blocked_v02,FC_BLOCKED,C5,D8,M Numeric D8,28105,53,,49,False,True,False,False,images/numbered_rgb/scene_fc_blocked_v02.png
v1__scene_fc_blocked_v02__L2__C6_D4__r01_s28101,scene_fc_blocked_v02,FC_BLOCKED,C6,D4,M Qualitative D4,28101,53,,49,False,True,False,False,images/numbered_rgb/scene_fc_blocked_v02.png
v1__scene_fc_blocked_v02__L2__C6_D4__r02_s28102,scene_fc_blocked_v02,FC_BLOCKED,C6,D4,M Qualitative D4,28102,53,,49,False,True,False,False,images/numbered_rgb/scene_fc_blocked_v02.png
v1__scene_fc_blocked_v02__L2__C6_D4__r03_s28103,scene_fc_blocked_v02,FC_BLOCKED,C6,D4,M Qualitative D4,28103,53,,49,False,True,False,False,images/numbered_rgb/scene_fc_blocked_v02.png
v1__scene_fc_blocked_v02__L2__C6_D4__r04_s28104,scene_fc_blocked_v02,FC_BLOCKED,C6,D4,M Qualitative D4,28104,53,,49,False,True,False,False,images/numbered_rgb/scene_fc_blocked_v02.png
v1__scene_fc_blocked_v02__L2__C6_D4__r05_s28105,scene_fc_blocked_v02,FC_BLOCKED,C6,D4,M Qualitative D4,28105,53,,49,False,True,False,False,images/numbered_rgb/scene_fc_blocked_v02.png
v1__scene_fc_blocked_v02__L2__C6_D8__r01_s28101,scene_fc_blocked_v02,FC_BLOCKED,C6,D8,M Qualitative D8,28101,53,,49,False,True,False,False,images/numbered_rgb/scene_fc_blocked_v02.png
v1__scene_fc_blocked_v02__L2__C6_D8__r02_s28102,scene_fc_blocked_v02,FC_BLOCKED,C6,D8,M Qualitative D8,28102,53,,49,False,True,False,False,images/numbered_rgb/scene_fc_blocked_v02.png
v1__scene_fc_blocked_v02__L2__C6_D8__r03_s28103,scene_fc_blocked_v02,FC_BLOCKED,C6,D8,M Qualitative D8,28103,53,,49,False,True,False,False,images/numbered_rgb/scene_fc_blocked_v02.png
v1__scene_fc_blocked_v02__L2__C6_D8__r04_s28104,scene_fc_blocked_v02,FC_BLOCKED,C6,D8,M Qualitative D8,28104,53,,49,False,True,False,False,images/numbered_rgb/scene_fc_blocked_v02.png
v1__scene_fc_blocked_v02__L2__C6_D8__r05_s28105,scene_fc_blocked_v02,FC_BLOCKED,C6,D8,M Qualitative D8,28105,53,,49,False,True,False,False,images/numbered_rgb/scene_fc_blocked_v02.png
v1__scene_fc_blocked_v03__L2__C0_NA__r01_s28101,scene_fc_blocked_v03,FC_BLOCKED,C0,,Numbered RGB only,28101,12,,33,False,True,False,False,images/numbered_rgb/scene_fc_blocked_v03.png
v1__scene_fc_blocked_v03__L2__C0_NA__r02_s28102,scene_fc_blocked_v03,FC_BLOCKED,C0,,Numbered RGB only,28102,12,,33,False,True,False,False,images/numbered_rgb/scene_fc_blocked_v03.png
v1__scene_fc_blocked_v03__L2__C0_NA__r03_s28103,scene_fc_blocked_v03,FC_BLOCKED,C0,,Numbered RGB only,28103,12,,33,False,True,False,False,images/numbered_rgb/scene_fc_blocked_v03.png
v1__scene_fc_blocked_v03__L2__C0_NA__r04_s28104,scene_fc_blocked_v03,FC_BLOCKED,C0,,Numbered RGB only,28104,12,,33,False,True,False,False,images/numbered_rgb/scene_fc_blocked_v03.png
v1__scene_fc_blocked_v03__L2__C0_NA__r05_s28105,scene_fc_blocked_v03,FC_BLOCKED,C0,,Numbered RGB only,28105,12,,33,False,True,False,False,images/numbered_rgb/scene_fc_blocked_v03.png
v1__scene_fc_blocked_v03__L2__C1_NA__r01_s28101,scene_fc_blocked_v03,FC_BLOCKED,C1,,R Numeric,28101,12,,33,False,True,False,False,images/numbered_rgb/scene_fc_blocked_v03.png
v1__scene_fc_blocked_v03__L2__C1_NA__r02_s28102,scene_fc_blocked_v03,FC_BLOCKED,C1,,R Numeric,28102,12,,33,False,True,False,False,images/numbered_rgb/scene_fc_blocked_v03.png
v1__scene_fc_blocked_v03__L2__C1_NA__r03_s28103,scene_fc_blocked_v03,FC_BLOCKED,C1,,R Numeric,28103,12,,33,False,True,False,False,images/numbered_rgb/scene_fc_blocked_v03.png
v1__scene_fc_blocked_v03__L2__C1_NA__r04_s28104,scene_fc_blocked_v03,FC_BLOCKED,C1,,R Numeric,28104,12,,33,False,True,False,False,images/numbered_rgb/scene_fc_blocked_v03.png
v1__scene_fc_blocked_v03__L2__C1_NA__r05_s28105,scene_fc_blocked_v03,FC_BLOCKED,C1,,R Numeric,28105,12,,33,False,True,False,False,images/numbered_rgb/scene_fc_blocked_v03.png
v1__scene_fc_blocked_v03__L2__C2_D4__r01_s28101,scene_fc_blocked_v03,FC_BLOCKED,C2,D4,R Qualitative D4,28101,12,,33,False,True,False,False,images/numbered_rgb/scene_fc_blocked_v03.png
v1__scene_fc_blocked_v03__L2__C2_D4__r02_s28102,scene_fc_blocked_v03,FC_BLOCKED,C2,D4,R Qualitative D4,28102,12,,33,False,True,False,False,images/numbered_rgb/scene_fc_blocked_v03.png
v1__scene_fc_blocked_v03__L2__C2_D4__r03_s28103,scene_fc_blocked_v03,FC_BLOCKED,C2,D4,R Qualitative D4,28103,12,,33,False,True,False,False,images/numbered_rgb/scene_fc_blocked_v03.png
v1__scene_fc_blocked_v03__L2__C2_D4__r04_s28104,scene_fc_blocked_v03,FC_BLOCKED,C2,D4,R Qualitative D4,28104,12,,33,False,True,False,False,images/numbered_rgb/scene_fc_blocked_v03.png
v1__scene_fc_blocked_v03__L2__C2_D4__r05_s28105,scene_fc_blocked_v03,FC_BLOCKED,C2,D4,R Qualitative D4,28105,12,,33,False,True,False,False,images/numbered_rgb/scene_fc_blocked_v03.png
v1__scene_fc_blocked_v03__L2__C2_D8__r01_s28101,scene_fc_blocked_v03,FC_BLOCKED,C2,D8,R Qualitative D8,28101,12,,33,False,True,False,False,images/numbered_rgb/scene_fc_blocked_v03.png
v1__scene_fc_blocked_v03__L2__C2_D8__r02_s28102,scene_fc_blocked_v03,FC_BLOCKED,C2,D8,R Qualitative D8,28102,12,,33,False,True,False,False,images/numbered_rgb/scene_fc_blocked_v03.png
v1__scene_fc_blocked_v03__L2__C2_D8__r03_s28103,scene_fc_blocked_v03,FC_BLOCKED,C2,D8,R Qualitative D8,28103,12,,33,False,True,False,False,images/numbered_rgb/scene_fc_blocked_v03.png
v1__scene_fc_blocked_v03__L2__C2_D8__r04_s28104,scene_fc_blocked_v03,FC_BLOCKED,C2,D8,R Qualitative D8,28104,12,,33,False,True,False,False,images/numbered_rgb/scene_fc_blocked_v03.png
v1__scene_fc_blocked_v03__L2__C2_D8__r05_s28105,scene_fc_blocked_v03,FC_BLOCKED,C2,D8,R Qualitative D8,28105,12,,33,False,True,False,False,images/numbered_rgb/scene_fc_blocked_v03.png
v1__scene_fc_blocked_v03__L2__C3_D4__r01_s28101,scene_fc_blocked_v03,FC_BLOCKED,C3,D4,F Numeric D4,28101,12,,33,False,True,False,False,images/numbered_rgb/scene_fc_blocked_v03.png
v1__scene_fc_blocked_v03__L2__C3_D4__r02_s28102,scene_fc_blocked_v03,FC_BLOCKED,C3,D4,F Numeric D4,28102,12,,33,False,True,False,False,images/numbered_rgb/scene_fc_blocked_v03.png
v1__scene_fc_blocked_v03__L2__C3_D4__r03_s28103,scene_fc_blocked_v03,FC_BLOCKED,C3,D4,F Numeric D4,28103,12,,33,False,True,False,False,images/numbered_rgb/scene_fc_blocked_v03.png
v1__scene_fc_blocked_v03__L2__C3_D4__r04_s28104,scene_fc_blocked_v03,FC_BLOCKED,C3,D4,F Numeric D4,28104,12,,33,False,True,False,False,images/numbered_rgb/scene_fc_blocked_v03.png
v1__scene_fc_blocked_v03__L2__C3_D4__r05_s28105,scene_fc_blocked_v03,FC_BLOCKED,C3,D4,F Numeric D4,28105,12,,33,False,True,False,False,images/numbered_rgb/scene_fc_blocked_v03.png
v1__scene_fc_blocked_v03__L2__C3_D8__r01_s28101,scene_fc_blocked_v03,FC_BLOCKED,C3,D8,F Numeric D8,28101,12,,33,False,True,False,False,images/numbered_rgb/scene_fc_blocked_v03.png
v1__scene_fc_blocked_v03__L2__C3_D8__r02_s28102,scene_fc_blocked_v03,FC_BLOCKED,C3,D8,F Numeric D8,28102,12,,33,False,True,False,False,images/numbered_rgb/scene_fc_blocked_v03.png
v1__scene_fc_blocked_v03__L2__C3_D8__r03_s28103,scene_fc_blocked_v03,FC_BLOCKED,C3,D8,F Numeric D8,28103,12,,33,False,True,False,False,images/numbered_rgb/scene_fc_blocked_v03.png
v1__scene_fc_blocked_v03__L2__C3_D8__r04_s28104,scene_fc_blocked_v03,FC_BLOCKED,C3,D8,F Numeric D8,28104,12,,33,False,True,False,False,images/numbered_rgb/scene_fc_blocked_v03.png
v1__scene_fc_blocked_v03__L2__C3_D8__r05_s28105,scene_fc_blocked_v03,FC_BLOCKED,C3,D8,F Numeric D8,28105,12,,33,False,True,False,False,images/numbered_rgb/scene_fc_blocked_v03.png
v1__scene_fc_blocked_v03__L2__C4_D4__r01_s28101,scene_fc_blocked_v03,FC_BLOCKED,C4,D4,F Qualitative D4,28101,12,,33,False,True,False,False,images/numbered_rgb/scene_fc_blocked_v03.png
v1__scene_fc_blocked_v03__L2__C4_D4__r02_s28102,scene_fc_blocked_v03,FC_BLOCKED,C4,D4,F Qualitative D4,28102,12,,33,False,True,False,False,images/numbered_rgb/scene_fc_blocked_v03.png
v1__scene_fc_blocked_v03__L2__C4_D4__r03_s28103,scene_fc_blocked_v03,FC_BLOCKED,C4,D4,F Qualitative D4,28103,12,,33,False,True,False,False,images/numbered_rgb/scene_fc_blocked_v03.png
v1__scene_fc_blocked_v03__L2__C4_D4__r04_s28104,scene_fc_blocked_v03,FC_BLOCKED,C4,D4,F Qualitative D4,28104,12,,33,False,True,False,False,images/numbered_rgb/scene_fc_blocked_v03.png
v1__scene_fc_blocked_v03__L2__C4_D4__r05_s28105,scene_fc_blocked_v03,FC_BLOCKED,C4,D4,F Qualitative D4,28105,12,,33,False,True,False,False,images/numbered_rgb/scene_fc_blocked_v03.png
v1__scene_fc_blocked_v03__L2__C4_D8__r01_s28101,scene_fc_blocked_v03,FC_BLOCKED,C4,D8,F Qualitative D8,28101,12,,33,False,True,False,False,images/numbered_rgb/scene_fc_blocked_v03.png
v1__scene_fc_blocked_v03__L2__C4_D8__r02_s28102,scene_fc_blocked_v03,FC_BLOCKED,C4,D8,F Qualitative D8,28102,12,,33,False,True,False,False,images/numbered_rgb/scene_fc_blocked_v03.png
v1__scene_fc_blocked_v03__L2__C4_D8__r03_s28103,scene_fc_blocked_v03,FC_BLOCKED,C4,D8,F Qualitative D8,28103,12,,33,False,True,False,False,images/numbered_rgb/scene_fc_blocked_v03.png
v1__scene_fc_blocked_v03__L2__C4_D8__r04_s28104,scene_fc_blocked_v03,FC_BLOCKED,C4,D8,F Qualitative D8,28104,12,,33,False,True,False,False,images/numbered_rgb/scene_fc_blocked_v03.png
v1__scene_fc_blocked_v03__L2__C4_D8__r05_s28105,scene_fc_blocked_v03,FC_BLOCKED,C4,D8,F Qualitative D8,28105,12,,33,False,True,False,False,images/numbered_rgb/scene_fc_blocked_v03.png
v1__scene_fc_blocked_v03__L2__C5_D4__r01_s28101,scene_fc_blocked_v03,FC_BLOCKED,C5,D4,M Numeric D4,28101,12,,33,False,True,False,False,images/numbered_rgb/scene_fc_blocked_v03.png
v1__scene_fc_blocked_v03__L2__C5_D4__r02_s28102,scene_fc_blocked_v03,FC_BLOCKED,C5,D4,M Numeric D4,28102,12,,33,False,True,False,False,images/numbered_rgb/scene_fc_blocked_v03.png
v1__scene_fc_blocked_v03__L2__C5_D4__r03_s28103,scene_fc_blocked_v03,FC_BLOCKED,C5,D4,M Numeric D4,28103,12,,33,False,True,False,False,images/numbered_rgb/scene_fc_blocked_v03.png
v1__scene_fc_blocked_v03__L2__C5_D4__r04_s28104,scene_fc_blocked_v03,FC_BLOCKED,C5,D4,M Numeric D4,28104,12,,33,False,True,False,False,images/numbered_rgb/scene_fc_blocked_v03.png
v1__scene_fc_blocked_v03__L2__C5_D4__r05_s28105,scene_fc_blocked_v03,FC_BLOCKED,C5,D4,M Numeric D4,28105,12,,33,False,True,False,False,images/numbered_rgb/scene_fc_blocked_v03.png
v1__scene_fc_blocked_v03__L2__C5_D8__r01_s28101,scene_fc_blocked_v03,FC_BLOCKED,C5,D8,M Numeric D8,28101,12,,33,False,True,False,False,images/numbered_rgb/scene_fc_blocked_v03.png
v1__scene_fc_blocked_v03__L2__C5_D8__r02_s28102,scene_fc_blocked_v03,FC_BLOCKED,C5,D8,M Numeric D8,28102,12,,33,False,True,False,False,images/numbered_rgb/scene_fc_blocked_v03.png
v1__scene_fc_blocked_v03__L2__C5_D8__r03_s28103,scene_fc_blocked_v03,FC_BLOCKED,C5,D8,M Numeric D8,28103,12,,33,False,True,False,False,images/numbered_rgb/scene_fc_blocked_v03.png
v1__scene_fc_blocked_v03__L2__C5_D8__r04_s28104,scene_fc_blocked_v03,FC_BLOCKED,C5,D8,M Numeric D8,28104,12,,33,False,True,False,False,images/numbered_rgb/scene_fc_blocked_v03.png
v1__scene_fc_blocked_v03__L2__C5_D8__r05_s28105,scene_fc_blocked_v03,FC_BLOCKED,C5,D8,M Numeric D8,28105,12,,33,False,True,False,False,images/numbered_rgb/scene_fc_blocked_v03.png
v1__scene_fc_blocked_v03__L2__C6_D4__r01_s28101,scene_fc_blocked_v03,FC_BLOCKED,C6,D4,M Qualitative D4,28101,12,,33,False,True,False,False,images/numbered_rgb/scene_fc_blocked_v03.png
v1__scene_fc_blocked_v03__L2__C6_D4__r02_s28102,scene_fc_blocked_v03,FC_BLOCKED,C6,D4,M Qualitative D4,28102,12,,33,False,True,False,False,images/numbered_rgb/scene_fc_blocked_v03.png
v1__scene_fc_blocked_v03__L2__C6_D4__r03_s28103,scene_fc_blocked_v03,FC_BLOCKED,C6,D4,M Qualitative D4,28103,12,,33,False,True,False,False,images/numbered_rgb/scene_fc_blocked_v03.png
v1__scene_fc_blocked_v03__L2__C6_D4__r04_s28104,scene_fc_blocked_v03,FC_BLOCKED,C6,D4,M Qualitative D4,28104,12,,33,False,True,False,False,images/numbered_rgb/scene_fc_blocked_v03.png
v1__scene_fc_blocked_v03__L2__C6_D4__r05_s28105,scene_fc_blocked_v03,FC_BLOCKED,C6,D4,M Qualitative D4,28105,12,,33,False,True,False,False,images/numbered_rgb/scene_fc_blocked_v03.png
v1__scene_fc_blocked_v03__L2__C6_D8__r01_s28101,scene_fc_blocked_v03,FC_BLOCKED,C6,D8,M Qualitative D8,28101,12,,33,False,True,False,False,images/numbered_rgb/scene_fc_blocked_v03.png
v1__scene_fc_blocked_v03__L2__C6_D8__r02_s28102,scene_fc_blocked_v03,FC_BLOCKED,C6,D8,M Qualitative D8,28102,12,,33,False,True,False,False,images/numbered_rgb/scene_fc_blocked_v03.png
v1__scene_fc_blocked_v03__L2__C6_D8__r03_s28103,scene_fc_blocked_v03,FC_BLOCKED,C6,D8,M Qualitative D8,28103,12,,33,False,True,False,False,images/numbered_rgb/scene_fc_blocked_v03.png
v1__scene_fc_blocked_v03__L2__C6_D8__r04_s28104,scene_fc_blocked_v03,FC_BLOCKED,C6,D8,M Qualitative D8,28104,12,,33,False,True,False,False,images/numbered_rgb/scene_fc_blocked_v03.png
v1__scene_fc_blocked_v03__L2__C6_D8__r05_s28105,scene_fc_blocked_v03,FC_BLOCKED,C6,D8,M Qualitative D8,28105,12,,33,False,True,False,False,images/numbered_rgb/scene_fc_blocked_v03.png
v1__scene_fc_blocked_v04__L2__C0_NA__r01_s28101,scene_fc_blocked_v04,FC_BLOCKED,C0,,Numbered RGB only,28101,89,,19,False,True,False,False,images/numbered_rgb/scene_fc_blocked_v04.png
v1__scene_fc_blocked_v04__L2__C0_NA__r02_s28102,scene_fc_blocked_v04,FC_BLOCKED,C0,,Numbered RGB only,28102,89,,19,False,True,False,False,images/numbered_rgb/scene_fc_blocked_v04.png
v1__scene_fc_blocked_v04__L2__C0_NA__r03_s28103,scene_fc_blocked_v04,FC_BLOCKED,C0,,Numbered RGB only,28103,89,,19,False,True,False,False,images/numbered_rgb/scene_fc_blocked_v04.png
v1__scene_fc_blocked_v04__L2__C0_NA__r04_s28104,scene_fc_blocked_v04,FC_BLOCKED,C0,,Numbered RGB only,28104,89,,19,False,True,False,False,images/numbered_rgb/scene_fc_blocked_v04.png
v1__scene_fc_blocked_v04__L2__C0_NA__r05_s28105,scene_fc_blocked_v04,FC_BLOCKED,C0,,Numbered RGB only,28105,89,,19,False,True,False,False,images/numbered_rgb/scene_fc_blocked_v04.png
v1__scene_fc_blocked_v04__L2__C1_NA__r01_s28101,scene_fc_blocked_v04,FC_BLOCKED,C1,,R Numeric,28101,89,,19,False,True,False,False,images/numbered_rgb/scene_fc_blocked_v04.png
v1__scene_fc_blocked_v04__L2__C1_NA__r02_s28102,scene_fc_blocked_v04,FC_BLOCKED,C1,,R Numeric,28102,89,,19,False,True,False,False,images/numbered_rgb/scene_fc_blocked_v04.png
v1__scene_fc_blocked_v04__L2__C1_NA__r03_s28103,scene_fc_blocked_v04,FC_BLOCKED,C1,,R Numeric,28103,89,,19,False,True,False,False,images/numbered_rgb/scene_fc_blocked_v04.png
v1__scene_fc_blocked_v04__L2__C1_NA__r04_s28104,scene_fc_blocked_v04,FC_BLOCKED,C1,,R Numeric,28104,89,,19,False,True,False,False,images/numbered_rgb/scene_fc_blocked_v04.png
v1__scene_fc_blocked_v04__L2__C1_NA__r05_s28105,scene_fc_blocked_v04,FC_BLOCKED,C1,,R Numeric,28105,89,,19,False,True,False,False,images/numbered_rgb/scene_fc_blocked_v04.png
v1__scene_fc_blocked_v04__L2__C2_D4__r01_s28101,scene_fc_blocked_v04,FC_BLOCKED,C2,D4,R Qualitative D4,28101,89,,19,False,True,False,False,images/numbered_rgb/scene_fc_blocked_v04.png
v1__scene_fc_blocked_v04__L2__C2_D4__r02_s28102,scene_fc_blocked_v04,FC_BLOCKED,C2,D4,R Qualitative D4,28102,89,,19,False,True,False,False,images/numbered_rgb/scene_fc_blocked_v04.png
v1__scene_fc_blocked_v04__L2__C2_D4__r03_s28103,scene_fc_blocked_v04,FC_BLOCKED,C2,D4,R Qualitative D4,28103,89,,19,False,True,False,False,images/numbered_rgb/scene_fc_blocked_v04.png
v1__scene_fc_blocked_v04__L2__C2_D4__r04_s28104,scene_fc_blocked_v04,FC_BLOCKED,C2,D4,R Qualitative D4,28104,89,,19,False,True,False,False,images/numbered_rgb/scene_fc_blocked_v04.png
v1__scene_fc_blocked_v04__L2__C2_D4__r05_s28105,scene_fc_blocked_v04,FC_BLOCKED,C2,D4,R Qualitative D4,28105,89,,19,False,True,False,False,images/numbered_rgb/scene_fc_blocked_v04.png
v1__scene_fc_blocked_v04__L2__C2_D8__r01_s28101,scene_fc_blocked_v04,FC_BLOCKED,C2,D8,R Qualitative D8,28101,89,,19,False,True,False,False,images/numbered_rgb/scene_fc_blocked_v04.png
v1__scene_fc_blocked_v04__L2__C2_D8__r02_s28102,scene_fc_blocked_v04,FC_BLOCKED,C2,D8,R Qualitative D8,28102,89,,19,False,True,False,False,images/numbered_rgb/scene_fc_blocked_v04.png
v1__scene_fc_blocked_v04__L2__C2_D8__r03_s28103,scene_fc_blocked_v04,FC_BLOCKED,C2,D8,R Qualitative D8,28103,89,,19,False,True,False,False,images/numbered_rgb/scene_fc_blocked_v04.png
v1__scene_fc_blocked_v04__L2__C2_D8__r04_s28104,scene_fc_blocked_v04,FC_BLOCKED,C2,D8,R Qualitative D8,28104,89,,19,False,True,False,False,images/numbered_rgb/scene_fc_blocked_v04.png
v1__scene_fc_blocked_v04__L2__C2_D8__r05_s28105,scene_fc_blocked_v04,FC_BLOCKED,C2,D8,R Qualitative D8,28105,89,,19,False,True,False,False,images/numbered_rgb/scene_fc_blocked_v04.png
v1__scene_fc_blocked_v04__L2__C3_D4__r01_s28101,scene_fc_blocked_v04,FC_BLOCKED,C3,D4,F Numeric D4,28101,89,,19,False,True,False,False,images/numbered_rgb/scene_fc_blocked_v04.png
v1__scene_fc_blocked_v04__L2__C3_D4__r02_s28102,scene_fc_blocked_v04,FC_BLOCKED,C3,D4,F Numeric D4,28102,89,,19,False,True,False,False,images/numbered_rgb/scene_fc_blocked_v04.png
v1__scene_fc_blocked_v04__L2__C3_D4__r03_s28103,scene_fc_blocked_v04,FC_BLOCKED,C3,D4,F Numeric D4,28103,89,,19,False,True,False,False,images/numbered_rgb/scene_fc_blocked_v04.png
v1__scene_fc_blocked_v04__L2__C3_D4__r04_s28104,scene_fc_blocked_v04,FC_BLOCKED,C3,D4,F Numeric D4,28104,89,,19,False,True,False,False,images/numbered_rgb/scene_fc_blocked_v04.png
v1__scene_fc_blocked_v04__L2__C3_D4__r05_s28105,scene_fc_blocked_v04,FC_BLOCKED,C3,D4,F Numeric D4,28105,89,,19,False,True,False,False,images/numbered_rgb/scene_fc_blocked_v04.png
v1__scene_fc_blocked_v04__L2__C3_D8__r01_s28101,scene_fc_blocked_v04,FC_BLOCKED,C3,D8,F Numeric D8,28101,89,,19,False,True,False,False,images/numbered_rgb/scene_fc_blocked_v04.png
v1__scene_fc_blocked_v04__L2__C3_D8__r02_s28102,scene_fc_blocked_v04,FC_BLOCKED,C3,D8,F Numeric D8,28102,89,,19,False,True,False,False,images/numbered_rgb/scene_fc_blocked_v04.png
v1__scene_fc_blocked_v04__L2__C3_D8__r03_s28103,scene_fc_blocked_v04,FC_BLOCKED,C3,D8,F Numeric D8,28103,89,,19,False,True,False,False,images/numbered_rgb/scene_fc_blocked_v04.png
v1__scene_fc_blocked_v04__L2__C3_D8__r04_s28104,scene_fc_blocked_v04,FC_BLOCKED,C3,D8,F Numeric D8,28104,89,,19,False,True,False,False,images/numbered_rgb/scene_fc_blocked_v04.png
v1__scene_fc_blocked_v04__L2__C3_D8__r05_s28105,scene_fc_blocked_v04,FC_BLOCKED,C3,D8,F Numeric D8,28105,89,,19,False,True,False,False,images/numbered_rgb/scene_fc_blocked_v04.png
v1__scene_fc_blocked_v04__L2__C4_D4__r01_s28101,scene_fc_blocked_v04,FC_BLOCKED,C4,D4,F Qualitative D4,28101,89,,19,False,True,False,False,images/numbered_rgb/scene_fc_blocked_v04.png
v1__scene_fc_blocked_v04__L2__C4_D4__r02_s28102,scene_fc_blocked_v04,FC_BLOCKED,C4,D4,F Qualitative D4,28102,89,,19,False,True,False,False,images/numbered_rgb/scene_fc_blocked_v04.png
v1__scene_fc_blocked_v04__L2__C4_D4__r03_s28103,scene_fc_blocked_v04,FC_BLOCKED,C4,D4,F Qualitative D4,28103,89,,19,False,True,False,False,images/numbered_rgb/scene_fc_blocked_v04.png
v1__scene_fc_blocked_v04__L2__C4_D4__r04_s28104,scene_fc_blocked_v04,FC_BLOCKED,C4,D4,F Qualitative D4,28104,89,,19,False,True,False,False,images/numbered_rgb/scene_fc_blocked_v04.png
v1__scene_fc_blocked_v04__L2__C4_D4__r05_s28105,scene_fc_blocked_v04,FC_BLOCKED,C4,D4,F Qualitative D4,28105,89,,19,False,True,False,False,images/numbered_rgb/scene_fc_blocked_v04.png
v1__scene_fc_blocked_v04__L2__C4_D8__r01_s28101,scene_fc_blocked_v04,FC_BLOCKED,C4,D8,F Qualitative D8,28101,89,,19,False,True,False,False,images/numbered_rgb/scene_fc_blocked_v04.png
v1__scene_fc_blocked_v04__L2__C4_D8__r02_s28102,scene_fc_blocked_v04,FC_BLOCKED,C4,D8,F Qualitative D8,28102,89,,19,False,True,False,False,images/numbered_rgb/scene_fc_blocked_v04.png
v1__scene_fc_blocked_v04__L2__C4_D8__r03_s28103,scene_fc_blocked_v04,FC_BLOCKED,C4,D8,F Qualitative D8,28103,89,,19,False,True,False,False,images/numbered_rgb/scene_fc_blocked_v04.png
v1__scene_fc_blocked_v04__L2__C4_D8__r04_s28104,scene_fc_blocked_v04,FC_BLOCKED,C4,D8,F Qualitative D8,28104,89,,19,False,True,False,False,images/numbered_rgb/scene_fc_blocked_v04.png
v1__scene_fc_blocked_v04__L2__C4_D8__r05_s28105,scene_fc_blocked_v04,FC_BLOCKED,C4,D8,F Qualitative D8,28105,89,,19,False,True,False,False,images/numbered_rgb/scene_fc_blocked_v04.png
v1__scene_fc_blocked_v04__L2__C5_D4__r01_s28101,scene_fc_blocked_v04,FC_BLOCKED,C5,D4,M Numeric D4,28101,89,,19,False,True,False,False,images/numbered_rgb/scene_fc_blocked_v04.png
v1__scene_fc_blocked_v04__L2__C5_D4__r02_s28102,scene_fc_blocked_v04,FC_BLOCKED,C5,D4,M Numeric D4,28102,89,,19,False,True,False,False,images/numbered_rgb/scene_fc_blocked_v04.png
v1__scene_fc_blocked_v04__L2__C5_D4__r03_s28103,scene_fc_blocked_v04,FC_BLOCKED,C5,D4,M Numeric D4,28103,89,,19,False,True,False,False,images/numbered_rgb/scene_fc_blocked_v04.png
v1__scene_fc_blocked_v04__L2__C5_D4__r04_s28104,scene_fc_blocked_v04,FC_BLOCKED,C5,D4,M Numeric D4,28104,89,,19,False,True,False,False,images/numbered_rgb/scene_fc_blocked_v04.png
v1__scene_fc_blocked_v04__L2__C5_D4__r05_s28105,scene_fc_blocked_v04,FC_BLOCKED,C5,D4,M Numeric D4,28105,89,,19,False,True,False,False,images/numbered_rgb/scene_fc_blocked_v04.png
v1__scene_fc_blocked_v04__L2__C5_D8__r01_s28101,scene_fc_blocked_v04,FC_BLOCKED,C5,D8,M Numeric D8,28101,89,,19,False,True,False,False,images/numbered_rgb/scene_fc_blocked_v04.png
v1__scene_fc_blocked_v04__L2__C5_D8__r02_s28102,scene_fc_blocked_v04,FC_BLOCKED,C5,D8,M Numeric D8,28102,89,,19,False,True,False,False,images/numbered_rgb/scene_fc_blocked_v04.png
v1__scene_fc_blocked_v04__L2__C5_D8__r03_s28103,scene_fc_blocked_v04,FC_BLOCKED,C5,D8,M Numeric D8,28103,89,,19,False,True,False,False,images/numbered_rgb/scene_fc_blocked_v04.png
v1__scene_fc_blocked_v04__L2__C5_D8__r04_s28104,scene_fc_blocked_v04,FC_BLOCKED,C5,D8,M Numeric D8,28104,89,,19,False,True,False,False,images/numbered_rgb/scene_fc_blocked_v04.png
v1__scene_fc_blocked_v04__L2__C5_D8__r05_s28105,scene_fc_blocked_v04,FC_BLOCKED,C5,D8,M Numeric D8,28105,89,,19,False,True,False,False,images/numbered_rgb/scene_fc_blocked_v04.png
v1__scene_fc_blocked_v04__L2__C6_D4__r01_s28101,scene_fc_blocked_v04,FC_BLOCKED,C6,D4,M Qualitative D4,28101,89,,19,False,True,False,False,images/numbered_rgb/scene_fc_blocked_v04.png
v1__scene_fc_blocked_v04__L2__C6_D4__r02_s28102,scene_fc_blocked_v04,FC_BLOCKED,C6,D4,M Qualitative D4,28102,89,,19,False,True,False,False,images/numbered_rgb/scene_fc_blocked_v04.png
v1__scene_fc_blocked_v04__L2__C6_D4__r03_s28103,scene_fc_blocked_v04,FC_BLOCKED,C6,D4,M Qualitative D4,28103,89,,19,False,True,False,False,images/numbered_rgb/scene_fc_blocked_v04.png
v1__scene_fc_blocked_v04__L2__C6_D4__r04_s28104,scene_fc_blocked_v04,FC_BLOCKED,C6,D4,M Qualitative D4,28104,89,,19,False,True,False,False,images/numbered_rgb/scene_fc_blocked_v04.png
v1__scene_fc_blocked_v04__L2__C6_D4__r05_s28105,scene_fc_blocked_v04,FC_BLOCKED,C6,D4,M Qualitative D4,28105,89,,19,False,True,False,False,images/numbered_rgb/scene_fc_blocked_v04.png
v1__scene_fc_blocked_v04__L2__C6_D8__r01_s28101,scene_fc_blocked_v04,FC_BLOCKED,C6,D8,M Qualitative D8,28101,89,,19,False,True,False,False,images/numbered_rgb/scene_fc_blocked_v04.png
v1__scene_fc_blocked_v04__L2__C6_D8__r02_s28102,scene_fc_blocked_v04,FC_BLOCKED,C6,D8,M Qualitative D8,28102,89,,19,False,True,False,False,images/numbered_rgb/scene_fc_blocked_v04.png
v1__scene_fc_blocked_v04__L2__C6_D8__r03_s28103,scene_fc_blocked_v04,FC_BLOCKED,C6,D8,M Qualitative D8,28103,89,,19,False,True,False,False,images/numbered_rgb/scene_fc_blocked_v04.png
v1__scene_fc_blocked_v04__L2__C6_D8__r04_s28104,scene_fc_blocked_v04,FC_BLOCKED,C6,D8,M Qualitative D8,28104,89,,19,False,True,False,False,images/numbered_rgb/scene_fc_blocked_v04.png
v1__scene_fc_blocked_v04__L2__C6_D8__r05_s28105,scene_fc_blocked_v04,FC_BLOCKED,C6,D8,M Qualitative D8,28105,89,,19,False,True,False,False,images/numbered_rgb/scene_fc_blocked_v04.png
v1__scene_fc_blocked_v05__L2__C0_NA__r01_s28101,scene_fc_blocked_v05,FC_BLOCKED,C0,,Numbered RGB only,28101,59,,26,False,True,False,False,images/numbered_rgb/scene_fc_blocked_v05.png
v1__scene_fc_blocked_v05__L2__C0_NA__r02_s28102,scene_fc_blocked_v05,FC_BLOCKED,C0,,Numbered RGB only,28102,59,,26,False,True,False,False,images/numbered_rgb/scene_fc_blocked_v05.png
v1__scene_fc_blocked_v05__L2__C0_NA__r03_s28103,scene_fc_blocked_v05,FC_BLOCKED,C0,,Numbered RGB only,28103,59,,26,False,True,False,False,images/numbered_rgb/scene_fc_blocked_v05.png
v1__scene_fc_blocked_v05__L2__C0_NA__r04_s28104,scene_fc_blocked_v05,FC_BLOCKED,C0,,Numbered RGB only,28104,59,,26,False,True,False,False,images/numbered_rgb/scene_fc_blocked_v05.png
v1__scene_fc_blocked_v05__L2__C0_NA__r05_s28105,scene_fc_blocked_v05,FC_BLOCKED,C0,,Numbered RGB only,28105,59,,26,False,True,False,False,images/numbered_rgb/scene_fc_blocked_v05.png
v1__scene_fc_blocked_v05__L2__C1_NA__r01_s28101,scene_fc_blocked_v05,FC_BLOCKED,C1,,R Numeric,28101,59,,26,False,True,False,False,images/numbered_rgb/scene_fc_blocked_v05.png
v1__scene_fc_blocked_v05__L2__C1_NA__r02_s28102,scene_fc_blocked_v05,FC_BLOCKED,C1,,R Numeric,28102,59,,26,False,True,False,False,images/numbered_rgb/scene_fc_blocked_v05.png
v1__scene_fc_blocked_v05__L2__C1_NA__r03_s28103,scene_fc_blocked_v05,FC_BLOCKED,C1,,R Numeric,28103,59,,26,False,True,False,False,images/numbered_rgb/scene_fc_blocked_v05.png
v1__scene_fc_blocked_v05__L2__C1_NA__r04_s28104,scene_fc_blocked_v05,FC_BLOCKED,C1,,R Numeric,28104,59,,26,False,True,False,False,images/numbered_rgb/scene_fc_blocked_v05.png
v1__scene_fc_blocked_v05__L2__C1_NA__r05_s28105,scene_fc_blocked_v05,FC_BLOCKED,C1,,R Numeric,28105,59,,26,False,True,False,False,images/numbered_rgb/scene_fc_blocked_v05.png
v1__scene_fc_blocked_v05__L2__C2_D4__r01_s28101,scene_fc_blocked_v05,FC_BLOCKED,C2,D4,R Qualitative D4,28101,59,,26,False,True,False,False,images/numbered_rgb/scene_fc_blocked_v05.png
v1__scene_fc_blocked_v05__L2__C2_D4__r02_s28102,scene_fc_blocked_v05,FC_BLOCKED,C2,D4,R Qualitative D4,28102,59,,26,False,True,False,False,images/numbered_rgb/scene_fc_blocked_v05.png
v1__scene_fc_blocked_v05__L2__C2_D4__r03_s28103,scene_fc_blocked_v05,FC_BLOCKED,C2,D4,R Qualitative D4,28103,59,,26,False,True,False,False,images/numbered_rgb/scene_fc_blocked_v05.png
v1__scene_fc_blocked_v05__L2__C2_D4__r04_s28104,scene_fc_blocked_v05,FC_BLOCKED,C2,D4,R Qualitative D4,28104,59,,26,False,True,False,False,images/numbered_rgb/scene_fc_blocked_v05.png
v1__scene_fc_blocked_v05__L2__C2_D4__r05_s28105,scene_fc_blocked_v05,FC_BLOCKED,C2,D4,R Qualitative D4,28105,59,,26,False,True,False,False,images/numbered_rgb/scene_fc_blocked_v05.png
v1__scene_fc_blocked_v05__L2__C2_D8__r01_s28101,scene_fc_blocked_v05,FC_BLOCKED,C2,D8,R Qualitative D8,28101,59,,26,False,True,False,False,images/numbered_rgb/scene_fc_blocked_v05.png
v1__scene_fc_blocked_v05__L2__C2_D8__r02_s28102,scene_fc_blocked_v05,FC_BLOCKED,C2,D8,R Qualitative D8,28102,59,,26,False,True,False,False,images/numbered_rgb/scene_fc_blocked_v05.png
v1__scene_fc_blocked_v05__L2__C2_D8__r03_s28103,scene_fc_blocked_v05,FC_BLOCKED,C2,D8,R Qualitative D8,28103,59,,26,False,True,False,False,images/numbered_rgb/scene_fc_blocked_v05.png
v1__scene_fc_blocked_v05__L2__C2_D8__r04_s28104,scene_fc_blocked_v05,FC_BLOCKED,C2,D8,R Qualitative D8,28104,59,,26,False,True,False,False,images/numbered_rgb/scene_fc_blocked_v05.png
v1__scene_fc_blocked_v05__L2__C2_D8__r05_s28105,scene_fc_blocked_v05,FC_BLOCKED,C2,D8,R Qualitative D8,28105,59,,26,False,True,False,False,images/numbered_rgb/scene_fc_blocked_v05.png
v1__scene_fc_blocked_v05__L2__C3_D4__r01_s28101,scene_fc_blocked_v05,FC_BLOCKED,C3,D4,F Numeric D4,28101,59,,26,False,True,False,False,images/numbered_rgb/scene_fc_blocked_v05.png
v1__scene_fc_blocked_v05__L2__C3_D4__r02_s28102,scene_fc_blocked_v05,FC_BLOCKED,C3,D4,F Numeric D4,28102,59,,26,False,True,False,False,images/numbered_rgb/scene_fc_blocked_v05.png
v1__scene_fc_blocked_v05__L2__C3_D4__r03_s28103,scene_fc_blocked_v05,FC_BLOCKED,C3,D4,F Numeric D4,28103,59,,26,False,True,False,False,images/numbered_rgb/scene_fc_blocked_v05.png
v1__scene_fc_blocked_v05__L2__C3_D4__r04_s28104,scene_fc_blocked_v05,FC_BLOCKED,C3,D4,F Numeric D4,28104,59,,26,False,True,False,False,images/numbered_rgb/scene_fc_blocked_v05.png
v1__scene_fc_blocked_v05__L2__C3_D4__r05_s28105,scene_fc_blocked_v05,FC_BLOCKED,C3,D4,F Numeric D4,28105,59,,26,False,True,False,False,images/numbered_rgb/scene_fc_blocked_v05.png
v1__scene_fc_blocked_v05__L2__C3_D8__r01_s28101,scene_fc_blocked_v05,FC_BLOCKED,C3,D8,F Numeric D8,28101,59,,26,False,True,False,False,images/numbered_rgb/scene_fc_blocked_v05.png
v1__scene_fc_blocked_v05__L2__C3_D8__r02_s28102,scene_fc_blocked_v05,FC_BLOCKED,C3,D8,F Numeric D8,28102,59,,26,False,True,False,False,images/numbered_rgb/scene_fc_blocked_v05.png
v1__scene_fc_blocked_v05__L2__C3_D8__r03_s28103,scene_fc_blocked_v05,FC_BLOCKED,C3,D8,F Numeric D8,28103,59,,26,False,True,False,False,images/numbered_rgb/scene_fc_blocked_v05.png
v1__scene_fc_blocked_v05__L2__C3_D8__r04_s28104,scene_fc_blocked_v05,FC_BLOCKED,C3,D8,F Numeric D8,28104,59,,26,False,True,False,False,images/numbered_rgb/scene_fc_blocked_v05.png
v1__scene_fc_blocked_v05__L2__C3_D8__r05_s28105,scene_fc_blocked_v05,FC_BLOCKED,C3,D8,F Numeric D8,28105,59,,26,False,True,False,False,images/numbered_rgb/scene_fc_blocked_v05.png
v1__scene_fc_blocked_v05__L2__C4_D4__r01_s28101,scene_fc_blocked_v05,FC_BLOCKED,C4,D4,F Qualitative D4,28101,59,,26,False,True,False,False,images/numbered_rgb/scene_fc_blocked_v05.png
v1__scene_fc_blocked_v05__L2__C4_D4__r02_s28102,scene_fc_blocked_v05,FC_BLOCKED,C4,D4,F Qualitative D4,28102,59,,26,False,True,False,False,images/numbered_rgb/scene_fc_blocked_v05.png
v1__scene_fc_blocked_v05__L2__C4_D4__r03_s28103,scene_fc_blocked_v05,FC_BLOCKED,C4,D4,F Qualitative D4,28103,59,,26,False,True,False,False,images/numbered_rgb/scene_fc_blocked_v05.png
v1__scene_fc_blocked_v05__L2__C4_D4__r04_s28104,scene_fc_blocked_v05,FC_BLOCKED,C4,D4,F Qualitative D4,28104,59,,26,False,True,False,False,images/numbered_rgb/scene_fc_blocked_v05.png
v1__scene_fc_blocked_v05__L2__C4_D4__r05_s28105,scene_fc_blocked_v05,FC_BLOCKED,C4,D4,F Qualitative D4,28105,59,,26,False,True,False,False,images/numbered_rgb/scene_fc_blocked_v05.png
v1__scene_fc_blocked_v05__L2__C4_D8__r01_s28101,scene_fc_blocked_v05,FC_BLOCKED,C4,D8,F Qualitative D8,28101,59,,26,False,True,False,False,images/numbered_rgb/scene_fc_blocked_v05.png
v1__scene_fc_blocked_v05__L2__C4_D8__r02_s28102,scene_fc_blocked_v05,FC_BLOCKED,C4,D8,F Qualitative D8,28102,59,,26,False,True,False,False,images/numbered_rgb/scene_fc_blocked_v05.png
v1__scene_fc_blocked_v05__L2__C4_D8__r03_s28103,scene_fc_blocked_v05,FC_BLOCKED,C4,D8,F Qualitative D8,28103,59,,26,False,True,False,False,images/numbered_rgb/scene_fc_blocked_v05.png
v1__scene_fc_blocked_v05__L2__C4_D8__r04_s28104,scene_fc_blocked_v05,FC_BLOCKED,C4,D8,F Qualitative D8,28104,59,,26,False,True,False,False,images/numbered_rgb/scene_fc_blocked_v05.png
v1__scene_fc_blocked_v05__L2__C4_D8__r05_s28105,scene_fc_blocked_v05,FC_BLOCKED,C4,D8,F Qualitative D8,28105,59,,26,False,True,False,False,images/numbered_rgb/scene_fc_blocked_v05.png
v1__scene_fc_blocked_v05__L2__C5_D4__r01_s28101,scene_fc_blocked_v05,FC_BLOCKED,C5,D4,M Numeric D4,28101,59,,26,False,True,False,False,images/numbered_rgb/scene_fc_blocked_v05.png
v1__scene_fc_blocked_v05__L2__C5_D4__r02_s28102,scene_fc_blocked_v05,FC_BLOCKED,C5,D4,M Numeric D4,28102,59,,26,False,True,False,False,images/numbered_rgb/scene_fc_blocked_v05.png
v1__scene_fc_blocked_v05__L2__C5_D4__r03_s28103,scene_fc_blocked_v05,FC_BLOCKED,C5,D4,M Numeric D4,28103,59,,26,False,True,False,False,images/numbered_rgb/scene_fc_blocked_v05.png
v1__scene_fc_blocked_v05__L2__C5_D4__r04_s28104,scene_fc_blocked_v05,FC_BLOCKED,C5,D4,M Numeric D4,28104,59,,26,False,True,False,False,images/numbered_rgb/scene_fc_blocked_v05.png
v1__scene_fc_blocked_v05__L2__C5_D4__r05_s28105,scene_fc_blocked_v05,FC_BLOCKED,C5,D4,M Numeric D4,28105,59,,26,False,True,False,False,images/numbered_rgb/scene_fc_blocked_v05.png
v1__scene_fc_blocked_v05__L2__C5_D8__r01_s28101,scene_fc_blocked_v05,FC_BLOCKED,C5,D8,M Numeric D8,28101,59,,26,False,True,False,False,images/numbered_rgb/scene_fc_blocked_v05.png
v1__scene_fc_blocked_v05__L2__C5_D8__r02_s28102,scene_fc_blocked_v05,FC_BLOCKED,C5,D8,M Numeric D8,28102,59,,26,False,True,False,False,images/numbered_rgb/scene_fc_blocked_v05.png
v1__scene_fc_blocked_v05__L2__C5_D8__r03_s28103,scene_fc_blocked_v05,FC_BLOCKED,C5,D8,M Numeric D8,28103,59,,26,False,True,False,False,images/numbered_rgb/scene_fc_blocked_v05.png
v1__scene_fc_blocked_v05__L2__C5_D8__r04_s28104,scene_fc_blocked_v05,FC_BLOCKED,C5,D8,M Numeric D8,28104,59,,26,False,True,False,False,images/numbered_rgb/scene_fc_blocked_v05.png
v1__scene_fc_blocked_v05__L2__C5_D8__r05_s28105,scene_fc_blocked_v05,FC_BLOCKED,C5,D8,M Numeric D8,28105,59,,26,False,True,False,False,images/numbered_rgb/scene_fc_blocked_v05.png
v1__scene_fc_blocked_v05__L2__C6_D4__r01_s28101,scene_fc_blocked_v05,FC_BLOCKED,C6,D4,M Qualitative D4,28101,59,,26,False,True,False,False,images/numbered_rgb/scene_fc_blocked_v05.png
v1__scene_fc_blocked_v05__L2__C6_D4__r02_s28102,scene_fc_blocked_v05,FC_BLOCKED,C6,D4,M Qualitative D4,28102,59,,26,False,True,False,False,images/numbered_rgb/scene_fc_blocked_v05.png
v1__scene_fc_blocked_v05__L2__C6_D4__r03_s28103,scene_fc_blocked_v05,FC_BLOCKED,C6,D4,M Qualitative D4,28103,59,,26,False,True,False,False,images/numbered_rgb/scene_fc_blocked_v05.png
v1__scene_fc_blocked_v05__L2__C6_D4__r04_s28104,scene_fc_blocked_v05,FC_BLOCKED,C6,D4,M Qualitative D4,28104,59,,26,False,True,False,False,images/numbered_rgb/scene_fc_blocked_v05.png
v1__scene_fc_blocked_v05__L2__C6_D4__r05_s28105,scene_fc_blocked_v05,FC_BLOCKED,C6,D4,M Qualitative D4,28105,59,,26,False,True,False,False,images/numbered_rgb/scene_fc_blocked_v05.png
v1__scene_fc_blocked_v05__L2__C6_D8__r01_s28101,scene_fc_blocked_v05,FC_BLOCKED,C6,D8,M Qualitative D8,28101,59,,26,False,True,False,False,images/numbered_rgb/scene_fc_blocked_v05.png
v1__scene_fc_blocked_v05__L2__C6_D8__r02_s28102,scene_fc_blocked_v05,FC_BLOCKED,C6,D8,M Qualitative D8,28102,59,,26,False,True,False,False,images/numbered_rgb/scene_fc_blocked_v05.png
v1__scene_fc_blocked_v05__L2__C6_D8__r03_s28103,scene_fc_blocked_v05,FC_BLOCKED,C6,D8,M Qualitative D8,28103,59,,26,False,True,False,False,images/numbered_rgb/scene_fc_blocked_v05.png
v1__scene_fc_blocked_v05__L2__C6_D8__r04_s28104,scene_fc_blocked_v05,FC_BLOCKED,C6,D8,M Qualitative D8,28104,59,,26,False,True,False,False,images/numbered_rgb/scene_fc_blocked_v05.png
v1__scene_fc_blocked_v05__L2__C6_D8__r05_s28105,scene_fc_blocked_v05,FC_BLOCKED,C6,D8,M Qualitative D8,28105,59,,26,False,True,False,False,images/numbered_rgb/scene_fc_blocked_v05.png
v1__scene_fc_clear_v01__L2__C0_NA__r01_s28101,scene_fc_clear_v01,FC_CLEAR,C0,,Numbered RGB only,28101,53,,62,False,True,False,False,images/numbered_rgb/scene_fc_clear_v01.png
v1__scene_fc_clear_v01__L2__C0_NA__r02_s28102,scene_fc_clear_v01,FC_CLEAR,C0,,Numbered RGB only,28102,53,,62,False,True,False,False,images/numbered_rgb/scene_fc_clear_v01.png
v1__scene_fc_clear_v01__L2__C0_NA__r03_s28103,scene_fc_clear_v01,FC_CLEAR,C0,,Numbered RGB only,28103,53,,62,False,True,False,False,images/numbered_rgb/scene_fc_clear_v01.png
v1__scene_fc_clear_v01__L2__C0_NA__r04_s28104,scene_fc_clear_v01,FC_CLEAR,C0,,Numbered RGB only,28104,53,,62,False,True,False,False,images/numbered_rgb/scene_fc_clear_v01.png
v1__scene_fc_clear_v01__L2__C0_NA__r05_s28105,scene_fc_clear_v01,FC_CLEAR,C0,,Numbered RGB only,28105,53,,62,False,True,False,False,images/numbered_rgb/scene_fc_clear_v01.png
v1__scene_fc_clear_v01__L2__C1_NA__r01_s28101,scene_fc_clear_v01,FC_CLEAR,C1,,R Numeric,28101,53,,98,False,True,False,False,images/numbered_rgb/scene_fc_clear_v01.png
v1__scene_fc_clear_v01__L2__C1_NA__r02_s28102,scene_fc_clear_v01,FC_CLEAR,C1,,R Numeric,28102,53,,98,False,True,False,False,images/numbered_rgb/scene_fc_clear_v01.png
v1__scene_fc_clear_v01__L2__C1_NA__r03_s28103,scene_fc_clear_v01,FC_CLEAR,C1,,R Numeric,28103,53,,98,False,True,False,False,images/numbered_rgb/scene_fc_clear_v01.png
v1__scene_fc_clear_v01__L2__C1_NA__r04_s28104,scene_fc_clear_v01,FC_CLEAR,C1,,R Numeric,28104,53,,98,False,True,False,False,images/numbered_rgb/scene_fc_clear_v01.png
v1__scene_fc_clear_v01__L2__C1_NA__r05_s28105,scene_fc_clear_v01,FC_CLEAR,C1,,R Numeric,28105,53,,98,False,True,False,False,images/numbered_rgb/scene_fc_clear_v01.png
v1__scene_fc_clear_v01__L2__C2_D4__r01_s28101,scene_fc_clear_v01,FC_CLEAR,C2,D4,R Qualitative D4,28101,53,,98,False,True,False,False,images/numbered_rgb/scene_fc_clear_v01.png
v1__scene_fc_clear_v01__L2__C2_D4__r02_s28102,scene_fc_clear_v01,FC_CLEAR,C2,D4,R Qualitative D4,28102,53,,98,False,True,False,False,images/numbered_rgb/scene_fc_clear_v01.png
v1__scene_fc_clear_v01__L2__C2_D4__r03_s28103,scene_fc_clear_v01,FC_CLEAR,C2,D4,R Qualitative D4,28103,53,,98,False,True,False,False,images/numbered_rgb/scene_fc_clear_v01.png
v1__scene_fc_clear_v01__L2__C2_D4__r04_s28104,scene_fc_clear_v01,FC_CLEAR,C2,D4,R Qualitative D4,28104,53,,98,False,True,False,False,images/numbered_rgb/scene_fc_clear_v01.png
v1__scene_fc_clear_v01__L2__C2_D4__r05_s28105,scene_fc_clear_v01,FC_CLEAR,C2,D4,R Qualitative D4,28105,53,,98,False,True,False,False,images/numbered_rgb/scene_fc_clear_v01.png
v1__scene_fc_clear_v01__L2__C2_D8__r01_s28101,scene_fc_clear_v01,FC_CLEAR,C2,D8,R Qualitative D8,28101,53,,98,False,True,False,False,images/numbered_rgb/scene_fc_clear_v01.png
v1__scene_fc_clear_v01__L2__C2_D8__r02_s28102,scene_fc_clear_v01,FC_CLEAR,C2,D8,R Qualitative D8,28102,53,,98,False,True,False,False,images/numbered_rgb/scene_fc_clear_v01.png
v1__scene_fc_clear_v01__L2__C2_D8__r03_s28103,scene_fc_clear_v01,FC_CLEAR,C2,D8,R Qualitative D8,28103,53,,98,False,True,False,False,images/numbered_rgb/scene_fc_clear_v01.png
v1__scene_fc_clear_v01__L2__C2_D8__r04_s28104,scene_fc_clear_v01,FC_CLEAR,C2,D8,R Qualitative D8,28104,53,,98,False,True,False,False,images/numbered_rgb/scene_fc_clear_v01.png
v1__scene_fc_clear_v01__L2__C2_D8__r05_s28105,scene_fc_clear_v01,FC_CLEAR,C2,D8,R Qualitative D8,28105,53,,98,False,True,False,False,images/numbered_rgb/scene_fc_clear_v01.png
v1__scene_fc_clear_v01__L2__C3_D4__r01_s28101,scene_fc_clear_v01,FC_CLEAR,C3,D4,F Numeric D4,28101,53,,98,False,True,False,False,images/numbered_rgb/scene_fc_clear_v01.png
v1__scene_fc_clear_v01__L2__C3_D4__r02_s28102,scene_fc_clear_v01,FC_CLEAR,C3,D4,F Numeric D4,28102,53,,98,False,True,False,False,images/numbered_rgb/scene_fc_clear_v01.png
v1__scene_fc_clear_v01__L2__C3_D4__r03_s28103,scene_fc_clear_v01,FC_CLEAR,C3,D4,F Numeric D4,28103,53,,62,False,True,False,False,images/numbered_rgb/scene_fc_clear_v01.png
v1__scene_fc_clear_v01__L2__C3_D4__r04_s28104,scene_fc_clear_v01,FC_CLEAR,C3,D4,F Numeric D4,28104,53,,98,False,True,False,False,images/numbered_rgb/scene_fc_clear_v01.png
v1__scene_fc_clear_v01__L2__C3_D4__r05_s28105,scene_fc_clear_v01,FC_CLEAR,C3,D4,F Numeric D4,28105,53,,98,False,True,False,False,images/numbered_rgb/scene_fc_clear_v01.png
v1__scene_fc_clear_v01__L2__C3_D8__r01_s28101,scene_fc_clear_v01,FC_CLEAR,C3,D8,F Numeric D8,28101,53,,98,False,True,False,False,images/numbered_rgb/scene_fc_clear_v01.png
v1__scene_fc_clear_v01__L2__C3_D8__r02_s28102,scene_fc_clear_v01,FC_CLEAR,C3,D8,F Numeric D8,28102,53,,62,False,True,False,False,images/numbered_rgb/scene_fc_clear_v01.png
v1__scene_fc_clear_v01__L2__C3_D8__r03_s28103,scene_fc_clear_v01,FC_CLEAR,C3,D8,F Numeric D8,28103,53,,62,False,True,False,False,images/numbered_rgb/scene_fc_clear_v01.png
v1__scene_fc_clear_v01__L2__C3_D8__r04_s28104,scene_fc_clear_v01,FC_CLEAR,C3,D8,F Numeric D8,28104,53,,62,False,True,False,False,images/numbered_rgb/scene_fc_clear_v01.png
v1__scene_fc_clear_v01__L2__C3_D8__r05_s28105,scene_fc_clear_v01,FC_CLEAR,C3,D8,F Numeric D8,28105,53,,62,False,True,False,False,images/numbered_rgb/scene_fc_clear_v01.png
v1__scene_fc_clear_v01__L2__C4_D4__r01_s28101,scene_fc_clear_v01,FC_CLEAR,C4,D4,F Qualitative D4,28101,53,,98,False,True,False,False,images/numbered_rgb/scene_fc_clear_v01.png
v1__scene_fc_clear_v01__L2__C4_D4__r02_s28102,scene_fc_clear_v01,FC_CLEAR,C4,D4,F Qualitative D4,28102,53,,98,False,True,False,False,images/numbered_rgb/scene_fc_clear_v01.png
v1__scene_fc_clear_v01__L2__C4_D4__r03_s28103,scene_fc_clear_v01,FC_CLEAR,C4,D4,F Qualitative D4,28103,53,,98,False,True,False,False,images/numbered_rgb/scene_fc_clear_v01.png
v1__scene_fc_clear_v01__L2__C4_D4__r04_s28104,scene_fc_clear_v01,FC_CLEAR,C4,D4,F Qualitative D4,28104,53,,98,False,True,False,False,images/numbered_rgb/scene_fc_clear_v01.png
v1__scene_fc_clear_v01__L2__C4_D4__r05_s28105,scene_fc_clear_v01,FC_CLEAR,C4,D4,F Qualitative D4,28105,53,,98,False,True,False,False,images/numbered_rgb/scene_fc_clear_v01.png
v1__scene_fc_clear_v01__L2__C4_D8__r01_s28101,scene_fc_clear_v01,FC_CLEAR,C4,D8,F Qualitative D8,28101,53,,98,False,True,False,False,images/numbered_rgb/scene_fc_clear_v01.png
v1__scene_fc_clear_v01__L2__C4_D8__r02_s28102,scene_fc_clear_v01,FC_CLEAR,C4,D8,F Qualitative D8,28102,53,,98,False,True,False,False,images/numbered_rgb/scene_fc_clear_v01.png
v1__scene_fc_clear_v01__L2__C4_D8__r03_s28103,scene_fc_clear_v01,FC_CLEAR,C4,D8,F Qualitative D8,28103,53,,98,False,True,False,False,images/numbered_rgb/scene_fc_clear_v01.png
v1__scene_fc_clear_v01__L2__C4_D8__r04_s28104,scene_fc_clear_v01,FC_CLEAR,C4,D8,F Qualitative D8,28104,53,,98,False,True,False,False,images/numbered_rgb/scene_fc_clear_v01.png
v1__scene_fc_clear_v01__L2__C4_D8__r05_s28105,scene_fc_clear_v01,FC_CLEAR,C4,D8,F Qualitative D8,28105,53,,98,False,True,False,False,images/numbered_rgb/scene_fc_clear_v01.png
v1__scene_fc_clear_v01__L2__C5_D4__r01_s28101,scene_fc_clear_v01,FC_CLEAR,C5,D4,M Numeric D4,28101,53,,62,False,True,False,False,images/numbered_rgb/scene_fc_clear_v01.png
v1__scene_fc_clear_v01__L2__C5_D4__r02_s28102,scene_fc_clear_v01,FC_CLEAR,C5,D4,M Numeric D4,28102,53,,98,False,True,False,False,images/numbered_rgb/scene_fc_clear_v01.png
v1__scene_fc_clear_v01__L2__C5_D4__r03_s28103,scene_fc_clear_v01,FC_CLEAR,C5,D4,M Numeric D4,28103,53,,98,False,True,False,False,images/numbered_rgb/scene_fc_clear_v01.png
v1__scene_fc_clear_v01__L2__C5_D4__r04_s28104,scene_fc_clear_v01,FC_CLEAR,C5,D4,M Numeric D4,28104,53,,62,False,True,False,False,images/numbered_rgb/scene_fc_clear_v01.png
v1__scene_fc_clear_v01__L2__C5_D4__r05_s28105,scene_fc_clear_v01,FC_CLEAR,C5,D4,M Numeric D4,28105,53,,98,False,True,False,False,images/numbered_rgb/scene_fc_clear_v01.png
v1__scene_fc_clear_v01__L2__C5_D8__r01_s28101,scene_fc_clear_v01,FC_CLEAR,C5,D8,M Numeric D8,28101,53,,62,False,True,False,False,images/numbered_rgb/scene_fc_clear_v01.png
v1__scene_fc_clear_v01__L2__C5_D8__r02_s28102,scene_fc_clear_v01,FC_CLEAR,C5,D8,M Numeric D8,28102,53,,98,False,True,False,False,images/numbered_rgb/scene_fc_clear_v01.png
v1__scene_fc_clear_v01__L2__C5_D8__r03_s28103,scene_fc_clear_v01,FC_CLEAR,C5,D8,M Numeric D8,28103,53,,98,False,True,False,False,images/numbered_rgb/scene_fc_clear_v01.png
v1__scene_fc_clear_v01__L2__C5_D8__r04_s28104,scene_fc_clear_v01,FC_CLEAR,C5,D8,M Numeric D8,28104,53,,98,False,True,False,False,images/numbered_rgb/scene_fc_clear_v01.png
v1__scene_fc_clear_v01__L2__C5_D8__r05_s28105,scene_fc_clear_v01,FC_CLEAR,C5,D8,M Numeric D8,28105,53,,98,False,True,False,False,images/numbered_rgb/scene_fc_clear_v01.png
v1__scene_fc_clear_v01__L2__C6_D4__r01_s28101,scene_fc_clear_v01,FC_CLEAR,C6,D4,M Qualitative D4,28101,53,,62,False,True,False,False,images/numbered_rgb/scene_fc_clear_v01.png
v1__scene_fc_clear_v01__L2__C6_D4__r02_s28102,scene_fc_clear_v01,FC_CLEAR,C6,D4,M Qualitative D4,28102,53,,98,False,True,False,False,images/numbered_rgb/scene_fc_clear_v01.png
v1__scene_fc_clear_v01__L2__C6_D4__r03_s28103,scene_fc_clear_v01,FC_CLEAR,C6,D4,M Qualitative D4,28103,53,,98,False,True,False,False,images/numbered_rgb/scene_fc_clear_v01.png
v1__scene_fc_clear_v01__L2__C6_D4__r04_s28104,scene_fc_clear_v01,FC_CLEAR,C6,D4,M Qualitative D4,28104,53,,98,False,True,False,False,images/numbered_rgb/scene_fc_clear_v01.png
v1__scene_fc_clear_v01__L2__C6_D4__r05_s28105,scene_fc_clear_v01,FC_CLEAR,C6,D4,M Qualitative D4,28105,53,,98,False,True,False,False,images/numbered_rgb/scene_fc_clear_v01.png
v1__scene_fc_clear_v01__L2__C6_D8__r01_s28101,scene_fc_clear_v01,FC_CLEAR,C6,D8,M Qualitative D8,28101,53,,62,False,True,False,False,images/numbered_rgb/scene_fc_clear_v01.png
v1__scene_fc_clear_v01__L2__C6_D8__r02_s28102,scene_fc_clear_v01,FC_CLEAR,C6,D8,M Qualitative D8,28102,53,,98,False,True,False,False,images/numbered_rgb/scene_fc_clear_v01.png
v1__scene_fc_clear_v01__L2__C6_D8__r03_s28103,scene_fc_clear_v01,FC_CLEAR,C6,D8,M Qualitative D8,28103,53,,98,False,True,False,False,images/numbered_rgb/scene_fc_clear_v01.png
v1__scene_fc_clear_v01__L2__C6_D8__r04_s28104,scene_fc_clear_v01,FC_CLEAR,C6,D8,M Qualitative D8,28104,53,,98,False,True,False,False,images/numbered_rgb/scene_fc_clear_v01.png
v1__scene_fc_clear_v01__L2__C6_D8__r05_s28105,scene_fc_clear_v01,FC_CLEAR,C6,D8,M Qualitative D8,28105,53,,98,False,True,False,False,images/numbered_rgb/scene_fc_clear_v01.png
v1__scene_fc_clear_v02__L2__C0_NA__r01_s28101,scene_fc_clear_v02,FC_CLEAR,C0,,Numbered RGB only,28101,29,,10,False,True,False,False,images/numbered_rgb/scene_fc_clear_v02.png
v1__scene_fc_clear_v02__L2__C0_NA__r02_s28102,scene_fc_clear_v02,FC_CLEAR,C0,,Numbered RGB only,28102,29,,10,False,True,False,False,images/numbered_rgb/scene_fc_clear_v02.png
v1__scene_fc_clear_v02__L2__C0_NA__r03_s28103,scene_fc_clear_v02,FC_CLEAR,C0,,Numbered RGB only,28103,29,,10,False,True,False,False,images/numbered_rgb/scene_fc_clear_v02.png
v1__scene_fc_clear_v02__L2__C0_NA__r04_s28104,scene_fc_clear_v02,FC_CLEAR,C0,,Numbered RGB only,28104,29,,10,False,True,False,False,images/numbered_rgb/scene_fc_clear_v02.png
v1__scene_fc_clear_v02__L2__C0_NA__r05_s28105,scene_fc_clear_v02,FC_CLEAR,C0,,Numbered RGB only,28105,29,,10,False,True,False,False,images/numbered_rgb/scene_fc_clear_v02.png
v1__scene_fc_clear_v02__L2__C1_NA__r01_s28101,scene_fc_clear_v02,FC_CLEAR,C1,,R Numeric,28101,29,,10,False,True,False,False,images/numbered_rgb/scene_fc_clear_v02.png
v1__scene_fc_clear_v02__L2__C1_NA__r02_s28102,scene_fc_clear_v02,FC_CLEAR,C1,,R Numeric,28102,29,,10,False,True,False,False,images/numbered_rgb/scene_fc_clear_v02.png
v1__scene_fc_clear_v02__L2__C1_NA__r03_s28103,scene_fc_clear_v02,FC_CLEAR,C1,,R Numeric,28103,29,,10,False,True,False,False,images/numbered_rgb/scene_fc_clear_v02.png
v1__scene_fc_clear_v02__L2__C1_NA__r04_s28104,scene_fc_clear_v02,FC_CLEAR,C1,,R Numeric,28104,29,,10,False,True,False,False,images/numbered_rgb/scene_fc_clear_v02.png
v1__scene_fc_clear_v02__L2__C1_NA__r05_s28105,scene_fc_clear_v02,FC_CLEAR,C1,,R Numeric,28105,29,,10,False,True,False,False,images/numbered_rgb/scene_fc_clear_v02.png
v1__scene_fc_clear_v02__L2__C2_D4__r01_s28101,scene_fc_clear_v02,FC_CLEAR,C2,D4,R Qualitative D4,28101,29,,10,False,True,False,False,images/numbered_rgb/scene_fc_clear_v02.png
v1__scene_fc_clear_v02__L2__C2_D4__r02_s28102,scene_fc_clear_v02,FC_CLEAR,C2,D4,R Qualitative D4,28102,29,,10,False,True,False,False,images/numbered_rgb/scene_fc_clear_v02.png
v1__scene_fc_clear_v02__L2__C2_D4__r03_s28103,scene_fc_clear_v02,FC_CLEAR,C2,D4,R Qualitative D4,28103,29,,10,False,True,False,False,images/numbered_rgb/scene_fc_clear_v02.png
v1__scene_fc_clear_v02__L2__C2_D4__r04_s28104,scene_fc_clear_v02,FC_CLEAR,C2,D4,R Qualitative D4,28104,29,,10,False,True,False,False,images/numbered_rgb/scene_fc_clear_v02.png
v1__scene_fc_clear_v02__L2__C2_D4__r05_s28105,scene_fc_clear_v02,FC_CLEAR,C2,D4,R Qualitative D4,28105,29,,10,False,True,False,False,images/numbered_rgb/scene_fc_clear_v02.png
v1__scene_fc_clear_v02__L2__C2_D8__r01_s28101,scene_fc_clear_v02,FC_CLEAR,C2,D8,R Qualitative D8,28101,29,,10,False,True,False,False,images/numbered_rgb/scene_fc_clear_v02.png
v1__scene_fc_clear_v02__L2__C2_D8__r02_s28102,scene_fc_clear_v02,FC_CLEAR,C2,D8,R Qualitative D8,28102,29,,10,False,True,False,False,images/numbered_rgb/scene_fc_clear_v02.png
v1__scene_fc_clear_v02__L2__C2_D8__r03_s28103,scene_fc_clear_v02,FC_CLEAR,C2,D8,R Qualitative D8,28103,29,,10,False,True,False,False,images/numbered_rgb/scene_fc_clear_v02.png
v1__scene_fc_clear_v02__L2__C2_D8__r04_s28104,scene_fc_clear_v02,FC_CLEAR,C2,D8,R Qualitative D8,28104,29,,10,False,True,False,False,images/numbered_rgb/scene_fc_clear_v02.png
v1__scene_fc_clear_v02__L2__C2_D8__r05_s28105,scene_fc_clear_v02,FC_CLEAR,C2,D8,R Qualitative D8,28105,29,,10,False,True,False,False,images/numbered_rgb/scene_fc_clear_v02.png
v1__scene_fc_clear_v02__L2__C3_D4__r01_s28101,scene_fc_clear_v02,FC_CLEAR,C3,D4,F Numeric D4,28101,29,,10,False,True,False,False,images/numbered_rgb/scene_fc_clear_v02.png
v1__scene_fc_clear_v02__L2__C3_D4__r02_s28102,scene_fc_clear_v02,FC_CLEAR,C3,D4,F Numeric D4,28102,29,,10,False,True,False,False,images/numbered_rgb/scene_fc_clear_v02.png
v1__scene_fc_clear_v02__L2__C3_D4__r03_s28103,scene_fc_clear_v02,FC_CLEAR,C3,D4,F Numeric D4,28103,29,,10,False,True,False,False,images/numbered_rgb/scene_fc_clear_v02.png
v1__scene_fc_clear_v02__L2__C3_D4__r04_s28104,scene_fc_clear_v02,FC_CLEAR,C3,D4,F Numeric D4,28104,29,,10,False,True,False,False,images/numbered_rgb/scene_fc_clear_v02.png
v1__scene_fc_clear_v02__L2__C3_D4__r05_s28105,scene_fc_clear_v02,FC_CLEAR,C3,D4,F Numeric D4,28105,29,,10,False,True,False,False,images/numbered_rgb/scene_fc_clear_v02.png
v1__scene_fc_clear_v02__L2__C3_D8__r01_s28101,scene_fc_clear_v02,FC_CLEAR,C3,D8,F Numeric D8,28101,29,,10,False,True,False,False,images/numbered_rgb/scene_fc_clear_v02.png
v1__scene_fc_clear_v02__L2__C3_D8__r02_s28102,scene_fc_clear_v02,FC_CLEAR,C3,D8,F Numeric D8,28102,29,,10,False,True,False,False,images/numbered_rgb/scene_fc_clear_v02.png
v1__scene_fc_clear_v02__L2__C3_D8__r03_s28103,scene_fc_clear_v02,FC_CLEAR,C3,D8,F Numeric D8,28103,29,,10,False,True,False,False,images/numbered_rgb/scene_fc_clear_v02.png
v1__scene_fc_clear_v02__L2__C3_D8__r04_s28104,scene_fc_clear_v02,FC_CLEAR,C3,D8,F Numeric D8,28104,29,,10,False,True,False,False,images/numbered_rgb/scene_fc_clear_v02.png
v1__scene_fc_clear_v02__L2__C3_D8__r05_s28105,scene_fc_clear_v02,FC_CLEAR,C3,D8,F Numeric D8,28105,29,,10,False,True,False,False,images/numbered_rgb/scene_fc_clear_v02.png
v1__scene_fc_clear_v02__L2__C4_D4__r01_s28101,scene_fc_clear_v02,FC_CLEAR,C4,D4,F Qualitative D4,28101,29,,10,False,True,False,False,images/numbered_rgb/scene_fc_clear_v02.png
v1__scene_fc_clear_v02__L2__C4_D4__r02_s28102,scene_fc_clear_v02,FC_CLEAR,C4,D4,F Qualitative D4,28102,29,,10,False,True,False,False,images/numbered_rgb/scene_fc_clear_v02.png
v1__scene_fc_clear_v02__L2__C4_D4__r03_s28103,scene_fc_clear_v02,FC_CLEAR,C4,D4,F Qualitative D4,28103,29,,10,False,True,False,False,images/numbered_rgb/scene_fc_clear_v02.png
v1__scene_fc_clear_v02__L2__C4_D4__r04_s28104,scene_fc_clear_v02,FC_CLEAR,C4,D4,F Qualitative D4,28104,29,,10,False,True,False,False,images/numbered_rgb/scene_fc_clear_v02.png
v1__scene_fc_clear_v02__L2__C4_D4__r05_s28105,scene_fc_clear_v02,FC_CLEAR,C4,D4,F Qualitative D4,28105,29,,10,False,True,False,False,images/numbered_rgb/scene_fc_clear_v02.png
v1__scene_fc_clear_v02__L2__C4_D8__r01_s28101,scene_fc_clear_v02,FC_CLEAR,C4,D8,F Qualitative D8,28101,29,,10,False,True,False,False,images/numbered_rgb/scene_fc_clear_v02.png
v1__scene_fc_clear_v02__L2__C4_D8__r02_s28102,scene_fc_clear_v02,FC_CLEAR,C4,D8,F Qualitative D8,28102,29,,10,False,True,False,False,images/numbered_rgb/scene_fc_clear_v02.png
v1__scene_fc_clear_v02__L2__C4_D8__r03_s28103,scene_fc_clear_v02,FC_CLEAR,C4,D8,F Qualitative D8,28103,29,,10,False,True,False,False,images/numbered_rgb/scene_fc_clear_v02.png
v1__scene_fc_clear_v02__L2__C4_D8__r04_s28104,scene_fc_clear_v02,FC_CLEAR,C4,D8,F Qualitative D8,28104,29,,10,False,True,False,False,images/numbered_rgb/scene_fc_clear_v02.png
v1__scene_fc_clear_v02__L2__C4_D8__r05_s28105,scene_fc_clear_v02,FC_CLEAR,C4,D8,F Qualitative D8,28105,29,,10,False,True,False,False,images/numbered_rgb/scene_fc_clear_v02.png
v1__scene_fc_clear_v02__L2__C5_D4__r01_s28101,scene_fc_clear_v02,FC_CLEAR,C5,D4,M Numeric D4,28101,29,,10,False,True,False,False,images/numbered_rgb/scene_fc_clear_v02.png
v1__scene_fc_clear_v02__L2__C5_D4__r02_s28102,scene_fc_clear_v02,FC_CLEAR,C5,D4,M Numeric D4,28102,29,,10,False,True,False,False,images/numbered_rgb/scene_fc_clear_v02.png
v1__scene_fc_clear_v02__L2__C5_D4__r03_s28103,scene_fc_clear_v02,FC_CLEAR,C5,D4,M Numeric D4,28103,29,,10,False,True,False,False,images/numbered_rgb/scene_fc_clear_v02.png
v1__scene_fc_clear_v02__L2__C5_D4__r04_s28104,scene_fc_clear_v02,FC_CLEAR,C5,D4,M Numeric D4,28104,29,,10,False,True,False,False,images/numbered_rgb/scene_fc_clear_v02.png
v1__scene_fc_clear_v02__L2__C5_D4__r05_s28105,scene_fc_clear_v02,FC_CLEAR,C5,D4,M Numeric D4,28105,29,,10,False,True,False,False,images/numbered_rgb/scene_fc_clear_v02.png
v1__scene_fc_clear_v02__L2__C5_D8__r01_s28101,scene_fc_clear_v02,FC_CLEAR,C5,D8,M Numeric D8,28101,29,,10,False,True,False,False,images/numbered_rgb/scene_fc_clear_v02.png
v1__scene_fc_clear_v02__L2__C5_D8__r02_s28102,scene_fc_clear_v02,FC_CLEAR,C5,D8,M Numeric D8,28102,29,,10,False,True,False,False,images/numbered_rgb/scene_fc_clear_v02.png
v1__scene_fc_clear_v02__L2__C5_D8__r03_s28103,scene_fc_clear_v02,FC_CLEAR,C5,D8,M Numeric D8,28103,29,,10,False,True,False,False,images/numbered_rgb/scene_fc_clear_v02.png
v1__scene_fc_clear_v02__L2__C5_D8__r04_s28104,scene_fc_clear_v02,FC_CLEAR,C5,D8,M Numeric D8,28104,29,,10,False,True,False,False,images/numbered_rgb/scene_fc_clear_v02.png
v1__scene_fc_clear_v02__L2__C5_D8__r05_s28105,scene_fc_clear_v02,FC_CLEAR,C5,D8,M Numeric D8,28105,29,,10,False,True,False,False,images/numbered_rgb/scene_fc_clear_v02.png
v1__scene_fc_clear_v02__L2__C6_D4__r01_s28101,scene_fc_clear_v02,FC_CLEAR,C6,D4,M Qualitative D4,28101,29,,10,False,True,False,False,images/numbered_rgb/scene_fc_clear_v02.png
v1__scene_fc_clear_v02__L2__C6_D4__r02_s28102,scene_fc_clear_v02,FC_CLEAR,C6,D4,M Qualitative D4,28102,29,,10,False,True,False,False,images/numbered_rgb/scene_fc_clear_v02.png
v1__scene_fc_clear_v02__L2__C6_D4__r03_s28103,scene_fc_clear_v02,FC_CLEAR,C6,D4,M Qualitative D4,28103,29,,10,False,True,False,False,images/numbered_rgb/scene_fc_clear_v02.png
v1__scene_fc_clear_v02__L2__C6_D4__r04_s28104,scene_fc_clear_v02,FC_CLEAR,C6,D4,M Qualitative D4,28104,29,,10,False,True,False,False,images/numbered_rgb/scene_fc_clear_v02.png
v1__scene_fc_clear_v02__L2__C6_D4__r05_s28105,scene_fc_clear_v02,FC_CLEAR,C6,D4,M Qualitative D4,28105,29,,10,False,True,False,False,images/numbered_rgb/scene_fc_clear_v02.png
v1__scene_fc_clear_v02__L2__C6_D8__r01_s28101,scene_fc_clear_v02,FC_CLEAR,C6,D8,M Qualitative D8,28101,29,,10,False,True,False,False,images/numbered_rgb/scene_fc_clear_v02.png
v1__scene_fc_clear_v02__L2__C6_D8__r02_s28102,scene_fc_clear_v02,FC_CLEAR,C6,D8,M Qualitative D8,28102,29,,10,False,True,False,False,images/numbered_rgb/scene_fc_clear_v02.png
v1__scene_fc_clear_v02__L2__C6_D8__r03_s28103,scene_fc_clear_v02,FC_CLEAR,C6,D8,M Qualitative D8,28103,29,,10,False,True,False,False,images/numbered_rgb/scene_fc_clear_v02.png
v1__scene_fc_clear_v02__L2__C6_D8__r04_s28104,scene_fc_clear_v02,FC_CLEAR,C6,D8,M Qualitative D8,28104,29,,10,False,True,False,False,images/numbered_rgb/scene_fc_clear_v02.png
v1__scene_fc_clear_v02__L2__C6_D8__r05_s28105,scene_fc_clear_v02,FC_CLEAR,C6,D8,M Qualitative D8,28105,29,,10,False,True,False,False,images/numbered_rgb/scene_fc_clear_v02.png
v1__scene_fc_clear_v03__L2__C0_NA__r01_s28101,scene_fc_clear_v03,FC_CLEAR,C0,,Numbered RGB only,28101,95,,20,False,True,False,False,images/numbered_rgb/scene_fc_clear_v03.png
v1__scene_fc_clear_v03__L2__C0_NA__r02_s28102,scene_fc_clear_v03,FC_CLEAR,C0,,Numbered RGB only,28102,95,,20,False,True,False,False,images/numbered_rgb/scene_fc_clear_v03.png
v1__scene_fc_clear_v03__L2__C0_NA__r03_s28103,scene_fc_clear_v03,FC_CLEAR,C0,,Numbered RGB only,28103,95,,20,False,True,False,False,images/numbered_rgb/scene_fc_clear_v03.png
v1__scene_fc_clear_v03__L2__C0_NA__r04_s28104,scene_fc_clear_v03,FC_CLEAR,C0,,Numbered RGB only,28104,95,,20,False,True,False,False,images/numbered_rgb/scene_fc_clear_v03.png
v1__scene_fc_clear_v03__L2__C0_NA__r05_s28105,scene_fc_clear_v03,FC_CLEAR,C0,,Numbered RGB only,28105,95,,20,False,True,False,False,images/numbered_rgb/scene_fc_clear_v03.png
v1__scene_fc_clear_v03__L2__C1_NA__r01_s28101,scene_fc_clear_v03,FC_CLEAR,C1,,R Numeric,28101,95,,20,False,True,False,False,images/numbered_rgb/scene_fc_clear_v03.png
v1__scene_fc_clear_v03__L2__C1_NA__r02_s28102,scene_fc_clear_v03,FC_CLEAR,C1,,R Numeric,28102,95,,20,False,True,False,False,images/numbered_rgb/scene_fc_clear_v03.png
v1__scene_fc_clear_v03__L2__C1_NA__r03_s28103,scene_fc_clear_v03,FC_CLEAR,C1,,R Numeric,28103,95,,20,False,True,False,False,images/numbered_rgb/scene_fc_clear_v03.png
v1__scene_fc_clear_v03__L2__C1_NA__r04_s28104,scene_fc_clear_v03,FC_CLEAR,C1,,R Numeric,28104,95,,20,False,True,False,False,images/numbered_rgb/scene_fc_clear_v03.png
v1__scene_fc_clear_v03__L2__C1_NA__r05_s28105,scene_fc_clear_v03,FC_CLEAR,C1,,R Numeric,28105,95,,20,False,True,False,False,images/numbered_rgb/scene_fc_clear_v03.png
v1__scene_fc_clear_v03__L2__C2_D4__r01_s28101,scene_fc_clear_v03,FC_CLEAR,C2,D4,R Qualitative D4,28101,95,,20,False,True,False,False,images/numbered_rgb/scene_fc_clear_v03.png
v1__scene_fc_clear_v03__L2__C2_D4__r02_s28102,scene_fc_clear_v03,FC_CLEAR,C2,D4,R Qualitative D4,28102,95,,20,False,True,False,False,images/numbered_rgb/scene_fc_clear_v03.png
v1__scene_fc_clear_v03__L2__C2_D4__r03_s28103,scene_fc_clear_v03,FC_CLEAR,C2,D4,R Qualitative D4,28103,95,,20,False,True,False,False,images/numbered_rgb/scene_fc_clear_v03.png
v1__scene_fc_clear_v03__L2__C2_D4__r04_s28104,scene_fc_clear_v03,FC_CLEAR,C2,D4,R Qualitative D4,28104,95,,20,False,True,False,False,images/numbered_rgb/scene_fc_clear_v03.png
v1__scene_fc_clear_v03__L2__C2_D4__r05_s28105,scene_fc_clear_v03,FC_CLEAR,C2,D4,R Qualitative D4,28105,95,,20,False,True,False,False,images/numbered_rgb/scene_fc_clear_v03.png
v1__scene_fc_clear_v03__L2__C2_D8__r01_s28101,scene_fc_clear_v03,FC_CLEAR,C2,D8,R Qualitative D8,28101,95,,20,False,True,False,False,images/numbered_rgb/scene_fc_clear_v03.png
v1__scene_fc_clear_v03__L2__C2_D8__r02_s28102,scene_fc_clear_v03,FC_CLEAR,C2,D8,R Qualitative D8,28102,95,,20,False,True,False,False,images/numbered_rgb/scene_fc_clear_v03.png
v1__scene_fc_clear_v03__L2__C2_D8__r03_s28103,scene_fc_clear_v03,FC_CLEAR,C2,D8,R Qualitative D8,28103,95,,20,False,True,False,False,images/numbered_rgb/scene_fc_clear_v03.png
v1__scene_fc_clear_v03__L2__C2_D8__r04_s28104,scene_fc_clear_v03,FC_CLEAR,C2,D8,R Qualitative D8,28104,95,,20,False,True,False,False,images/numbered_rgb/scene_fc_clear_v03.png
v1__scene_fc_clear_v03__L2__C2_D8__r05_s28105,scene_fc_clear_v03,FC_CLEAR,C2,D8,R Qualitative D8,28105,95,,20,False,True,False,False,images/numbered_rgb/scene_fc_clear_v03.png
v1__scene_fc_clear_v03__L2__C3_D4__r01_s28101,scene_fc_clear_v03,FC_CLEAR,C3,D4,F Numeric D4,28101,95,,20,False,True,False,False,images/numbered_rgb/scene_fc_clear_v03.png
v1__scene_fc_clear_v03__L2__C3_D4__r02_s28102,scene_fc_clear_v03,FC_CLEAR,C3,D4,F Numeric D4,28102,95,,20,False,True,False,False,images/numbered_rgb/scene_fc_clear_v03.png
v1__scene_fc_clear_v03__L2__C3_D4__r03_s28103,scene_fc_clear_v03,FC_CLEAR,C3,D4,F Numeric D4,28103,95,,20,False,True,False,False,images/numbered_rgb/scene_fc_clear_v03.png
v1__scene_fc_clear_v03__L2__C3_D4__r04_s28104,scene_fc_clear_v03,FC_CLEAR,C3,D4,F Numeric D4,28104,95,,20,False,True,False,False,images/numbered_rgb/scene_fc_clear_v03.png
v1__scene_fc_clear_v03__L2__C3_D4__r05_s28105,scene_fc_clear_v03,FC_CLEAR,C3,D4,F Numeric D4,28105,95,,20,False,True,False,False,images/numbered_rgb/scene_fc_clear_v03.png
v1__scene_fc_clear_v03__L2__C3_D8__r01_s28101,scene_fc_clear_v03,FC_CLEAR,C3,D8,F Numeric D8,28101,95,,20,False,True,False,False,images/numbered_rgb/scene_fc_clear_v03.png
v1__scene_fc_clear_v03__L2__C3_D8__r02_s28102,scene_fc_clear_v03,FC_CLEAR,C3,D8,F Numeric D8,28102,95,,20,False,True,False,False,images/numbered_rgb/scene_fc_clear_v03.png
v1__scene_fc_clear_v03__L2__C3_D8__r03_s28103,scene_fc_clear_v03,FC_CLEAR,C3,D8,F Numeric D8,28103,95,,20,False,True,False,False,images/numbered_rgb/scene_fc_clear_v03.png
v1__scene_fc_clear_v03__L2__C3_D8__r04_s28104,scene_fc_clear_v03,FC_CLEAR,C3,D8,F Numeric D8,28104,95,,20,False,True,False,False,images/numbered_rgb/scene_fc_clear_v03.png
v1__scene_fc_clear_v03__L2__C3_D8__r05_s28105,scene_fc_clear_v03,FC_CLEAR,C3,D8,F Numeric D8,28105,95,,20,False,True,False,False,images/numbered_rgb/scene_fc_clear_v03.png
v1__scene_fc_clear_v03__L2__C4_D4__r01_s28101,scene_fc_clear_v03,FC_CLEAR,C4,D4,F Qualitative D4,28101,95,,20,False,True,False,False,images/numbered_rgb/scene_fc_clear_v03.png
v1__scene_fc_clear_v03__L2__C4_D4__r02_s28102,scene_fc_clear_v03,FC_CLEAR,C4,D4,F Qualitative D4,28102,95,,20,False,True,False,False,images/numbered_rgb/scene_fc_clear_v03.png
v1__scene_fc_clear_v03__L2__C4_D4__r03_s28103,scene_fc_clear_v03,FC_CLEAR,C4,D4,F Qualitative D4,28103,95,,20,False,True,False,False,images/numbered_rgb/scene_fc_clear_v03.png
v1__scene_fc_clear_v03__L2__C4_D4__r04_s28104,scene_fc_clear_v03,FC_CLEAR,C4,D4,F Qualitative D4,28104,95,,20,False,True,False,False,images/numbered_rgb/scene_fc_clear_v03.png
v1__scene_fc_clear_v03__L2__C4_D4__r05_s28105,scene_fc_clear_v03,FC_CLEAR,C4,D4,F Qualitative D4,28105,95,,20,False,True,False,False,images/numbered_rgb/scene_fc_clear_v03.png
v1__scene_fc_clear_v03__L2__C4_D8__r01_s28101,scene_fc_clear_v03,FC_CLEAR,C4,D8,F Qualitative D8,28101,95,,20,False,True,False,False,images/numbered_rgb/scene_fc_clear_v03.png
v1__scene_fc_clear_v03__L2__C4_D8__r02_s28102,scene_fc_clear_v03,FC_CLEAR,C4,D8,F Qualitative D8,28102,95,,20,False,True,False,False,images/numbered_rgb/scene_fc_clear_v03.png
v1__scene_fc_clear_v03__L2__C4_D8__r03_s28103,scene_fc_clear_v03,FC_CLEAR,C4,D8,F Qualitative D8,28103,95,,20,False,True,False,False,images/numbered_rgb/scene_fc_clear_v03.png
v1__scene_fc_clear_v03__L2__C4_D8__r04_s28104,scene_fc_clear_v03,FC_CLEAR,C4,D8,F Qualitative D8,28104,95,,20,False,True,False,False,images/numbered_rgb/scene_fc_clear_v03.png
v1__scene_fc_clear_v03__L2__C4_D8__r05_s28105,scene_fc_clear_v03,FC_CLEAR,C4,D8,F Qualitative D8,28105,95,,20,False,True,False,False,images/numbered_rgb/scene_fc_clear_v03.png
v1__scene_fc_clear_v03__L2__C5_D4__r01_s28101,scene_fc_clear_v03,FC_CLEAR,C5,D4,M Numeric D4,28101,95,,20,False,True,False,False,images/numbered_rgb/scene_fc_clear_v03.png
v1__scene_fc_clear_v03__L2__C5_D4__r02_s28102,scene_fc_clear_v03,FC_CLEAR,C5,D4,M Numeric D4,28102,95,,20,False,True,False,False,images/numbered_rgb/scene_fc_clear_v03.png
v1__scene_fc_clear_v03__L2__C5_D4__r03_s28103,scene_fc_clear_v03,FC_CLEAR,C5,D4,M Numeric D4,28103,95,,20,False,True,False,False,images/numbered_rgb/scene_fc_clear_v03.png
v1__scene_fc_clear_v03__L2__C5_D4__r04_s28104,scene_fc_clear_v03,FC_CLEAR,C5,D4,M Numeric D4,28104,95,,20,False,True,False,False,images/numbered_rgb/scene_fc_clear_v03.png
v1__scene_fc_clear_v03__L2__C5_D4__r05_s28105,scene_fc_clear_v03,FC_CLEAR,C5,D4,M Numeric D4,28105,95,,20,False,True,False,False,images/numbered_rgb/scene_fc_clear_v03.png
v1__scene_fc_clear_v03__L2__C5_D8__r01_s28101,scene_fc_clear_v03,FC_CLEAR,C5,D8,M Numeric D8,28101,95,,20,False,True,False,False,images/numbered_rgb/scene_fc_clear_v03.png
v1__scene_fc_clear_v03__L2__C5_D8__r02_s28102,scene_fc_clear_v03,FC_CLEAR,C5,D8,M Numeric D8,28102,95,,20,False,True,False,False,images/numbered_rgb/scene_fc_clear_v03.png
v1__scene_fc_clear_v03__L2__C5_D8__r03_s28103,scene_fc_clear_v03,FC_CLEAR,C5,D8,M Numeric D8,28103,95,,20,False,True,False,False,images/numbered_rgb/scene_fc_clear_v03.png
v1__scene_fc_clear_v03__L2__C5_D8__r04_s28104,scene_fc_clear_v03,FC_CLEAR,C5,D8,M Numeric D8,28104,95,,20,False,True,False,False,images/numbered_rgb/scene_fc_clear_v03.png
v1__scene_fc_clear_v03__L2__C5_D8__r05_s28105,scene_fc_clear_v03,FC_CLEAR,C5,D8,M Numeric D8,28105,95,,20,False,True,False,False,images/numbered_rgb/scene_fc_clear_v03.png
v1__scene_fc_clear_v03__L2__C6_D4__r01_s28101,scene_fc_clear_v03,FC_CLEAR,C6,D4,M Qualitative D4,28101,95,,20,False,True,False,False,images/numbered_rgb/scene_fc_clear_v03.png
v1__scene_fc_clear_v03__L2__C6_D4__r02_s28102,scene_fc_clear_v03,FC_CLEAR,C6,D4,M Qualitative D4,28102,95,,20,False,True,False,False,images/numbered_rgb/scene_fc_clear_v03.png
v1__scene_fc_clear_v03__L2__C6_D4__r03_s28103,scene_fc_clear_v03,FC_CLEAR,C6,D4,M Qualitative D4,28103,95,,20,False,True,False,False,images/numbered_rgb/scene_fc_clear_v03.png
v1__scene_fc_clear_v03__L2__C6_D4__r04_s28104,scene_fc_clear_v03,FC_CLEAR,C6,D4,M Qualitative D4,28104,95,,20,False,True,False,False,images/numbered_rgb/scene_fc_clear_v03.png
v1__scene_fc_clear_v03__L2__C6_D4__r05_s28105,scene_fc_clear_v03,FC_CLEAR,C6,D4,M Qualitative D4,28105,95,,20,False,True,False,False,images/numbered_rgb/scene_fc_clear_v03.png
v1__scene_fc_clear_v03__L2__C6_D8__r01_s28101,scene_fc_clear_v03,FC_CLEAR,C6,D8,M Qualitative D8,28101,95,,20,False,True,False,False,images/numbered_rgb/scene_fc_clear_v03.png
v1__scene_fc_clear_v03__L2__C6_D8__r02_s28102,scene_fc_clear_v03,FC_CLEAR,C6,D8,M Qualitative D8,28102,95,,20,False,True,False,False,images/numbered_rgb/scene_fc_clear_v03.png
v1__scene_fc_clear_v03__L2__C6_D8__r03_s28103,scene_fc_clear_v03,FC_CLEAR,C6,D8,M Qualitative D8,28103,95,,20,False,True,False,False,images/numbered_rgb/scene_fc_clear_v03.png
v1__scene_fc_clear_v03__L2__C6_D8__r04_s28104,scene_fc_clear_v03,FC_CLEAR,C6,D8,M Qualitative D8,28104,95,,20,False,True,False,False,images/numbered_rgb/scene_fc_clear_v03.png
v1__scene_fc_clear_v03__L2__C6_D8__r05_s28105,scene_fc_clear_v03,FC_CLEAR,C6,D8,M Qualitative D8,28105,95,,20,False,True,False,False,images/numbered_rgb/scene_fc_clear_v03.png
v1__scene_fc_clear_v04__L2__C0_NA__r01_s28101,scene_fc_clear_v04,FC_CLEAR,C0,,Numbered RGB only,28101,61,,38,False,True,False,False,images/numbered_rgb/scene_fc_clear_v04.png
v1__scene_fc_clear_v04__L2__C0_NA__r02_s28102,scene_fc_clear_v04,FC_CLEAR,C0,,Numbered RGB only,28102,61,,38,False,True,False,False,images/numbered_rgb/scene_fc_clear_v04.png
v1__scene_fc_clear_v04__L2__C0_NA__r03_s28103,scene_fc_clear_v04,FC_CLEAR,C0,,Numbered RGB only,28103,61,,38,False,True,False,False,images/numbered_rgb/scene_fc_clear_v04.png
v1__scene_fc_clear_v04__L2__C0_NA__r04_s28104,scene_fc_clear_v04,FC_CLEAR,C0,,Numbered RGB only,28104,61,,38,False,True,False,False,images/numbered_rgb/scene_fc_clear_v04.png
v1__scene_fc_clear_v04__L2__C0_NA__r05_s28105,scene_fc_clear_v04,FC_CLEAR,C0,,Numbered RGB only,28105,61,,38,False,True,False,False,images/numbered_rgb/scene_fc_clear_v04.png
v1__scene_fc_clear_v04__L2__C1_NA__r01_s28101,scene_fc_clear_v04,FC_CLEAR,C1,,R Numeric,28101,61,,38,False,True,False,False,images/numbered_rgb/scene_fc_clear_v04.png
v1__scene_fc_clear_v04__L2__C1_NA__r02_s28102,scene_fc_clear_v04,FC_CLEAR,C1,,R Numeric,28102,61,,38,False,True,False,False,images/numbered_rgb/scene_fc_clear_v04.png
v1__scene_fc_clear_v04__L2__C1_NA__r03_s28103,scene_fc_clear_v04,FC_CLEAR,C1,,R Numeric,28103,61,,38,False,True,False,False,images/numbered_rgb/scene_fc_clear_v04.png
v1__scene_fc_clear_v04__L2__C1_NA__r04_s28104,scene_fc_clear_v04,FC_CLEAR,C1,,R Numeric,28104,61,,38,False,True,False,False,images/numbered_rgb/scene_fc_clear_v04.png
v1__scene_fc_clear_v04__L2__C1_NA__r05_s28105,scene_fc_clear_v04,FC_CLEAR,C1,,R Numeric,28105,61,,38,False,True,False,False,images/numbered_rgb/scene_fc_clear_v04.png
v1__scene_fc_clear_v04__L2__C2_D4__r01_s28101,scene_fc_clear_v04,FC_CLEAR,C2,D4,R Qualitative D4,28101,61,,38,False,True,False,False,images/numbered_rgb/scene_fc_clear_v04.png
v1__scene_fc_clear_v04__L2__C2_D4__r02_s28102,scene_fc_clear_v04,FC_CLEAR,C2,D4,R Qualitative D4,28102,61,,38,False,True,False,False,images/numbered_rgb/scene_fc_clear_v04.png
v1__scene_fc_clear_v04__L2__C2_D4__r03_s28103,scene_fc_clear_v04,FC_CLEAR,C2,D4,R Qualitative D4,28103,61,,38,False,True,False,False,images/numbered_rgb/scene_fc_clear_v04.png
v1__scene_fc_clear_v04__L2__C2_D4__r04_s28104,scene_fc_clear_v04,FC_CLEAR,C2,D4,R Qualitative D4,28104,61,,38,False,True,False,False,images/numbered_rgb/scene_fc_clear_v04.png
v1__scene_fc_clear_v04__L2__C2_D4__r05_s28105,scene_fc_clear_v04,FC_CLEAR,C2,D4,R Qualitative D4,28105,61,,38,False,True,False,False,images/numbered_rgb/scene_fc_clear_v04.png
v1__scene_fc_clear_v04__L2__C2_D8__r01_s28101,scene_fc_clear_v04,FC_CLEAR,C2,D8,R Qualitative D8,28101,61,,38,False,True,False,False,images/numbered_rgb/scene_fc_clear_v04.png
v1__scene_fc_clear_v04__L2__C2_D8__r02_s28102,scene_fc_clear_v04,FC_CLEAR,C2,D8,R Qualitative D8,28102,61,,38,False,True,False,False,images/numbered_rgb/scene_fc_clear_v04.png
v1__scene_fc_clear_v04__L2__C2_D8__r03_s28103,scene_fc_clear_v04,FC_CLEAR,C2,D8,R Qualitative D8,28103,61,,38,False,True,False,False,images/numbered_rgb/scene_fc_clear_v04.png
v1__scene_fc_clear_v04__L2__C2_D8__r04_s28104,scene_fc_clear_v04,FC_CLEAR,C2,D8,R Qualitative D8,28104,61,,38,False,True,False,False,images/numbered_rgb/scene_fc_clear_v04.png
v1__scene_fc_clear_v04__L2__C2_D8__r05_s28105,scene_fc_clear_v04,FC_CLEAR,C2,D8,R Qualitative D8,28105,61,,38,False,True,False,False,images/numbered_rgb/scene_fc_clear_v04.png
v1__scene_fc_clear_v04__L2__C3_D4__r01_s28101,scene_fc_clear_v04,FC_CLEAR,C3,D4,F Numeric D4,28101,61,,38,False,True,False,False,images/numbered_rgb/scene_fc_clear_v04.png
v1__scene_fc_clear_v04__L2__C3_D4__r02_s28102,scene_fc_clear_v04,FC_CLEAR,C3,D4,F Numeric D4,28102,61,,38,False,True,False,False,images/numbered_rgb/scene_fc_clear_v04.png
v1__scene_fc_clear_v04__L2__C3_D4__r03_s28103,scene_fc_clear_v04,FC_CLEAR,C3,D4,F Numeric D4,28103,61,,38,False,True,False,False,images/numbered_rgb/scene_fc_clear_v04.png
v1__scene_fc_clear_v04__L2__C3_D4__r04_s28104,scene_fc_clear_v04,FC_CLEAR,C3,D4,F Numeric D4,28104,61,,38,False,True,False,False,images/numbered_rgb/scene_fc_clear_v04.png
v1__scene_fc_clear_v04__L2__C3_D4__r05_s28105,scene_fc_clear_v04,FC_CLEAR,C3,D4,F Numeric D4,28105,61,,38,False,True,False,False,images/numbered_rgb/scene_fc_clear_v04.png
v1__scene_fc_clear_v04__L2__C3_D8__r01_s28101,scene_fc_clear_v04,FC_CLEAR,C3,D8,F Numeric D8,28101,61,,38,False,True,False,False,images/numbered_rgb/scene_fc_clear_v04.png
v1__scene_fc_clear_v04__L2__C3_D8__r02_s28102,scene_fc_clear_v04,FC_CLEAR,C3,D8,F Numeric D8,28102,61,,38,False,True,False,False,images/numbered_rgb/scene_fc_clear_v04.png
v1__scene_fc_clear_v04__L2__C3_D8__r03_s28103,scene_fc_clear_v04,FC_CLEAR,C3,D8,F Numeric D8,28103,61,,38,False,True,False,False,images/numbered_rgb/scene_fc_clear_v04.png
v1__scene_fc_clear_v04__L2__C3_D8__r04_s28104,scene_fc_clear_v04,FC_CLEAR,C3,D8,F Numeric D8,28104,61,,38,False,True,False,False,images/numbered_rgb/scene_fc_clear_v04.png
v1__scene_fc_clear_v04__L2__C3_D8__r05_s28105,scene_fc_clear_v04,FC_CLEAR,C3,D8,F Numeric D8,28105,61,,38,False,True,False,False,images/numbered_rgb/scene_fc_clear_v04.png
v1__scene_fc_clear_v04__L2__C4_D4__r01_s28101,scene_fc_clear_v04,FC_CLEAR,C4,D4,F Qualitative D4,28101,61,,38,False,True,False,False,images/numbered_rgb/scene_fc_clear_v04.png
v1__scene_fc_clear_v04__L2__C4_D4__r02_s28102,scene_fc_clear_v04,FC_CLEAR,C4,D4,F Qualitative D4,28102,61,,38,False,True,False,False,images/numbered_rgb/scene_fc_clear_v04.png
v1__scene_fc_clear_v04__L2__C4_D4__r03_s28103,scene_fc_clear_v04,FC_CLEAR,C4,D4,F Qualitative D4,28103,61,,38,False,True,False,False,images/numbered_rgb/scene_fc_clear_v04.png
v1__scene_fc_clear_v04__L2__C4_D4__r04_s28104,scene_fc_clear_v04,FC_CLEAR,C4,D4,F Qualitative D4,28104,61,,38,False,True,False,False,images/numbered_rgb/scene_fc_clear_v04.png
v1__scene_fc_clear_v04__L2__C4_D4__r05_s28105,scene_fc_clear_v04,FC_CLEAR,C4,D4,F Qualitative D4,28105,61,,38,False,True,False,False,images/numbered_rgb/scene_fc_clear_v04.png
v1__scene_fc_clear_v04__L2__C4_D8__r01_s28101,scene_fc_clear_v04,FC_CLEAR,C4,D8,F Qualitative D8,28101,61,,38,False,True,False,False,images/numbered_rgb/scene_fc_clear_v04.png
v1__scene_fc_clear_v04__L2__C4_D8__r02_s28102,scene_fc_clear_v04,FC_CLEAR,C4,D8,F Qualitative D8,28102,61,,38,False,True,False,False,images/numbered_rgb/scene_fc_clear_v04.png
v1__scene_fc_clear_v04__L2__C4_D8__r03_s28103,scene_fc_clear_v04,FC_CLEAR,C4,D8,F Qualitative D8,28103,61,,38,False,True,False,False,images/numbered_rgb/scene_fc_clear_v04.png
v1__scene_fc_clear_v04__L2__C4_D8__r04_s28104,scene_fc_clear_v04,FC_CLEAR,C4,D8,F Qualitative D8,28104,61,,38,False,True,False,False,images/numbered_rgb/scene_fc_clear_v04.png
v1__scene_fc_clear_v04__L2__C4_D8__r05_s28105,scene_fc_clear_v04,FC_CLEAR,C4,D8,F Qualitative D8,28105,61,,38,False,True,False,False,images/numbered_rgb/scene_fc_clear_v04.png
v1__scene_fc_clear_v04__L2__C5_D4__r01_s28101,scene_fc_clear_v04,FC_CLEAR,C5,D4,M Numeric D4,28101,61,,38,False,True,False,False,images/numbered_rgb/scene_fc_clear_v04.png
v1__scene_fc_clear_v04__L2__C5_D4__r02_s28102,scene_fc_clear_v04,FC_CLEAR,C5,D4,M Numeric D4,28102,61,,38,False,True,False,False,images/numbered_rgb/scene_fc_clear_v04.png
v1__scene_fc_clear_v04__L2__C5_D4__r03_s28103,scene_fc_clear_v04,FC_CLEAR,C5,D4,M Numeric D4,28103,61,,38,False,True,False,False,images/numbered_rgb/scene_fc_clear_v04.png
v1__scene_fc_clear_v04__L2__C5_D4__r04_s28104,scene_fc_clear_v04,FC_CLEAR,C5,D4,M Numeric D4,28104,61,,38,False,True,False,False,images/numbered_rgb/scene_fc_clear_v04.png
v1__scene_fc_clear_v04__L2__C5_D4__r05_s28105,scene_fc_clear_v04,FC_CLEAR,C5,D4,M Numeric D4,28105,61,,38,False,True,False,False,images/numbered_rgb/scene_fc_clear_v04.png
v1__scene_fc_clear_v04__L2__C5_D8__r01_s28101,scene_fc_clear_v04,FC_CLEAR,C5,D8,M Numeric D8,28101,61,,38,False,True,False,False,images/numbered_rgb/scene_fc_clear_v04.png
v1__scene_fc_clear_v04__L2__C5_D8__r02_s28102,scene_fc_clear_v04,FC_CLEAR,C5,D8,M Numeric D8,28102,61,,38,False,True,False,False,images/numbered_rgb/scene_fc_clear_v04.png
v1__scene_fc_clear_v04__L2__C5_D8__r03_s28103,scene_fc_clear_v04,FC_CLEAR,C5,D8,M Numeric D8,28103,61,,38,False,True,False,False,images/numbered_rgb/scene_fc_clear_v04.png
v1__scene_fc_clear_v04__L2__C5_D8__r04_s28104,scene_fc_clear_v04,FC_CLEAR,C5,D8,M Numeric D8,28104,61,,38,False,True,False,False,images/numbered_rgb/scene_fc_clear_v04.png
v1__scene_fc_clear_v04__L2__C5_D8__r05_s28105,scene_fc_clear_v04,FC_CLEAR,C5,D8,M Numeric D8,28105,61,,38,False,True,False,False,images/numbered_rgb/scene_fc_clear_v04.png
v1__scene_fc_clear_v04__L2__C6_D4__r01_s28101,scene_fc_clear_v04,FC_CLEAR,C6,D4,M Qualitative D4,28101,61,,38,False,True,False,False,images/numbered_rgb/scene_fc_clear_v04.png
v1__scene_fc_clear_v04__L2__C6_D4__r02_s28102,scene_fc_clear_v04,FC_CLEAR,C6,D4,M Qualitative D4,28102,61,,38,False,True,False,False,images/numbered_rgb/scene_fc_clear_v04.png
v1__scene_fc_clear_v04__L2__C6_D4__r03_s28103,scene_fc_clear_v04,FC_CLEAR,C6,D4,M Qualitative D4,28103,61,,38,False,True,False,False,images/numbered_rgb/scene_fc_clear_v04.png
v1__scene_fc_clear_v04__L2__C6_D4__r04_s28104,scene_fc_clear_v04,FC_CLEAR,C6,D4,M Qualitative D4,28104,61,,38,False,True,False,False,images/numbered_rgb/scene_fc_clear_v04.png
v1__scene_fc_clear_v04__L2__C6_D4__r05_s28105,scene_fc_clear_v04,FC_CLEAR,C6,D4,M Qualitative D4,28105,61,,38,False,True,False,False,images/numbered_rgb/scene_fc_clear_v04.png
v1__scene_fc_clear_v04__L2__C6_D8__r01_s28101,scene_fc_clear_v04,FC_CLEAR,C6,D8,M Qualitative D8,28101,61,,38,False,True,False,False,images/numbered_rgb/scene_fc_clear_v04.png
v1__scene_fc_clear_v04__L2__C6_D8__r02_s28102,scene_fc_clear_v04,FC_CLEAR,C6,D8,M Qualitative D8,28102,61,,38,False,True,False,False,images/numbered_rgb/scene_fc_clear_v04.png
v1__scene_fc_clear_v04__L2__C6_D8__r03_s28103,scene_fc_clear_v04,FC_CLEAR,C6,D8,M Qualitative D8,28103,61,,38,False,True,False,False,images/numbered_rgb/scene_fc_clear_v04.png
v1__scene_fc_clear_v04__L2__C6_D8__r04_s28104,scene_fc_clear_v04,FC_CLEAR,C6,D8,M Qualitative D8,28104,61,,38,False,True,False,False,images/numbered_rgb/scene_fc_clear_v04.png
v1__scene_fc_clear_v04__L2__C6_D8__r05_s28105,scene_fc_clear_v04,FC_CLEAR,C6,D8,M Qualitative D8,28105,61,,38,False,True,False,False,images/numbered_rgb/scene_fc_clear_v04.png
v1__scene_fc_clear_v05__L2__C0_NA__r01_s28101,scene_fc_clear_v05,FC_CLEAR,C0,,Numbered RGB only,28101,62,,42,False,True,False,False,images/numbered_rgb/scene_fc_clear_v05.png
v1__scene_fc_clear_v05__L2__C0_NA__r02_s28102,scene_fc_clear_v05,FC_CLEAR,C0,,Numbered RGB only,28102,62,,42,False,True,False,False,images/numbered_rgb/scene_fc_clear_v05.png
v1__scene_fc_clear_v05__L2__C0_NA__r03_s28103,scene_fc_clear_v05,FC_CLEAR,C0,,Numbered RGB only,28103,62,,42,False,True,False,False,images/numbered_rgb/scene_fc_clear_v05.png
v1__scene_fc_clear_v05__L2__C0_NA__r04_s28104,scene_fc_clear_v05,FC_CLEAR,C0,,Numbered RGB only,28104,62,,42,False,True,False,False,images/numbered_rgb/scene_fc_clear_v05.png
v1__scene_fc_clear_v05__L2__C0_NA__r05_s28105,scene_fc_clear_v05,FC_CLEAR,C0,,Numbered RGB only,28105,62,,42,False,True,False,False,images/numbered_rgb/scene_fc_clear_v05.png
v1__scene_fc_clear_v05__L2__C1_NA__r01_s28101,scene_fc_clear_v05,FC_CLEAR,C1,,R Numeric,28101,62,,82,False,True,False,False,images/numbered_rgb/scene_fc_clear_v05.png
v1__scene_fc_clear_v05__L2__C1_NA__r02_s28102,scene_fc_clear_v05,FC_CLEAR,C1,,R Numeric,28102,62,,82,False,True,False,False,images/numbered_rgb/scene_fc_clear_v05.png
v1__scene_fc_clear_v05__L2__C1_NA__r03_s28103,scene_fc_clear_v05,FC_CLEAR,C1,,R Numeric,28103,62,,82,False,True,False,False,images/numbered_rgb/scene_fc_clear_v05.png
v1__scene_fc_clear_v05__L2__C1_NA__r04_s28104,scene_fc_clear_v05,FC_CLEAR,C1,,R Numeric,28104,62,,82,False,True,False,False,images/numbered_rgb/scene_fc_clear_v05.png
v1__scene_fc_clear_v05__L2__C1_NA__r05_s28105,scene_fc_clear_v05,FC_CLEAR,C1,,R Numeric,28105,62,,82,False,True,False,False,images/numbered_rgb/scene_fc_clear_v05.png
v1__scene_fc_clear_v05__L2__C2_D4__r01_s28101,scene_fc_clear_v05,FC_CLEAR,C2,D4,R Qualitative D4,28101,62,,82,False,True,False,False,images/numbered_rgb/scene_fc_clear_v05.png
v1__scene_fc_clear_v05__L2__C2_D4__r02_s28102,scene_fc_clear_v05,FC_CLEAR,C2,D4,R Qualitative D4,28102,62,,82,False,True,False,False,images/numbered_rgb/scene_fc_clear_v05.png
v1__scene_fc_clear_v05__L2__C2_D4__r03_s28103,scene_fc_clear_v05,FC_CLEAR,C2,D4,R Qualitative D4,28103,62,,82,False,True,False,False,images/numbered_rgb/scene_fc_clear_v05.png
v1__scene_fc_clear_v05__L2__C2_D4__r04_s28104,scene_fc_clear_v05,FC_CLEAR,C2,D4,R Qualitative D4,28104,62,,82,False,True,False,False,images/numbered_rgb/scene_fc_clear_v05.png
v1__scene_fc_clear_v05__L2__C2_D4__r05_s28105,scene_fc_clear_v05,FC_CLEAR,C2,D4,R Qualitative D4,28105,62,,82,False,True,False,False,images/numbered_rgb/scene_fc_clear_v05.png
v1__scene_fc_clear_v05__L2__C2_D8__r01_s28101,scene_fc_clear_v05,FC_CLEAR,C2,D8,R Qualitative D8,28101,62,,82,False,True,False,False,images/numbered_rgb/scene_fc_clear_v05.png
v1__scene_fc_clear_v05__L2__C2_D8__r02_s28102,scene_fc_clear_v05,FC_CLEAR,C2,D8,R Qualitative D8,28102,62,,82,False,True,False,False,images/numbered_rgb/scene_fc_clear_v05.png
v1__scene_fc_clear_v05__L2__C2_D8__r03_s28103,scene_fc_clear_v05,FC_CLEAR,C2,D8,R Qualitative D8,28103,62,,82,False,True,False,False,images/numbered_rgb/scene_fc_clear_v05.png
v1__scene_fc_clear_v05__L2__C2_D8__r04_s28104,scene_fc_clear_v05,FC_CLEAR,C2,D8,R Qualitative D8,28104,62,,82,False,True,False,False,images/numbered_rgb/scene_fc_clear_v05.png
v1__scene_fc_clear_v05__L2__C2_D8__r05_s28105,scene_fc_clear_v05,FC_CLEAR,C2,D8,R Qualitative D8,28105,62,,82,False,True,False,False,images/numbered_rgb/scene_fc_clear_v05.png
v1__scene_fc_clear_v05__L2__C3_D4__r01_s28101,scene_fc_clear_v05,FC_CLEAR,C3,D4,F Numeric D4,28101,62,,82,False,True,False,False,images/numbered_rgb/scene_fc_clear_v05.png
v1__scene_fc_clear_v05__L2__C3_D4__r02_s28102,scene_fc_clear_v05,FC_CLEAR,C3,D4,F Numeric D4,28102,62,,82,False,True,False,False,images/numbered_rgb/scene_fc_clear_v05.png
v1__scene_fc_clear_v05__L2__C3_D4__r03_s28103,scene_fc_clear_v05,FC_CLEAR,C3,D4,F Numeric D4,28103,62,,82,False,True,False,False,images/numbered_rgb/scene_fc_clear_v05.png
v1__scene_fc_clear_v05__L2__C3_D4__r04_s28104,scene_fc_clear_v05,FC_CLEAR,C3,D4,F Numeric D4,28104,62,,82,False,True,False,False,images/numbered_rgb/scene_fc_clear_v05.png
v1__scene_fc_clear_v05__L2__C3_D4__r05_s28105,scene_fc_clear_v05,FC_CLEAR,C3,D4,F Numeric D4,28105,62,,82,False,True,False,False,images/numbered_rgb/scene_fc_clear_v05.png
v1__scene_fc_clear_v05__L2__C3_D8__r01_s28101,scene_fc_clear_v05,FC_CLEAR,C3,D8,F Numeric D8,28101,62,,82,False,True,False,False,images/numbered_rgb/scene_fc_clear_v05.png
v1__scene_fc_clear_v05__L2__C3_D8__r02_s28102,scene_fc_clear_v05,FC_CLEAR,C3,D8,F Numeric D8,28102,62,,42,False,True,False,False,images/numbered_rgb/scene_fc_clear_v05.png
v1__scene_fc_clear_v05__L2__C3_D8__r03_s28103,scene_fc_clear_v05,FC_CLEAR,C3,D8,F Numeric D8,28103,62,,42,False,True,False,False,images/numbered_rgb/scene_fc_clear_v05.png
v1__scene_fc_clear_v05__L2__C3_D8__r04_s28104,scene_fc_clear_v05,FC_CLEAR,C3,D8,F Numeric D8,28104,62,,82,False,True,False,False,images/numbered_rgb/scene_fc_clear_v05.png
v1__scene_fc_clear_v05__L2__C3_D8__r05_s28105,scene_fc_clear_v05,FC_CLEAR,C3,D8,F Numeric D8,28105,62,,42,False,True,False,False,images/numbered_rgb/scene_fc_clear_v05.png
v1__scene_fc_clear_v05__L2__C4_D4__r01_s28101,scene_fc_clear_v05,FC_CLEAR,C4,D4,F Qualitative D4,28101,62,,82,False,True,False,False,images/numbered_rgb/scene_fc_clear_v05.png
v1__scene_fc_clear_v05__L2__C4_D4__r02_s28102,scene_fc_clear_v05,FC_CLEAR,C4,D4,F Qualitative D4,28102,62,,82,False,True,False,False,images/numbered_rgb/scene_fc_clear_v05.png
v1__scene_fc_clear_v05__L2__C4_D4__r03_s28103,scene_fc_clear_v05,FC_CLEAR,C4,D4,F Qualitative D4,28103,62,,82,False,True,False,False,images/numbered_rgb/scene_fc_clear_v05.png
v1__scene_fc_clear_v05__L2__C4_D4__r04_s28104,scene_fc_clear_v05,FC_CLEAR,C4,D4,F Qualitative D4,28104,62,,82,False,True,False,False,images/numbered_rgb/scene_fc_clear_v05.png
v1__scene_fc_clear_v05__L2__C4_D4__r05_s28105,scene_fc_clear_v05,FC_CLEAR,C4,D4,F Qualitative D4,28105,62,,82,False,True,False,False,images/numbered_rgb/scene_fc_clear_v05.png
v1__scene_fc_clear_v05__L2__C4_D8__r01_s28101,scene_fc_clear_v05,FC_CLEAR,C4,D8,F Qualitative D8,28101,62,,82,False,True,False,False,images/numbered_rgb/scene_fc_clear_v05.png
v1__scene_fc_clear_v05__L2__C4_D8__r02_s28102,scene_fc_clear_v05,FC_CLEAR,C4,D8,F Qualitative D8,28102,62,,82,False,True,False,False,images/numbered_rgb/scene_fc_clear_v05.png
v1__scene_fc_clear_v05__L2__C4_D8__r03_s28103,scene_fc_clear_v05,FC_CLEAR,C4,D8,F Qualitative D8,28103,62,,82,False,True,False,False,images/numbered_rgb/scene_fc_clear_v05.png
v1__scene_fc_clear_v05__L2__C4_D8__r04_s28104,scene_fc_clear_v05,FC_CLEAR,C4,D8,F Qualitative D8,28104,62,,82,False,True,False,False,images/numbered_rgb/scene_fc_clear_v05.png
v1__scene_fc_clear_v05__L2__C4_D8__r05_s28105,scene_fc_clear_v05,FC_CLEAR,C4,D8,F Qualitative D8,28105,62,,82,False,True,False,False,images/numbered_rgb/scene_fc_clear_v05.png
v1__scene_fc_clear_v05__L2__C5_D4__r01_s28101,scene_fc_clear_v05,FC_CLEAR,C5,D4,M Numeric D4,28101,62,,82,False,True,False,False,images/numbered_rgb/scene_fc_clear_v05.png
v1__scene_fc_clear_v05__L2__C5_D4__r02_s28102,scene_fc_clear_v05,FC_CLEAR,C5,D4,M Numeric D4,28102,62,,42,False,True,False,False,images/numbered_rgb/scene_fc_clear_v05.png
v1__scene_fc_clear_v05__L2__C5_D4__r03_s28103,scene_fc_clear_v05,FC_CLEAR,C5,D4,M Numeric D4,28103,62,,82,False,True,False,False,images/numbered_rgb/scene_fc_clear_v05.png
v1__scene_fc_clear_v05__L2__C5_D4__r04_s28104,scene_fc_clear_v05,FC_CLEAR,C5,D4,M Numeric D4,28104,62,,82,False,True,False,False,images/numbered_rgb/scene_fc_clear_v05.png
v1__scene_fc_clear_v05__L2__C5_D4__r05_s28105,scene_fc_clear_v05,FC_CLEAR,C5,D4,M Numeric D4,28105,62,,82,False,True,False,False,images/numbered_rgb/scene_fc_clear_v05.png
v1__scene_fc_clear_v05__L2__C5_D8__r01_s28101,scene_fc_clear_v05,FC_CLEAR,C5,D8,M Numeric D8,28101,62,,42,False,True,False,False,images/numbered_rgb/scene_fc_clear_v05.png
v1__scene_fc_clear_v05__L2__C5_D8__r02_s28102,scene_fc_clear_v05,FC_CLEAR,C5,D8,M Numeric D8,28102,62,,42,False,True,False,False,images/numbered_rgb/scene_fc_clear_v05.png
v1__scene_fc_clear_v05__L2__C5_D8__r03_s28103,scene_fc_clear_v05,FC_CLEAR,C5,D8,M Numeric D8,28103,62,,42,False,True,False,False,images/numbered_rgb/scene_fc_clear_v05.png
v1__scene_fc_clear_v05__L2__C5_D8__r04_s28104,scene_fc_clear_v05,FC_CLEAR,C5,D8,M Numeric D8,28104,62,,42,False,True,False,False,images/numbered_rgb/scene_fc_clear_v05.png
v1__scene_fc_clear_v05__L2__C5_D8__r05_s28105,scene_fc_clear_v05,FC_CLEAR,C5,D8,M Numeric D8,28105,62,,42,False,True,False,False,images/numbered_rgb/scene_fc_clear_v05.png
v1__scene_fc_clear_v05__L2__C6_D4__r01_s28101,scene_fc_clear_v05,FC_CLEAR,C6,D4,M Qualitative D4,28101,62,,82,False,True,False,False,images/numbered_rgb/scene_fc_clear_v05.png
v1__scene_fc_clear_v05__L2__C6_D4__r02_s28102,scene_fc_clear_v05,FC_CLEAR,C6,D4,M Qualitative D4,28102,62,,42,False,True,False,False,images/numbered_rgb/scene_fc_clear_v05.png
v1__scene_fc_clear_v05__L2__C6_D4__r03_s28103,scene_fc_clear_v05,FC_CLEAR,C6,D4,M Qualitative D4,28103,62,,82,False,True,False,False,images/numbered_rgb/scene_fc_clear_v05.png
v1__scene_fc_clear_v05__L2__C6_D4__r04_s28104,scene_fc_clear_v05,FC_CLEAR,C6,D4,M Qualitative D4,28104,62,,82,False,True,False,False,images/numbered_rgb/scene_fc_clear_v05.png
v1__scene_fc_clear_v05__L2__C6_D4__r05_s28105,scene_fc_clear_v05,FC_CLEAR,C6,D4,M Qualitative D4,28105,62,,82,False,True,False,False,images/numbered_rgb/scene_fc_clear_v05.png
v1__scene_fc_clear_v05__L2__C6_D8__r01_s28101,scene_fc_clear_v05,FC_CLEAR,C6,D8,M Qualitative D8,28101,62,,82,False,True,False,False,images/numbered_rgb/scene_fc_clear_v05.png
v1__scene_fc_clear_v05__L2__C6_D8__r02_s28102,scene_fc_clear_v05,FC_CLEAR,C6,D8,M Qualitative D8,28102,62,,82,False,True,False,False,images/numbered_rgb/scene_fc_clear_v05.png
v1__scene_fc_clear_v05__L2__C6_D8__r03_s28103,scene_fc_clear_v05,FC_CLEAR,C6,D8,M Qualitative D8,28103,62,,82,False,True,False,False,images/numbered_rgb/scene_fc_clear_v05.png
v1__scene_fc_clear_v05__L2__C6_D8__r04_s28104,scene_fc_clear_v05,FC_CLEAR,C6,D8,M Qualitative D8,28104,62,,82,False,True,False,False,images/numbered_rgb/scene_fc_clear_v05.png
v1__scene_fc_clear_v05__L2__C6_D8__r05_s28105,scene_fc_clear_v05,FC_CLEAR,C6,D8,M Qualitative D8,28105,62,,82,False,True,False,False,images/numbered_rgb/scene_fc_clear_v05.png
v1__scene_lift_and_relocate_v01__L2__C0_NA__r01_s28101,scene_lift_and_relocate_v01,LIFT_AND_RELOCATE,C0,,Numbered RGB only,28101,59,64,64,True,True,True,True,images/numbered_rgb/scene_lift_and_relocate_v01.png
v1__scene_lift_and_relocate_v01__L2__C0_NA__r02_s28102,scene_lift_and_relocate_v01,LIFT_AND_RELOCATE,C0,,Numbered RGB only,28102,59,64,64,True,True,True,True,images/numbered_rgb/scene_lift_and_relocate_v01.png
v1__scene_lift_and_relocate_v01__L2__C0_NA__r03_s28103,scene_lift_and_relocate_v01,LIFT_AND_RELOCATE,C0,,Numbered RGB only,28103,59,64,64,True,True,True,True,images/numbered_rgb/scene_lift_and_relocate_v01.png
v1__scene_lift_and_relocate_v01__L2__C0_NA__r04_s28104,scene_lift_and_relocate_v01,LIFT_AND_RELOCATE,C0,,Numbered RGB only,28104,59,64,64,True,True,True,True,images/numbered_rgb/scene_lift_and_relocate_v01.png
v1__scene_lift_and_relocate_v01__L2__C0_NA__r05_s28105,scene_lift_and_relocate_v01,LIFT_AND_RELOCATE,C0,,Numbered RGB only,28105,59,64,64,True,True,True,True,images/numbered_rgb/scene_lift_and_relocate_v01.png
v1__scene_lift_and_relocate_v01__L2__C1_NA__r01_s28101,scene_lift_and_relocate_v01,LIFT_AND_RELOCATE,C1,,R Numeric,28101,59,64,64,True,True,True,True,images/numbered_rgb/scene_lift_and_relocate_v01.png
v1__scene_lift_and_relocate_v01__L2__C1_NA__r02_s28102,scene_lift_and_relocate_v01,LIFT_AND_RELOCATE,C1,,R Numeric,28102,59,64,64,True,True,True,True,images/numbered_rgb/scene_lift_and_relocate_v01.png
v1__scene_lift_and_relocate_v01__L2__C1_NA__r03_s28103,scene_lift_and_relocate_v01,LIFT_AND_RELOCATE,C1,,R Numeric,28103,59,64,64,True,True,True,True,images/numbered_rgb/scene_lift_and_relocate_v01.png
v1__scene_lift_and_relocate_v01__L2__C1_NA__r04_s28104,scene_lift_and_relocate_v01,LIFT_AND_RELOCATE,C1,,R Numeric,28104,59,64,64,True,True,True,True,images/numbered_rgb/scene_lift_and_relocate_v01.png
v1__scene_lift_and_relocate_v01__L2__C1_NA__r05_s28105,scene_lift_and_relocate_v01,LIFT_AND_RELOCATE,C1,,R Numeric,28105,59,64,64,True,True,True,True,images/numbered_rgb/scene_lift_and_relocate_v01.png
v1__scene_lift_and_relocate_v01__L2__C2_D4__r01_s28101,scene_lift_and_relocate_v01,LIFT_AND_RELOCATE,C2,D4,R Qualitative D4,28101,59,64,64,True,True,True,True,images/numbered_rgb/scene_lift_and_relocate_v01.png
v1__scene_lift_and_relocate_v01__L2__C2_D4__r02_s28102,scene_lift_and_relocate_v01,LIFT_AND_RELOCATE,C2,D4,R Qualitative D4,28102,59,64,64,True,True,True,True,images/numbered_rgb/scene_lift_and_relocate_v01.png
v1__scene_lift_and_relocate_v01__L2__C2_D4__r03_s28103,scene_lift_and_relocate_v01,LIFT_AND_RELOCATE,C2,D4,R Qualitative D4,28103,59,64,64,True,True,True,True,images/numbered_rgb/scene_lift_and_relocate_v01.png
v1__scene_lift_and_relocate_v01__L2__C2_D4__r04_s28104,scene_lift_and_relocate_v01,LIFT_AND_RELOCATE,C2,D4,R Qualitative D4,28104,59,64,64,True,True,True,True,images/numbered_rgb/scene_lift_and_relocate_v01.png
v1__scene_lift_and_relocate_v01__L2__C2_D4__r05_s28105,scene_lift_and_relocate_v01,LIFT_AND_RELOCATE,C2,D4,R Qualitative D4,28105,59,64,64,True,True,True,True,images/numbered_rgb/scene_lift_and_relocate_v01.png
v1__scene_lift_and_relocate_v01__L2__C2_D8__r01_s28101,scene_lift_and_relocate_v01,LIFT_AND_RELOCATE,C2,D8,R Qualitative D8,28101,59,64,64,True,True,True,True,images/numbered_rgb/scene_lift_and_relocate_v01.png
v1__scene_lift_and_relocate_v01__L2__C2_D8__r02_s28102,scene_lift_and_relocate_v01,LIFT_AND_RELOCATE,C2,D8,R Qualitative D8,28102,59,64,64,True,True,True,True,images/numbered_rgb/scene_lift_and_relocate_v01.png
v1__scene_lift_and_relocate_v01__L2__C2_D8__r03_s28103,scene_lift_and_relocate_v01,LIFT_AND_RELOCATE,C2,D8,R Qualitative D8,28103,59,64,64,True,True,True,True,images/numbered_rgb/scene_lift_and_relocate_v01.png
v1__scene_lift_and_relocate_v01__L2__C2_D8__r04_s28104,scene_lift_and_relocate_v01,LIFT_AND_RELOCATE,C2,D8,R Qualitative D8,28104,59,64,64,True,True,True,True,images/numbered_rgb/scene_lift_and_relocate_v01.png
v1__scene_lift_and_relocate_v01__L2__C2_D8__r05_s28105,scene_lift_and_relocate_v01,LIFT_AND_RELOCATE,C2,D8,R Qualitative D8,28105,59,64,64,True,True,True,True,images/numbered_rgb/scene_lift_and_relocate_v01.png
v1__scene_lift_and_relocate_v01__L2__C3_D4__r01_s28101,scene_lift_and_relocate_v01,LIFT_AND_RELOCATE,C3,D4,F Numeric D4,28101,59,64,64,True,True,True,True,images/numbered_rgb/scene_lift_and_relocate_v01.png
v1__scene_lift_and_relocate_v01__L2__C3_D4__r02_s28102,scene_lift_and_relocate_v01,LIFT_AND_RELOCATE,C3,D4,F Numeric D4,28102,59,64,64,True,True,True,True,images/numbered_rgb/scene_lift_and_relocate_v01.png
v1__scene_lift_and_relocate_v01__L2__C3_D4__r03_s28103,scene_lift_and_relocate_v01,LIFT_AND_RELOCATE,C3,D4,F Numeric D4,28103,59,64,64,True,True,True,True,images/numbered_rgb/scene_lift_and_relocate_v01.png
v1__scene_lift_and_relocate_v01__L2__C3_D4__r04_s28104,scene_lift_and_relocate_v01,LIFT_AND_RELOCATE,C3,D4,F Numeric D4,28104,59,64,64,True,True,True,True,images/numbered_rgb/scene_lift_and_relocate_v01.png
v1__scene_lift_and_relocate_v01__L2__C3_D4__r05_s28105,scene_lift_and_relocate_v01,LIFT_AND_RELOCATE,C3,D4,F Numeric D4,28105,59,64,79,True,True,True,False,images/numbered_rgb/scene_lift_and_relocate_v01.png
v1__scene_lift_and_relocate_v01__L2__C3_D8__r01_s28101,scene_lift_and_relocate_v01,LIFT_AND_RELOCATE,C3,D8,F Numeric D8,28101,59,64,64,True,True,True,True,images/numbered_rgb/scene_lift_and_relocate_v01.png
v1__scene_lift_and_relocate_v01__L2__C3_D8__r02_s28102,scene_lift_and_relocate_v01,LIFT_AND_RELOCATE,C3,D8,F Numeric D8,28102,59,64,64,True,True,True,True,images/numbered_rgb/scene_lift_and_relocate_v01.png
v1__scene_lift_and_relocate_v01__L2__C3_D8__r03_s28103,scene_lift_and_relocate_v01,LIFT_AND_RELOCATE,C3,D8,F Numeric D8,28103,59,64,64,True,True,True,True,images/numbered_rgb/scene_lift_and_relocate_v01.png
v1__scene_lift_and_relocate_v01__L2__C3_D8__r04_s28104,scene_lift_and_relocate_v01,LIFT_AND_RELOCATE,C3,D8,F Numeric D8,28104,59,64,64,True,True,True,True,images/numbered_rgb/scene_lift_and_relocate_v01.png
v1__scene_lift_and_relocate_v01__L2__C3_D8__r05_s28105,scene_lift_and_relocate_v01,LIFT_AND_RELOCATE,C3,D8,F Numeric D8,28105,59,64,79,True,True,True,False,images/numbered_rgb/scene_lift_and_relocate_v01.png
v1__scene_lift_and_relocate_v01__L2__C4_D4__r01_s28101,scene_lift_and_relocate_v01,LIFT_AND_RELOCATE,C4,D4,F Qualitative D4,28101,59,64,64,True,True,True,True,images/numbered_rgb/scene_lift_and_relocate_v01.png
v1__scene_lift_and_relocate_v01__L2__C4_D4__r02_s28102,scene_lift_and_relocate_v01,LIFT_AND_RELOCATE,C4,D4,F Qualitative D4,28102,59,64,64,True,True,True,True,images/numbered_rgb/scene_lift_and_relocate_v01.png
v1__scene_lift_and_relocate_v01__L2__C4_D4__r03_s28103,scene_lift_and_relocate_v01,LIFT_AND_RELOCATE,C4,D4,F Qualitative D4,28103,59,64,64,True,True,True,True,images/numbered_rgb/scene_lift_and_relocate_v01.png
v1__scene_lift_and_relocate_v01__L2__C4_D4__r04_s28104,scene_lift_and_relocate_v01,LIFT_AND_RELOCATE,C4,D4,F Qualitative D4,28104,59,64,64,True,True,True,True,images/numbered_rgb/scene_lift_and_relocate_v01.png
v1__scene_lift_and_relocate_v01__L2__C4_D4__r05_s28105,scene_lift_and_relocate_v01,LIFT_AND_RELOCATE,C4,D4,F Qualitative D4,28105,59,64,64,True,True,True,True,images/numbered_rgb/scene_lift_and_relocate_v01.png
v1__scene_lift_and_relocate_v01__L2__C4_D8__r01_s28101,scene_lift_and_relocate_v01,LIFT_AND_RELOCATE,C4,D8,F Qualitative D8,28101,59,64,64,True,True,True,True,images/numbered_rgb/scene_lift_and_relocate_v01.png
v1__scene_lift_and_relocate_v01__L2__C4_D8__r02_s28102,scene_lift_and_relocate_v01,LIFT_AND_RELOCATE,C4,D8,F Qualitative D8,28102,59,64,64,True,True,True,True,images/numbered_rgb/scene_lift_and_relocate_v01.png
v1__scene_lift_and_relocate_v01__L2__C4_D8__r03_s28103,scene_lift_and_relocate_v01,LIFT_AND_RELOCATE,C4,D8,F Qualitative D8,28103,59,64,64,True,True,True,True,images/numbered_rgb/scene_lift_and_relocate_v01.png
v1__scene_lift_and_relocate_v01__L2__C4_D8__r04_s28104,scene_lift_and_relocate_v01,LIFT_AND_RELOCATE,C4,D8,F Qualitative D8,28104,59,64,64,True,True,True,True,images/numbered_rgb/scene_lift_and_relocate_v01.png
v1__scene_lift_and_relocate_v01__L2__C4_D8__r05_s28105,scene_lift_and_relocate_v01,LIFT_AND_RELOCATE,C4,D8,F Qualitative D8,28105,59,64,64,True,True,True,True,images/numbered_rgb/scene_lift_and_relocate_v01.png
v1__scene_lift_and_relocate_v01__L2__C5_D4__r01_s28101,scene_lift_and_relocate_v01,LIFT_AND_RELOCATE,C5,D4,M Numeric D4,28101,59,64,79,True,True,True,False,images/numbered_rgb/scene_lift_and_relocate_v01.png
v1__scene_lift_and_relocate_v01__L2__C5_D4__r02_s28102,scene_lift_and_relocate_v01,LIFT_AND_RELOCATE,C5,D4,M Numeric D4,28102,59,64,64,True,True,True,True,images/numbered_rgb/scene_lift_and_relocate_v01.png
v1__scene_lift_and_relocate_v01__L2__C5_D4__r03_s28103,scene_lift_and_relocate_v01,LIFT_AND_RELOCATE,C5,D4,M Numeric D4,28103,59,64,79,True,True,True,False,images/numbered_rgb/scene_lift_and_relocate_v01.png
v1__scene_lift_and_relocate_v01__L2__C5_D4__r04_s28104,scene_lift_and_relocate_v01,LIFT_AND_RELOCATE,C5,D4,M Numeric D4,28104,59,64,64,True,True,True,True,images/numbered_rgb/scene_lift_and_relocate_v01.png
v1__scene_lift_and_relocate_v01__L2__C5_D4__r05_s28105,scene_lift_and_relocate_v01,LIFT_AND_RELOCATE,C5,D4,M Numeric D4,28105,59,64,79,True,True,True,False,images/numbered_rgb/scene_lift_and_relocate_v01.png
v1__scene_lift_and_relocate_v01__L2__C5_D8__r01_s28101,scene_lift_and_relocate_v01,LIFT_AND_RELOCATE,C5,D8,M Numeric D8,28101,59,64,64,True,True,True,True,images/numbered_rgb/scene_lift_and_relocate_v01.png
v1__scene_lift_and_relocate_v01__L2__C5_D8__r02_s28102,scene_lift_and_relocate_v01,LIFT_AND_RELOCATE,C5,D8,M Numeric D8,28102,59,64,64,True,True,True,True,images/numbered_rgb/scene_lift_and_relocate_v01.png
v1__scene_lift_and_relocate_v01__L2__C5_D8__r03_s28103,scene_lift_and_relocate_v01,LIFT_AND_RELOCATE,C5,D8,M Numeric D8,28103,59,64,64,True,True,True,True,images/numbered_rgb/scene_lift_and_relocate_v01.png
v1__scene_lift_and_relocate_v01__L2__C5_D8__r04_s28104,scene_lift_and_relocate_v01,LIFT_AND_RELOCATE,C5,D8,M Numeric D8,28104,59,64,64,True,True,True,True,images/numbered_rgb/scene_lift_and_relocate_v01.png
v1__scene_lift_and_relocate_v01__L2__C5_D8__r05_s28105,scene_lift_and_relocate_v01,LIFT_AND_RELOCATE,C5,D8,M Numeric D8,28105,59,64,79,True,True,True,False,images/numbered_rgb/scene_lift_and_relocate_v01.png
v1__scene_lift_and_relocate_v01__L2__C6_D4__r01_s28101,scene_lift_and_relocate_v01,LIFT_AND_RELOCATE,C6,D4,M Qualitative D4,28101,59,64,64,True,True,True,True,images/numbered_rgb/scene_lift_and_relocate_v01.png
v1__scene_lift_and_relocate_v01__L2__C6_D4__r02_s28102,scene_lift_and_relocate_v01,LIFT_AND_RELOCATE,C6,D4,M Qualitative D4,28102,59,64,64,True,True,True,True,images/numbered_rgb/scene_lift_and_relocate_v01.png
v1__scene_lift_and_relocate_v01__L2__C6_D4__r03_s28103,scene_lift_and_relocate_v01,LIFT_AND_RELOCATE,C6,D4,M Qualitative D4,28103,59,64,64,True,True,True,True,images/numbered_rgb/scene_lift_and_relocate_v01.png
v1__scene_lift_and_relocate_v01__L2__C6_D4__r04_s28104,scene_lift_and_relocate_v01,LIFT_AND_RELOCATE,C6,D4,M Qualitative D4,28104,59,64,64,True,True,True,True,images/numbered_rgb/scene_lift_and_relocate_v01.png
v1__scene_lift_and_relocate_v01__L2__C6_D4__r05_s28105,scene_lift_and_relocate_v01,LIFT_AND_RELOCATE,C6,D4,M Qualitative D4,28105,59,64,79,True,True,True,False,images/numbered_rgb/scene_lift_and_relocate_v01.png
v1__scene_lift_and_relocate_v01__L2__C6_D8__r01_s28101,scene_lift_and_relocate_v01,LIFT_AND_RELOCATE,C6,D8,M Qualitative D8,28101,59,64,64,True,True,True,True,images/numbered_rgb/scene_lift_and_relocate_v01.png
v1__scene_lift_and_relocate_v01__L2__C6_D8__r02_s28102,scene_lift_and_relocate_v01,LIFT_AND_RELOCATE,C6,D8,M Qualitative D8,28102,59,64,64,True,True,True,True,images/numbered_rgb/scene_lift_and_relocate_v01.png
v1__scene_lift_and_relocate_v01__L2__C6_D8__r03_s28103,scene_lift_and_relocate_v01,LIFT_AND_RELOCATE,C6,D8,M Qualitative D8,28103,59,64,64,True,True,True,True,images/numbered_rgb/scene_lift_and_relocate_v01.png
v1__scene_lift_and_relocate_v01__L2__C6_D8__r04_s28104,scene_lift_and_relocate_v01,LIFT_AND_RELOCATE,C6,D8,M Qualitative D8,28104,59,64,64,True,True,True,True,images/numbered_rgb/scene_lift_and_relocate_v01.png
v1__scene_lift_and_relocate_v01__L2__C6_D8__r05_s28105,scene_lift_and_relocate_v01,LIFT_AND_RELOCATE,C6,D8,M Qualitative D8,28105,59,64,79,True,True,True,False,images/numbered_rgb/scene_lift_and_relocate_v01.png
v1__scene_lift_and_relocate_v02__L2__C0_NA__r01_s28101,scene_lift_and_relocate_v02,LIFT_AND_RELOCATE,C0,,Numbered RGB only,28101,70,14,77,True,True,True,False,images/numbered_rgb/scene_lift_and_relocate_v02.png
v1__scene_lift_and_relocate_v02__L2__C0_NA__r02_s28102,scene_lift_and_relocate_v02,LIFT_AND_RELOCATE,C0,,Numbered RGB only,28102,70,14,77,True,True,True,False,images/numbered_rgb/scene_lift_and_relocate_v02.png
v1__scene_lift_and_relocate_v02__L2__C0_NA__r03_s28103,scene_lift_and_relocate_v02,LIFT_AND_RELOCATE,C0,,Numbered RGB only,28103,70,14,77,True,True,True,False,images/numbered_rgb/scene_lift_and_relocate_v02.png
v1__scene_lift_and_relocate_v02__L2__C0_NA__r04_s28104,scene_lift_and_relocate_v02,LIFT_AND_RELOCATE,C0,,Numbered RGB only,28104,70,14,77,True,True,True,False,images/numbered_rgb/scene_lift_and_relocate_v02.png
v1__scene_lift_and_relocate_v02__L2__C0_NA__r05_s28105,scene_lift_and_relocate_v02,LIFT_AND_RELOCATE,C0,,Numbered RGB only,28105,70,14,77,True,True,True,False,images/numbered_rgb/scene_lift_and_relocate_v02.png
v1__scene_lift_and_relocate_v02__L2__C1_NA__r01_s28101,scene_lift_and_relocate_v02,LIFT_AND_RELOCATE,C1,,R Numeric,28101,70,14,77,True,True,True,False,images/numbered_rgb/scene_lift_and_relocate_v02.png
v1__scene_lift_and_relocate_v02__L2__C1_NA__r02_s28102,scene_lift_and_relocate_v02,LIFT_AND_RELOCATE,C1,,R Numeric,28102,70,14,14,True,True,True,True,images/numbered_rgb/scene_lift_and_relocate_v02.png
v1__scene_lift_and_relocate_v02__L2__C1_NA__r03_s28103,scene_lift_and_relocate_v02,LIFT_AND_RELOCATE,C1,,R Numeric,28103,70,14,77,True,True,True,False,images/numbered_rgb/scene_lift_and_relocate_v02.png
v1__scene_lift_and_relocate_v02__L2__C1_NA__r04_s28104,scene_lift_and_relocate_v02,LIFT_AND_RELOCATE,C1,,R Numeric,28104,70,14,77,True,True,True,False,images/numbered_rgb/scene_lift_and_relocate_v02.png
v1__scene_lift_and_relocate_v02__L2__C1_NA__r05_s28105,scene_lift_and_relocate_v02,LIFT_AND_RELOCATE,C1,,R Numeric,28105,70,14,77,True,True,True,False,images/numbered_rgb/scene_lift_and_relocate_v02.png
v1__scene_lift_and_relocate_v02__L2__C2_D4__r01_s28101,scene_lift_and_relocate_v02,LIFT_AND_RELOCATE,C2,D4,R Qualitative D4,28101,70,14,77,True,True,True,False,images/numbered_rgb/scene_lift_and_relocate_v02.png
v1__scene_lift_and_relocate_v02__L2__C2_D4__r02_s28102,scene_lift_and_relocate_v02,LIFT_AND_RELOCATE,C2,D4,R Qualitative D4,28102,70,14,77,True,True,True,False,images/numbered_rgb/scene_lift_and_relocate_v02.png
v1__scene_lift_and_relocate_v02__L2__C2_D4__r03_s28103,scene_lift_and_relocate_v02,LIFT_AND_RELOCATE,C2,D4,R Qualitative D4,28103,70,14,14,True,True,True,True,images/numbered_rgb/scene_lift_and_relocate_v02.png
v1__scene_lift_and_relocate_v02__L2__C2_D4__r04_s28104,scene_lift_and_relocate_v02,LIFT_AND_RELOCATE,C2,D4,R Qualitative D4,28104,70,14,14,True,True,True,True,images/numbered_rgb/scene_lift_and_relocate_v02.png
v1__scene_lift_and_relocate_v02__L2__C2_D4__r05_s28105,scene_lift_and_relocate_v02,LIFT_AND_RELOCATE,C2,D4,R Qualitative D4,28105,70,14,77,True,True,True,False,images/numbered_rgb/scene_lift_and_relocate_v02.png
v1__scene_lift_and_relocate_v02__L2__C2_D8__r01_s28101,scene_lift_and_relocate_v02,LIFT_AND_RELOCATE,C2,D8,R Qualitative D8,28101,70,14,77,True,True,True,False,images/numbered_rgb/scene_lift_and_relocate_v02.png
v1__scene_lift_and_relocate_v02__L2__C2_D8__r02_s28102,scene_lift_and_relocate_v02,LIFT_AND_RELOCATE,C2,D8,R Qualitative D8,28102,70,14,14,True,True,True,True,images/numbered_rgb/scene_lift_and_relocate_v02.png
v1__scene_lift_and_relocate_v02__L2__C2_D8__r03_s28103,scene_lift_and_relocate_v02,LIFT_AND_RELOCATE,C2,D8,R Qualitative D8,28103,70,14,14,True,True,True,True,images/numbered_rgb/scene_lift_and_relocate_v02.png
v1__scene_lift_and_relocate_v02__L2__C2_D8__r04_s28104,scene_lift_and_relocate_v02,LIFT_AND_RELOCATE,C2,D8,R Qualitative D8,28104,70,14,14,True,True,True,True,images/numbered_rgb/scene_lift_and_relocate_v02.png
v1__scene_lift_and_relocate_v02__L2__C2_D8__r05_s28105,scene_lift_and_relocate_v02,LIFT_AND_RELOCATE,C2,D8,R Qualitative D8,28105,70,14,77,True,True,True,False,images/numbered_rgb/scene_lift_and_relocate_v02.png
v1__scene_lift_and_relocate_v02__L2__C3_D4__r01_s28101,scene_lift_and_relocate_v02,LIFT_AND_RELOCATE,C3,D4,F Numeric D4,28101,70,14,77,True,True,True,False,images/numbered_rgb/scene_lift_and_relocate_v02.png
v1__scene_lift_and_relocate_v02__L2__C3_D4__r02_s28102,scene_lift_and_relocate_v02,LIFT_AND_RELOCATE,C3,D4,F Numeric D4,28102,70,14,77,True,True,True,False,images/numbered_rgb/scene_lift_and_relocate_v02.png
v1__scene_lift_and_relocate_v02__L2__C3_D4__r03_s28103,scene_lift_and_relocate_v02,LIFT_AND_RELOCATE,C3,D4,F Numeric D4,28103,70,14,77,True,True,True,False,images/numbered_rgb/scene_lift_and_relocate_v02.png
v1__scene_lift_and_relocate_v02__L2__C3_D4__r04_s28104,scene_lift_and_relocate_v02,LIFT_AND_RELOCATE,C3,D4,F Numeric D4,28104,70,14,77,True,True,True,False,images/numbered_rgb/scene_lift_and_relocate_v02.png
v1__scene_lift_and_relocate_v02__L2__C3_D4__r05_s28105,scene_lift_and_relocate_v02,LIFT_AND_RELOCATE,C3,D4,F Numeric D4,28105,70,14,77,True,True,True,False,images/numbered_rgb/scene_lift_and_relocate_v02.png
v1__scene_lift_and_relocate_v02__L2__C3_D8__r01_s28101,scene_lift_and_relocate_v02,LIFT_AND_RELOCATE,C3,D8,F Numeric D8,28101,70,14,77,True,True,True,False,images/numbered_rgb/scene_lift_and_relocate_v02.png
v1__scene_lift_and_relocate_v02__L2__C3_D8__r02_s28102,scene_lift_and_relocate_v02,LIFT_AND_RELOCATE,C3,D8,F Numeric D8,28102,70,14,77,True,True,True,False,images/numbered_rgb/scene_lift_and_relocate_v02.png
v1__scene_lift_and_relocate_v02__L2__C3_D8__r03_s28103,scene_lift_and_relocate_v02,LIFT_AND_RELOCATE,C3,D8,F Numeric D8,28103,70,14,77,True,True,True,False,images/numbered_rgb/scene_lift_and_relocate_v02.png
v1__scene_lift_and_relocate_v02__L2__C3_D8__r04_s28104,scene_lift_and_relocate_v02,LIFT_AND_RELOCATE,C3,D8,F Numeric D8,28104,70,14,77,True,True,True,False,images/numbered_rgb/scene_lift_and_relocate_v02.png
v1__scene_lift_and_relocate_v02__L2__C3_D8__r05_s28105,scene_lift_and_relocate_v02,LIFT_AND_RELOCATE,C3,D8,F Numeric D8,28105,70,14,77,True,True,True,False,images/numbered_rgb/scene_lift_and_relocate_v02.png
v1__scene_lift_and_relocate_v02__L2__C4_D4__r01_s28101,scene_lift_and_relocate_v02,LIFT_AND_RELOCATE,C4,D4,F Qualitative D4,28101,70,14,77,True,True,True,False,images/numbered_rgb/scene_lift_and_relocate_v02.png
v1__scene_lift_and_relocate_v02__L2__C4_D4__r02_s28102,scene_lift_and_relocate_v02,LIFT_AND_RELOCATE,C4,D4,F Qualitative D4,28102,70,14,77,True,True,True,False,images/numbered_rgb/scene_lift_and_relocate_v02.png
v1__scene_lift_and_relocate_v02__L2__C4_D4__r03_s28103,scene_lift_and_relocate_v02,LIFT_AND_RELOCATE,C4,D4,F Qualitative D4,28103,70,14,77,True,True,True,False,images/numbered_rgb/scene_lift_and_relocate_v02.png
v1__scene_lift_and_relocate_v02__L2__C4_D4__r04_s28104,scene_lift_and_relocate_v02,LIFT_AND_RELOCATE,C4,D4,F Qualitative D4,28104,70,14,77,True,True,True,False,images/numbered_rgb/scene_lift_and_relocate_v02.png
v1__scene_lift_and_relocate_v02__L2__C4_D4__r05_s28105,scene_lift_and_relocate_v02,LIFT_AND_RELOCATE,C4,D4,F Qualitative D4,28105,70,14,77,True,True,True,False,images/numbered_rgb/scene_lift_and_relocate_v02.png
v1__scene_lift_and_relocate_v02__L2__C4_D8__r01_s28101,scene_lift_and_relocate_v02,LIFT_AND_RELOCATE,C4,D8,F Qualitative D8,28101,70,14,77,True,True,True,False,images/numbered_rgb/scene_lift_and_relocate_v02.png
v1__scene_lift_and_relocate_v02__L2__C4_D8__r02_s28102,scene_lift_and_relocate_v02,LIFT_AND_RELOCATE,C4,D8,F Qualitative D8,28102,70,14,14,True,True,True,True,images/numbered_rgb/scene_lift_and_relocate_v02.png
v1__scene_lift_and_relocate_v02__L2__C4_D8__r03_s28103,scene_lift_and_relocate_v02,LIFT_AND_RELOCATE,C4,D8,F Qualitative D8,28103,70,14,14,True,True,True,True,images/numbered_rgb/scene_lift_and_relocate_v02.png
v1__scene_lift_and_relocate_v02__L2__C4_D8__r04_s28104,scene_lift_and_relocate_v02,LIFT_AND_RELOCATE,C4,D8,F Qualitative D8,28104,70,14,14,True,True,True,True,images/numbered_rgb/scene_lift_and_relocate_v02.png
v1__scene_lift_and_relocate_v02__L2__C4_D8__r05_s28105,scene_lift_and_relocate_v02,LIFT_AND_RELOCATE,C4,D8,F Qualitative D8,28105,70,14,77,True,True,True,False,images/numbered_rgb/scene_lift_and_relocate_v02.png
v1__scene_lift_and_relocate_v02__L2__C5_D4__r01_s28101,scene_lift_and_relocate_v02,LIFT_AND_RELOCATE,C5,D4,M Numeric D4,28101,70,14,77,True,True,True,False,images/numbered_rgb/scene_lift_and_relocate_v02.png
v1__scene_lift_and_relocate_v02__L2__C5_D4__r02_s28102,scene_lift_and_relocate_v02,LIFT_AND_RELOCATE,C5,D4,M Numeric D4,28102,70,14,77,True,True,True,False,images/numbered_rgb/scene_lift_and_relocate_v02.png
v1__scene_lift_and_relocate_v02__L2__C5_D4__r03_s28103,scene_lift_and_relocate_v02,LIFT_AND_RELOCATE,C5,D4,M Numeric D4,28103,70,14,77,True,True,True,False,images/numbered_rgb/scene_lift_and_relocate_v02.png
v1__scene_lift_and_relocate_v02__L2__C5_D4__r04_s28104,scene_lift_and_relocate_v02,LIFT_AND_RELOCATE,C5,D4,M Numeric D4,28104,70,14,77,True,True,True,False,images/numbered_rgb/scene_lift_and_relocate_v02.png
v1__scene_lift_and_relocate_v02__L2__C5_D4__r05_s28105,scene_lift_and_relocate_v02,LIFT_AND_RELOCATE,C5,D4,M Numeric D4,28105,70,14,77,True,True,True,False,images/numbered_rgb/scene_lift_and_relocate_v02.png
v1__scene_lift_and_relocate_v02__L2__C5_D8__r01_s28101,scene_lift_and_relocate_v02,LIFT_AND_RELOCATE,C5,D8,M Numeric D8,28101,70,14,77,True,True,True,False,images/numbered_rgb/scene_lift_and_relocate_v02.png
v1__scene_lift_and_relocate_v02__L2__C5_D8__r02_s28102,scene_lift_and_relocate_v02,LIFT_AND_RELOCATE,C5,D8,M Numeric D8,28102,70,14,77,True,True,True,False,images/numbered_rgb/scene_lift_and_relocate_v02.png
v1__scene_lift_and_relocate_v02__L2__C5_D8__r03_s28103,scene_lift_and_relocate_v02,LIFT_AND_RELOCATE,C5,D8,M Numeric D8,28103,70,14,77,True,True,True,False,images/numbered_rgb/scene_lift_and_relocate_v02.png
v1__scene_lift_and_relocate_v02__L2__C5_D8__r04_s28104,scene_lift_and_relocate_v02,LIFT_AND_RELOCATE,C5,D8,M Numeric D8,28104,70,14,77,True,True,True,False,images/numbered_rgb/scene_lift_and_relocate_v02.png
v1__scene_lift_and_relocate_v02__L2__C5_D8__r05_s28105,scene_lift_and_relocate_v02,LIFT_AND_RELOCATE,C5,D8,M Numeric D8,28105,70,14,77,True,True,True,False,images/numbered_rgb/scene_lift_and_relocate_v02.png
v1__scene_lift_and_relocate_v02__L2__C6_D4__r01_s28101,scene_lift_and_relocate_v02,LIFT_AND_RELOCATE,C6,D4,M Qualitative D4,28101,70,14,77,True,True,True,False,images/numbered_rgb/scene_lift_and_relocate_v02.png
v1__scene_lift_and_relocate_v02__L2__C6_D4__r02_s28102,scene_lift_and_relocate_v02,LIFT_AND_RELOCATE,C6,D4,M Qualitative D4,28102,70,14,77,True,True,True,False,images/numbered_rgb/scene_lift_and_relocate_v02.png
v1__scene_lift_and_relocate_v02__L2__C6_D4__r03_s28103,scene_lift_and_relocate_v02,LIFT_AND_RELOCATE,C6,D4,M Qualitative D4,28103,70,14,77,True,True,True,False,images/numbered_rgb/scene_lift_and_relocate_v02.png
v1__scene_lift_and_relocate_v02__L2__C6_D4__r04_s28104,scene_lift_and_relocate_v02,LIFT_AND_RELOCATE,C6,D4,M Qualitative D4,28104,70,14,77,True,True,True,False,images/numbered_rgb/scene_lift_and_relocate_v02.png
v1__scene_lift_and_relocate_v02__L2__C6_D4__r05_s28105,scene_lift_and_relocate_v02,LIFT_AND_RELOCATE,C6,D4,M Qualitative D4,28105,70,14,77,True,True,True,False,images/numbered_rgb/scene_lift_and_relocate_v02.png
v1__scene_lift_and_relocate_v02__L2__C6_D8__r01_s28101,scene_lift_and_relocate_v02,LIFT_AND_RELOCATE,C6,D8,M Qualitative D8,28101,70,14,77,True,True,True,False,images/numbered_rgb/scene_lift_and_relocate_v02.png
v1__scene_lift_and_relocate_v02__L2__C6_D8__r02_s28102,scene_lift_and_relocate_v02,LIFT_AND_RELOCATE,C6,D8,M Qualitative D8,28102,70,14,77,True,True,True,False,images/numbered_rgb/scene_lift_and_relocate_v02.png
v1__scene_lift_and_relocate_v02__L2__C6_D8__r03_s28103,scene_lift_and_relocate_v02,LIFT_AND_RELOCATE,C6,D8,M Qualitative D8,28103,70,14,77,True,True,True,False,images/numbered_rgb/scene_lift_and_relocate_v02.png
v1__scene_lift_and_relocate_v02__L2__C6_D8__r04_s28104,scene_lift_and_relocate_v02,LIFT_AND_RELOCATE,C6,D8,M Qualitative D8,28104,70,14,77,True,True,True,False,images/numbered_rgb/scene_lift_and_relocate_v02.png
v1__scene_lift_and_relocate_v02__L2__C6_D8__r05_s28105,scene_lift_and_relocate_v02,LIFT_AND_RELOCATE,C6,D8,M Qualitative D8,28105,70,14,77,True,True,True,False,images/numbered_rgb/scene_lift_and_relocate_v02.png
v1__scene_lift_and_relocate_v03__L2__C0_NA__r01_s28101,scene_lift_and_relocate_v03,LIFT_AND_RELOCATE,C0,,Numbered RGB only,28101,12,35,35,True,True,True,True,images/numbered_rgb/scene_lift_and_relocate_v03.png
v1__scene_lift_and_relocate_v03__L2__C0_NA__r02_s28102,scene_lift_and_relocate_v03,LIFT_AND_RELOCATE,C0,,Numbered RGB only,28102,12,35,16,True,True,True,False,images/numbered_rgb/scene_lift_and_relocate_v03.png
v1__scene_lift_and_relocate_v03__L2__C0_NA__r03_s28103,scene_lift_and_relocate_v03,LIFT_AND_RELOCATE,C0,,Numbered RGB only,28103,12,35,35,True,True,True,True,images/numbered_rgb/scene_lift_and_relocate_v03.png
v1__scene_lift_and_relocate_v03__L2__C0_NA__r04_s28104,scene_lift_and_relocate_v03,LIFT_AND_RELOCATE,C0,,Numbered RGB only,28104,12,35,16,True,True,True,False,images/numbered_rgb/scene_lift_and_relocate_v03.png
v1__scene_lift_and_relocate_v03__L2__C0_NA__r05_s28105,scene_lift_and_relocate_v03,LIFT_AND_RELOCATE,C0,,Numbered RGB only,28105,12,35,16,True,True,True,False,images/numbered_rgb/scene_lift_and_relocate_v03.png
v1__scene_lift_and_relocate_v03__L2__C1_NA__r01_s28101,scene_lift_and_relocate_v03,LIFT_AND_RELOCATE,C1,,R Numeric,28101,12,35,35,True,True,True,True,images/numbered_rgb/scene_lift_and_relocate_v03.png
v1__scene_lift_and_relocate_v03__L2__C1_NA__r02_s28102,scene_lift_and_relocate_v03,LIFT_AND_RELOCATE,C1,,R Numeric,28102,12,35,35,True,True,True,True,images/numbered_rgb/scene_lift_and_relocate_v03.png
v1__scene_lift_and_relocate_v03__L2__C1_NA__r03_s28103,scene_lift_and_relocate_v03,LIFT_AND_RELOCATE,C1,,R Numeric,28103,12,35,35,True,True,True,True,images/numbered_rgb/scene_lift_and_relocate_v03.png
v1__scene_lift_and_relocate_v03__L2__C1_NA__r04_s28104,scene_lift_and_relocate_v03,LIFT_AND_RELOCATE,C1,,R Numeric,28104,12,35,35,True,True,True,True,images/numbered_rgb/scene_lift_and_relocate_v03.png
v1__scene_lift_and_relocate_v03__L2__C1_NA__r05_s28105,scene_lift_and_relocate_v03,LIFT_AND_RELOCATE,C1,,R Numeric,28105,12,35,35,True,True,True,True,images/numbered_rgb/scene_lift_and_relocate_v03.png
v1__scene_lift_and_relocate_v03__L2__C2_D4__r01_s28101,scene_lift_and_relocate_v03,LIFT_AND_RELOCATE,C2,D4,R Qualitative D4,28101,12,35,35,True,True,True,True,images/numbered_rgb/scene_lift_and_relocate_v03.png
v1__scene_lift_and_relocate_v03__L2__C2_D4__r02_s28102,scene_lift_and_relocate_v03,LIFT_AND_RELOCATE,C2,D4,R Qualitative D4,28102,12,35,35,True,True,True,True,images/numbered_rgb/scene_lift_and_relocate_v03.png
v1__scene_lift_and_relocate_v03__L2__C2_D4__r03_s28103,scene_lift_and_relocate_v03,LIFT_AND_RELOCATE,C2,D4,R Qualitative D4,28103,12,35,35,True,True,True,True,images/numbered_rgb/scene_lift_and_relocate_v03.png
v1__scene_lift_and_relocate_v03__L2__C2_D4__r04_s28104,scene_lift_and_relocate_v03,LIFT_AND_RELOCATE,C2,D4,R Qualitative D4,28104,12,35,35,True,True,True,True,images/numbered_rgb/scene_lift_and_relocate_v03.png
v1__scene_lift_and_relocate_v03__L2__C2_D4__r05_s28105,scene_lift_and_relocate_v03,LIFT_AND_RELOCATE,C2,D4,R Qualitative D4,28105,12,35,35,True,True,True,True,images/numbered_rgb/scene_lift_and_relocate_v03.png
v1__scene_lift_and_relocate_v03__L2__C2_D8__r01_s28101,scene_lift_and_relocate_v03,LIFT_AND_RELOCATE,C2,D8,R Qualitative D8,28101,12,35,35,True,True,True,True,images/numbered_rgb/scene_lift_and_relocate_v03.png
v1__scene_lift_and_relocate_v03__L2__C2_D8__r02_s28102,scene_lift_and_relocate_v03,LIFT_AND_RELOCATE,C2,D8,R Qualitative D8,28102,12,35,35,True,True,True,True,images/numbered_rgb/scene_lift_and_relocate_v03.png
v1__scene_lift_and_relocate_v03__L2__C2_D8__r03_s28103,scene_lift_and_relocate_v03,LIFT_AND_RELOCATE,C2,D8,R Qualitative D8,28103,12,35,35,True,True,True,True,images/numbered_rgb/scene_lift_and_relocate_v03.png
v1__scene_lift_and_relocate_v03__L2__C2_D8__r04_s28104,scene_lift_and_relocate_v03,LIFT_AND_RELOCATE,C2,D8,R Qualitative D8,28104,12,35,35,True,True,True,True,images/numbered_rgb/scene_lift_and_relocate_v03.png
v1__scene_lift_and_relocate_v03__L2__C2_D8__r05_s28105,scene_lift_and_relocate_v03,LIFT_AND_RELOCATE,C2,D8,R Qualitative D8,28105,12,35,35,True,True,True,True,images/numbered_rgb/scene_lift_and_relocate_v03.png
v1__scene_lift_and_relocate_v03__L2__C3_D4__r01_s28101,scene_lift_and_relocate_v03,LIFT_AND_RELOCATE,C3,D4,F Numeric D4,28101,12,35,35,True,True,True,True,images/numbered_rgb/scene_lift_and_relocate_v03.png
v1__scene_lift_and_relocate_v03__L2__C3_D4__r02_s28102,scene_lift_and_relocate_v03,LIFT_AND_RELOCATE,C3,D4,F Numeric D4,28102,12,35,16,True,True,True,False,images/numbered_rgb/scene_lift_and_relocate_v03.png
v1__scene_lift_and_relocate_v03__L2__C3_D4__r03_s28103,scene_lift_and_relocate_v03,LIFT_AND_RELOCATE,C3,D4,F Numeric D4,28103,12,35,35,True,True,True,True,images/numbered_rgb/scene_lift_and_relocate_v03.png
v1__scene_lift_and_relocate_v03__L2__C3_D4__r04_s28104,scene_lift_and_relocate_v03,LIFT_AND_RELOCATE,C3,D4,F Numeric D4,28104,12,35,16,True,True,True,False,images/numbered_rgb/scene_lift_and_relocate_v03.png
v1__scene_lift_and_relocate_v03__L2__C3_D4__r05_s28105,scene_lift_and_relocate_v03,LIFT_AND_RELOCATE,C3,D4,F Numeric D4,28105,12,35,16,True,True,True,False,images/numbered_rgb/scene_lift_and_relocate_v03.png
v1__scene_lift_and_relocate_v03__L2__C3_D8__r01_s28101,scene_lift_and_relocate_v03,LIFT_AND_RELOCATE,C3,D8,F Numeric D8,28101,12,35,16,True,True,True,False,images/numbered_rgb/scene_lift_and_relocate_v03.png
v1__scene_lift_and_relocate_v03__L2__C3_D8__r02_s28102,scene_lift_and_relocate_v03,LIFT_AND_RELOCATE,C3,D8,F Numeric D8,28102,12,35,16,True,True,True,False,images/numbered_rgb/scene_lift_and_relocate_v03.png
v1__scene_lift_and_relocate_v03__L2__C3_D8__r03_s28103,scene_lift_and_relocate_v03,LIFT_AND_RELOCATE,C3,D8,F Numeric D8,28103,12,35,16,True,True,True,False,images/numbered_rgb/scene_lift_and_relocate_v03.png
v1__scene_lift_and_relocate_v03__L2__C3_D8__r04_s28104,scene_lift_and_relocate_v03,LIFT_AND_RELOCATE,C3,D8,F Numeric D8,28104,12,35,16,True,True,True,False,images/numbered_rgb/scene_lift_and_relocate_v03.png
v1__scene_lift_and_relocate_v03__L2__C3_D8__r05_s28105,scene_lift_and_relocate_v03,LIFT_AND_RELOCATE,C3,D8,F Numeric D8,28105,12,35,16,True,True,True,False,images/numbered_rgb/scene_lift_and_relocate_v03.png
v1__scene_lift_and_relocate_v03__L2__C4_D4__r01_s28101,scene_lift_and_relocate_v03,LIFT_AND_RELOCATE,C4,D4,F Qualitative D4,28101,12,35,16,True,True,True,False,images/numbered_rgb/scene_lift_and_relocate_v03.png
v1__scene_lift_and_relocate_v03__L2__C4_D4__r02_s28102,scene_lift_and_relocate_v03,LIFT_AND_RELOCATE,C4,D4,F Qualitative D4,28102,12,35,16,True,True,True,False,images/numbered_rgb/scene_lift_and_relocate_v03.png
v1__scene_lift_and_relocate_v03__L2__C4_D4__r03_s28103,scene_lift_and_relocate_v03,LIFT_AND_RELOCATE,C4,D4,F Qualitative D4,28103,12,35,16,True,True,True,False,images/numbered_rgb/scene_lift_and_relocate_v03.png
v1__scene_lift_and_relocate_v03__L2__C4_D4__r04_s28104,scene_lift_and_relocate_v03,LIFT_AND_RELOCATE,C4,D4,F Qualitative D4,28104,12,35,16,True,True,True,False,images/numbered_rgb/scene_lift_and_relocate_v03.png
v1__scene_lift_and_relocate_v03__L2__C4_D4__r05_s28105,scene_lift_and_relocate_v03,LIFT_AND_RELOCATE,C4,D4,F Qualitative D4,28105,12,35,16,True,True,True,False,images/numbered_rgb/scene_lift_and_relocate_v03.png
v1__scene_lift_and_relocate_v03__L2__C4_D8__r01_s28101,scene_lift_and_relocate_v03,LIFT_AND_RELOCATE,C4,D8,F Qualitative D8,28101,12,35,16,True,True,True,False,images/numbered_rgb/scene_lift_and_relocate_v03.png
v1__scene_lift_and_relocate_v03__L2__C4_D8__r02_s28102,scene_lift_and_relocate_v03,LIFT_AND_RELOCATE,C4,D8,F Qualitative D8,28102,12,35,16,True,True,True,False,images/numbered_rgb/scene_lift_and_relocate_v03.png
v1__scene_lift_and_relocate_v03__L2__C4_D8__r03_s28103,scene_lift_and_relocate_v03,LIFT_AND_RELOCATE,C4,D8,F Qualitative D8,28103,12,35,16,True,True,True,False,images/numbered_rgb/scene_lift_and_relocate_v03.png
v1__scene_lift_and_relocate_v03__L2__C4_D8__r04_s28104,scene_lift_and_relocate_v03,LIFT_AND_RELOCATE,C4,D8,F Qualitative D8,28104,12,35,16,True,True,True,False,images/numbered_rgb/scene_lift_and_relocate_v03.png
v1__scene_lift_and_relocate_v03__L2__C4_D8__r05_s28105,scene_lift_and_relocate_v03,LIFT_AND_RELOCATE,C4,D8,F Qualitative D8,28105,12,35,16,True,True,True,False,images/numbered_rgb/scene_lift_and_relocate_v03.png
v1__scene_lift_and_relocate_v03__L2__C5_D4__r01_s28101,scene_lift_and_relocate_v03,LIFT_AND_RELOCATE,C5,D4,M Numeric D4,28101,12,35,16,True,True,True,False,images/numbered_rgb/scene_lift_and_relocate_v03.png
v1__scene_lift_and_relocate_v03__L2__C5_D4__r02_s28102,scene_lift_and_relocate_v03,LIFT_AND_RELOCATE,C5,D4,M Numeric D4,28102,12,35,16,True,True,True,False,images/numbered_rgb/scene_lift_and_relocate_v03.png
v1__scene_lift_and_relocate_v03__L2__C5_D4__r03_s28103,scene_lift_and_relocate_v03,LIFT_AND_RELOCATE,C5,D4,M Numeric D4,28103,12,35,16,True,True,True,False,images/numbered_rgb/scene_lift_and_relocate_v03.png
v1__scene_lift_and_relocate_v03__L2__C5_D4__r04_s28104,scene_lift_and_relocate_v03,LIFT_AND_RELOCATE,C5,D4,M Numeric D4,28104,12,35,16,True,True,True,False,images/numbered_rgb/scene_lift_and_relocate_v03.png
v1__scene_lift_and_relocate_v03__L2__C5_D4__r05_s28105,scene_lift_and_relocate_v03,LIFT_AND_RELOCATE,C5,D4,M Numeric D4,28105,12,35,16,True,True,True,False,images/numbered_rgb/scene_lift_and_relocate_v03.png
v1__scene_lift_and_relocate_v03__L2__C5_D8__r01_s28101,scene_lift_and_relocate_v03,LIFT_AND_RELOCATE,C5,D8,M Numeric D8,28101,12,35,35,True,True,True,True,images/numbered_rgb/scene_lift_and_relocate_v03.png
v1__scene_lift_and_relocate_v03__L2__C5_D8__r02_s28102,scene_lift_and_relocate_v03,LIFT_AND_RELOCATE,C5,D8,M Numeric D8,28102,12,35,16,True,True,True,False,images/numbered_rgb/scene_lift_and_relocate_v03.png
v1__scene_lift_and_relocate_v03__L2__C5_D8__r03_s28103,scene_lift_and_relocate_v03,LIFT_AND_RELOCATE,C5,D8,M Numeric D8,28103,12,35,35,True,True,True,True,images/numbered_rgb/scene_lift_and_relocate_v03.png
v1__scene_lift_and_relocate_v03__L2__C5_D8__r04_s28104,scene_lift_and_relocate_v03,LIFT_AND_RELOCATE,C5,D8,M Numeric D8,28104,12,35,16,True,True,True,False,images/numbered_rgb/scene_lift_and_relocate_v03.png
v1__scene_lift_and_relocate_v03__L2__C5_D8__r05_s28105,scene_lift_and_relocate_v03,LIFT_AND_RELOCATE,C5,D8,M Numeric D8,28105,12,35,16,True,True,True,False,images/numbered_rgb/scene_lift_and_relocate_v03.png
v1__scene_lift_and_relocate_v03__L2__C6_D4__r01_s28101,scene_lift_and_relocate_v03,LIFT_AND_RELOCATE,C6,D4,M Qualitative D4,28101,12,35,16,True,True,True,False,images/numbered_rgb/scene_lift_and_relocate_v03.png
v1__scene_lift_and_relocate_v03__L2__C6_D4__r02_s28102,scene_lift_and_relocate_v03,LIFT_AND_RELOCATE,C6,D4,M Qualitative D4,28102,12,35,16,True,True,True,False,images/numbered_rgb/scene_lift_and_relocate_v03.png
v1__scene_lift_and_relocate_v03__L2__C6_D4__r03_s28103,scene_lift_and_relocate_v03,LIFT_AND_RELOCATE,C6,D4,M Qualitative D4,28103,12,35,35,True,True,True,True,images/numbered_rgb/scene_lift_and_relocate_v03.png
v1__scene_lift_and_relocate_v03__L2__C6_D4__r04_s28104,scene_lift_and_relocate_v03,LIFT_AND_RELOCATE,C6,D4,M Qualitative D4,28104,12,35,16,True,True,True,False,images/numbered_rgb/scene_lift_and_relocate_v03.png
v1__scene_lift_and_relocate_v03__L2__C6_D4__r05_s28105,scene_lift_and_relocate_v03,LIFT_AND_RELOCATE,C6,D4,M Qualitative D4,28105,12,35,16,True,True,True,False,images/numbered_rgb/scene_lift_and_relocate_v03.png
v1__scene_lift_and_relocate_v03__L2__C6_D8__r01_s28101,scene_lift_and_relocate_v03,LIFT_AND_RELOCATE,C6,D8,M Qualitative D8,28101,12,35,16,True,True,True,False,images/numbered_rgb/scene_lift_and_relocate_v03.png
v1__scene_lift_and_relocate_v03__L2__C6_D8__r02_s28102,scene_lift_and_relocate_v03,LIFT_AND_RELOCATE,C6,D8,M Qualitative D8,28102,12,35,16,True,True,True,False,images/numbered_rgb/scene_lift_and_relocate_v03.png
v1__scene_lift_and_relocate_v03__L2__C6_D8__r03_s28103,scene_lift_and_relocate_v03,LIFT_AND_RELOCATE,C6,D8,M Qualitative D8,28103,12,35,16,True,True,True,False,images/numbered_rgb/scene_lift_and_relocate_v03.png
v1__scene_lift_and_relocate_v03__L2__C6_D8__r04_s28104,scene_lift_and_relocate_v03,LIFT_AND_RELOCATE,C6,D8,M Qualitative D8,28104,12,35,16,True,True,True,False,images/numbered_rgb/scene_lift_and_relocate_v03.png
v1__scene_lift_and_relocate_v03__L2__C6_D8__r05_s28105,scene_lift_and_relocate_v03,LIFT_AND_RELOCATE,C6,D8,M Qualitative D8,28105,12,35,16,True,True,True,False,images/numbered_rgb/scene_lift_and_relocate_v03.png
v1__scene_lift_and_relocate_v04__L2__C0_NA__r01_s28101,scene_lift_and_relocate_v04,LIFT_AND_RELOCATE,C0,,Numbered RGB only,28101,68,73,73,True,True,True,True,images/numbered_rgb/scene_lift_and_relocate_v04.png
v1__scene_lift_and_relocate_v04__L2__C0_NA__r02_s28102,scene_lift_and_relocate_v04,LIFT_AND_RELOCATE,C0,,Numbered RGB only,28102,68,73,73,True,True,True,True,images/numbered_rgb/scene_lift_and_relocate_v04.png
v1__scene_lift_and_relocate_v04__L2__C0_NA__r03_s28103,scene_lift_and_relocate_v04,LIFT_AND_RELOCATE,C0,,Numbered RGB only,28103,68,73,30,True,True,True,False,images/numbered_rgb/scene_lift_and_relocate_v04.png
v1__scene_lift_and_relocate_v04__L2__C0_NA__r04_s28104,scene_lift_and_relocate_v04,LIFT_AND_RELOCATE,C0,,Numbered RGB only,28104,68,73,73,True,True,True,True,images/numbered_rgb/scene_lift_and_relocate_v04.png
v1__scene_lift_and_relocate_v04__L2__C0_NA__r05_s28105,scene_lift_and_relocate_v04,LIFT_AND_RELOCATE,C0,,Numbered RGB only,28105,68,73,73,True,True,True,True,images/numbered_rgb/scene_lift_and_relocate_v04.png
v1__scene_lift_and_relocate_v04__L2__C1_NA__r01_s28101,scene_lift_and_relocate_v04,LIFT_AND_RELOCATE,C1,,R Numeric,28101,68,73,30,True,True,True,False,images/numbered_rgb/scene_lift_and_relocate_v04.png
v1__scene_lift_and_relocate_v04__L2__C1_NA__r02_s28102,scene_lift_and_relocate_v04,LIFT_AND_RELOCATE,C1,,R Numeric,28102,68,73,30,True,True,True,False,images/numbered_rgb/scene_lift_and_relocate_v04.png
v1__scene_lift_and_relocate_v04__L2__C1_NA__r03_s28103,scene_lift_and_relocate_v04,LIFT_AND_RELOCATE,C1,,R Numeric,28103,68,73,30,True,True,True,False,images/numbered_rgb/scene_lift_and_relocate_v04.png
v1__scene_lift_and_relocate_v04__L2__C1_NA__r04_s28104,scene_lift_and_relocate_v04,LIFT_AND_RELOCATE,C1,,R Numeric,28104,68,73,30,True,True,True,False,images/numbered_rgb/scene_lift_and_relocate_v04.png
v1__scene_lift_and_relocate_v04__L2__C1_NA__r05_s28105,scene_lift_and_relocate_v04,LIFT_AND_RELOCATE,C1,,R Numeric,28105,68,73,30,True,True,True,False,images/numbered_rgb/scene_lift_and_relocate_v04.png
v1__scene_lift_and_relocate_v04__L2__C2_D4__r01_s28101,scene_lift_and_relocate_v04,LIFT_AND_RELOCATE,C2,D4,R Qualitative D4,28101,68,73,30,True,True,True,False,images/numbered_rgb/scene_lift_and_relocate_v04.png
v1__scene_lift_and_relocate_v04__L2__C2_D4__r02_s28102,scene_lift_and_relocate_v04,LIFT_AND_RELOCATE,C2,D4,R Qualitative D4,28102,68,73,30,True,True,True,False,images/numbered_rgb/scene_lift_and_relocate_v04.png
v1__scene_lift_and_relocate_v04__L2__C2_D4__r03_s28103,scene_lift_and_relocate_v04,LIFT_AND_RELOCATE,C2,D4,R Qualitative D4,28103,68,73,30,True,True,True,False,images/numbered_rgb/scene_lift_and_relocate_v04.png
v1__scene_lift_and_relocate_v04__L2__C2_D4__r04_s28104,scene_lift_and_relocate_v04,LIFT_AND_RELOCATE,C2,D4,R Qualitative D4,28104,68,73,30,True,True,True,False,images/numbered_rgb/scene_lift_and_relocate_v04.png
v1__scene_lift_and_relocate_v04__L2__C2_D4__r05_s28105,scene_lift_and_relocate_v04,LIFT_AND_RELOCATE,C2,D4,R Qualitative D4,28105,68,73,30,True,True,True,False,images/numbered_rgb/scene_lift_and_relocate_v04.png
v1__scene_lift_and_relocate_v04__L2__C2_D8__r01_s28101,scene_lift_and_relocate_v04,LIFT_AND_RELOCATE,C2,D8,R Qualitative D8,28101,68,73,30,True,True,True,False,images/numbered_rgb/scene_lift_and_relocate_v04.png
v1__scene_lift_and_relocate_v04__L2__C2_D8__r02_s28102,scene_lift_and_relocate_v04,LIFT_AND_RELOCATE,C2,D8,R Qualitative D8,28102,68,73,30,True,True,True,False,images/numbered_rgb/scene_lift_and_relocate_v04.png
v1__scene_lift_and_relocate_v04__L2__C2_D8__r03_s28103,scene_lift_and_relocate_v04,LIFT_AND_RELOCATE,C2,D8,R Qualitative D8,28103,68,73,30,True,True,True,False,images/numbered_rgb/scene_lift_and_relocate_v04.png
v1__scene_lift_and_relocate_v04__L2__C2_D8__r04_s28104,scene_lift_and_relocate_v04,LIFT_AND_RELOCATE,C2,D8,R Qualitative D8,28104,68,73,30,True,True,True,False,images/numbered_rgb/scene_lift_and_relocate_v04.png
v1__scene_lift_and_relocate_v04__L2__C2_D8__r05_s28105,scene_lift_and_relocate_v04,LIFT_AND_RELOCATE,C2,D8,R Qualitative D8,28105,68,73,73,True,True,True,True,images/numbered_rgb/scene_lift_and_relocate_v04.png
v1__scene_lift_and_relocate_v04__L2__C3_D4__r01_s28101,scene_lift_and_relocate_v04,LIFT_AND_RELOCATE,C3,D4,F Numeric D4,28101,68,73,30,True,True,True,False,images/numbered_rgb/scene_lift_and_relocate_v04.png
v1__scene_lift_and_relocate_v04__L2__C3_D4__r02_s28102,scene_lift_and_relocate_v04,LIFT_AND_RELOCATE,C3,D4,F Numeric D4,28102,68,73,30,True,True,True,False,images/numbered_rgb/scene_lift_and_relocate_v04.png
v1__scene_lift_and_relocate_v04__L2__C3_D4__r03_s28103,scene_lift_and_relocate_v04,LIFT_AND_RELOCATE,C3,D4,F Numeric D4,28103,68,73,30,True,True,True,False,images/numbered_rgb/scene_lift_and_relocate_v04.png
v1__scene_lift_and_relocate_v04__L2__C3_D4__r04_s28104,scene_lift_and_relocate_v04,LIFT_AND_RELOCATE,C3,D4,F Numeric D4,28104,68,73,30,True,True,True,False,images/numbered_rgb/scene_lift_and_relocate_v04.png
v1__scene_lift_and_relocate_v04__L2__C3_D4__r05_s28105,scene_lift_and_relocate_v04,LIFT_AND_RELOCATE,C3,D4,F Numeric D4,28105,68,73,73,True,True,True,True,images/numbered_rgb/scene_lift_and_relocate_v04.png
v1__scene_lift_and_relocate_v04__L2__C3_D8__r01_s28101,scene_lift_and_relocate_v04,LIFT_AND_RELOCATE,C3,D8,F Numeric D8,28101,68,73,30,True,True,True,False,images/numbered_rgb/scene_lift_and_relocate_v04.png
v1__scene_lift_and_relocate_v04__L2__C3_D8__r02_s28102,scene_lift_and_relocate_v04,LIFT_AND_RELOCATE,C3,D8,F Numeric D8,28102,68,73,30,True,True,True,False,images/numbered_rgb/scene_lift_and_relocate_v04.png
v1__scene_lift_and_relocate_v04__L2__C3_D8__r03_s28103,scene_lift_and_relocate_v04,LIFT_AND_RELOCATE,C3,D8,F Numeric D8,28103,68,73,30,True,True,True,False,images/numbered_rgb/scene_lift_and_relocate_v04.png
v1__scene_lift_and_relocate_v04__L2__C3_D8__r04_s28104,scene_lift_and_relocate_v04,LIFT_AND_RELOCATE,C3,D8,F Numeric D8,28104,68,73,30,True,True,True,False,images/numbered_rgb/scene_lift_and_relocate_v04.png
v1__scene_lift_and_relocate_v04__L2__C3_D8__r05_s28105,scene_lift_and_relocate_v04,LIFT_AND_RELOCATE,C3,D8,F Numeric D8,28105,68,73,73,True,True,True,True,images/numbered_rgb/scene_lift_and_relocate_v04.png
v1__scene_lift_and_relocate_v04__L2__C4_D4__r01_s28101,scene_lift_and_relocate_v04,LIFT_AND_RELOCATE,C4,D4,F Qualitative D4,28101,68,73,73,True,True,True,True,images/numbered_rgb/scene_lift_and_relocate_v04.png
v1__scene_lift_and_relocate_v04__L2__C4_D4__r02_s28102,scene_lift_and_relocate_v04,LIFT_AND_RELOCATE,C4,D4,F Qualitative D4,28102,68,73,30,True,True,True,False,images/numbered_rgb/scene_lift_and_relocate_v04.png
v1__scene_lift_and_relocate_v04__L2__C4_D4__r03_s28103,scene_lift_and_relocate_v04,LIFT_AND_RELOCATE,C4,D4,F Qualitative D4,28103,68,73,30,True,True,True,False,images/numbered_rgb/scene_lift_and_relocate_v04.png
v1__scene_lift_and_relocate_v04__L2__C4_D4__r04_s28104,scene_lift_and_relocate_v04,LIFT_AND_RELOCATE,C4,D4,F Qualitative D4,28104,68,73,30,True,True,True,False,images/numbered_rgb/scene_lift_and_relocate_v04.png
v1__scene_lift_and_relocate_v04__L2__C4_D4__r05_s28105,scene_lift_and_relocate_v04,LIFT_AND_RELOCATE,C4,D4,F Qualitative D4,28105,68,73,73,True,True,True,True,images/numbered_rgb/scene_lift_and_relocate_v04.png
v1__scene_lift_and_relocate_v04__L2__C4_D8__r01_s28101,scene_lift_and_relocate_v04,LIFT_AND_RELOCATE,C4,D8,F Qualitative D8,28101,68,73,73,True,True,True,True,images/numbered_rgb/scene_lift_and_relocate_v04.png
v1__scene_lift_and_relocate_v04__L2__C4_D8__r02_s28102,scene_lift_and_relocate_v04,LIFT_AND_RELOCATE,C4,D8,F Qualitative D8,28102,68,73,30,True,True,True,False,images/numbered_rgb/scene_lift_and_relocate_v04.png
v1__scene_lift_and_relocate_v04__L2__C4_D8__r03_s28103,scene_lift_and_relocate_v04,LIFT_AND_RELOCATE,C4,D8,F Qualitative D8,28103,68,73,30,True,True,True,False,images/numbered_rgb/scene_lift_and_relocate_v04.png
v1__scene_lift_and_relocate_v04__L2__C4_D8__r04_s28104,scene_lift_and_relocate_v04,LIFT_AND_RELOCATE,C4,D8,F Qualitative D8,28104,68,73,30,True,True,True,False,images/numbered_rgb/scene_lift_and_relocate_v04.png
v1__scene_lift_and_relocate_v04__L2__C4_D8__r05_s28105,scene_lift_and_relocate_v04,LIFT_AND_RELOCATE,C4,D8,F Qualitative D8,28105,68,73,73,True,True,True,True,images/numbered_rgb/scene_lift_and_relocate_v04.png
v1__scene_lift_and_relocate_v04__L2__C5_D4__r01_s28101,scene_lift_and_relocate_v04,LIFT_AND_RELOCATE,C5,D4,M Numeric D4,28101,68,73,73,True,True,True,True,images/numbered_rgb/scene_lift_and_relocate_v04.png
v1__scene_lift_and_relocate_v04__L2__C5_D4__r02_s28102,scene_lift_and_relocate_v04,LIFT_AND_RELOCATE,C5,D4,M Numeric D4,28102,68,73,30,True,True,True,False,images/numbered_rgb/scene_lift_and_relocate_v04.png
v1__scene_lift_and_relocate_v04__L2__C5_D4__r03_s28103,scene_lift_and_relocate_v04,LIFT_AND_RELOCATE,C5,D4,M Numeric D4,28103,68,73,30,True,True,True,False,images/numbered_rgb/scene_lift_and_relocate_v04.png
v1__scene_lift_and_relocate_v04__L2__C5_D4__r04_s28104,scene_lift_and_relocate_v04,LIFT_AND_RELOCATE,C5,D4,M Numeric D4,28104,68,73,30,True,True,True,False,images/numbered_rgb/scene_lift_and_relocate_v04.png
v1__scene_lift_and_relocate_v04__L2__C5_D4__r05_s28105,scene_lift_and_relocate_v04,LIFT_AND_RELOCATE,C5,D4,M Numeric D4,28105,68,73,73,True,True,True,True,images/numbered_rgb/scene_lift_and_relocate_v04.png
v1__scene_lift_and_relocate_v04__L2__C5_D8__r01_s28101,scene_lift_and_relocate_v04,LIFT_AND_RELOCATE,C5,D8,M Numeric D8,28101,68,73,30,True,True,True,False,images/numbered_rgb/scene_lift_and_relocate_v04.png
v1__scene_lift_and_relocate_v04__L2__C5_D8__r02_s28102,scene_lift_and_relocate_v04,LIFT_AND_RELOCATE,C5,D8,M Numeric D8,28102,68,73,30,True,True,True,False,images/numbered_rgb/scene_lift_and_relocate_v04.png
v1__scene_lift_and_relocate_v04__L2__C5_D8__r03_s28103,scene_lift_and_relocate_v04,LIFT_AND_RELOCATE,C5,D8,M Numeric D8,28103,68,73,30,True,True,True,False,images/numbered_rgb/scene_lift_and_relocate_v04.png
v1__scene_lift_and_relocate_v04__L2__C5_D8__r04_s28104,scene_lift_and_relocate_v04,LIFT_AND_RELOCATE,C5,D8,M Numeric D8,28104,68,73,30,True,True,True,False,images/numbered_rgb/scene_lift_and_relocate_v04.png
v1__scene_lift_and_relocate_v04__L2__C5_D8__r05_s28105,scene_lift_and_relocate_v04,LIFT_AND_RELOCATE,C5,D8,M Numeric D8,28105,68,73,73,True,True,True,True,images/numbered_rgb/scene_lift_and_relocate_v04.png
v1__scene_lift_and_relocate_v04__L2__C6_D4__r01_s28101,scene_lift_and_relocate_v04,LIFT_AND_RELOCATE,C6,D4,M Qualitative D4,28101,68,73,73,True,True,True,True,images/numbered_rgb/scene_lift_and_relocate_v04.png
v1__scene_lift_and_relocate_v04__L2__C6_D4__r02_s28102,scene_lift_and_relocate_v04,LIFT_AND_RELOCATE,C6,D4,M Qualitative D4,28102,68,73,30,True,True,True,False,images/numbered_rgb/scene_lift_and_relocate_v04.png
v1__scene_lift_and_relocate_v04__L2__C6_D4__r03_s28103,scene_lift_and_relocate_v04,LIFT_AND_RELOCATE,C6,D4,M Qualitative D4,28103,68,73,73,True,True,True,True,images/numbered_rgb/scene_lift_and_relocate_v04.png
v1__scene_lift_and_relocate_v04__L2__C6_D4__r04_s28104,scene_lift_and_relocate_v04,LIFT_AND_RELOCATE,C6,D4,M Qualitative D4,28104,68,73,30,True,True,True,False,images/numbered_rgb/scene_lift_and_relocate_v04.png
v1__scene_lift_and_relocate_v04__L2__C6_D4__r05_s28105,scene_lift_and_relocate_v04,LIFT_AND_RELOCATE,C6,D4,M Qualitative D4,28105,68,73,73,True,True,True,True,images/numbered_rgb/scene_lift_and_relocate_v04.png
v1__scene_lift_and_relocate_v04__L2__C6_D8__r01_s28101,scene_lift_and_relocate_v04,LIFT_AND_RELOCATE,C6,D8,M Qualitative D8,28101,68,73,73,True,True,True,True,images/numbered_rgb/scene_lift_and_relocate_v04.png
v1__scene_lift_and_relocate_v04__L2__C6_D8__r02_s28102,scene_lift_and_relocate_v04,LIFT_AND_RELOCATE,C6,D8,M Qualitative D8,28102,68,73,30,True,True,True,False,images/numbered_rgb/scene_lift_and_relocate_v04.png
v1__scene_lift_and_relocate_v04__L2__C6_D8__r03_s28103,scene_lift_and_relocate_v04,LIFT_AND_RELOCATE,C6,D8,M Qualitative D8,28103,68,73,30,True,True,True,False,images/numbered_rgb/scene_lift_and_relocate_v04.png
v1__scene_lift_and_relocate_v04__L2__C6_D8__r04_s28104,scene_lift_and_relocate_v04,LIFT_AND_RELOCATE,C6,D8,M Qualitative D8,28104,68,73,30,True,True,True,False,images/numbered_rgb/scene_lift_and_relocate_v04.png
v1__scene_lift_and_relocate_v04__L2__C6_D8__r05_s28105,scene_lift_and_relocate_v04,LIFT_AND_RELOCATE,C6,D8,M Qualitative D8,28105,68,73,73,True,True,True,True,images/numbered_rgb/scene_lift_and_relocate_v04.png
v1__scene_lift_and_relocate_v05__L2__C0_NA__r01_s28101,scene_lift_and_relocate_v05,LIFT_AND_RELOCATE,C0,,Numbered RGB only,28101,43,15,48,True,True,True,False,images/numbered_rgb/scene_lift_and_relocate_v05.png
v1__scene_lift_and_relocate_v05__L2__C0_NA__r02_s28102,scene_lift_and_relocate_v05,LIFT_AND_RELOCATE,C0,,Numbered RGB only,28102,43,15,48,True,True,True,False,images/numbered_rgb/scene_lift_and_relocate_v05.png
v1__scene_lift_and_relocate_v05__L2__C0_NA__r03_s28103,scene_lift_and_relocate_v05,LIFT_AND_RELOCATE,C0,,Numbered RGB only,28103,43,15,48,True,True,True,False,images/numbered_rgb/scene_lift_and_relocate_v05.png
v1__scene_lift_and_relocate_v05__L2__C0_NA__r04_s28104,scene_lift_and_relocate_v05,LIFT_AND_RELOCATE,C0,,Numbered RGB only,28104,43,15,48,True,True,True,False,images/numbered_rgb/scene_lift_and_relocate_v05.png
v1__scene_lift_and_relocate_v05__L2__C0_NA__r05_s28105,scene_lift_and_relocate_v05,LIFT_AND_RELOCATE,C0,,Numbered RGB only,28105,43,15,48,True,True,True,False,images/numbered_rgb/scene_lift_and_relocate_v05.png
v1__scene_lift_and_relocate_v05__L2__C1_NA__r01_s28101,scene_lift_and_relocate_v05,LIFT_AND_RELOCATE,C1,,R Numeric,28101,43,15,15,True,True,True,True,images/numbered_rgb/scene_lift_and_relocate_v05.png
v1__scene_lift_and_relocate_v05__L2__C1_NA__r02_s28102,scene_lift_and_relocate_v05,LIFT_AND_RELOCATE,C1,,R Numeric,28102,43,15,15,True,True,True,True,images/numbered_rgb/scene_lift_and_relocate_v05.png
v1__scene_lift_and_relocate_v05__L2__C1_NA__r03_s28103,scene_lift_and_relocate_v05,LIFT_AND_RELOCATE,C1,,R Numeric,28103,43,15,15,True,True,True,True,images/numbered_rgb/scene_lift_and_relocate_v05.png
v1__scene_lift_and_relocate_v05__L2__C1_NA__r04_s28104,scene_lift_and_relocate_v05,LIFT_AND_RELOCATE,C1,,R Numeric,28104,43,15,15,True,True,True,True,images/numbered_rgb/scene_lift_and_relocate_v05.png
v1__scene_lift_and_relocate_v05__L2__C1_NA__r05_s28105,scene_lift_and_relocate_v05,LIFT_AND_RELOCATE,C1,,R Numeric,28105,43,15,15,True,True,True,True,images/numbered_rgb/scene_lift_and_relocate_v05.png
v1__scene_lift_and_relocate_v05__L2__C2_D4__r01_s28101,scene_lift_and_relocate_v05,LIFT_AND_RELOCATE,C2,D4,R Qualitative D4,28101,43,15,15,True,True,True,True,images/numbered_rgb/scene_lift_and_relocate_v05.png
v1__scene_lift_and_relocate_v05__L2__C2_D4__r02_s28102,scene_lift_and_relocate_v05,LIFT_AND_RELOCATE,C2,D4,R Qualitative D4,28102,43,15,15,True,True,True,True,images/numbered_rgb/scene_lift_and_relocate_v05.png
v1__scene_lift_and_relocate_v05__L2__C2_D4__r03_s28103,scene_lift_and_relocate_v05,LIFT_AND_RELOCATE,C2,D4,R Qualitative D4,28103,43,15,15,True,True,True,True,images/numbered_rgb/scene_lift_and_relocate_v05.png
v1__scene_lift_and_relocate_v05__L2__C2_D4__r04_s28104,scene_lift_and_relocate_v05,LIFT_AND_RELOCATE,C2,D4,R Qualitative D4,28104,43,15,15,True,True,True,True,images/numbered_rgb/scene_lift_and_relocate_v05.png
v1__scene_lift_and_relocate_v05__L2__C2_D4__r05_s28105,scene_lift_and_relocate_v05,LIFT_AND_RELOCATE,C2,D4,R Qualitative D4,28105,43,15,15,True,True,True,True,images/numbered_rgb/scene_lift_and_relocate_v05.png
v1__scene_lift_and_relocate_v05__L2__C2_D8__r01_s28101,scene_lift_and_relocate_v05,LIFT_AND_RELOCATE,C2,D8,R Qualitative D8,28101,43,15,15,True,True,True,True,images/numbered_rgb/scene_lift_and_relocate_v05.png
v1__scene_lift_and_relocate_v05__L2__C2_D8__r02_s28102,scene_lift_and_relocate_v05,LIFT_AND_RELOCATE,C2,D8,R Qualitative D8,28102,43,15,15,True,True,True,True,images/numbered_rgb/scene_lift_and_relocate_v05.png
v1__scene_lift_and_relocate_v05__L2__C2_D8__r03_s28103,scene_lift_and_relocate_v05,LIFT_AND_RELOCATE,C2,D8,R Qualitative D8,28103,43,15,15,True,True,True,True,images/numbered_rgb/scene_lift_and_relocate_v05.png
v1__scene_lift_and_relocate_v05__L2__C2_D8__r04_s28104,scene_lift_and_relocate_v05,LIFT_AND_RELOCATE,C2,D8,R Qualitative D8,28104,43,15,15,True,True,True,True,images/numbered_rgb/scene_lift_and_relocate_v05.png
v1__scene_lift_and_relocate_v05__L2__C2_D8__r05_s28105,scene_lift_and_relocate_v05,LIFT_AND_RELOCATE,C2,D8,R Qualitative D8,28105,43,15,15,True,True,True,True,images/numbered_rgb/scene_lift_and_relocate_v05.png
v1__scene_lift_and_relocate_v05__L2__C3_D4__r01_s28101,scene_lift_and_relocate_v05,LIFT_AND_RELOCATE,C3,D4,F Numeric D4,28101,43,15,15,True,True,True,True,images/numbered_rgb/scene_lift_and_relocate_v05.png
v1__scene_lift_and_relocate_v05__L2__C3_D4__r02_s28102,scene_lift_and_relocate_v05,LIFT_AND_RELOCATE,C3,D4,F Numeric D4,28102,43,15,15,True,True,True,True,images/numbered_rgb/scene_lift_and_relocate_v05.png
v1__scene_lift_and_relocate_v05__L2__C3_D4__r03_s28103,scene_lift_and_relocate_v05,LIFT_AND_RELOCATE,C3,D4,F Numeric D4,28103,43,15,15,True,True,True,True,images/numbered_rgb/scene_lift_and_relocate_v05.png
v1__scene_lift_and_relocate_v05__L2__C3_D4__r04_s28104,scene_lift_and_relocate_v05,LIFT_AND_RELOCATE,C3,D4,F Numeric D4,28104,43,15,15,True,True,True,True,images/numbered_rgb/scene_lift_and_relocate_v05.png
v1__scene_lift_and_relocate_v05__L2__C3_D4__r05_s28105,scene_lift_and_relocate_v05,LIFT_AND_RELOCATE,C3,D4,F Numeric D4,28105,43,15,15,True,True,True,True,images/numbered_rgb/scene_lift_and_relocate_v05.png
v1__scene_lift_and_relocate_v05__L2__C3_D8__r01_s28101,scene_lift_and_relocate_v05,LIFT_AND_RELOCATE,C3,D8,F Numeric D8,28101,43,15,15,True,True,True,True,images/numbered_rgb/scene_lift_and_relocate_v05.png
v1__scene_lift_and_relocate_v05__L2__C3_D8__r02_s28102,scene_lift_and_relocate_v05,LIFT_AND_RELOCATE,C3,D8,F Numeric D8,28102,43,15,15,True,True,True,True,images/numbered_rgb/scene_lift_and_relocate_v05.png
v1__scene_lift_and_relocate_v05__L2__C3_D8__r03_s28103,scene_lift_and_relocate_v05,LIFT_AND_RELOCATE,C3,D8,F Numeric D8,28103,43,15,15,True,True,True,True,images/numbered_rgb/scene_lift_and_relocate_v05.png
v1__scene_lift_and_relocate_v05__L2__C3_D8__r04_s28104,scene_lift_and_relocate_v05,LIFT_AND_RELOCATE,C3,D8,F Numeric D8,28104,43,15,15,True,True,True,True,images/numbered_rgb/scene_lift_and_relocate_v05.png
v1__scene_lift_and_relocate_v05__L2__C3_D8__r05_s28105,scene_lift_and_relocate_v05,LIFT_AND_RELOCATE,C3,D8,F Numeric D8,28105,43,15,15,True,True,True,True,images/numbered_rgb/scene_lift_and_relocate_v05.png
v1__scene_lift_and_relocate_v05__L2__C4_D4__r01_s28101,scene_lift_and_relocate_v05,LIFT_AND_RELOCATE,C4,D4,F Qualitative D4,28101,43,15,15,True,True,True,True,images/numbered_rgb/scene_lift_and_relocate_v05.png
v1__scene_lift_and_relocate_v05__L2__C4_D4__r02_s28102,scene_lift_and_relocate_v05,LIFT_AND_RELOCATE,C4,D4,F Qualitative D4,28102,43,15,15,True,True,True,True,images/numbered_rgb/scene_lift_and_relocate_v05.png
v1__scene_lift_and_relocate_v05__L2__C4_D4__r03_s28103,scene_lift_and_relocate_v05,LIFT_AND_RELOCATE,C4,D4,F Qualitative D4,28103,43,15,15,True,True,True,True,images/numbered_rgb/scene_lift_and_relocate_v05.png
v1__scene_lift_and_relocate_v05__L2__C4_D4__r04_s28104,scene_lift_and_relocate_v05,LIFT_AND_RELOCATE,C4,D4,F Qualitative D4,28104,43,15,15,True,True,True,True,images/numbered_rgb/scene_lift_and_relocate_v05.png
v1__scene_lift_and_relocate_v05__L2__C4_D4__r05_s28105,scene_lift_and_relocate_v05,LIFT_AND_RELOCATE,C4,D4,F Qualitative D4,28105,43,15,15,True,True,True,True,images/numbered_rgb/scene_lift_and_relocate_v05.png
v1__scene_lift_and_relocate_v05__L2__C4_D8__r01_s28101,scene_lift_and_relocate_v05,LIFT_AND_RELOCATE,C4,D8,F Qualitative D8,28101,43,15,15,True,True,True,True,images/numbered_rgb/scene_lift_and_relocate_v05.png
v1__scene_lift_and_relocate_v05__L2__C4_D8__r02_s28102,scene_lift_and_relocate_v05,LIFT_AND_RELOCATE,C4,D8,F Qualitative D8,28102,43,15,15,True,True,True,True,images/numbered_rgb/scene_lift_and_relocate_v05.png
v1__scene_lift_and_relocate_v05__L2__C4_D8__r03_s28103,scene_lift_and_relocate_v05,LIFT_AND_RELOCATE,C4,D8,F Qualitative D8,28103,43,15,15,True,True,True,True,images/numbered_rgb/scene_lift_and_relocate_v05.png
v1__scene_lift_and_relocate_v05__L2__C4_D8__r04_s28104,scene_lift_and_relocate_v05,LIFT_AND_RELOCATE,C4,D8,F Qualitative D8,28104,43,15,15,True,True,True,True,images/numbered_rgb/scene_lift_and_relocate_v05.png
v1__scene_lift_and_relocate_v05__L2__C4_D8__r05_s28105,scene_lift_and_relocate_v05,LIFT_AND_RELOCATE,C4,D8,F Qualitative D8,28105,43,15,15,True,True,True,True,images/numbered_rgb/scene_lift_and_relocate_v05.png
v1__scene_lift_and_relocate_v05__L2__C5_D4__r01_s28101,scene_lift_and_relocate_v05,LIFT_AND_RELOCATE,C5,D4,M Numeric D4,28101,43,15,15,True,True,True,True,images/numbered_rgb/scene_lift_and_relocate_v05.png
v1__scene_lift_and_relocate_v05__L2__C5_D4__r02_s28102,scene_lift_and_relocate_v05,LIFT_AND_RELOCATE,C5,D4,M Numeric D4,28102,43,15,15,True,True,True,True,images/numbered_rgb/scene_lift_and_relocate_v05.png
v1__scene_lift_and_relocate_v05__L2__C5_D4__r03_s28103,scene_lift_and_relocate_v05,LIFT_AND_RELOCATE,C5,D4,M Numeric D4,28103,43,15,15,True,True,True,True,images/numbered_rgb/scene_lift_and_relocate_v05.png
v1__scene_lift_and_relocate_v05__L2__C5_D4__r04_s28104,scene_lift_and_relocate_v05,LIFT_AND_RELOCATE,C5,D4,M Numeric D4,28104,43,15,15,True,True,True,True,images/numbered_rgb/scene_lift_and_relocate_v05.png
v1__scene_lift_and_relocate_v05__L2__C5_D4__r05_s28105,scene_lift_and_relocate_v05,LIFT_AND_RELOCATE,C5,D4,M Numeric D4,28105,43,15,15,True,True,True,True,images/numbered_rgb/scene_lift_and_relocate_v05.png
v1__scene_lift_and_relocate_v05__L2__C5_D8__r01_s28101,scene_lift_and_relocate_v05,LIFT_AND_RELOCATE,C5,D8,M Numeric D8,28101,43,15,15,True,True,True,True,images/numbered_rgb/scene_lift_and_relocate_v05.png
v1__scene_lift_and_relocate_v05__L2__C5_D8__r02_s28102,scene_lift_and_relocate_v05,LIFT_AND_RELOCATE,C5,D8,M Numeric D8,28102,43,15,15,True,True,True,True,images/numbered_rgb/scene_lift_and_relocate_v05.png
v1__scene_lift_and_relocate_v05__L2__C5_D8__r03_s28103,scene_lift_and_relocate_v05,LIFT_AND_RELOCATE,C5,D8,M Numeric D8,28103,43,15,15,True,True,True,True,images/numbered_rgb/scene_lift_and_relocate_v05.png
v1__scene_lift_and_relocate_v05__L2__C5_D8__r04_s28104,scene_lift_and_relocate_v05,LIFT_AND_RELOCATE,C5,D8,M Numeric D8,28104,43,15,15,True,True,True,True,images/numbered_rgb/scene_lift_and_relocate_v05.png
v1__scene_lift_and_relocate_v05__L2__C5_D8__r05_s28105,scene_lift_and_relocate_v05,LIFT_AND_RELOCATE,C5,D8,M Numeric D8,28105,43,15,15,True,True,True,True,images/numbered_rgb/scene_lift_and_relocate_v05.png
v1__scene_lift_and_relocate_v05__L2__C6_D4__r01_s28101,scene_lift_and_relocate_v05,LIFT_AND_RELOCATE,C6,D4,M Qualitative D4,28101,43,15,15,True,True,True,True,images/numbered_rgb/scene_lift_and_relocate_v05.png
v1__scene_lift_and_relocate_v05__L2__C6_D4__r02_s28102,scene_lift_and_relocate_v05,LIFT_AND_RELOCATE,C6,D4,M Qualitative D4,28102,43,15,15,True,True,True,True,images/numbered_rgb/scene_lift_and_relocate_v05.png
v1__scene_lift_and_relocate_v05__L2__C6_D4__r03_s28103,scene_lift_and_relocate_v05,LIFT_AND_RELOCATE,C6,D4,M Qualitative D4,28103,43,15,15,True,True,True,True,images/numbered_rgb/scene_lift_and_relocate_v05.png
v1__scene_lift_and_relocate_v05__L2__C6_D4__r04_s28104,scene_lift_and_relocate_v05,LIFT_AND_RELOCATE,C6,D4,M Qualitative D4,28104,43,15,15,True,True,True,True,images/numbered_rgb/scene_lift_and_relocate_v05.png
v1__scene_lift_and_relocate_v05__L2__C6_D4__r05_s28105,scene_lift_and_relocate_v05,LIFT_AND_RELOCATE,C6,D4,M Qualitative D4,28105,43,15,15,True,True,True,True,images/numbered_rgb/scene_lift_and_relocate_v05.png
v1__scene_lift_and_relocate_v05__L2__C6_D8__r01_s28101,scene_lift_and_relocate_v05,LIFT_AND_RELOCATE,C6,D8,M Qualitative D8,28101,43,15,15,True,True,True,True,images/numbered_rgb/scene_lift_and_relocate_v05.png
v1__scene_lift_and_relocate_v05__L2__C6_D8__r02_s28102,scene_lift_and_relocate_v05,LIFT_AND_RELOCATE,C6,D8,M Qualitative D8,28102,43,15,15,True,True,True,True,images/numbered_rgb/scene_lift_and_relocate_v05.png
v1__scene_lift_and_relocate_v05__L2__C6_D8__r03_s28103,scene_lift_and_relocate_v05,LIFT_AND_RELOCATE,C6,D8,M Qualitative D8,28103,43,15,15,True,True,True,True,images/numbered_rgb/scene_lift_and_relocate_v05.png
v1__scene_lift_and_relocate_v05__L2__C6_D8__r04_s28104,scene_lift_and_relocate_v05,LIFT_AND_RELOCATE,C6,D8,M Qualitative D8,28104,43,15,15,True,True,True,True,images/numbered_rgb/scene_lift_and_relocate_v05.png
v1__scene_lift_and_relocate_v05__L2__C6_D8__r05_s28105,scene_lift_and_relocate_v05,LIFT_AND_RELOCATE,C6,D8,M Qualitative D8,28105,43,15,15,True,True,True,True,images/numbered_rgb/scene_lift_and_relocate_v05.png
v1__scene_rotate_v01__L2__C0_NA__r01_s28101,scene_rotate_v01,ROTATE,C0,,Numbered RGB only,28101,12,95,54,True,True,True,False,images/numbered_rgb/scene_rotate_v01.png
v1__scene_rotate_v01__L2__C0_NA__r02_s28102,scene_rotate_v01,ROTATE,C0,,Numbered RGB only,28102,12,95,54,True,True,True,False,images/numbered_rgb/scene_rotate_v01.png
v1__scene_rotate_v01__L2__C0_NA__r03_s28103,scene_rotate_v01,ROTATE,C0,,Numbered RGB only,28103,12,95,54,True,True,True,False,images/numbered_rgb/scene_rotate_v01.png
v1__scene_rotate_v01__L2__C0_NA__r04_s28104,scene_rotate_v01,ROTATE,C0,,Numbered RGB only,28104,12,95,54,True,True,True,False,images/numbered_rgb/scene_rotate_v01.png
v1__scene_rotate_v01__L2__C0_NA__r05_s28105,scene_rotate_v01,ROTATE,C0,,Numbered RGB only,28105,12,95,54,True,True,True,False,images/numbered_rgb/scene_rotate_v01.png
v1__scene_rotate_v01__L2__C1_NA__r01_s28101,scene_rotate_v01,ROTATE,C1,,R Numeric,28101,12,95,95,True,True,True,True,images/numbered_rgb/scene_rotate_v01.png
v1__scene_rotate_v01__L2__C1_NA__r02_s28102,scene_rotate_v01,ROTATE,C1,,R Numeric,28102,12,95,95,True,True,True,True,images/numbered_rgb/scene_rotate_v01.png
v1__scene_rotate_v01__L2__C1_NA__r03_s28103,scene_rotate_v01,ROTATE,C1,,R Numeric,28103,12,95,95,True,True,True,True,images/numbered_rgb/scene_rotate_v01.png
v1__scene_rotate_v01__L2__C1_NA__r04_s28104,scene_rotate_v01,ROTATE,C1,,R Numeric,28104,12,95,95,True,True,True,True,images/numbered_rgb/scene_rotate_v01.png
v1__scene_rotate_v01__L2__C1_NA__r05_s28105,scene_rotate_v01,ROTATE,C1,,R Numeric,28105,12,95,95,True,True,True,True,images/numbered_rgb/scene_rotate_v01.png
v1__scene_rotate_v01__L2__C2_D4__r01_s28101,scene_rotate_v01,ROTATE,C2,D4,R Qualitative D4,28101,12,95,95,True,True,True,True,images/numbered_rgb/scene_rotate_v01.png
v1__scene_rotate_v01__L2__C2_D4__r02_s28102,scene_rotate_v01,ROTATE,C2,D4,R Qualitative D4,28102,12,95,95,True,True,True,True,images/numbered_rgb/scene_rotate_v01.png
v1__scene_rotate_v01__L2__C2_D4__r03_s28103,scene_rotate_v01,ROTATE,C2,D4,R Qualitative D4,28103,12,95,95,True,True,True,True,images/numbered_rgb/scene_rotate_v01.png
v1__scene_rotate_v01__L2__C2_D4__r04_s28104,scene_rotate_v01,ROTATE,C2,D4,R Qualitative D4,28104,12,95,95,True,True,True,True,images/numbered_rgb/scene_rotate_v01.png
v1__scene_rotate_v01__L2__C2_D4__r05_s28105,scene_rotate_v01,ROTATE,C2,D4,R Qualitative D4,28105,12,95,95,True,True,True,True,images/numbered_rgb/scene_rotate_v01.png
v1__scene_rotate_v01__L2__C2_D8__r01_s28101,scene_rotate_v01,ROTATE,C2,D8,R Qualitative D8,28101,12,95,95,True,True,True,True,images/numbered_rgb/scene_rotate_v01.png
v1__scene_rotate_v01__L2__C2_D8__r02_s28102,scene_rotate_v01,ROTATE,C2,D8,R Qualitative D8,28102,12,95,95,True,True,True,True,images/numbered_rgb/scene_rotate_v01.png
v1__scene_rotate_v01__L2__C2_D8__r03_s28103,scene_rotate_v01,ROTATE,C2,D8,R Qualitative D8,28103,12,95,95,True,True,True,True,images/numbered_rgb/scene_rotate_v01.png
v1__scene_rotate_v01__L2__C2_D8__r04_s28104,scene_rotate_v01,ROTATE,C2,D8,R Qualitative D8,28104,12,95,95,True,True,True,True,images/numbered_rgb/scene_rotate_v01.png
v1__scene_rotate_v01__L2__C2_D8__r05_s28105,scene_rotate_v01,ROTATE,C2,D8,R Qualitative D8,28105,12,95,95,True,True,True,True,images/numbered_rgb/scene_rotate_v01.png
v1__scene_rotate_v01__L2__C3_D4__r01_s28101,scene_rotate_v01,ROTATE,C3,D4,F Numeric D4,28101,12,95,95,True,True,True,True,images/numbered_rgb/scene_rotate_v01.png
v1__scene_rotate_v01__L2__C3_D4__r02_s28102,scene_rotate_v01,ROTATE,C3,D4,F Numeric D4,28102,12,95,54,True,True,True,False,images/numbered_rgb/scene_rotate_v01.png
v1__scene_rotate_v01__L2__C3_D4__r03_s28103,scene_rotate_v01,ROTATE,C3,D4,F Numeric D4,28103,12,95,95,True,True,True,True,images/numbered_rgb/scene_rotate_v01.png
v1__scene_rotate_v01__L2__C3_D4__r04_s28104,scene_rotate_v01,ROTATE,C3,D4,F Numeric D4,28104,12,95,95,True,True,True,True,images/numbered_rgb/scene_rotate_v01.png
v1__scene_rotate_v01__L2__C3_D4__r05_s28105,scene_rotate_v01,ROTATE,C3,D4,F Numeric D4,28105,12,95,95,True,True,True,True,images/numbered_rgb/scene_rotate_v01.png
v1__scene_rotate_v01__L2__C3_D8__r01_s28101,scene_rotate_v01,ROTATE,C3,D8,F Numeric D8,28101,12,95,95,True,True,True,True,images/numbered_rgb/scene_rotate_v01.png
v1__scene_rotate_v01__L2__C3_D8__r02_s28102,scene_rotate_v01,ROTATE,C3,D8,F Numeric D8,28102,12,95,54,True,True,True,False,images/numbered_rgb/scene_rotate_v01.png
v1__scene_rotate_v01__L2__C3_D8__r03_s28103,scene_rotate_v01,ROTATE,C3,D8,F Numeric D8,28103,12,95,95,True,True,True,True,images/numbered_rgb/scene_rotate_v01.png
v1__scene_rotate_v01__L2__C3_D8__r04_s28104,scene_rotate_v01,ROTATE,C3,D8,F Numeric D8,28104,12,95,95,True,True,True,True,images/numbered_rgb/scene_rotate_v01.png
v1__scene_rotate_v01__L2__C3_D8__r05_s28105,scene_rotate_v01,ROTATE,C3,D8,F Numeric D8,28105,12,95,54,True,True,True,False,images/numbered_rgb/scene_rotate_v01.png
v1__scene_rotate_v01__L2__C4_D4__r01_s28101,scene_rotate_v01,ROTATE,C4,D4,F Qualitative D4,28101,12,95,95,True,True,True,True,images/numbered_rgb/scene_rotate_v01.png
v1__scene_rotate_v01__L2__C4_D4__r02_s28102,scene_rotate_v01,ROTATE,C4,D4,F Qualitative D4,28102,12,95,95,True,True,True,True,images/numbered_rgb/scene_rotate_v01.png
v1__scene_rotate_v01__L2__C4_D4__r03_s28103,scene_rotate_v01,ROTATE,C4,D4,F Qualitative D4,28103,12,95,95,True,True,True,True,images/numbered_rgb/scene_rotate_v01.png
v1__scene_rotate_v01__L2__C4_D4__r04_s28104,scene_rotate_v01,ROTATE,C4,D4,F Qualitative D4,28104,12,95,95,True,True,True,True,images/numbered_rgb/scene_rotate_v01.png
v1__scene_rotate_v01__L2__C4_D4__r05_s28105,scene_rotate_v01,ROTATE,C4,D4,F Qualitative D4,28105,12,95,95,True,True,True,True,images/numbered_rgb/scene_rotate_v01.png
v1__scene_rotate_v01__L2__C4_D8__r01_s28101,scene_rotate_v01,ROTATE,C4,D8,F Qualitative D8,28101,12,95,95,True,True,True,True,images/numbered_rgb/scene_rotate_v01.png
v1__scene_rotate_v01__L2__C4_D8__r02_s28102,scene_rotate_v01,ROTATE,C4,D8,F Qualitative D8,28102,12,95,95,True,True,True,True,images/numbered_rgb/scene_rotate_v01.png
v1__scene_rotate_v01__L2__C4_D8__r03_s28103,scene_rotate_v01,ROTATE,C4,D8,F Qualitative D8,28103,12,95,95,True,True,True,True,images/numbered_rgb/scene_rotate_v01.png
v1__scene_rotate_v01__L2__C4_D8__r04_s28104,scene_rotate_v01,ROTATE,C4,D8,F Qualitative D8,28104,12,95,95,True,True,True,True,images/numbered_rgb/scene_rotate_v01.png
v1__scene_rotate_v01__L2__C4_D8__r05_s28105,scene_rotate_v01,ROTATE,C4,D8,F Qualitative D8,28105,12,95,95,True,True,True,True,images/numbered_rgb/scene_rotate_v01.png
v1__scene_rotate_v01__L2__C5_D4__r01_s28101,scene_rotate_v01,ROTATE,C5,D4,M Numeric D4,28101,12,95,95,True,True,True,True,images/numbered_rgb/scene_rotate_v01.png
v1__scene_rotate_v01__L2__C5_D4__r02_s28102,scene_rotate_v01,ROTATE,C5,D4,M Numeric D4,28102,12,95,54,True,True,True,False,images/numbered_rgb/scene_rotate_v01.png
v1__scene_rotate_v01__L2__C5_D4__r03_s28103,scene_rotate_v01,ROTATE,C5,D4,M Numeric D4,28103,12,95,95,True,True,True,True,images/numbered_rgb/scene_rotate_v01.png
v1__scene_rotate_v01__L2__C5_D4__r04_s28104,scene_rotate_v01,ROTATE,C5,D4,M Numeric D4,28104,12,95,95,True,True,True,True,images/numbered_rgb/scene_rotate_v01.png
v1__scene_rotate_v01__L2__C5_D4__r05_s28105,scene_rotate_v01,ROTATE,C5,D4,M Numeric D4,28105,12,95,54,True,True,True,False,images/numbered_rgb/scene_rotate_v01.png
v1__scene_rotate_v01__L2__C5_D8__r01_s28101,scene_rotate_v01,ROTATE,C5,D8,M Numeric D8,28101,12,95,95,True,True,True,True,images/numbered_rgb/scene_rotate_v01.png
v1__scene_rotate_v01__L2__C5_D8__r02_s28102,scene_rotate_v01,ROTATE,C5,D8,M Numeric D8,28102,12,95,95,True,True,True,True,images/numbered_rgb/scene_rotate_v01.png
v1__scene_rotate_v01__L2__C5_D8__r03_s28103,scene_rotate_v01,ROTATE,C5,D8,M Numeric D8,28103,12,95,95,True,True,True,True,images/numbered_rgb/scene_rotate_v01.png
v1__scene_rotate_v01__L2__C5_D8__r04_s28104,scene_rotate_v01,ROTATE,C5,D8,M Numeric D8,28104,12,95,95,True,True,True,True,images/numbered_rgb/scene_rotate_v01.png
v1__scene_rotate_v01__L2__C5_D8__r05_s28105,scene_rotate_v01,ROTATE,C5,D8,M Numeric D8,28105,12,95,95,True,True,True,True,images/numbered_rgb/scene_rotate_v01.png
v1__scene_rotate_v01__L2__C6_D4__r01_s28101,scene_rotate_v01,ROTATE,C6,D4,M Qualitative D4,28101,12,95,95,True,True,True,True,images/numbered_rgb/scene_rotate_v01.png
v1__scene_rotate_v01__L2__C6_D4__r02_s28102,scene_rotate_v01,ROTATE,C6,D4,M Qualitative D4,28102,12,95,54,True,True,True,False,images/numbered_rgb/scene_rotate_v01.png
v1__scene_rotate_v01__L2__C6_D4__r03_s28103,scene_rotate_v01,ROTATE,C6,D4,M Qualitative D4,28103,12,95,95,True,True,True,True,images/numbered_rgb/scene_rotate_v01.png
v1__scene_rotate_v01__L2__C6_D4__r04_s28104,scene_rotate_v01,ROTATE,C6,D4,M Qualitative D4,28104,12,95,95,True,True,True,True,images/numbered_rgb/scene_rotate_v01.png
v1__scene_rotate_v01__L2__C6_D4__r05_s28105,scene_rotate_v01,ROTATE,C6,D4,M Qualitative D4,28105,12,95,54,True,True,True,False,images/numbered_rgb/scene_rotate_v01.png
v1__scene_rotate_v01__L2__C6_D8__r01_s28101,scene_rotate_v01,ROTATE,C6,D8,M Qualitative D8,28101,12,95,95,True,True,True,True,images/numbered_rgb/scene_rotate_v01.png
v1__scene_rotate_v01__L2__C6_D8__r02_s28102,scene_rotate_v01,ROTATE,C6,D8,M Qualitative D8,28102,12,95,54,True,True,True,False,images/numbered_rgb/scene_rotate_v01.png
v1__scene_rotate_v01__L2__C6_D8__r03_s28103,scene_rotate_v01,ROTATE,C6,D8,M Qualitative D8,28103,12,95,54,True,True,True,False,images/numbered_rgb/scene_rotate_v01.png
v1__scene_rotate_v01__L2__C6_D8__r04_s28104,scene_rotate_v01,ROTATE,C6,D8,M Qualitative D8,28104,12,95,54,True,True,True,False,images/numbered_rgb/scene_rotate_v01.png
v1__scene_rotate_v01__L2__C6_D8__r05_s28105,scene_rotate_v01,ROTATE,C6,D8,M Qualitative D8,28105,12,95,54,True,True,True,False,images/numbered_rgb/scene_rotate_v01.png
v1__scene_rotate_v02__L2__C0_NA__r01_s28101,scene_rotate_v02,ROTATE,C0,,Numbered RGB only,28101,38,50,50,True,True,True,True,images/numbered_rgb/scene_rotate_v02.png
v1__scene_rotate_v02__L2__C0_NA__r02_s28102,scene_rotate_v02,ROTATE,C0,,Numbered RGB only,28102,38,50,50,True,True,True,True,images/numbered_rgb/scene_rotate_v02.png
v1__scene_rotate_v02__L2__C0_NA__r03_s28103,scene_rotate_v02,ROTATE,C0,,Numbered RGB only,28103,38,50,50,True,True,True,True,images/numbered_rgb/scene_rotate_v02.png
v1__scene_rotate_v02__L2__C0_NA__r04_s28104,scene_rotate_v02,ROTATE,C0,,Numbered RGB only,28104,38,50,50,True,True,True,True,images/numbered_rgb/scene_rotate_v02.png
v1__scene_rotate_v02__L2__C0_NA__r05_s28105,scene_rotate_v02,ROTATE,C0,,Numbered RGB only,28105,38,50,50,True,True,True,True,images/numbered_rgb/scene_rotate_v02.png
v1__scene_rotate_v02__L2__C1_NA__r01_s28101,scene_rotate_v02,ROTATE,C1,,R Numeric,28101,38,50,50,True,True,True,True,images/numbered_rgb/scene_rotate_v02.png
v1__scene_rotate_v02__L2__C1_NA__r02_s28102,scene_rotate_v02,ROTATE,C1,,R Numeric,28102,38,50,50,True,True,True,True,images/numbered_rgb/scene_rotate_v02.png
v1__scene_rotate_v02__L2__C1_NA__r03_s28103,scene_rotate_v02,ROTATE,C1,,R Numeric,28103,38,50,50,True,True,True,True,images/numbered_rgb/scene_rotate_v02.png
v1__scene_rotate_v02__L2__C1_NA__r04_s28104,scene_rotate_v02,ROTATE,C1,,R Numeric,28104,38,50,50,True,True,True,True,images/numbered_rgb/scene_rotate_v02.png
v1__scene_rotate_v02__L2__C1_NA__r05_s28105,scene_rotate_v02,ROTATE,C1,,R Numeric,28105,38,50,50,True,True,True,True,images/numbered_rgb/scene_rotate_v02.png
v1__scene_rotate_v02__L2__C2_D4__r01_s28101,scene_rotate_v02,ROTATE,C2,D4,R Qualitative D4,28101,38,50,50,True,True,True,True,images/numbered_rgb/scene_rotate_v02.png
v1__scene_rotate_v02__L2__C2_D4__r02_s28102,scene_rotate_v02,ROTATE,C2,D4,R Qualitative D4,28102,38,50,50,True,True,True,True,images/numbered_rgb/scene_rotate_v02.png
v1__scene_rotate_v02__L2__C2_D4__r03_s28103,scene_rotate_v02,ROTATE,C2,D4,R Qualitative D4,28103,38,50,50,True,True,True,True,images/numbered_rgb/scene_rotate_v02.png
v1__scene_rotate_v02__L2__C2_D4__r04_s28104,scene_rotate_v02,ROTATE,C2,D4,R Qualitative D4,28104,38,50,50,True,True,True,True,images/numbered_rgb/scene_rotate_v02.png
v1__scene_rotate_v02__L2__C2_D4__r05_s28105,scene_rotate_v02,ROTATE,C2,D4,R Qualitative D4,28105,38,50,50,True,True,True,True,images/numbered_rgb/scene_rotate_v02.png
v1__scene_rotate_v02__L2__C2_D8__r01_s28101,scene_rotate_v02,ROTATE,C2,D8,R Qualitative D8,28101,38,50,50,True,True,True,True,images/numbered_rgb/scene_rotate_v02.png
v1__scene_rotate_v02__L2__C2_D8__r02_s28102,scene_rotate_v02,ROTATE,C2,D8,R Qualitative D8,28102,38,50,50,True,True,True,True,images/numbered_rgb/scene_rotate_v02.png
v1__scene_rotate_v02__L2__C2_D8__r03_s28103,scene_rotate_v02,ROTATE,C2,D8,R Qualitative D8,28103,38,50,50,True,True,True,True,images/numbered_rgb/scene_rotate_v02.png
v1__scene_rotate_v02__L2__C2_D8__r04_s28104,scene_rotate_v02,ROTATE,C2,D8,R Qualitative D8,28104,38,50,50,True,True,True,True,images/numbered_rgb/scene_rotate_v02.png
v1__scene_rotate_v02__L2__C2_D8__r05_s28105,scene_rotate_v02,ROTATE,C2,D8,R Qualitative D8,28105,38,50,50,True,True,True,True,images/numbered_rgb/scene_rotate_v02.png
v1__scene_rotate_v02__L2__C3_D4__r01_s28101,scene_rotate_v02,ROTATE,C3,D4,F Numeric D4,28101,38,50,50,True,True,True,True,images/numbered_rgb/scene_rotate_v02.png
v1__scene_rotate_v02__L2__C3_D4__r02_s28102,scene_rotate_v02,ROTATE,C3,D4,F Numeric D4,28102,38,50,50,True,True,True,True,images/numbered_rgb/scene_rotate_v02.png
v1__scene_rotate_v02__L2__C3_D4__r03_s28103,scene_rotate_v02,ROTATE,C3,D4,F Numeric D4,28103,38,50,50,True,True,True,True,images/numbered_rgb/scene_rotate_v02.png
v1__scene_rotate_v02__L2__C3_D4__r04_s28104,scene_rotate_v02,ROTATE,C3,D4,F Numeric D4,28104,38,50,50,True,True,True,True,images/numbered_rgb/scene_rotate_v02.png
v1__scene_rotate_v02__L2__C3_D4__r05_s28105,scene_rotate_v02,ROTATE,C3,D4,F Numeric D4,28105,38,50,50,True,True,True,True,images/numbered_rgb/scene_rotate_v02.png
v1__scene_rotate_v02__L2__C3_D8__r01_s28101,scene_rotate_v02,ROTATE,C3,D8,F Numeric D8,28101,38,50,50,True,True,True,True,images/numbered_rgb/scene_rotate_v02.png
v1__scene_rotate_v02__L2__C3_D8__r02_s28102,scene_rotate_v02,ROTATE,C3,D8,F Numeric D8,28102,38,50,50,True,True,True,True,images/numbered_rgb/scene_rotate_v02.png
v1__scene_rotate_v02__L2__C3_D8__r03_s28103,scene_rotate_v02,ROTATE,C3,D8,F Numeric D8,28103,38,50,50,True,True,True,True,images/numbered_rgb/scene_rotate_v02.png
v1__scene_rotate_v02__L2__C3_D8__r04_s28104,scene_rotate_v02,ROTATE,C3,D8,F Numeric D8,28104,38,50,50,True,True,True,True,images/numbered_rgb/scene_rotate_v02.png
v1__scene_rotate_v02__L2__C3_D8__r05_s28105,scene_rotate_v02,ROTATE,C3,D8,F Numeric D8,28105,38,50,50,True,True,True,True,images/numbered_rgb/scene_rotate_v02.png
v1__scene_rotate_v02__L2__C4_D4__r01_s28101,scene_rotate_v02,ROTATE,C4,D4,F Qualitative D4,28101,38,50,50,True,True,True,True,images/numbered_rgb/scene_rotate_v02.png
v1__scene_rotate_v02__L2__C4_D4__r02_s28102,scene_rotate_v02,ROTATE,C4,D4,F Qualitative D4,28102,38,50,50,True,True,True,True,images/numbered_rgb/scene_rotate_v02.png
v1__scene_rotate_v02__L2__C4_D4__r03_s28103,scene_rotate_v02,ROTATE,C4,D4,F Qualitative D4,28103,38,50,50,True,True,True,True,images/numbered_rgb/scene_rotate_v02.png
v1__scene_rotate_v02__L2__C4_D4__r04_s28104,scene_rotate_v02,ROTATE,C4,D4,F Qualitative D4,28104,38,50,50,True,True,True,True,images/numbered_rgb/scene_rotate_v02.png
v1__scene_rotate_v02__L2__C4_D4__r05_s28105,scene_rotate_v02,ROTATE,C4,D4,F Qualitative D4,28105,38,50,50,True,True,True,True,images/numbered_rgb/scene_rotate_v02.png
v1__scene_rotate_v02__L2__C4_D8__r01_s28101,scene_rotate_v02,ROTATE,C4,D8,F Qualitative D8,28101,38,50,50,True,True,True,True,images/numbered_rgb/scene_rotate_v02.png
v1__scene_rotate_v02__L2__C4_D8__r02_s28102,scene_rotate_v02,ROTATE,C4,D8,F Qualitative D8,28102,38,50,50,True,True,True,True,images/numbered_rgb/scene_rotate_v02.png
v1__scene_rotate_v02__L2__C4_D8__r03_s28103,scene_rotate_v02,ROTATE,C4,D8,F Qualitative D8,28103,38,50,50,True,True,True,True,images/numbered_rgb/scene_rotate_v02.png
v1__scene_rotate_v02__L2__C4_D8__r04_s28104,scene_rotate_v02,ROTATE,C4,D8,F Qualitative D8,28104,38,50,50,True,True,True,True,images/numbered_rgb/scene_rotate_v02.png
v1__scene_rotate_v02__L2__C4_D8__r05_s28105,scene_rotate_v02,ROTATE,C4,D8,F Qualitative D8,28105,38,50,50,True,True,True,True,images/numbered_rgb/scene_rotate_v02.png
v1__scene_rotate_v02__L2__C5_D4__r01_s28101,scene_rotate_v02,ROTATE,C5,D4,M Numeric D4,28101,38,50,50,True,True,True,True,images/numbered_rgb/scene_rotate_v02.png
v1__scene_rotate_v02__L2__C5_D4__r02_s28102,scene_rotate_v02,ROTATE,C5,D4,M Numeric D4,28102,38,50,50,True,True,True,True,images/numbered_rgb/scene_rotate_v02.png
v1__scene_rotate_v02__L2__C5_D4__r03_s28103,scene_rotate_v02,ROTATE,C5,D4,M Numeric D4,28103,38,50,50,True,True,True,True,images/numbered_rgb/scene_rotate_v02.png
v1__scene_rotate_v02__L2__C5_D4__r04_s28104,scene_rotate_v02,ROTATE,C5,D4,M Numeric D4,28104,38,50,50,True,True,True,True,images/numbered_rgb/scene_rotate_v02.png
v1__scene_rotate_v02__L2__C5_D4__r05_s28105,scene_rotate_v02,ROTATE,C5,D4,M Numeric D4,28105,38,50,50,True,True,True,True,images/numbered_rgb/scene_rotate_v02.png
v1__scene_rotate_v02__L2__C5_D8__r01_s28101,scene_rotate_v02,ROTATE,C5,D8,M Numeric D8,28101,38,50,50,True,True,True,True,images/numbered_rgb/scene_rotate_v02.png
v1__scene_rotate_v02__L2__C5_D8__r02_s28102,scene_rotate_v02,ROTATE,C5,D8,M Numeric D8,28102,38,50,50,True,True,True,True,images/numbered_rgb/scene_rotate_v02.png
v1__scene_rotate_v02__L2__C5_D8__r03_s28103,scene_rotate_v02,ROTATE,C5,D8,M Numeric D8,28103,38,50,50,True,True,True,True,images/numbered_rgb/scene_rotate_v02.png
v1__scene_rotate_v02__L2__C5_D8__r04_s28104,scene_rotate_v02,ROTATE,C5,D8,M Numeric D8,28104,38,50,50,True,True,True,True,images/numbered_rgb/scene_rotate_v02.png
v1__scene_rotate_v02__L2__C5_D8__r05_s28105,scene_rotate_v02,ROTATE,C5,D8,M Numeric D8,28105,38,50,50,True,True,True,True,images/numbered_rgb/scene_rotate_v02.png
v1__scene_rotate_v02__L2__C6_D4__r01_s28101,scene_rotate_v02,ROTATE,C6,D4,M Qualitative D4,28101,38,50,50,True,True,True,True,images/numbered_rgb/scene_rotate_v02.png
v1__scene_rotate_v02__L2__C6_D4__r02_s28102,scene_rotate_v02,ROTATE,C6,D4,M Qualitative D4,28102,38,50,50,True,True,True,True,images/numbered_rgb/scene_rotate_v02.png
v1__scene_rotate_v02__L2__C6_D4__r03_s28103,scene_rotate_v02,ROTATE,C6,D4,M Qualitative D4,28103,38,50,50,True,True,True,True,images/numbered_rgb/scene_rotate_v02.png
v1__scene_rotate_v02__L2__C6_D4__r04_s28104,scene_rotate_v02,ROTATE,C6,D4,M Qualitative D4,28104,38,50,50,True,True,True,True,images/numbered_rgb/scene_rotate_v02.png
v1__scene_rotate_v02__L2__C6_D4__r05_s28105,scene_rotate_v02,ROTATE,C6,D4,M Qualitative D4,28105,38,50,50,True,True,True,True,images/numbered_rgb/scene_rotate_v02.png
v1__scene_rotate_v02__L2__C6_D8__r01_s28101,scene_rotate_v02,ROTATE,C6,D8,M Qualitative D8,28101,38,50,50,True,True,True,True,images/numbered_rgb/scene_rotate_v02.png
v1__scene_rotate_v02__L2__C6_D8__r02_s28102,scene_rotate_v02,ROTATE,C6,D8,M Qualitative D8,28102,38,50,50,True,True,True,True,images/numbered_rgb/scene_rotate_v02.png
v1__scene_rotate_v02__L2__C6_D8__r03_s28103,scene_rotate_v02,ROTATE,C6,D8,M Qualitative D8,28103,38,50,50,True,True,True,True,images/numbered_rgb/scene_rotate_v02.png
v1__scene_rotate_v02__L2__C6_D8__r04_s28104,scene_rotate_v02,ROTATE,C6,D8,M Qualitative D8,28104,38,50,50,True,True,True,True,images/numbered_rgb/scene_rotate_v02.png
v1__scene_rotate_v02__L2__C6_D8__r05_s28105,scene_rotate_v02,ROTATE,C6,D8,M Qualitative D8,28105,38,50,50,True,True,True,True,images/numbered_rgb/scene_rotate_v02.png
v1__scene_rotate_v03__L2__C0_NA__r01_s28101,scene_rotate_v03,ROTATE,C0,,Numbered RGB only,28101,83,19,11,True,True,True,False,images/numbered_rgb/scene_rotate_v03.png
v1__scene_rotate_v03__L2__C0_NA__r02_s28102,scene_rotate_v03,ROTATE,C0,,Numbered RGB only,28102,83,19,11,True,True,True,False,images/numbered_rgb/scene_rotate_v03.png
v1__scene_rotate_v03__L2__C0_NA__r03_s28103,scene_rotate_v03,ROTATE,C0,,Numbered RGB only,28103,83,19,11,True,True,True,False,images/numbered_rgb/scene_rotate_v03.png
v1__scene_rotate_v03__L2__C0_NA__r04_s28104,scene_rotate_v03,ROTATE,C0,,Numbered RGB only,28104,83,19,11,True,True,True,False,images/numbered_rgb/scene_rotate_v03.png
v1__scene_rotate_v03__L2__C0_NA__r05_s28105,scene_rotate_v03,ROTATE,C0,,Numbered RGB only,28105,83,19,11,True,True,True,False,images/numbered_rgb/scene_rotate_v03.png
v1__scene_rotate_v03__L2__C1_NA__r01_s28101,scene_rotate_v03,ROTATE,C1,,R Numeric,28101,83,19,11,True,True,True,False,images/numbered_rgb/scene_rotate_v03.png
v1__scene_rotate_v03__L2__C1_NA__r02_s28102,scene_rotate_v03,ROTATE,C1,,R Numeric,28102,83,19,11,True,True,True,False,images/numbered_rgb/scene_rotate_v03.png
v1__scene_rotate_v03__L2__C1_NA__r03_s28103,scene_rotate_v03,ROTATE,C1,,R Numeric,28103,83,19,11,True,True,True,False,images/numbered_rgb/scene_rotate_v03.png
v1__scene_rotate_v03__L2__C1_NA__r04_s28104,scene_rotate_v03,ROTATE,C1,,R Numeric,28104,83,19,11,True,True,True,False,images/numbered_rgb/scene_rotate_v03.png
v1__scene_rotate_v03__L2__C1_NA__r05_s28105,scene_rotate_v03,ROTATE,C1,,R Numeric,28105,83,19,11,True,True,True,False,images/numbered_rgb/scene_rotate_v03.png
v1__scene_rotate_v03__L2__C2_D4__r01_s28101,scene_rotate_v03,ROTATE,C2,D4,R Qualitative D4,28101,83,19,19,True,True,True,True,images/numbered_rgb/scene_rotate_v03.png
v1__scene_rotate_v03__L2__C2_D4__r02_s28102,scene_rotate_v03,ROTATE,C2,D4,R Qualitative D4,28102,83,19,11,True,True,True,False,images/numbered_rgb/scene_rotate_v03.png
v1__scene_rotate_v03__L2__C2_D4__r03_s28103,scene_rotate_v03,ROTATE,C2,D4,R Qualitative D4,28103,83,19,19,True,True,True,True,images/numbered_rgb/scene_rotate_v03.png
v1__scene_rotate_v03__L2__C2_D4__r04_s28104,scene_rotate_v03,ROTATE,C2,D4,R Qualitative D4,28104,83,19,11,True,True,True,False,images/numbered_rgb/scene_rotate_v03.png
v1__scene_rotate_v03__L2__C2_D4__r05_s28105,scene_rotate_v03,ROTATE,C2,D4,R Qualitative D4,28105,83,19,11,True,True,True,False,images/numbered_rgb/scene_rotate_v03.png
v1__scene_rotate_v03__L2__C2_D8__r01_s28101,scene_rotate_v03,ROTATE,C2,D8,R Qualitative D8,28101,83,19,11,True,True,True,False,images/numbered_rgb/scene_rotate_v03.png
v1__scene_rotate_v03__L2__C2_D8__r02_s28102,scene_rotate_v03,ROTATE,C2,D8,R Qualitative D8,28102,83,19,11,True,True,True,False,images/numbered_rgb/scene_rotate_v03.png
v1__scene_rotate_v03__L2__C2_D8__r03_s28103,scene_rotate_v03,ROTATE,C2,D8,R Qualitative D8,28103,83,19,11,True,True,True,False,images/numbered_rgb/scene_rotate_v03.png
v1__scene_rotate_v03__L2__C2_D8__r04_s28104,scene_rotate_v03,ROTATE,C2,D8,R Qualitative D8,28104,83,19,11,True,True,True,False,images/numbered_rgb/scene_rotate_v03.png
v1__scene_rotate_v03__L2__C2_D8__r05_s28105,scene_rotate_v03,ROTATE,C2,D8,R Qualitative D8,28105,83,19,11,True,True,True,False,images/numbered_rgb/scene_rotate_v03.png
v1__scene_rotate_v03__L2__C3_D4__r01_s28101,scene_rotate_v03,ROTATE,C3,D4,F Numeric D4,28101,83,19,11,True,True,True,False,images/numbered_rgb/scene_rotate_v03.png
v1__scene_rotate_v03__L2__C3_D4__r02_s28102,scene_rotate_v03,ROTATE,C3,D4,F Numeric D4,28102,83,19,11,True,True,True,False,images/numbered_rgb/scene_rotate_v03.png
v1__scene_rotate_v03__L2__C3_D4__r03_s28103,scene_rotate_v03,ROTATE,C3,D4,F Numeric D4,28103,83,19,23,True,True,True,False,images/numbered_rgb/scene_rotate_v03.png
v1__scene_rotate_v03__L2__C3_D4__r04_s28104,scene_rotate_v03,ROTATE,C3,D4,F Numeric D4,28104,83,19,23,True,True,True,False,images/numbered_rgb/scene_rotate_v03.png
v1__scene_rotate_v03__L2__C3_D4__r05_s28105,scene_rotate_v03,ROTATE,C3,D4,F Numeric D4,28105,83,19,11,True,True,True,False,images/numbered_rgb/scene_rotate_v03.png
v1__scene_rotate_v03__L2__C3_D8__r01_s28101,scene_rotate_v03,ROTATE,C3,D8,F Numeric D8,28101,83,19,23,True,True,True,False,images/numbered_rgb/scene_rotate_v03.png
v1__scene_rotate_v03__L2__C3_D8__r02_s28102,scene_rotate_v03,ROTATE,C3,D8,F Numeric D8,28102,83,19,19,True,True,True,True,images/numbered_rgb/scene_rotate_v03.png
v1__scene_rotate_v03__L2__C3_D8__r03_s28103,scene_rotate_v03,ROTATE,C3,D8,F Numeric D8,28103,83,19,19,True,True,True,True,images/numbered_rgb/scene_rotate_v03.png
v1__scene_rotate_v03__L2__C3_D8__r04_s28104,scene_rotate_v03,ROTATE,C3,D8,F Numeric D8,28104,83,19,19,True,True,True,True,images/numbered_rgb/scene_rotate_v03.png
v1__scene_rotate_v03__L2__C3_D8__r05_s28105,scene_rotate_v03,ROTATE,C3,D8,F Numeric D8,28105,83,19,19,True,True,True,True,images/numbered_rgb/scene_rotate_v03.png
v1__scene_rotate_v03__L2__C4_D4__r01_s28101,scene_rotate_v03,ROTATE,C4,D4,F Qualitative D4,28101,83,19,19,True,True,True,True,images/numbered_rgb/scene_rotate_v03.png
v1__scene_rotate_v03__L2__C4_D4__r02_s28102,scene_rotate_v03,ROTATE,C4,D4,F Qualitative D4,28102,83,19,19,True,True,True,True,images/numbered_rgb/scene_rotate_v03.png
v1__scene_rotate_v03__L2__C4_D4__r03_s28103,scene_rotate_v03,ROTATE,C4,D4,F Qualitative D4,28103,83,19,19,True,True,True,True,images/numbered_rgb/scene_rotate_v03.png
v1__scene_rotate_v03__L2__C4_D4__r04_s28104,scene_rotate_v03,ROTATE,C4,D4,F Qualitative D4,28104,83,19,19,True,True,True,True,images/numbered_rgb/scene_rotate_v03.png
v1__scene_rotate_v03__L2__C4_D4__r05_s28105,scene_rotate_v03,ROTATE,C4,D4,F Qualitative D4,28105,83,19,19,True,True,True,True,images/numbered_rgb/scene_rotate_v03.png
v1__scene_rotate_v03__L2__C4_D8__r01_s28101,scene_rotate_v03,ROTATE,C4,D8,F Qualitative D8,28101,83,19,19,True,True,True,True,images/numbered_rgb/scene_rotate_v03.png
v1__scene_rotate_v03__L2__C4_D8__r02_s28102,scene_rotate_v03,ROTATE,C4,D8,F Qualitative D8,28102,83,19,19,True,True,True,True,images/numbered_rgb/scene_rotate_v03.png
v1__scene_rotate_v03__L2__C4_D8__r03_s28103,scene_rotate_v03,ROTATE,C4,D8,F Qualitative D8,28103,83,19,19,True,True,True,True,images/numbered_rgb/scene_rotate_v03.png
v1__scene_rotate_v03__L2__C4_D8__r04_s28104,scene_rotate_v03,ROTATE,C4,D8,F Qualitative D8,28104,83,19,19,True,True,True,True,images/numbered_rgb/scene_rotate_v03.png
v1__scene_rotate_v03__L2__C4_D8__r05_s28105,scene_rotate_v03,ROTATE,C4,D8,F Qualitative D8,28105,83,19,19,True,True,True,True,images/numbered_rgb/scene_rotate_v03.png
v1__scene_rotate_v03__L2__C5_D4__r01_s28101,scene_rotate_v03,ROTATE,C5,D4,M Numeric D4,28101,83,19,19,True,True,True,True,images/numbered_rgb/scene_rotate_v03.png
v1__scene_rotate_v03__L2__C5_D4__r02_s28102,scene_rotate_v03,ROTATE,C5,D4,M Numeric D4,28102,83,19,19,True,True,True,True,images/numbered_rgb/scene_rotate_v03.png
v1__scene_rotate_v03__L2__C5_D4__r03_s28103,scene_rotate_v03,ROTATE,C5,D4,M Numeric D4,28103,83,19,19,True,True,True,True,images/numbered_rgb/scene_rotate_v03.png
v1__scene_rotate_v03__L2__C5_D4__r04_s28104,scene_rotate_v03,ROTATE,C5,D4,M Numeric D4,28104,83,19,19,True,True,True,True,images/numbered_rgb/scene_rotate_v03.png
v1__scene_rotate_v03__L2__C5_D4__r05_s28105,scene_rotate_v03,ROTATE,C5,D4,M Numeric D4,28105,83,19,11,True,True,True,False,images/numbered_rgb/scene_rotate_v03.png
v1__scene_rotate_v03__L2__C5_D8__r01_s28101,scene_rotate_v03,ROTATE,C5,D8,M Numeric D8,28101,83,19,19,True,True,True,True,images/numbered_rgb/scene_rotate_v03.png
v1__scene_rotate_v03__L2__C5_D8__r02_s28102,scene_rotate_v03,ROTATE,C5,D8,M Numeric D8,28102,83,19,19,True,True,True,True,images/numbered_rgb/scene_rotate_v03.png
v1__scene_rotate_v03__L2__C5_D8__r03_s28103,scene_rotate_v03,ROTATE,C5,D8,M Numeric D8,28103,83,19,19,True,True,True,True,images/numbered_rgb/scene_rotate_v03.png
v1__scene_rotate_v03__L2__C5_D8__r04_s28104,scene_rotate_v03,ROTATE,C5,D8,M Numeric D8,28104,83,19,19,True,True,True,True,images/numbered_rgb/scene_rotate_v03.png
v1__scene_rotate_v03__L2__C5_D8__r05_s28105,scene_rotate_v03,ROTATE,C5,D8,M Numeric D8,28105,83,19,19,True,True,True,True,images/numbered_rgb/scene_rotate_v03.png
v1__scene_rotate_v03__L2__C6_D4__r01_s28101,scene_rotate_v03,ROTATE,C6,D4,M Qualitative D4,28101,83,19,19,True,True,True,True,images/numbered_rgb/scene_rotate_v03.png
v1__scene_rotate_v03__L2__C6_D4__r02_s28102,scene_rotate_v03,ROTATE,C6,D4,M Qualitative D4,28102,83,19,19,True,True,True,True,images/numbered_rgb/scene_rotate_v03.png
v1__scene_rotate_v03__L2__C6_D4__r03_s28103,scene_rotate_v03,ROTATE,C6,D4,M Qualitative D4,28103,83,19,19,True,True,True,True,images/numbered_rgb/scene_rotate_v03.png
v1__scene_rotate_v03__L2__C6_D4__r04_s28104,scene_rotate_v03,ROTATE,C6,D4,M Qualitative D4,28104,83,19,19,True,True,True,True,images/numbered_rgb/scene_rotate_v03.png
v1__scene_rotate_v03__L2__C6_D4__r05_s28105,scene_rotate_v03,ROTATE,C6,D4,M Qualitative D4,28105,83,19,19,True,True,True,True,images/numbered_rgb/scene_rotate_v03.png
v1__scene_rotate_v03__L2__C6_D8__r01_s28101,scene_rotate_v03,ROTATE,C6,D8,M Qualitative D8,28101,83,19,19,True,True,True,True,images/numbered_rgb/scene_rotate_v03.png
v1__scene_rotate_v03__L2__C6_D8__r02_s28102,scene_rotate_v03,ROTATE,C6,D8,M Qualitative D8,28102,83,19,19,True,True,True,True,images/numbered_rgb/scene_rotate_v03.png
v1__scene_rotate_v03__L2__C6_D8__r03_s28103,scene_rotate_v03,ROTATE,C6,D8,M Qualitative D8,28103,83,19,19,True,True,True,True,images/numbered_rgb/scene_rotate_v03.png
v1__scene_rotate_v03__L2__C6_D8__r04_s28104,scene_rotate_v03,ROTATE,C6,D8,M Qualitative D8,28104,83,19,19,True,True,True,True,images/numbered_rgb/scene_rotate_v03.png
v1__scene_rotate_v03__L2__C6_D8__r05_s28105,scene_rotate_v03,ROTATE,C6,D8,M Qualitative D8,28105,83,19,19,True,True,True,True,images/numbered_rgb/scene_rotate_v03.png
v1__scene_rotate_v04__L2__C0_NA__r01_s28101,scene_rotate_v04,ROTATE,C0,,Numbered RGB only,28101,47,95,25,True,True,True,False,images/numbered_rgb/scene_rotate_v04.png
v1__scene_rotate_v04__L2__C0_NA__r02_s28102,scene_rotate_v04,ROTATE,C0,,Numbered RGB only,28102,47,95,25,True,True,True,False,images/numbered_rgb/scene_rotate_v04.png
v1__scene_rotate_v04__L2__C0_NA__r03_s28103,scene_rotate_v04,ROTATE,C0,,Numbered RGB only,28103,47,95,95,True,True,True,True,images/numbered_rgb/scene_rotate_v04.png
v1__scene_rotate_v04__L2__C0_NA__r04_s28104,scene_rotate_v04,ROTATE,C0,,Numbered RGB only,28104,47,95,25,True,True,True,False,images/numbered_rgb/scene_rotate_v04.png
v1__scene_rotate_v04__L2__C0_NA__r05_s28105,scene_rotate_v04,ROTATE,C0,,Numbered RGB only,28105,47,95,25,True,True,True,False,images/numbered_rgb/scene_rotate_v04.png
v1__scene_rotate_v04__L2__C1_NA__r01_s28101,scene_rotate_v04,ROTATE,C1,,R Numeric,28101,47,95,25,True,True,True,False,images/numbered_rgb/scene_rotate_v04.png
v1__scene_rotate_v04__L2__C1_NA__r02_s28102,scene_rotate_v04,ROTATE,C1,,R Numeric,28102,47,95,25,True,True,True,False,images/numbered_rgb/scene_rotate_v04.png
v1__scene_rotate_v04__L2__C1_NA__r03_s28103,scene_rotate_v04,ROTATE,C1,,R Numeric,28103,47,95,95,True,True,True,True,images/numbered_rgb/scene_rotate_v04.png
v1__scene_rotate_v04__L2__C1_NA__r04_s28104,scene_rotate_v04,ROTATE,C1,,R Numeric,28104,47,95,25,True,True,True,False,images/numbered_rgb/scene_rotate_v04.png
v1__scene_rotate_v04__L2__C1_NA__r05_s28105,scene_rotate_v04,ROTATE,C1,,R Numeric,28105,47,95,25,True,True,True,False,images/numbered_rgb/scene_rotate_v04.png
v1__scene_rotate_v04__L2__C2_D4__r01_s28101,scene_rotate_v04,ROTATE,C2,D4,R Qualitative D4,28101,47,95,25,True,True,True,False,images/numbered_rgb/scene_rotate_v04.png
v1__scene_rotate_v04__L2__C2_D4__r02_s28102,scene_rotate_v04,ROTATE,C2,D4,R Qualitative D4,28102,47,95,95,True,True,True,True,images/numbered_rgb/scene_rotate_v04.png
v1__scene_rotate_v04__L2__C2_D4__r03_s28103,scene_rotate_v04,ROTATE,C2,D4,R Qualitative D4,28103,47,95,95,True,True,True,True,images/numbered_rgb/scene_rotate_v04.png
v1__scene_rotate_v04__L2__C2_D4__r04_s28104,scene_rotate_v04,ROTATE,C2,D4,R Qualitative D4,28104,47,95,95,True,True,True,True,images/numbered_rgb/scene_rotate_v04.png
v1__scene_rotate_v04__L2__C2_D4__r05_s28105,scene_rotate_v04,ROTATE,C2,D4,R Qualitative D4,28105,47,95,95,True,True,True,True,images/numbered_rgb/scene_rotate_v04.png
v1__scene_rotate_v04__L2__C2_D8__r01_s28101,scene_rotate_v04,ROTATE,C2,D8,R Qualitative D8,28101,47,95,25,True,True,True,False,images/numbered_rgb/scene_rotate_v04.png
v1__scene_rotate_v04__L2__C2_D8__r02_s28102,scene_rotate_v04,ROTATE,C2,D8,R Qualitative D8,28102,47,95,95,True,True,True,True,images/numbered_rgb/scene_rotate_v04.png
v1__scene_rotate_v04__L2__C2_D8__r03_s28103,scene_rotate_v04,ROTATE,C2,D8,R Qualitative D8,28103,47,95,95,True,True,True,True,images/numbered_rgb/scene_rotate_v04.png
v1__scene_rotate_v04__L2__C2_D8__r04_s28104,scene_rotate_v04,ROTATE,C2,D8,R Qualitative D8,28104,47,95,95,True,True,True,True,images/numbered_rgb/scene_rotate_v04.png
v1__scene_rotate_v04__L2__C2_D8__r05_s28105,scene_rotate_v04,ROTATE,C2,D8,R Qualitative D8,28105,47,95,95,True,True,True,True,images/numbered_rgb/scene_rotate_v04.png
v1__scene_rotate_v04__L2__C3_D4__r01_s28101,scene_rotate_v04,ROTATE,C3,D4,F Numeric D4,28101,47,95,95,True,True,True,True,images/numbered_rgb/scene_rotate_v04.png
v1__scene_rotate_v04__L2__C3_D4__r02_s28102,scene_rotate_v04,ROTATE,C3,D4,F Numeric D4,28102,47,95,95,True,True,True,True,images/numbered_rgb/scene_rotate_v04.png
v1__scene_rotate_v04__L2__C3_D4__r03_s28103,scene_rotate_v04,ROTATE,C3,D4,F Numeric D4,28103,47,95,95,True,True,True,True,images/numbered_rgb/scene_rotate_v04.png
v1__scene_rotate_v04__L2__C3_D4__r04_s28104,scene_rotate_v04,ROTATE,C3,D4,F Numeric D4,28104,47,95,95,True,True,True,True,images/numbered_rgb/scene_rotate_v04.png
v1__scene_rotate_v04__L2__C3_D4__r05_s28105,scene_rotate_v04,ROTATE,C3,D4,F Numeric D4,28105,47,95,95,True,True,True,True,images/numbered_rgb/scene_rotate_v04.png
v1__scene_rotate_v04__L2__C3_D8__r01_s28101,scene_rotate_v04,ROTATE,C3,D8,F Numeric D8,28101,47,95,95,True,True,True,True,images/numbered_rgb/scene_rotate_v04.png
v1__scene_rotate_v04__L2__C3_D8__r02_s28102,scene_rotate_v04,ROTATE,C3,D8,F Numeric D8,28102,47,95,95,True,True,True,True,images/numbered_rgb/scene_rotate_v04.png
v1__scene_rotate_v04__L2__C3_D8__r03_s28103,scene_rotate_v04,ROTATE,C3,D8,F Numeric D8,28103,47,95,95,True,True,True,True,images/numbered_rgb/scene_rotate_v04.png
v1__scene_rotate_v04__L2__C3_D8__r04_s28104,scene_rotate_v04,ROTATE,C3,D8,F Numeric D8,28104,47,95,95,True,True,True,True,images/numbered_rgb/scene_rotate_v04.png
v1__scene_rotate_v04__L2__C3_D8__r05_s28105,scene_rotate_v04,ROTATE,C3,D8,F Numeric D8,28105,47,95,95,True,True,True,True,images/numbered_rgb/scene_rotate_v04.png
v1__scene_rotate_v04__L2__C4_D4__r01_s28101,scene_rotate_v04,ROTATE,C4,D4,F Qualitative D4,28101,47,95,95,True,True,True,True,images/numbered_rgb/scene_rotate_v04.png
v1__scene_rotate_v04__L2__C4_D4__r02_s28102,scene_rotate_v04,ROTATE,C4,D4,F Qualitative D4,28102,47,95,95,True,True,True,True,images/numbered_rgb/scene_rotate_v04.png
v1__scene_rotate_v04__L2__C4_D4__r03_s28103,scene_rotate_v04,ROTATE,C4,D4,F Qualitative D4,28103,47,95,95,True,True,True,True,images/numbered_rgb/scene_rotate_v04.png
v1__scene_rotate_v04__L2__C4_D4__r04_s28104,scene_rotate_v04,ROTATE,C4,D4,F Qualitative D4,28104,47,95,95,True,True,True,True,images/numbered_rgb/scene_rotate_v04.png
v1__scene_rotate_v04__L2__C4_D4__r05_s28105,scene_rotate_v04,ROTATE,C4,D4,F Qualitative D4,28105,47,95,95,True,True,True,True,images/numbered_rgb/scene_rotate_v04.png
v1__scene_rotate_v04__L2__C4_D8__r01_s28101,scene_rotate_v04,ROTATE,C4,D8,F Qualitative D8,28101,47,95,95,True,True,True,True,images/numbered_rgb/scene_rotate_v04.png
v1__scene_rotate_v04__L2__C4_D8__r02_s28102,scene_rotate_v04,ROTATE,C4,D8,F Qualitative D8,28102,47,95,95,True,True,True,True,images/numbered_rgb/scene_rotate_v04.png
v1__scene_rotate_v04__L2__C4_D8__r03_s28103,scene_rotate_v04,ROTATE,C4,D8,F Qualitative D8,28103,47,95,95,True,True,True,True,images/numbered_rgb/scene_rotate_v04.png
v1__scene_rotate_v04__L2__C4_D8__r04_s28104,scene_rotate_v04,ROTATE,C4,D8,F Qualitative D8,28104,47,95,95,True,True,True,True,images/numbered_rgb/scene_rotate_v04.png
v1__scene_rotate_v04__L2__C4_D8__r05_s28105,scene_rotate_v04,ROTATE,C4,D8,F Qualitative D8,28105,47,95,95,True,True,True,True,images/numbered_rgb/scene_rotate_v04.png
v1__scene_rotate_v04__L2__C5_D4__r01_s28101,scene_rotate_v04,ROTATE,C5,D4,M Numeric D4,28101,47,95,95,True,True,True,True,images/numbered_rgb/scene_rotate_v04.png
v1__scene_rotate_v04__L2__C5_D4__r02_s28102,scene_rotate_v04,ROTATE,C5,D4,M Numeric D4,28102,47,95,95,True,True,True,True,images/numbered_rgb/scene_rotate_v04.png
v1__scene_rotate_v04__L2__C5_D4__r03_s28103,scene_rotate_v04,ROTATE,C5,D4,M Numeric D4,28103,47,95,95,True,True,True,True,images/numbered_rgb/scene_rotate_v04.png
v1__scene_rotate_v04__L2__C5_D4__r04_s28104,scene_rotate_v04,ROTATE,C5,D4,M Numeric D4,28104,47,95,95,True,True,True,True,images/numbered_rgb/scene_rotate_v04.png
v1__scene_rotate_v04__L2__C5_D4__r05_s28105,scene_rotate_v04,ROTATE,C5,D4,M Numeric D4,28105,47,95,95,True,True,True,True,images/numbered_rgb/scene_rotate_v04.png
v1__scene_rotate_v04__L2__C5_D8__r01_s28101,scene_rotate_v04,ROTATE,C5,D8,M Numeric D8,28101,47,95,95,True,True,True,True,images/numbered_rgb/scene_rotate_v04.png
v1__scene_rotate_v04__L2__C5_D8__r02_s28102,scene_rotate_v04,ROTATE,C5,D8,M Numeric D8,28102,47,95,95,True,True,True,True,images/numbered_rgb/scene_rotate_v04.png
v1__scene_rotate_v04__L2__C5_D8__r03_s28103,scene_rotate_v04,ROTATE,C5,D8,M Numeric D8,28103,47,95,95,True,True,True,True,images/numbered_rgb/scene_rotate_v04.png
v1__scene_rotate_v04__L2__C5_D8__r04_s28104,scene_rotate_v04,ROTATE,C5,D8,M Numeric D8,28104,47,95,95,True,True,True,True,images/numbered_rgb/scene_rotate_v04.png
v1__scene_rotate_v04__L2__C5_D8__r05_s28105,scene_rotate_v04,ROTATE,C5,D8,M Numeric D8,28105,47,95,95,True,True,True,True,images/numbered_rgb/scene_rotate_v04.png
v1__scene_rotate_v04__L2__C6_D4__r01_s28101,scene_rotate_v04,ROTATE,C6,D4,M Qualitative D4,28101,47,95,95,True,True,True,True,images/numbered_rgb/scene_rotate_v04.png
v1__scene_rotate_v04__L2__C6_D4__r02_s28102,scene_rotate_v04,ROTATE,C6,D4,M Qualitative D4,28102,47,95,95,True,True,True,True,images/numbered_rgb/scene_rotate_v04.png
v1__scene_rotate_v04__L2__C6_D4__r03_s28103,scene_rotate_v04,ROTATE,C6,D4,M Qualitative D4,28103,47,95,95,True,True,True,True,images/numbered_rgb/scene_rotate_v04.png
v1__scene_rotate_v04__L2__C6_D4__r04_s28104,scene_rotate_v04,ROTATE,C6,D4,M Qualitative D4,28104,47,95,95,True,True,True,True,images/numbered_rgb/scene_rotate_v04.png
v1__scene_rotate_v04__L2__C6_D4__r05_s28105,scene_rotate_v04,ROTATE,C6,D4,M Qualitative D4,28105,47,95,95,True,True,True,True,images/numbered_rgb/scene_rotate_v04.png
v1__scene_rotate_v04__L2__C6_D8__r01_s28101,scene_rotate_v04,ROTATE,C6,D8,M Qualitative D8,28101,47,95,25,True,True,True,False,images/numbered_rgb/scene_rotate_v04.png
v1__scene_rotate_v04__L2__C6_D8__r02_s28102,scene_rotate_v04,ROTATE,C6,D8,M Qualitative D8,28102,47,95,95,True,True,True,True,images/numbered_rgb/scene_rotate_v04.png
v1__scene_rotate_v04__L2__C6_D8__r03_s28103,scene_rotate_v04,ROTATE,C6,D8,M Qualitative D8,28103,47,95,95,True,True,True,True,images/numbered_rgb/scene_rotate_v04.png
v1__scene_rotate_v04__L2__C6_D8__r04_s28104,scene_rotate_v04,ROTATE,C6,D8,M Qualitative D8,28104,47,95,25,True,True,True,False,images/numbered_rgb/scene_rotate_v04.png
v1__scene_rotate_v04__L2__C6_D8__r05_s28105,scene_rotate_v04,ROTATE,C6,D8,M Qualitative D8,28105,47,95,25,True,True,True,False,images/numbered_rgb/scene_rotate_v04.png
v1__scene_rotate_v05__L2__C0_NA__r01_s28101,scene_rotate_v05,ROTATE,C0,,Numbered RGB only,28101,44,82,97,True,True,True,False,images/numbered_rgb/scene_rotate_v05.png
v1__scene_rotate_v05__L2__C0_NA__r02_s28102,scene_rotate_v05,ROTATE,C0,,Numbered RGB only,28102,44,82,11,True,True,True,False,images/numbered_rgb/scene_rotate_v05.png
v1__scene_rotate_v05__L2__C0_NA__r03_s28103,scene_rotate_v05,ROTATE,C0,,Numbered RGB only,28103,44,82,11,True,True,True,False,images/numbered_rgb/scene_rotate_v05.png
v1__scene_rotate_v05__L2__C0_NA__r04_s28104,scene_rotate_v05,ROTATE,C0,,Numbered RGB only,28104,44,82,11,True,True,True,False,images/numbered_rgb/scene_rotate_v05.png
v1__scene_rotate_v05__L2__C0_NA__r05_s28105,scene_rotate_v05,ROTATE,C0,,Numbered RGB only,28105,44,82,11,True,True,True,False,images/numbered_rgb/scene_rotate_v05.png
v1__scene_rotate_v05__L2__C1_NA__r01_s28101,scene_rotate_v05,ROTATE,C1,,R Numeric,28101,44,82,11,True,True,True,False,images/numbered_rgb/scene_rotate_v05.png
v1__scene_rotate_v05__L2__C1_NA__r02_s28102,scene_rotate_v05,ROTATE,C1,,R Numeric,28102,44,82,11,True,True,True,False,images/numbered_rgb/scene_rotate_v05.png
v1__scene_rotate_v05__L2__C1_NA__r03_s28103,scene_rotate_v05,ROTATE,C1,,R Numeric,28103,44,82,11,True,True,True,False,images/numbered_rgb/scene_rotate_v05.png
v1__scene_rotate_v05__L2__C1_NA__r04_s28104,scene_rotate_v05,ROTATE,C1,,R Numeric,28104,44,82,11,True,True,True,False,images/numbered_rgb/scene_rotate_v05.png
v1__scene_rotate_v05__L2__C1_NA__r05_s28105,scene_rotate_v05,ROTATE,C1,,R Numeric,28105,44,82,11,True,True,True,False,images/numbered_rgb/scene_rotate_v05.png
v1__scene_rotate_v05__L2__C2_D4__r01_s28101,scene_rotate_v05,ROTATE,C2,D4,R Qualitative D4,28101,44,82,11,True,True,True,False,images/numbered_rgb/scene_rotate_v05.png
v1__scene_rotate_v05__L2__C2_D4__r02_s28102,scene_rotate_v05,ROTATE,C2,D4,R Qualitative D4,28102,44,82,11,True,True,True,False,images/numbered_rgb/scene_rotate_v05.png
v1__scene_rotate_v05__L2__C2_D4__r03_s28103,scene_rotate_v05,ROTATE,C2,D4,R Qualitative D4,28103,44,82,11,True,True,True,False,images/numbered_rgb/scene_rotate_v05.png
v1__scene_rotate_v05__L2__C2_D4__r04_s28104,scene_rotate_v05,ROTATE,C2,D4,R Qualitative D4,28104,44,82,11,True,True,True,False,images/numbered_rgb/scene_rotate_v05.png
v1__scene_rotate_v05__L2__C2_D4__r05_s28105,scene_rotate_v05,ROTATE,C2,D4,R Qualitative D4,28105,44,82,11,True,True,True,False,images/numbered_rgb/scene_rotate_v05.png
v1__scene_rotate_v05__L2__C2_D8__r01_s28101,scene_rotate_v05,ROTATE,C2,D8,R Qualitative D8,28101,44,82,11,True,True,True,False,images/numbered_rgb/scene_rotate_v05.png
v1__scene_rotate_v05__L2__C2_D8__r02_s28102,scene_rotate_v05,ROTATE,C2,D8,R Qualitative D8,28102,44,82,11,True,True,True,False,images/numbered_rgb/scene_rotate_v05.png
v1__scene_rotate_v05__L2__C2_D8__r03_s28103,scene_rotate_v05,ROTATE,C2,D8,R Qualitative D8,28103,44,82,11,True,True,True,False,images/numbered_rgb/scene_rotate_v05.png
v1__scene_rotate_v05__L2__C2_D8__r04_s28104,scene_rotate_v05,ROTATE,C2,D8,R Qualitative D8,28104,44,82,11,True,True,True,False,images/numbered_rgb/scene_rotate_v05.png
v1__scene_rotate_v05__L2__C2_D8__r05_s28105,scene_rotate_v05,ROTATE,C2,D8,R Qualitative D8,28105,44,82,11,True,True,True,False,images/numbered_rgb/scene_rotate_v05.png
v1__scene_rotate_v05__L2__C3_D4__r01_s28101,scene_rotate_v05,ROTATE,C3,D4,F Numeric D4,28101,44,82,82,True,True,True,True,images/numbered_rgb/scene_rotate_v05.png
v1__scene_rotate_v05__L2__C3_D4__r02_s28102,scene_rotate_v05,ROTATE,C3,D4,F Numeric D4,28102,44,82,11,True,True,True,False,images/numbered_rgb/scene_rotate_v05.png
v1__scene_rotate_v05__L2__C3_D4__r03_s28103,scene_rotate_v05,ROTATE,C3,D4,F Numeric D4,28103,44,82,11,True,True,True,False,images/numbered_rgb/scene_rotate_v05.png
v1__scene_rotate_v05__L2__C3_D4__r04_s28104,scene_rotate_v05,ROTATE,C3,D4,F Numeric D4,28104,44,82,11,True,True,True,False,images/numbered_rgb/scene_rotate_v05.png
v1__scene_rotate_v05__L2__C3_D4__r05_s28105,scene_rotate_v05,ROTATE,C3,D4,F Numeric D4,28105,44,82,82,True,True,True,True,images/numbered_rgb/scene_rotate_v05.png
v1__scene_rotate_v05__L2__C3_D8__r01_s28101,scene_rotate_v05,ROTATE,C3,D8,F Numeric D8,28101,44,82,82,True,True,True,True,images/numbered_rgb/scene_rotate_v05.png
v1__scene_rotate_v05__L2__C3_D8__r02_s28102,scene_rotate_v05,ROTATE,C3,D8,F Numeric D8,28102,44,82,11,True,True,True,False,images/numbered_rgb/scene_rotate_v05.png
v1__scene_rotate_v05__L2__C3_D8__r03_s28103,scene_rotate_v05,ROTATE,C3,D8,F Numeric D8,28103,44,82,11,True,True,True,False,images/numbered_rgb/scene_rotate_v05.png
v1__scene_rotate_v05__L2__C3_D8__r04_s28104,scene_rotate_v05,ROTATE,C3,D8,F Numeric D8,28104,44,82,11,True,True,True,False,images/numbered_rgb/scene_rotate_v05.png
v1__scene_rotate_v05__L2__C3_D8__r05_s28105,scene_rotate_v05,ROTATE,C3,D8,F Numeric D8,28105,44,82,82,True,True,True,True,images/numbered_rgb/scene_rotate_v05.png
v1__scene_rotate_v05__L2__C4_D4__r01_s28101,scene_rotate_v05,ROTATE,C4,D4,F Qualitative D4,28101,44,82,11,True,True,True,False,images/numbered_rgb/scene_rotate_v05.png
v1__scene_rotate_v05__L2__C4_D4__r02_s28102,scene_rotate_v05,ROTATE,C4,D4,F Qualitative D4,28102,44,82,11,True,True,True,False,images/numbered_rgb/scene_rotate_v05.png
v1__scene_rotate_v05__L2__C4_D4__r03_s28103,scene_rotate_v05,ROTATE,C4,D4,F Qualitative D4,28103,44,82,11,True,True,True,False,images/numbered_rgb/scene_rotate_v05.png
v1__scene_rotate_v05__L2__C4_D4__r04_s28104,scene_rotate_v05,ROTATE,C4,D4,F Qualitative D4,28104,44,82,11,True,True,True,False,images/numbered_rgb/scene_rotate_v05.png
v1__scene_rotate_v05__L2__C4_D4__r05_s28105,scene_rotate_v05,ROTATE,C4,D4,F Qualitative D4,28105,44,82,11,True,True,True,False,images/numbered_rgb/scene_rotate_v05.png
v1__scene_rotate_v05__L2__C4_D8__r01_s28101,scene_rotate_v05,ROTATE,C4,D8,F Qualitative D8,28101,44,82,11,True,True,True,False,images/numbered_rgb/scene_rotate_v05.png
v1__scene_rotate_v05__L2__C4_D8__r02_s28102,scene_rotate_v05,ROTATE,C4,D8,F Qualitative D8,28102,44,82,11,True,True,True,False,images/numbered_rgb/scene_rotate_v05.png
v1__scene_rotate_v05__L2__C4_D8__r03_s28103,scene_rotate_v05,ROTATE,C4,D8,F Qualitative D8,28103,44,82,11,True,True,True,False,images/numbered_rgb/scene_rotate_v05.png
v1__scene_rotate_v05__L2__C4_D8__r04_s28104,scene_rotate_v05,ROTATE,C4,D8,F Qualitative D8,28104,44,82,11,True,True,True,False,images/numbered_rgb/scene_rotate_v05.png
v1__scene_rotate_v05__L2__C4_D8__r05_s28105,scene_rotate_v05,ROTATE,C4,D8,F Qualitative D8,28105,44,82,11,True,True,True,False,images/numbered_rgb/scene_rotate_v05.png
v1__scene_rotate_v05__L2__C5_D4__r01_s28101,scene_rotate_v05,ROTATE,C5,D4,M Numeric D4,28101,44,82,82,True,True,True,True,images/numbered_rgb/scene_rotate_v05.png
v1__scene_rotate_v05__L2__C5_D4__r02_s28102,scene_rotate_v05,ROTATE,C5,D4,M Numeric D4,28102,44,82,11,True,True,True,False,images/numbered_rgb/scene_rotate_v05.png
v1__scene_rotate_v05__L2__C5_D4__r03_s28103,scene_rotate_v05,ROTATE,C5,D4,M Numeric D4,28103,44,82,11,True,True,True,False,images/numbered_rgb/scene_rotate_v05.png
v1__scene_rotate_v05__L2__C5_D4__r04_s28104,scene_rotate_v05,ROTATE,C5,D4,M Numeric D4,28104,44,82,82,True,True,True,True,images/numbered_rgb/scene_rotate_v05.png
v1__scene_rotate_v05__L2__C5_D4__r05_s28105,scene_rotate_v05,ROTATE,C5,D4,M Numeric D4,28105,44,82,82,True,True,True,True,images/numbered_rgb/scene_rotate_v05.png
v1__scene_rotate_v05__L2__C5_D8__r01_s28101,scene_rotate_v05,ROTATE,C5,D8,M Numeric D8,28101,44,82,82,True,True,True,True,images/numbered_rgb/scene_rotate_v05.png
v1__scene_rotate_v05__L2__C5_D8__r02_s28102,scene_rotate_v05,ROTATE,C5,D8,M Numeric D8,28102,44,82,82,True,True,True,True,images/numbered_rgb/scene_rotate_v05.png
v1__scene_rotate_v05__L2__C5_D8__r03_s28103,scene_rotate_v05,ROTATE,C5,D8,M Numeric D8,28103,44,82,82,True,True,True,True,images/numbered_rgb/scene_rotate_v05.png
v1__scene_rotate_v05__L2__C5_D8__r04_s28104,scene_rotate_v05,ROTATE,C5,D8,M Numeric D8,28104,44,82,82,True,True,True,True,images/numbered_rgb/scene_rotate_v05.png
v1__scene_rotate_v05__L2__C5_D8__r05_s28105,scene_rotate_v05,ROTATE,C5,D8,M Numeric D8,28105,44,82,82,True,True,True,True,images/numbered_rgb/scene_rotate_v05.png
v1__scene_rotate_v05__L2__C6_D4__r01_s28101,scene_rotate_v05,ROTATE,C6,D4,M Qualitative D4,28101,44,82,82,True,True,True,True,images/numbered_rgb/scene_rotate_v05.png
v1__scene_rotate_v05__L2__C6_D4__r02_s28102,scene_rotate_v05,ROTATE,C6,D4,M Qualitative D4,28102,44,82,11,True,True,True,False,images/numbered_rgb/scene_rotate_v05.png
v1__scene_rotate_v05__L2__C6_D4__r03_s28103,scene_rotate_v05,ROTATE,C6,D4,M Qualitative D4,28103,44,82,11,True,True,True,False,images/numbered_rgb/scene_rotate_v05.png
v1__scene_rotate_v05__L2__C6_D4__r04_s28104,scene_rotate_v05,ROTATE,C6,D4,M Qualitative D4,28104,44,82,11,True,True,True,False,images/numbered_rgb/scene_rotate_v05.png
v1__scene_rotate_v05__L2__C6_D4__r05_s28105,scene_rotate_v05,ROTATE,C6,D4,M Qualitative D4,28105,44,82,11,True,True,True,False,images/numbered_rgb/scene_rotate_v05.png
v1__scene_rotate_v05__L2__C6_D8__r01_s28101,scene_rotate_v05,ROTATE,C6,D8,M Qualitative D8,28101,44,82,11,True,True,True,False,images/numbered_rgb/scene_rotate_v05.png
v1__scene_rotate_v05__L2__C6_D8__r02_s28102,scene_rotate_v05,ROTATE,C6,D8,M Qualitative D8,28102,44,82,11,True,True,True,False,images/numbered_rgb/scene_rotate_v05.png
v1__scene_rotate_v05__L2__C6_D8__r03_s28103,scene_rotate_v05,ROTATE,C6,D8,M Qualitative D8,28103,44,82,11,True,True,True,False,images/numbered_rgb/scene_rotate_v05.png
v1__scene_rotate_v05__L2__C6_D8__r04_s28104,scene_rotate_v05,ROTATE,C6,D8,M Qualitative D8,28104,44,82,11,True,True,True,False,images/numbered_rgb/scene_rotate_v05.png
v1__scene_rotate_v05__L2__C6_D8__r05_s28105,scene_rotate_v05,ROTATE,C6,D8,M Qualitative D8,28105,44,82,11,True,True,True,False,images/numbered_rgb/scene_rotate_v05.png
v1__scene_translate_v01__L2__C0_NA__r01_s28101,scene_translate_v01,TRANSLATE,C0,,Numbered RGB only,28101,67,35,35,True,True,True,True,images/numbered_rgb/scene_translate_v01.png
v1__scene_translate_v01__L2__C0_NA__r02_s28102,scene_translate_v01,TRANSLATE,C0,,Numbered RGB only,28102,67,35,35,True,True,True,True,images/numbered_rgb/scene_translate_v01.png
v1__scene_translate_v01__L2__C0_NA__r03_s28103,scene_translate_v01,TRANSLATE,C0,,Numbered RGB only,28103,67,35,35,True,True,True,True,images/numbered_rgb/scene_translate_v01.png
v1__scene_translate_v01__L2__C0_NA__r04_s28104,scene_translate_v01,TRANSLATE,C0,,Numbered RGB only,28104,67,35,35,True,True,True,True,images/numbered_rgb/scene_translate_v01.png
v1__scene_translate_v01__L2__C0_NA__r05_s28105,scene_translate_v01,TRANSLATE,C0,,Numbered RGB only,28105,67,35,35,True,True,True,True,images/numbered_rgb/scene_translate_v01.png
v1__scene_translate_v01__L2__C1_NA__r01_s28101,scene_translate_v01,TRANSLATE,C1,,R Numeric,28101,67,35,35,True,True,True,True,images/numbered_rgb/scene_translate_v01.png
v1__scene_translate_v01__L2__C1_NA__r02_s28102,scene_translate_v01,TRANSLATE,C1,,R Numeric,28102,67,35,35,True,True,True,True,images/numbered_rgb/scene_translate_v01.png
v1__scene_translate_v01__L2__C1_NA__r03_s28103,scene_translate_v01,TRANSLATE,C1,,R Numeric,28103,67,35,35,True,True,True,True,images/numbered_rgb/scene_translate_v01.png
v1__scene_translate_v01__L2__C1_NA__r04_s28104,scene_translate_v01,TRANSLATE,C1,,R Numeric,28104,67,35,35,True,True,True,True,images/numbered_rgb/scene_translate_v01.png
v1__scene_translate_v01__L2__C1_NA__r05_s28105,scene_translate_v01,TRANSLATE,C1,,R Numeric,28105,67,35,35,True,True,True,True,images/numbered_rgb/scene_translate_v01.png
v1__scene_translate_v01__L2__C2_D4__r01_s28101,scene_translate_v01,TRANSLATE,C2,D4,R Qualitative D4,28101,67,35,35,True,True,True,True,images/numbered_rgb/scene_translate_v01.png
v1__scene_translate_v01__L2__C2_D4__r02_s28102,scene_translate_v01,TRANSLATE,C2,D4,R Qualitative D4,28102,67,35,35,True,True,True,True,images/numbered_rgb/scene_translate_v01.png
v1__scene_translate_v01__L2__C2_D4__r03_s28103,scene_translate_v01,TRANSLATE,C2,D4,R Qualitative D4,28103,67,35,35,True,True,True,True,images/numbered_rgb/scene_translate_v01.png
v1__scene_translate_v01__L2__C2_D4__r04_s28104,scene_translate_v01,TRANSLATE,C2,D4,R Qualitative D4,28104,67,35,35,True,True,True,True,images/numbered_rgb/scene_translate_v01.png
v1__scene_translate_v01__L2__C2_D4__r05_s28105,scene_translate_v01,TRANSLATE,C2,D4,R Qualitative D4,28105,67,35,35,True,True,True,True,images/numbered_rgb/scene_translate_v01.png
v1__scene_translate_v01__L2__C2_D8__r01_s28101,scene_translate_v01,TRANSLATE,C2,D8,R Qualitative D8,28101,67,35,35,True,True,True,True,images/numbered_rgb/scene_translate_v01.png
v1__scene_translate_v01__L2__C2_D8__r02_s28102,scene_translate_v01,TRANSLATE,C2,D8,R Qualitative D8,28102,67,35,35,True,True,True,True,images/numbered_rgb/scene_translate_v01.png
v1__scene_translate_v01__L2__C2_D8__r03_s28103,scene_translate_v01,TRANSLATE,C2,D8,R Qualitative D8,28103,67,35,35,True,True,True,True,images/numbered_rgb/scene_translate_v01.png
v1__scene_translate_v01__L2__C2_D8__r04_s28104,scene_translate_v01,TRANSLATE,C2,D8,R Qualitative D8,28104,67,35,35,True,True,True,True,images/numbered_rgb/scene_translate_v01.png
v1__scene_translate_v01__L2__C2_D8__r05_s28105,scene_translate_v01,TRANSLATE,C2,D8,R Qualitative D8,28105,67,35,35,True,True,True,True,images/numbered_rgb/scene_translate_v01.png
v1__scene_translate_v01__L2__C3_D4__r01_s28101,scene_translate_v01,TRANSLATE,C3,D4,F Numeric D4,28101,67,35,35,True,True,True,True,images/numbered_rgb/scene_translate_v01.png
v1__scene_translate_v01__L2__C3_D4__r02_s28102,scene_translate_v01,TRANSLATE,C3,D4,F Numeric D4,28102,67,35,35,True,True,True,True,images/numbered_rgb/scene_translate_v01.png
v1__scene_translate_v01__L2__C3_D4__r03_s28103,scene_translate_v01,TRANSLATE,C3,D4,F Numeric D4,28103,67,35,35,True,True,True,True,images/numbered_rgb/scene_translate_v01.png
v1__scene_translate_v01__L2__C3_D4__r04_s28104,scene_translate_v01,TRANSLATE,C3,D4,F Numeric D4,28104,67,35,35,True,True,True,True,images/numbered_rgb/scene_translate_v01.png
v1__scene_translate_v01__L2__C3_D4__r05_s28105,scene_translate_v01,TRANSLATE,C3,D4,F Numeric D4,28105,67,35,35,True,True,True,True,images/numbered_rgb/scene_translate_v01.png
v1__scene_translate_v01__L2__C3_D8__r01_s28101,scene_translate_v01,TRANSLATE,C3,D8,F Numeric D8,28101,67,35,35,True,True,True,True,images/numbered_rgb/scene_translate_v01.png
v1__scene_translate_v01__L2__C3_D8__r02_s28102,scene_translate_v01,TRANSLATE,C3,D8,F Numeric D8,28102,67,35,35,True,True,True,True,images/numbered_rgb/scene_translate_v01.png
v1__scene_translate_v01__L2__C3_D8__r03_s28103,scene_translate_v01,TRANSLATE,C3,D8,F Numeric D8,28103,67,35,35,True,True,True,True,images/numbered_rgb/scene_translate_v01.png
v1__scene_translate_v01__L2__C3_D8__r04_s28104,scene_translate_v01,TRANSLATE,C3,D8,F Numeric D8,28104,67,35,35,True,True,True,True,images/numbered_rgb/scene_translate_v01.png
v1__scene_translate_v01__L2__C3_D8__r05_s28105,scene_translate_v01,TRANSLATE,C3,D8,F Numeric D8,28105,67,35,35,True,True,True,True,images/numbered_rgb/scene_translate_v01.png
v1__scene_translate_v01__L2__C4_D4__r01_s28101,scene_translate_v01,TRANSLATE,C4,D4,F Qualitative D4,28101,67,35,35,True,True,True,True,images/numbered_rgb/scene_translate_v01.png
v1__scene_translate_v01__L2__C4_D4__r02_s28102,scene_translate_v01,TRANSLATE,C4,D4,F Qualitative D4,28102,67,35,35,True,True,True,True,images/numbered_rgb/scene_translate_v01.png
v1__scene_translate_v01__L2__C4_D4__r03_s28103,scene_translate_v01,TRANSLATE,C4,D4,F Qualitative D4,28103,67,35,35,True,True,True,True,images/numbered_rgb/scene_translate_v01.png
v1__scene_translate_v01__L2__C4_D4__r04_s28104,scene_translate_v01,TRANSLATE,C4,D4,F Qualitative D4,28104,67,35,35,True,True,True,True,images/numbered_rgb/scene_translate_v01.png
v1__scene_translate_v01__L2__C4_D4__r05_s28105,scene_translate_v01,TRANSLATE,C4,D4,F Qualitative D4,28105,67,35,35,True,True,True,True,images/numbered_rgb/scene_translate_v01.png
v1__scene_translate_v01__L2__C4_D8__r01_s28101,scene_translate_v01,TRANSLATE,C4,D8,F Qualitative D8,28101,67,35,35,True,True,True,True,images/numbered_rgb/scene_translate_v01.png
v1__scene_translate_v01__L2__C4_D8__r02_s28102,scene_translate_v01,TRANSLATE,C4,D8,F Qualitative D8,28102,67,35,35,True,True,True,True,images/numbered_rgb/scene_translate_v01.png
v1__scene_translate_v01__L2__C4_D8__r03_s28103,scene_translate_v01,TRANSLATE,C4,D8,F Qualitative D8,28103,67,35,35,True,True,True,True,images/numbered_rgb/scene_translate_v01.png
v1__scene_translate_v01__L2__C4_D8__r04_s28104,scene_translate_v01,TRANSLATE,C4,D8,F Qualitative D8,28104,67,35,35,True,True,True,True,images/numbered_rgb/scene_translate_v01.png
v1__scene_translate_v01__L2__C4_D8__r05_s28105,scene_translate_v01,TRANSLATE,C4,D8,F Qualitative D8,28105,67,35,35,True,True,True,True,images/numbered_rgb/scene_translate_v01.png
v1__scene_translate_v01__L2__C5_D4__r01_s28101,scene_translate_v01,TRANSLATE,C5,D4,M Numeric D4,28101,67,35,35,True,True,True,True,images/numbered_rgb/scene_translate_v01.png
v1__scene_translate_v01__L2__C5_D4__r02_s28102,scene_translate_v01,TRANSLATE,C5,D4,M Numeric D4,28102,67,35,35,True,True,True,True,images/numbered_rgb/scene_translate_v01.png
v1__scene_translate_v01__L2__C5_D4__r03_s28103,scene_translate_v01,TRANSLATE,C5,D4,M Numeric D4,28103,67,35,35,True,True,True,True,images/numbered_rgb/scene_translate_v01.png
v1__scene_translate_v01__L2__C5_D4__r04_s28104,scene_translate_v01,TRANSLATE,C5,D4,M Numeric D4,28104,67,35,35,True,True,True,True,images/numbered_rgb/scene_translate_v01.png
v1__scene_translate_v01__L2__C5_D4__r05_s28105,scene_translate_v01,TRANSLATE,C5,D4,M Numeric D4,28105,67,35,35,True,True,True,True,images/numbered_rgb/scene_translate_v01.png
v1__scene_translate_v01__L2__C5_D8__r01_s28101,scene_translate_v01,TRANSLATE,C5,D8,M Numeric D8,28101,67,35,35,True,True,True,True,images/numbered_rgb/scene_translate_v01.png
v1__scene_translate_v01__L2__C5_D8__r02_s28102,scene_translate_v01,TRANSLATE,C5,D8,M Numeric D8,28102,67,35,35,True,True,True,True,images/numbered_rgb/scene_translate_v01.png
v1__scene_translate_v01__L2__C5_D8__r03_s28103,scene_translate_v01,TRANSLATE,C5,D8,M Numeric D8,28103,67,35,35,True,True,True,True,images/numbered_rgb/scene_translate_v01.png
v1__scene_translate_v01__L2__C5_D8__r04_s28104,scene_translate_v01,TRANSLATE,C5,D8,M Numeric D8,28104,67,35,35,True,True,True,True,images/numbered_rgb/scene_translate_v01.png
v1__scene_translate_v01__L2__C5_D8__r05_s28105,scene_translate_v01,TRANSLATE,C5,D8,M Numeric D8,28105,67,35,35,True,True,True,True,images/numbered_rgb/scene_translate_v01.png
v1__scene_translate_v01__L2__C6_D4__r01_s28101,scene_translate_v01,TRANSLATE,C6,D4,M Qualitative D4,28101,67,35,35,True,True,True,True,images/numbered_rgb/scene_translate_v01.png
v1__scene_translate_v01__L2__C6_D4__r02_s28102,scene_translate_v01,TRANSLATE,C6,D4,M Qualitative D4,28102,67,35,35,True,True,True,True,images/numbered_rgb/scene_translate_v01.png
v1__scene_translate_v01__L2__C6_D4__r03_s28103,scene_translate_v01,TRANSLATE,C6,D4,M Qualitative D4,28103,67,35,35,True,True,True,True,images/numbered_rgb/scene_translate_v01.png
v1__scene_translate_v01__L2__C6_D4__r04_s28104,scene_translate_v01,TRANSLATE,C6,D4,M Qualitative D4,28104,67,35,35,True,True,True,True,images/numbered_rgb/scene_translate_v01.png
v1__scene_translate_v01__L2__C6_D4__r05_s28105,scene_translate_v01,TRANSLATE,C6,D4,M Qualitative D4,28105,67,35,35,True,True,True,True,images/numbered_rgb/scene_translate_v01.png
v1__scene_translate_v01__L2__C6_D8__r01_s28101,scene_translate_v01,TRANSLATE,C6,D8,M Qualitative D8,28101,67,35,35,True,True,True,True,images/numbered_rgb/scene_translate_v01.png
v1__scene_translate_v01__L2__C6_D8__r02_s28102,scene_translate_v01,TRANSLATE,C6,D8,M Qualitative D8,28102,67,35,35,True,True,True,True,images/numbered_rgb/scene_translate_v01.png
v1__scene_translate_v01__L2__C6_D8__r03_s28103,scene_translate_v01,TRANSLATE,C6,D8,M Qualitative D8,28103,67,35,35,True,True,True,True,images/numbered_rgb/scene_translate_v01.png
v1__scene_translate_v01__L2__C6_D8__r04_s28104,scene_translate_v01,TRANSLATE,C6,D8,M Qualitative D8,28104,67,35,35,True,True,True,True,images/numbered_rgb/scene_translate_v01.png
v1__scene_translate_v01__L2__C6_D8__r05_s28105,scene_translate_v01,TRANSLATE,C6,D8,M Qualitative D8,28105,67,35,35,True,True,True,True,images/numbered_rgb/scene_translate_v01.png
v1__scene_translate_v02__L2__C0_NA__r01_s28101,scene_translate_v02,TRANSLATE,C0,,Numbered RGB only,28101,45,95,95,True,True,True,True,images/numbered_rgb/scene_translate_v02.png
v1__scene_translate_v02__L2__C0_NA__r02_s28102,scene_translate_v02,TRANSLATE,C0,,Numbered RGB only,28102,45,95,95,True,True,True,True,images/numbered_rgb/scene_translate_v02.png
v1__scene_translate_v02__L2__C0_NA__r03_s28103,scene_translate_v02,TRANSLATE,C0,,Numbered RGB only,28103,45,95,95,True,True,True,True,images/numbered_rgb/scene_translate_v02.png
v1__scene_translate_v02__L2__C0_NA__r04_s28104,scene_translate_v02,TRANSLATE,C0,,Numbered RGB only,28104,45,95,95,True,True,True,True,images/numbered_rgb/scene_translate_v02.png
v1__scene_translate_v02__L2__C0_NA__r05_s28105,scene_translate_v02,TRANSLATE,C0,,Numbered RGB only,28105,45,95,95,True,True,True,True,images/numbered_rgb/scene_translate_v02.png
v1__scene_translate_v02__L2__C1_NA__r01_s28101,scene_translate_v02,TRANSLATE,C1,,R Numeric,28101,45,95,95,True,True,True,True,images/numbered_rgb/scene_translate_v02.png
v1__scene_translate_v02__L2__C1_NA__r02_s28102,scene_translate_v02,TRANSLATE,C1,,R Numeric,28102,45,95,95,True,True,True,True,images/numbered_rgb/scene_translate_v02.png
v1__scene_translate_v02__L2__C1_NA__r03_s28103,scene_translate_v02,TRANSLATE,C1,,R Numeric,28103,45,95,95,True,True,True,True,images/numbered_rgb/scene_translate_v02.png
v1__scene_translate_v02__L2__C1_NA__r04_s28104,scene_translate_v02,TRANSLATE,C1,,R Numeric,28104,45,95,95,True,True,True,True,images/numbered_rgb/scene_translate_v02.png
v1__scene_translate_v02__L2__C1_NA__r05_s28105,scene_translate_v02,TRANSLATE,C1,,R Numeric,28105,45,95,95,True,True,True,True,images/numbered_rgb/scene_translate_v02.png
v1__scene_translate_v02__L2__C2_D4__r01_s28101,scene_translate_v02,TRANSLATE,C2,D4,R Qualitative D4,28101,45,95,95,True,True,True,True,images/numbered_rgb/scene_translate_v02.png
v1__scene_translate_v02__L2__C2_D4__r02_s28102,scene_translate_v02,TRANSLATE,C2,D4,R Qualitative D4,28102,45,95,95,True,True,True,True,images/numbered_rgb/scene_translate_v02.png
v1__scene_translate_v02__L2__C2_D4__r03_s28103,scene_translate_v02,TRANSLATE,C2,D4,R Qualitative D4,28103,45,95,95,True,True,True,True,images/numbered_rgb/scene_translate_v02.png
v1__scene_translate_v02__L2__C2_D4__r04_s28104,scene_translate_v02,TRANSLATE,C2,D4,R Qualitative D4,28104,45,95,95,True,True,True,True,images/numbered_rgb/scene_translate_v02.png
v1__scene_translate_v02__L2__C2_D4__r05_s28105,scene_translate_v02,TRANSLATE,C2,D4,R Qualitative D4,28105,45,95,95,True,True,True,True,images/numbered_rgb/scene_translate_v02.png
v1__scene_translate_v02__L2__C2_D8__r01_s28101,scene_translate_v02,TRANSLATE,C2,D8,R Qualitative D8,28101,45,95,95,True,True,True,True,images/numbered_rgb/scene_translate_v02.png
v1__scene_translate_v02__L2__C2_D8__r02_s28102,scene_translate_v02,TRANSLATE,C2,D8,R Qualitative D8,28102,45,95,95,True,True,True,True,images/numbered_rgb/scene_translate_v02.png
v1__scene_translate_v02__L2__C2_D8__r03_s28103,scene_translate_v02,TRANSLATE,C2,D8,R Qualitative D8,28103,45,95,95,True,True,True,True,images/numbered_rgb/scene_translate_v02.png
v1__scene_translate_v02__L2__C2_D8__r04_s28104,scene_translate_v02,TRANSLATE,C2,D8,R Qualitative D8,28104,45,95,95,True,True,True,True,images/numbered_rgb/scene_translate_v02.png
v1__scene_translate_v02__L2__C2_D8__r05_s28105,scene_translate_v02,TRANSLATE,C2,D8,R Qualitative D8,28105,45,95,95,True,True,True,True,images/numbered_rgb/scene_translate_v02.png
v1__scene_translate_v02__L2__C3_D4__r01_s28101,scene_translate_v02,TRANSLATE,C3,D4,F Numeric D4,28101,45,95,95,True,True,True,True,images/numbered_rgb/scene_translate_v02.png
v1__scene_translate_v02__L2__C3_D4__r02_s28102,scene_translate_v02,TRANSLATE,C3,D4,F Numeric D4,28102,45,95,95,True,True,True,True,images/numbered_rgb/scene_translate_v02.png
v1__scene_translate_v02__L2__C3_D4__r03_s28103,scene_translate_v02,TRANSLATE,C3,D4,F Numeric D4,28103,45,95,95,True,True,True,True,images/numbered_rgb/scene_translate_v02.png
v1__scene_translate_v02__L2__C3_D4__r04_s28104,scene_translate_v02,TRANSLATE,C3,D4,F Numeric D4,28104,45,95,95,True,True,True,True,images/numbered_rgb/scene_translate_v02.png
v1__scene_translate_v02__L2__C3_D4__r05_s28105,scene_translate_v02,TRANSLATE,C3,D4,F Numeric D4,28105,45,95,95,True,True,True,True,images/numbered_rgb/scene_translate_v02.png
v1__scene_translate_v02__L2__C3_D8__r01_s28101,scene_translate_v02,TRANSLATE,C3,D8,F Numeric D8,28101,45,95,95,True,True,True,True,images/numbered_rgb/scene_translate_v02.png
v1__scene_translate_v02__L2__C3_D8__r02_s28102,scene_translate_v02,TRANSLATE,C3,D8,F Numeric D8,28102,45,95,95,True,True,True,True,images/numbered_rgb/scene_translate_v02.png
v1__scene_translate_v02__L2__C3_D8__r03_s28103,scene_translate_v02,TRANSLATE,C3,D8,F Numeric D8,28103,45,95,95,True,True,True,True,images/numbered_rgb/scene_translate_v02.png
v1__scene_translate_v02__L2__C3_D8__r04_s28104,scene_translate_v02,TRANSLATE,C3,D8,F Numeric D8,28104,45,95,95,True,True,True,True,images/numbered_rgb/scene_translate_v02.png
v1__scene_translate_v02__L2__C3_D8__r05_s28105,scene_translate_v02,TRANSLATE,C3,D8,F Numeric D8,28105,45,95,95,True,True,True,True,images/numbered_rgb/scene_translate_v02.png
v1__scene_translate_v02__L2__C4_D4__r01_s28101,scene_translate_v02,TRANSLATE,C4,D4,F Qualitative D4,28101,45,95,95,True,True,True,True,images/numbered_rgb/scene_translate_v02.png
v1__scene_translate_v02__L2__C4_D4__r02_s28102,scene_translate_v02,TRANSLATE,C4,D4,F Qualitative D4,28102,45,95,95,True,True,True,True,images/numbered_rgb/scene_translate_v02.png
v1__scene_translate_v02__L2__C4_D4__r03_s28103,scene_translate_v02,TRANSLATE,C4,D4,F Qualitative D4,28103,45,95,95,True,True,True,True,images/numbered_rgb/scene_translate_v02.png
v1__scene_translate_v02__L2__C4_D4__r04_s28104,scene_translate_v02,TRANSLATE,C4,D4,F Qualitative D4,28104,45,95,95,True,True,True,True,images/numbered_rgb/scene_translate_v02.png
v1__scene_translate_v02__L2__C4_D4__r05_s28105,scene_translate_v02,TRANSLATE,C4,D4,F Qualitative D4,28105,45,95,95,True,True,True,True,images/numbered_rgb/scene_translate_v02.png
v1__scene_translate_v02__L2__C4_D8__r01_s28101,scene_translate_v02,TRANSLATE,C4,D8,F Qualitative D8,28101,45,95,95,True,True,True,True,images/numbered_rgb/scene_translate_v02.png
v1__scene_translate_v02__L2__C4_D8__r02_s28102,scene_translate_v02,TRANSLATE,C4,D8,F Qualitative D8,28102,45,95,95,True,True,True,True,images/numbered_rgb/scene_translate_v02.png
v1__scene_translate_v02__L2__C4_D8__r03_s28103,scene_translate_v02,TRANSLATE,C4,D8,F Qualitative D8,28103,45,95,95,True,True,True,True,images/numbered_rgb/scene_translate_v02.png
v1__scene_translate_v02__L2__C4_D8__r04_s28104,scene_translate_v02,TRANSLATE,C4,D8,F Qualitative D8,28104,45,95,95,True,True,True,True,images/numbered_rgb/scene_translate_v02.png
v1__scene_translate_v02__L2__C4_D8__r05_s28105,scene_translate_v02,TRANSLATE,C4,D8,F Qualitative D8,28105,45,95,95,True,True,True,True,images/numbered_rgb/scene_translate_v02.png
v1__scene_translate_v02__L2__C5_D4__r01_s28101,scene_translate_v02,TRANSLATE,C5,D4,M Numeric D4,28101,45,95,95,True,True,True,True,images/numbered_rgb/scene_translate_v02.png
v1__scene_translate_v02__L2__C5_D4__r02_s28102,scene_translate_v02,TRANSLATE,C5,D4,M Numeric D4,28102,45,95,95,True,True,True,True,images/numbered_rgb/scene_translate_v02.png
v1__scene_translate_v02__L2__C5_D4__r03_s28103,scene_translate_v02,TRANSLATE,C5,D4,M Numeric D4,28103,45,95,95,True,True,True,True,images/numbered_rgb/scene_translate_v02.png
v1__scene_translate_v02__L2__C5_D4__r04_s28104,scene_translate_v02,TRANSLATE,C5,D4,M Numeric D4,28104,45,95,95,True,True,True,True,images/numbered_rgb/scene_translate_v02.png
v1__scene_translate_v02__L2__C5_D4__r05_s28105,scene_translate_v02,TRANSLATE,C5,D4,M Numeric D4,28105,45,95,95,True,True,True,True,images/numbered_rgb/scene_translate_v02.png
v1__scene_translate_v02__L2__C5_D8__r01_s28101,scene_translate_v02,TRANSLATE,C5,D8,M Numeric D8,28101,45,95,95,True,True,True,True,images/numbered_rgb/scene_translate_v02.png
v1__scene_translate_v02__L2__C5_D8__r02_s28102,scene_translate_v02,TRANSLATE,C5,D8,M Numeric D8,28102,45,95,95,True,True,True,True,images/numbered_rgb/scene_translate_v02.png
v1__scene_translate_v02__L2__C5_D8__r03_s28103,scene_translate_v02,TRANSLATE,C5,D8,M Numeric D8,28103,45,95,95,True,True,True,True,images/numbered_rgb/scene_translate_v02.png
v1__scene_translate_v02__L2__C5_D8__r04_s28104,scene_translate_v02,TRANSLATE,C5,D8,M Numeric D8,28104,45,95,95,True,True,True,True,images/numbered_rgb/scene_translate_v02.png
v1__scene_translate_v02__L2__C5_D8__r05_s28105,scene_translate_v02,TRANSLATE,C5,D8,M Numeric D8,28105,45,95,95,True,True,True,True,images/numbered_rgb/scene_translate_v02.png
v1__scene_translate_v02__L2__C6_D4__r01_s28101,scene_translate_v02,TRANSLATE,C6,D4,M Qualitative D4,28101,45,95,95,True,True,True,True,images/numbered_rgb/scene_translate_v02.png
v1__scene_translate_v02__L2__C6_D4__r02_s28102,scene_translate_v02,TRANSLATE,C6,D4,M Qualitative D4,28102,45,95,95,True,True,True,True,images/numbered_rgb/scene_translate_v02.png
v1__scene_translate_v02__L2__C6_D4__r03_s28103,scene_translate_v02,TRANSLATE,C6,D4,M Qualitative D4,28103,45,95,95,True,True,True,True,images/numbered_rgb/scene_translate_v02.png
v1__scene_translate_v02__L2__C6_D4__r04_s28104,scene_translate_v02,TRANSLATE,C6,D4,M Qualitative D4,28104,45,95,95,True,True,True,True,images/numbered_rgb/scene_translate_v02.png
v1__scene_translate_v02__L2__C6_D4__r05_s28105,scene_translate_v02,TRANSLATE,C6,D4,M Qualitative D4,28105,45,95,95,True,True,True,True,images/numbered_rgb/scene_translate_v02.png
v1__scene_translate_v02__L2__C6_D8__r01_s28101,scene_translate_v02,TRANSLATE,C6,D8,M Qualitative D8,28101,45,95,95,True,True,True,True,images/numbered_rgb/scene_translate_v02.png
v1__scene_translate_v02__L2__C6_D8__r02_s28102,scene_translate_v02,TRANSLATE,C6,D8,M Qualitative D8,28102,45,95,95,True,True,True,True,images/numbered_rgb/scene_translate_v02.png
v1__scene_translate_v02__L2__C6_D8__r03_s28103,scene_translate_v02,TRANSLATE,C6,D8,M Qualitative D8,28103,45,95,95,True,True,True,True,images/numbered_rgb/scene_translate_v02.png
v1__scene_translate_v02__L2__C6_D8__r04_s28104,scene_translate_v02,TRANSLATE,C6,D8,M Qualitative D8,28104,45,95,95,True,True,True,True,images/numbered_rgb/scene_translate_v02.png
v1__scene_translate_v02__L2__C6_D8__r05_s28105,scene_translate_v02,TRANSLATE,C6,D8,M Qualitative D8,28105,45,95,95,True,True,True,True,images/numbered_rgb/scene_translate_v02.png
v1__scene_translate_v03__L2__C0_NA__r01_s28101,scene_translate_v03,TRANSLATE,C0,,Numbered RGB only,28101,18,45,45,True,True,True,True,images/numbered_rgb/scene_translate_v03.png
v1__scene_translate_v03__L2__C0_NA__r02_s28102,scene_translate_v03,TRANSLATE,C0,,Numbered RGB only,28102,18,45,45,True,True,True,True,images/numbered_rgb/scene_translate_v03.png
v1__scene_translate_v03__L2__C0_NA__r03_s28103,scene_translate_v03,TRANSLATE,C0,,Numbered RGB only,28103,18,45,45,True,True,True,True,images/numbered_rgb/scene_translate_v03.png
v1__scene_translate_v03__L2__C0_NA__r04_s28104,scene_translate_v03,TRANSLATE,C0,,Numbered RGB only,28104,18,45,45,True,True,True,True,images/numbered_rgb/scene_translate_v03.png
v1__scene_translate_v03__L2__C0_NA__r05_s28105,scene_translate_v03,TRANSLATE,C0,,Numbered RGB only,28105,18,45,45,True,True,True,True,images/numbered_rgb/scene_translate_v03.png
v1__scene_translate_v03__L2__C1_NA__r01_s28101,scene_translate_v03,TRANSLATE,C1,,R Numeric,28101,18,45,45,True,True,True,True,images/numbered_rgb/scene_translate_v03.png
v1__scene_translate_v03__L2__C1_NA__r02_s28102,scene_translate_v03,TRANSLATE,C1,,R Numeric,28102,18,45,45,True,True,True,True,images/numbered_rgb/scene_translate_v03.png
v1__scene_translate_v03__L2__C1_NA__r03_s28103,scene_translate_v03,TRANSLATE,C1,,R Numeric,28103,18,45,45,True,True,True,True,images/numbered_rgb/scene_translate_v03.png
v1__scene_translate_v03__L2__C1_NA__r04_s28104,scene_translate_v03,TRANSLATE,C1,,R Numeric,28104,18,45,45,True,True,True,True,images/numbered_rgb/scene_translate_v03.png
v1__scene_translate_v03__L2__C1_NA__r05_s28105,scene_translate_v03,TRANSLATE,C1,,R Numeric,28105,18,45,45,True,True,True,True,images/numbered_rgb/scene_translate_v03.png
v1__scene_translate_v03__L2__C2_D4__r01_s28101,scene_translate_v03,TRANSLATE,C2,D4,R Qualitative D4,28101,18,45,45,True,True,True,True,images/numbered_rgb/scene_translate_v03.png
v1__scene_translate_v03__L2__C2_D4__r02_s28102,scene_translate_v03,TRANSLATE,C2,D4,R Qualitative D4,28102,18,45,45,True,True,True,True,images/numbered_rgb/scene_translate_v03.png
v1__scene_translate_v03__L2__C2_D4__r03_s28103,scene_translate_v03,TRANSLATE,C2,D4,R Qualitative D4,28103,18,45,45,True,True,True,True,images/numbered_rgb/scene_translate_v03.png
v1__scene_translate_v03__L2__C2_D4__r04_s28104,scene_translate_v03,TRANSLATE,C2,D4,R Qualitative D4,28104,18,45,45,True,True,True,True,images/numbered_rgb/scene_translate_v03.png
v1__scene_translate_v03__L2__C2_D4__r05_s28105,scene_translate_v03,TRANSLATE,C2,D4,R Qualitative D4,28105,18,45,45,True,True,True,True,images/numbered_rgb/scene_translate_v03.png
v1__scene_translate_v03__L2__C2_D8__r01_s28101,scene_translate_v03,TRANSLATE,C2,D8,R Qualitative D8,28101,18,45,45,True,True,True,True,images/numbered_rgb/scene_translate_v03.png
v1__scene_translate_v03__L2__C2_D8__r02_s28102,scene_translate_v03,TRANSLATE,C2,D8,R Qualitative D8,28102,18,45,45,True,True,True,True,images/numbered_rgb/scene_translate_v03.png
v1__scene_translate_v03__L2__C2_D8__r03_s28103,scene_translate_v03,TRANSLATE,C2,D8,R Qualitative D8,28103,18,45,45,True,True,True,True,images/numbered_rgb/scene_translate_v03.png
v1__scene_translate_v03__L2__C2_D8__r04_s28104,scene_translate_v03,TRANSLATE,C2,D8,R Qualitative D8,28104,18,45,45,True,True,True,True,images/numbered_rgb/scene_translate_v03.png
v1__scene_translate_v03__L2__C2_D8__r05_s28105,scene_translate_v03,TRANSLATE,C2,D8,R Qualitative D8,28105,18,45,45,True,True,True,True,images/numbered_rgb/scene_translate_v03.png
v1__scene_translate_v03__L2__C3_D4__r01_s28101,scene_translate_v03,TRANSLATE,C3,D4,F Numeric D4,28101,18,45,45,True,True,True,True,images/numbered_rgb/scene_translate_v03.png
v1__scene_translate_v03__L2__C3_D4__r02_s28102,scene_translate_v03,TRANSLATE,C3,D4,F Numeric D4,28102,18,45,45,True,True,True,True,images/numbered_rgb/scene_translate_v03.png
v1__scene_translate_v03__L2__C3_D4__r03_s28103,scene_translate_v03,TRANSLATE,C3,D4,F Numeric D4,28103,18,45,45,True,True,True,True,images/numbered_rgb/scene_translate_v03.png
v1__scene_translate_v03__L2__C3_D4__r04_s28104,scene_translate_v03,TRANSLATE,C3,D4,F Numeric D4,28104,18,45,45,True,True,True,True,images/numbered_rgb/scene_translate_v03.png
v1__scene_translate_v03__L2__C3_D4__r05_s28105,scene_translate_v03,TRANSLATE,C3,D4,F Numeric D4,28105,18,45,45,True,True,True,True,images/numbered_rgb/scene_translate_v03.png
v1__scene_translate_v03__L2__C3_D8__r01_s28101,scene_translate_v03,TRANSLATE,C3,D8,F Numeric D8,28101,18,45,45,True,True,True,True,images/numbered_rgb/scene_translate_v03.png
v1__scene_translate_v03__L2__C3_D8__r02_s28102,scene_translate_v03,TRANSLATE,C3,D8,F Numeric D8,28102,18,45,45,True,True,True,True,images/numbered_rgb/scene_translate_v03.png
v1__scene_translate_v03__L2__C3_D8__r03_s28103,scene_translate_v03,TRANSLATE,C3,D8,F Numeric D8,28103,18,45,45,True,True,True,True,images/numbered_rgb/scene_translate_v03.png
v1__scene_translate_v03__L2__C3_D8__r04_s28104,scene_translate_v03,TRANSLATE,C3,D8,F Numeric D8,28104,18,45,45,True,True,True,True,images/numbered_rgb/scene_translate_v03.png
v1__scene_translate_v03__L2__C3_D8__r05_s28105,scene_translate_v03,TRANSLATE,C3,D8,F Numeric D8,28105,18,45,45,True,True,True,True,images/numbered_rgb/scene_translate_v03.png
v1__scene_translate_v03__L2__C4_D4__r01_s28101,scene_translate_v03,TRANSLATE,C4,D4,F Qualitative D4,28101,18,45,45,True,True,True,True,images/numbered_rgb/scene_translate_v03.png
v1__scene_translate_v03__L2__C4_D4__r02_s28102,scene_translate_v03,TRANSLATE,C4,D4,F Qualitative D4,28102,18,45,45,True,True,True,True,images/numbered_rgb/scene_translate_v03.png
v1__scene_translate_v03__L2__C4_D4__r03_s28103,scene_translate_v03,TRANSLATE,C4,D4,F Qualitative D4,28103,18,45,45,True,True,True,True,images/numbered_rgb/scene_translate_v03.png
v1__scene_translate_v03__L2__C4_D4__r04_s28104,scene_translate_v03,TRANSLATE,C4,D4,F Qualitative D4,28104,18,45,45,True,True,True,True,images/numbered_rgb/scene_translate_v03.png
v1__scene_translate_v03__L2__C4_D4__r05_s28105,scene_translate_v03,TRANSLATE,C4,D4,F Qualitative D4,28105,18,45,45,True,True,True,True,images/numbered_rgb/scene_translate_v03.png
v1__scene_translate_v03__L2__C4_D8__r01_s28101,scene_translate_v03,TRANSLATE,C4,D8,F Qualitative D8,28101,18,45,45,True,True,True,True,images/numbered_rgb/scene_translate_v03.png
v1__scene_translate_v03__L2__C4_D8__r02_s28102,scene_translate_v03,TRANSLATE,C4,D8,F Qualitative D8,28102,18,45,45,True,True,True,True,images/numbered_rgb/scene_translate_v03.png
v1__scene_translate_v03__L2__C4_D8__r03_s28103,scene_translate_v03,TRANSLATE,C4,D8,F Qualitative D8,28103,18,45,45,True,True,True,True,images/numbered_rgb/scene_translate_v03.png
v1__scene_translate_v03__L2__C4_D8__r04_s28104,scene_translate_v03,TRANSLATE,C4,D8,F Qualitative D8,28104,18,45,45,True,True,True,True,images/numbered_rgb/scene_translate_v03.png
v1__scene_translate_v03__L2__C4_D8__r05_s28105,scene_translate_v03,TRANSLATE,C4,D8,F Qualitative D8,28105,18,45,45,True,True,True,True,images/numbered_rgb/scene_translate_v03.png
v1__scene_translate_v03__L2__C5_D4__r01_s28101,scene_translate_v03,TRANSLATE,C5,D4,M Numeric D4,28101,18,45,45,True,True,True,True,images/numbered_rgb/scene_translate_v03.png
v1__scene_translate_v03__L2__C5_D4__r02_s28102,scene_translate_v03,TRANSLATE,C5,D4,M Numeric D4,28102,18,45,45,True,True,True,True,images/numbered_rgb/scene_translate_v03.png
v1__scene_translate_v03__L2__C5_D4__r03_s28103,scene_translate_v03,TRANSLATE,C5,D4,M Numeric D4,28103,18,45,45,True,True,True,True,images/numbered_rgb/scene_translate_v03.png
v1__scene_translate_v03__L2__C5_D4__r04_s28104,scene_translate_v03,TRANSLATE,C5,D4,M Numeric D4,28104,18,45,45,True,True,True,True,images/numbered_rgb/scene_translate_v03.png
v1__scene_translate_v03__L2__C5_D4__r05_s28105,scene_translate_v03,TRANSLATE,C5,D4,M Numeric D4,28105,18,45,45,True,True,True,True,images/numbered_rgb/scene_translate_v03.png
v1__scene_translate_v03__L2__C5_D8__r01_s28101,scene_translate_v03,TRANSLATE,C5,D8,M Numeric D8,28101,18,45,45,True,True,True,True,images/numbered_rgb/scene_translate_v03.png
v1__scene_translate_v03__L2__C5_D8__r02_s28102,scene_translate_v03,TRANSLATE,C5,D8,M Numeric D8,28102,18,45,45,True,True,True,True,images/numbered_rgb/scene_translate_v03.png
v1__scene_translate_v03__L2__C5_D8__r03_s28103,scene_translate_v03,TRANSLATE,C5,D8,M Numeric D8,28103,18,45,45,True,True,True,True,images/numbered_rgb/scene_translate_v03.png
v1__scene_translate_v03__L2__C5_D8__r04_s28104,scene_translate_v03,TRANSLATE,C5,D8,M Numeric D8,28104,18,45,45,True,True,True,True,images/numbered_rgb/scene_translate_v03.png
v1__scene_translate_v03__L2__C5_D8__r05_s28105,scene_translate_v03,TRANSLATE,C5,D8,M Numeric D8,28105,18,45,45,True,True,True,True,images/numbered_rgb/scene_translate_v03.png
v1__scene_translate_v03__L2__C6_D4__r01_s28101,scene_translate_v03,TRANSLATE,C6,D4,M Qualitative D4,28101,18,45,45,True,True,True,True,images/numbered_rgb/scene_translate_v03.png
v1__scene_translate_v03__L2__C6_D4__r02_s28102,scene_translate_v03,TRANSLATE,C6,D4,M Qualitative D4,28102,18,45,45,True,True,True,True,images/numbered_rgb/scene_translate_v03.png
v1__scene_translate_v03__L2__C6_D4__r03_s28103,scene_translate_v03,TRANSLATE,C6,D4,M Qualitative D4,28103,18,45,45,True,True,True,True,images/numbered_rgb/scene_translate_v03.png
v1__scene_translate_v03__L2__C6_D4__r04_s28104,scene_translate_v03,TRANSLATE,C6,D4,M Qualitative D4,28104,18,45,45,True,True,True,True,images/numbered_rgb/scene_translate_v03.png
v1__scene_translate_v03__L2__C6_D4__r05_s28105,scene_translate_v03,TRANSLATE,C6,D4,M Qualitative D4,28105,18,45,45,True,True,True,True,images/numbered_rgb/scene_translate_v03.png
v1__scene_translate_v03__L2__C6_D8__r01_s28101,scene_translate_v03,TRANSLATE,C6,D8,M Qualitative D8,28101,18,45,45,True,True,True,True,images/numbered_rgb/scene_translate_v03.png
v1__scene_translate_v03__L2__C6_D8__r02_s28102,scene_translate_v03,TRANSLATE,C6,D8,M Qualitative D8,28102,18,45,45,True,True,True,True,images/numbered_rgb/scene_translate_v03.png
v1__scene_translate_v03__L2__C6_D8__r03_s28103,scene_translate_v03,TRANSLATE,C6,D8,M Qualitative D8,28103,18,45,45,True,True,True,True,images/numbered_rgb/scene_translate_v03.png
v1__scene_translate_v03__L2__C6_D8__r04_s28104,scene_translate_v03,TRANSLATE,C6,D8,M Qualitative D8,28104,18,45,45,True,True,True,True,images/numbered_rgb/scene_translate_v03.png
v1__scene_translate_v03__L2__C6_D8__r05_s28105,scene_translate_v03,TRANSLATE,C6,D8,M Qualitative D8,28105,18,45,45,True,True,True,True,images/numbered_rgb/scene_translate_v03.png
v1__scene_translate_v04__L2__C0_NA__r01_s28101,scene_translate_v04,TRANSLATE,C0,,Numbered RGB only,28101,13,84,84,True,True,True,True,images/numbered_rgb/scene_translate_v04.png
v1__scene_translate_v04__L2__C0_NA__r02_s28102,scene_translate_v04,TRANSLATE,C0,,Numbered RGB only,28102,13,84,84,True,True,True,True,images/numbered_rgb/scene_translate_v04.png
v1__scene_translate_v04__L2__C0_NA__r03_s28103,scene_translate_v04,TRANSLATE,C0,,Numbered RGB only,28103,13,84,84,True,True,True,True,images/numbered_rgb/scene_translate_v04.png
v1__scene_translate_v04__L2__C0_NA__r04_s28104,scene_translate_v04,TRANSLATE,C0,,Numbered RGB only,28104,13,84,84,True,True,True,True,images/numbered_rgb/scene_translate_v04.png
v1__scene_translate_v04__L2__C0_NA__r05_s28105,scene_translate_v04,TRANSLATE,C0,,Numbered RGB only,28105,13,84,84,True,True,True,True,images/numbered_rgb/scene_translate_v04.png
v1__scene_translate_v04__L2__C1_NA__r01_s28101,scene_translate_v04,TRANSLATE,C1,,R Numeric,28101,13,84,84,True,True,True,True,images/numbered_rgb/scene_translate_v04.png
v1__scene_translate_v04__L2__C1_NA__r02_s28102,scene_translate_v04,TRANSLATE,C1,,R Numeric,28102,13,84,84,True,True,True,True,images/numbered_rgb/scene_translate_v04.png
v1__scene_translate_v04__L2__C1_NA__r03_s28103,scene_translate_v04,TRANSLATE,C1,,R Numeric,28103,13,84,84,True,True,True,True,images/numbered_rgb/scene_translate_v04.png
v1__scene_translate_v04__L2__C1_NA__r04_s28104,scene_translate_v04,TRANSLATE,C1,,R Numeric,28104,13,84,84,True,True,True,True,images/numbered_rgb/scene_translate_v04.png
v1__scene_translate_v04__L2__C1_NA__r05_s28105,scene_translate_v04,TRANSLATE,C1,,R Numeric,28105,13,84,84,True,True,True,True,images/numbered_rgb/scene_translate_v04.png
v1__scene_translate_v04__L2__C2_D4__r01_s28101,scene_translate_v04,TRANSLATE,C2,D4,R Qualitative D4,28101,13,84,84,True,True,True,True,images/numbered_rgb/scene_translate_v04.png
v1__scene_translate_v04__L2__C2_D4__r02_s28102,scene_translate_v04,TRANSLATE,C2,D4,R Qualitative D4,28102,13,84,84,True,True,True,True,images/numbered_rgb/scene_translate_v04.png
v1__scene_translate_v04__L2__C2_D4__r03_s28103,scene_translate_v04,TRANSLATE,C2,D4,R Qualitative D4,28103,13,84,84,True,True,True,True,images/numbered_rgb/scene_translate_v04.png
v1__scene_translate_v04__L2__C2_D4__r04_s28104,scene_translate_v04,TRANSLATE,C2,D4,R Qualitative D4,28104,13,84,84,True,True,True,True,images/numbered_rgb/scene_translate_v04.png
v1__scene_translate_v04__L2__C2_D4__r05_s28105,scene_translate_v04,TRANSLATE,C2,D4,R Qualitative D4,28105,13,84,84,True,True,True,True,images/numbered_rgb/scene_translate_v04.png
v1__scene_translate_v04__L2__C2_D8__r01_s28101,scene_translate_v04,TRANSLATE,C2,D8,R Qualitative D8,28101,13,84,84,True,True,True,True,images/numbered_rgb/scene_translate_v04.png
v1__scene_translate_v04__L2__C2_D8__r02_s28102,scene_translate_v04,TRANSLATE,C2,D8,R Qualitative D8,28102,13,84,84,True,True,True,True,images/numbered_rgb/scene_translate_v04.png
v1__scene_translate_v04__L2__C2_D8__r03_s28103,scene_translate_v04,TRANSLATE,C2,D8,R Qualitative D8,28103,13,84,84,True,True,True,True,images/numbered_rgb/scene_translate_v04.png
v1__scene_translate_v04__L2__C2_D8__r04_s28104,scene_translate_v04,TRANSLATE,C2,D8,R Qualitative D8,28104,13,84,84,True,True,True,True,images/numbered_rgb/scene_translate_v04.png
v1__scene_translate_v04__L2__C2_D8__r05_s28105,scene_translate_v04,TRANSLATE,C2,D8,R Qualitative D8,28105,13,84,84,True,True,True,True,images/numbered_rgb/scene_translate_v04.png
v1__scene_translate_v04__L2__C3_D4__r01_s28101,scene_translate_v04,TRANSLATE,C3,D4,F Numeric D4,28101,13,84,84,True,True,True,True,images/numbered_rgb/scene_translate_v04.png
v1__scene_translate_v04__L2__C3_D4__r02_s28102,scene_translate_v04,TRANSLATE,C3,D4,F Numeric D4,28102,13,84,84,True,True,True,True,images/numbered_rgb/scene_translate_v04.png
v1__scene_translate_v04__L2__C3_D4__r03_s28103,scene_translate_v04,TRANSLATE,C3,D4,F Numeric D4,28103,13,84,84,True,True,True,True,images/numbered_rgb/scene_translate_v04.png
v1__scene_translate_v04__L2__C3_D4__r04_s28104,scene_translate_v04,TRANSLATE,C3,D4,F Numeric D4,28104,13,84,84,True,True,True,True,images/numbered_rgb/scene_translate_v04.png
v1__scene_translate_v04__L2__C3_D4__r05_s28105,scene_translate_v04,TRANSLATE,C3,D4,F Numeric D4,28105,13,84,84,True,True,True,True,images/numbered_rgb/scene_translate_v04.png
v1__scene_translate_v04__L2__C3_D8__r01_s28101,scene_translate_v04,TRANSLATE,C3,D8,F Numeric D8,28101,13,84,84,True,True,True,True,images/numbered_rgb/scene_translate_v04.png
v1__scene_translate_v04__L2__C3_D8__r02_s28102,scene_translate_v04,TRANSLATE,C3,D8,F Numeric D8,28102,13,84,84,True,True,True,True,images/numbered_rgb/scene_translate_v04.png
v1__scene_translate_v04__L2__C3_D8__r03_s28103,scene_translate_v04,TRANSLATE,C3,D8,F Numeric D8,28103,13,84,84,True,True,True,True,images/numbered_rgb/scene_translate_v04.png
v1__scene_translate_v04__L2__C3_D8__r04_s28104,scene_translate_v04,TRANSLATE,C3,D8,F Numeric D8,28104,13,84,84,True,True,True,True,images/numbered_rgb/scene_translate_v04.png
v1__scene_translate_v04__L2__C3_D8__r05_s28105,scene_translate_v04,TRANSLATE,C3,D8,F Numeric D8,28105,13,84,84,True,True,True,True,images/numbered_rgb/scene_translate_v04.png
v1__scene_translate_v04__L2__C4_D4__r01_s28101,scene_translate_v04,TRANSLATE,C4,D4,F Qualitative D4,28101,13,84,84,True,True,True,True,images/numbered_rgb/scene_translate_v04.png
v1__scene_translate_v04__L2__C4_D4__r02_s28102,scene_translate_v04,TRANSLATE,C4,D4,F Qualitative D4,28102,13,84,41,True,True,True,False,images/numbered_rgb/scene_translate_v04.png
v1__scene_translate_v04__L2__C4_D4__r03_s28103,scene_translate_v04,TRANSLATE,C4,D4,F Qualitative D4,28103,13,84,84,True,True,True,True,images/numbered_rgb/scene_translate_v04.png
v1__scene_translate_v04__L2__C4_D4__r04_s28104,scene_translate_v04,TRANSLATE,C4,D4,F Qualitative D4,28104,13,84,84,True,True,True,True,images/numbered_rgb/scene_translate_v04.png
v1__scene_translate_v04__L2__C4_D4__r05_s28105,scene_translate_v04,TRANSLATE,C4,D4,F Qualitative D4,28105,13,84,84,True,True,True,True,images/numbered_rgb/scene_translate_v04.png
v1__scene_translate_v04__L2__C4_D8__r01_s28101,scene_translate_v04,TRANSLATE,C4,D8,F Qualitative D8,28101,13,84,84,True,True,True,True,images/numbered_rgb/scene_translate_v04.png
v1__scene_translate_v04__L2__C4_D8__r02_s28102,scene_translate_v04,TRANSLATE,C4,D8,F Qualitative D8,28102,13,84,84,True,True,True,True,images/numbered_rgb/scene_translate_v04.png
v1__scene_translate_v04__L2__C4_D8__r03_s28103,scene_translate_v04,TRANSLATE,C4,D8,F Qualitative D8,28103,13,84,84,True,True,True,True,images/numbered_rgb/scene_translate_v04.png
v1__scene_translate_v04__L2__C4_D8__r04_s28104,scene_translate_v04,TRANSLATE,C4,D8,F Qualitative D8,28104,13,84,84,True,True,True,True,images/numbered_rgb/scene_translate_v04.png
v1__scene_translate_v04__L2__C4_D8__r05_s28105,scene_translate_v04,TRANSLATE,C4,D8,F Qualitative D8,28105,13,84,84,True,True,True,True,images/numbered_rgb/scene_translate_v04.png
v1__scene_translate_v04__L2__C5_D4__r01_s28101,scene_translate_v04,TRANSLATE,C5,D4,M Numeric D4,28101,13,84,84,True,True,True,True,images/numbered_rgb/scene_translate_v04.png
v1__scene_translate_v04__L2__C5_D4__r02_s28102,scene_translate_v04,TRANSLATE,C5,D4,M Numeric D4,28102,13,84,84,True,True,True,True,images/numbered_rgb/scene_translate_v04.png
v1__scene_translate_v04__L2__C5_D4__r03_s28103,scene_translate_v04,TRANSLATE,C5,D4,M Numeric D4,28103,13,84,84,True,True,True,True,images/numbered_rgb/scene_translate_v04.png
v1__scene_translate_v04__L2__C5_D4__r04_s28104,scene_translate_v04,TRANSLATE,C5,D4,M Numeric D4,28104,13,84,84,True,True,True,True,images/numbered_rgb/scene_translate_v04.png
v1__scene_translate_v04__L2__C5_D4__r05_s28105,scene_translate_v04,TRANSLATE,C5,D4,M Numeric D4,28105,13,84,84,True,True,True,True,images/numbered_rgb/scene_translate_v04.png
v1__scene_translate_v04__L2__C5_D8__r01_s28101,scene_translate_v04,TRANSLATE,C5,D8,M Numeric D8,28101,13,84,84,True,True,True,True,images/numbered_rgb/scene_translate_v04.png
v1__scene_translate_v04__L2__C5_D8__r02_s28102,scene_translate_v04,TRANSLATE,C5,D8,M Numeric D8,28102,13,84,84,True,True,True,True,images/numbered_rgb/scene_translate_v04.png
v1__scene_translate_v04__L2__C5_D8__r03_s28103,scene_translate_v04,TRANSLATE,C5,D8,M Numeric D8,28103,13,84,84,True,True,True,True,images/numbered_rgb/scene_translate_v04.png
v1__scene_translate_v04__L2__C5_D8__r04_s28104,scene_translate_v04,TRANSLATE,C5,D8,M Numeric D8,28104,13,84,84,True,True,True,True,images/numbered_rgb/scene_translate_v04.png
v1__scene_translate_v04__L2__C5_D8__r05_s28105,scene_translate_v04,TRANSLATE,C5,D8,M Numeric D8,28105,13,84,84,True,True,True,True,images/numbered_rgb/scene_translate_v04.png
v1__scene_translate_v04__L2__C6_D4__r01_s28101,scene_translate_v04,TRANSLATE,C6,D4,M Qualitative D4,28101,13,84,84,True,True,True,True,images/numbered_rgb/scene_translate_v04.png
v1__scene_translate_v04__L2__C6_D4__r02_s28102,scene_translate_v04,TRANSLATE,C6,D4,M Qualitative D4,28102,13,84,84,True,True,True,True,images/numbered_rgb/scene_translate_v04.png
v1__scene_translate_v04__L2__C6_D4__r03_s28103,scene_translate_v04,TRANSLATE,C6,D4,M Qualitative D4,28103,13,84,84,True,True,True,True,images/numbered_rgb/scene_translate_v04.png
v1__scene_translate_v04__L2__C6_D4__r04_s28104,scene_translate_v04,TRANSLATE,C6,D4,M Qualitative D4,28104,13,84,84,True,True,True,True,images/numbered_rgb/scene_translate_v04.png
v1__scene_translate_v04__L2__C6_D4__r05_s28105,scene_translate_v04,TRANSLATE,C6,D4,M Qualitative D4,28105,13,84,84,True,True,True,True,images/numbered_rgb/scene_translate_v04.png
v1__scene_translate_v04__L2__C6_D8__r01_s28101,scene_translate_v04,TRANSLATE,C6,D8,M Qualitative D8,28101,13,84,84,True,True,True,True,images/numbered_rgb/scene_translate_v04.png
v1__scene_translate_v04__L2__C6_D8__r02_s28102,scene_translate_v04,TRANSLATE,C6,D8,M Qualitative D8,28102,13,84,84,True,True,True,True,images/numbered_rgb/scene_translate_v04.png
v1__scene_translate_v04__L2__C6_D8__r03_s28103,scene_translate_v04,TRANSLATE,C6,D8,M Qualitative D8,28103,13,84,84,True,True,True,True,images/numbered_rgb/scene_translate_v04.png
v1__scene_translate_v04__L2__C6_D8__r04_s28104,scene_translate_v04,TRANSLATE,C6,D8,M Qualitative D8,28104,13,84,84,True,True,True,True,images/numbered_rgb/scene_translate_v04.png
v1__scene_translate_v04__L2__C6_D8__r05_s28105,scene_translate_v04,TRANSLATE,C6,D8,M Qualitative D8,28105,13,84,84,True,True,True,True,images/numbered_rgb/scene_translate_v04.png
v1__scene_translate_v05__L2__C0_NA__r01_s28101,scene_translate_v05,TRANSLATE,C0,,Numbered RGB only,28101,54,79,79,True,True,True,True,images/numbered_rgb/scene_translate_v05.png
v1__scene_translate_v05__L2__C0_NA__r02_s28102,scene_translate_v05,TRANSLATE,C0,,Numbered RGB only,28102,54,79,79,True,True,True,True,images/numbered_rgb/scene_translate_v05.png
v1__scene_translate_v05__L2__C0_NA__r03_s28103,scene_translate_v05,TRANSLATE,C0,,Numbered RGB only,28103,54,79,79,True,True,True,True,images/numbered_rgb/scene_translate_v05.png
v1__scene_translate_v05__L2__C0_NA__r04_s28104,scene_translate_v05,TRANSLATE,C0,,Numbered RGB only,28104,54,79,79,True,True,True,True,images/numbered_rgb/scene_translate_v05.png
v1__scene_translate_v05__L2__C0_NA__r05_s28105,scene_translate_v05,TRANSLATE,C0,,Numbered RGB only,28105,54,79,79,True,True,True,True,images/numbered_rgb/scene_translate_v05.png
v1__scene_translate_v05__L2__C1_NA__r01_s28101,scene_translate_v05,TRANSLATE,C1,,R Numeric,28101,54,79,79,True,True,True,True,images/numbered_rgb/scene_translate_v05.png
v1__scene_translate_v05__L2__C1_NA__r02_s28102,scene_translate_v05,TRANSLATE,C1,,R Numeric,28102,54,79,79,True,True,True,True,images/numbered_rgb/scene_translate_v05.png
v1__scene_translate_v05__L2__C1_NA__r03_s28103,scene_translate_v05,TRANSLATE,C1,,R Numeric,28103,54,79,79,True,True,True,True,images/numbered_rgb/scene_translate_v05.png
v1__scene_translate_v05__L2__C1_NA__r04_s28104,scene_translate_v05,TRANSLATE,C1,,R Numeric,28104,54,79,79,True,True,True,True,images/numbered_rgb/scene_translate_v05.png
v1__scene_translate_v05__L2__C1_NA__r05_s28105,scene_translate_v05,TRANSLATE,C1,,R Numeric,28105,54,79,79,True,True,True,True,images/numbered_rgb/scene_translate_v05.png
v1__scene_translate_v05__L2__C2_D4__r01_s28101,scene_translate_v05,TRANSLATE,C2,D4,R Qualitative D4,28101,54,79,79,True,True,True,True,images/numbered_rgb/scene_translate_v05.png
v1__scene_translate_v05__L2__C2_D4__r02_s28102,scene_translate_v05,TRANSLATE,C2,D4,R Qualitative D4,28102,54,79,79,True,True,True,True,images/numbered_rgb/scene_translate_v05.png
v1__scene_translate_v05__L2__C2_D4__r03_s28103,scene_translate_v05,TRANSLATE,C2,D4,R Qualitative D4,28103,54,79,79,True,True,True,True,images/numbered_rgb/scene_translate_v05.png
v1__scene_translate_v05__L2__C2_D4__r04_s28104,scene_translate_v05,TRANSLATE,C2,D4,R Qualitative D4,28104,54,79,79,True,True,True,True,images/numbered_rgb/scene_translate_v05.png
v1__scene_translate_v05__L2__C2_D4__r05_s28105,scene_translate_v05,TRANSLATE,C2,D4,R Qualitative D4,28105,54,79,79,True,True,True,True,images/numbered_rgb/scene_translate_v05.png
v1__scene_translate_v05__L2__C2_D8__r01_s28101,scene_translate_v05,TRANSLATE,C2,D8,R Qualitative D8,28101,54,79,79,True,True,True,True,images/numbered_rgb/scene_translate_v05.png
v1__scene_translate_v05__L2__C2_D8__r02_s28102,scene_translate_v05,TRANSLATE,C2,D8,R Qualitative D8,28102,54,79,79,True,True,True,True,images/numbered_rgb/scene_translate_v05.png
v1__scene_translate_v05__L2__C2_D8__r03_s28103,scene_translate_v05,TRANSLATE,C2,D8,R Qualitative D8,28103,54,79,79,True,True,True,True,images/numbered_rgb/scene_translate_v05.png
v1__scene_translate_v05__L2__C2_D8__r04_s28104,scene_translate_v05,TRANSLATE,C2,D8,R Qualitative D8,28104,54,79,79,True,True,True,True,images/numbered_rgb/scene_translate_v05.png
v1__scene_translate_v05__L2__C2_D8__r05_s28105,scene_translate_v05,TRANSLATE,C2,D8,R Qualitative D8,28105,54,79,79,True,True,True,True,images/numbered_rgb/scene_translate_v05.png
v1__scene_translate_v05__L2__C3_D4__r01_s28101,scene_translate_v05,TRANSLATE,C3,D4,F Numeric D4,28101,54,79,79,True,True,True,True,images/numbered_rgb/scene_translate_v05.png
v1__scene_translate_v05__L2__C3_D4__r02_s28102,scene_translate_v05,TRANSLATE,C3,D4,F Numeric D4,28102,54,79,79,True,True,True,True,images/numbered_rgb/scene_translate_v05.png
v1__scene_translate_v05__L2__C3_D4__r03_s28103,scene_translate_v05,TRANSLATE,C3,D4,F Numeric D4,28103,54,79,79,True,True,True,True,images/numbered_rgb/scene_translate_v05.png
v1__scene_translate_v05__L2__C3_D4__r04_s28104,scene_translate_v05,TRANSLATE,C3,D4,F Numeric D4,28104,54,79,79,True,True,True,True,images/numbered_rgb/scene_translate_v05.png
v1__scene_translate_v05__L2__C3_D4__r05_s28105,scene_translate_v05,TRANSLATE,C3,D4,F Numeric D4,28105,54,79,79,True,True,True,True,images/numbered_rgb/scene_translate_v05.png
v1__scene_translate_v05__L2__C3_D8__r01_s28101,scene_translate_v05,TRANSLATE,C3,D8,F Numeric D8,28101,54,79,79,True,True,True,True,images/numbered_rgb/scene_translate_v05.png
v1__scene_translate_v05__L2__C3_D8__r02_s28102,scene_translate_v05,TRANSLATE,C3,D8,F Numeric D8,28102,54,79,79,True,True,True,True,images/numbered_rgb/scene_translate_v05.png
v1__scene_translate_v05__L2__C3_D8__r03_s28103,scene_translate_v05,TRANSLATE,C3,D8,F Numeric D8,28103,54,79,79,True,True,True,True,images/numbered_rgb/scene_translate_v05.png
v1__scene_translate_v05__L2__C3_D8__r04_s28104,scene_translate_v05,TRANSLATE,C3,D8,F Numeric D8,28104,54,79,79,True,True,True,True,images/numbered_rgb/scene_translate_v05.png
v1__scene_translate_v05__L2__C3_D8__r05_s28105,scene_translate_v05,TRANSLATE,C3,D8,F Numeric D8,28105,54,79,79,True,True,True,True,images/numbered_rgb/scene_translate_v05.png
v1__scene_translate_v05__L2__C4_D4__r01_s28101,scene_translate_v05,TRANSLATE,C4,D4,F Qualitative D4,28101,54,79,79,True,True,True,True,images/numbered_rgb/scene_translate_v05.png
v1__scene_translate_v05__L2__C4_D4__r02_s28102,scene_translate_v05,TRANSLATE,C4,D4,F Qualitative D4,28102,54,79,79,True,True,True,True,images/numbered_rgb/scene_translate_v05.png
v1__scene_translate_v05__L2__C4_D4__r03_s28103,scene_translate_v05,TRANSLATE,C4,D4,F Qualitative D4,28103,54,79,79,True,True,True,True,images/numbered_rgb/scene_translate_v05.png
v1__scene_translate_v05__L2__C4_D4__r04_s28104,scene_translate_v05,TRANSLATE,C4,D4,F Qualitative D4,28104,54,79,79,True,True,True,True,images/numbered_rgb/scene_translate_v05.png
v1__scene_translate_v05__L2__C4_D4__r05_s28105,scene_translate_v05,TRANSLATE,C4,D4,F Qualitative D4,28105,54,79,79,True,True,True,True,images/numbered_rgb/scene_translate_v05.png
v1__scene_translate_v05__L2__C4_D8__r01_s28101,scene_translate_v05,TRANSLATE,C4,D8,F Qualitative D8,28101,54,79,79,True,True,True,True,images/numbered_rgb/scene_translate_v05.png
v1__scene_translate_v05__L2__C4_D8__r02_s28102,scene_translate_v05,TRANSLATE,C4,D8,F Qualitative D8,28102,54,79,79,True,True,True,True,images/numbered_rgb/scene_translate_v05.png
v1__scene_translate_v05__L2__C4_D8__r03_s28103,scene_translate_v05,TRANSLATE,C4,D8,F Qualitative D8,28103,54,79,79,True,True,True,True,images/numbered_rgb/scene_translate_v05.png
v1__scene_translate_v05__L2__C4_D8__r04_s28104,scene_translate_v05,TRANSLATE,C4,D8,F Qualitative D8,28104,54,79,79,True,True,True,True,images/numbered_rgb/scene_translate_v05.png
v1__scene_translate_v05__L2__C4_D8__r05_s28105,scene_translate_v05,TRANSLATE,C4,D8,F Qualitative D8,28105,54,79,79,True,True,True,True,images/numbered_rgb/scene_translate_v05.png
v1__scene_translate_v05__L2__C5_D4__r01_s28101,scene_translate_v05,TRANSLATE,C5,D4,M Numeric D4,28101,54,79,79,True,True,True,True,images/numbered_rgb/scene_translate_v05.png
v1__scene_translate_v05__L2__C5_D4__r02_s28102,scene_translate_v05,TRANSLATE,C5,D4,M Numeric D4,28102,54,79,79,True,True,True,True,images/numbered_rgb/scene_translate_v05.png
v1__scene_translate_v05__L2__C5_D4__r03_s28103,scene_translate_v05,TRANSLATE,C5,D4,M Numeric D4,28103,54,79,79,True,True,True,True,images/numbered_rgb/scene_translate_v05.png
v1__scene_translate_v05__L2__C5_D4__r04_s28104,scene_translate_v05,TRANSLATE,C5,D4,M Numeric D4,28104,54,79,79,True,True,True,True,images/numbered_rgb/scene_translate_v05.png
v1__scene_translate_v05__L2__C5_D4__r05_s28105,scene_translate_v05,TRANSLATE,C5,D4,M Numeric D4,28105,54,79,79,True,True,True,True,images/numbered_rgb/scene_translate_v05.png
v1__scene_translate_v05__L2__C5_D8__r01_s28101,scene_translate_v05,TRANSLATE,C5,D8,M Numeric D8,28101,54,79,79,True,True,True,True,images/numbered_rgb/scene_translate_v05.png
v1__scene_translate_v05__L2__C5_D8__r02_s28102,scene_translate_v05,TRANSLATE,C5,D8,M Numeric D8,28102,54,79,79,True,True,True,True,images/numbered_rgb/scene_translate_v05.png
v1__scene_translate_v05__L2__C5_D8__r03_s28103,scene_translate_v05,TRANSLATE,C5,D8,M Numeric D8,28103,54,79,79,True,True,True,True,images/numbered_rgb/scene_translate_v05.png
v1__scene_translate_v05__L2__C5_D8__r04_s28104,scene_translate_v05,TRANSLATE,C5,D8,M Numeric D8,28104,54,79,79,True,True,True,True,images/numbered_rgb/scene_translate_v05.png
v1__scene_translate_v05__L2__C5_D8__r05_s28105,scene_translate_v05,TRANSLATE,C5,D8,M Numeric D8,28105,54,79,79,True,True,True,True,images/numbered_rgb/scene_translate_v05.png
v1__scene_translate_v05__L2__C6_D4__r01_s28101,scene_translate_v05,TRANSLATE,C6,D4,M Qualitative D4,28101,54,79,79,True,True,True,True,images/numbered_rgb/scene_translate_v05.png
v1__scene_translate_v05__L2__C6_D4__r02_s28102,scene_translate_v05,TRANSLATE,C6,D4,M Qualitative D4,28102,54,79,79,True,True,True,True,images/numbered_rgb/scene_translate_v05.png
v1__scene_translate_v05__L2__C6_D4__r03_s28103,scene_translate_v05,TRANSLATE,C6,D4,M Qualitative D4,28103,54,79,79,True,True,True,True,images/numbered_rgb/scene_translate_v05.png
v1__scene_translate_v05__L2__C6_D4__r04_s28104,scene_translate_v05,TRANSLATE,C6,D4,M Qualitative D4,28104,54,79,79,True,True,True,True,images/numbered_rgb/scene_translate_v05.png
v1__scene_translate_v05__L2__C6_D4__r05_s28105,scene_translate_v05,TRANSLATE,C6,D4,M Qualitative D4,28105,54,79,79,True,True,True,True,images/numbered_rgb/scene_translate_v05.png
v1__scene_translate_v05__L2__C6_D8__r01_s28101,scene_translate_v05,TRANSLATE,C6,D8,M Qualitative D8,28101,54,79,79,True,True,True,True,images/numbered_rgb/scene_translate_v05.png
v1__scene_translate_v05__L2__C6_D8__r02_s28102,scene_translate_v05,TRANSLATE,C6,D8,M Qualitative D8,28102,54,79,79,True,True,True,True,images/numbered_rgb/scene_translate_v05.png
v1__scene_translate_v05__L2__C6_D8__r03_s28103,scene_translate_v05,TRANSLATE,C6,D8,M Qualitative D8,28103,54,79,79,True,True,True,True,images/numbered_rgb/scene_translate_v05.png
v1__scene_translate_v05__L2__C6_D8__r04_s28104,scene_translate_v05,TRANSLATE,C6,D8,M Qualitative D8,28104,54,79,79,True,True,True,True,images/numbered_rgb/scene_translate_v05.png
v1__scene_translate_v05__L2__C6_D8__r05_s28105,scene_translate_v05,TRANSLATE,C6,D8,M Qualitative D8,28105,54,79,79,True,True,True,True,images/numbered_rgb/scene_translate_v05.png
