run_id,scene_id,scene_family,condition,resolution,seed,occlusion_ratio,truth_interference,predicted_interference,correct
v1__scene_fc_blocked_v01__L2__C0_NA__r01_s28101,scene_fc_blocked_v01,FC_BLOCKED,C0,,28101,0.0,False,False,True
v1__scene_fc_blocked_v01__L2__C0_NA__r02_s28102,scene_fc_blocked_v01,FC_BLOCKED,C0,,28102,0.0,False,False,True
v1__scene_fc_blocked_v01__L2__C0_NA__r03_s28103,scene_fc_blocked_v01,FC_BLOCKED,C0,,28103,0.0,False,False,True
v1__scene_fc_blocked_v01__L2__C0_NA__r04_s28104,scene_fc_blocked_v01,FC_BLOCKED,C0,,28104,0.0,False,False,True
v1__scene_fc_blocked_v01__L2__C0_NA__r05_s28105,scene_fc_blocked_v01,FC_BLOCKED,C0,,28105,0.0,False,False,True
v1__scene_fc_blocked_v01__L2__C1_NA__r01_s28101,scene_fc_blocked_v01,FC_BLOCKED,C1,,28101,0.0,False,False,True
v1__scene_fc_blocked_v01__L2__C1_NA__r02_s28102,scene_fc_blocked_v01,FC_BLOCKED,C1,,28102,0.0,False,False,True
v1__scene_fc_blocked_v01__L2__C1_NA__r03_s28103,scene_fc_blocked_v01,FC_BLOCKED,C1,,28103,0.0,False,False,True
v1__scene_fc_blocked_v01__L2__C1_NA__r04_s28104,scene_fc_blocked_v01,FC_BLOCKED,C1,,28104,0.0,False,False,True
v1__scene_fc_blocked_v01__L2__C1_NA__r05_s28105,scene_fc_blocked_v01,FC_BLOCKED,C1,,28105,0.0,False,False,True
v1__scene_fc_blocked_v01__L2__C2_D4__r01_s28101,scene_fc_blocked_v01,FC_BLOCKED,C2,D4,28101,0.0,False,False,True
v1__scene_fc_blocked_v01__L2__C2_D4__r02_s28102,scene_fc_blocked_v01,FC_BLOCKED,C2,D4,28102,0.0,False,False,True
v1__scene_fc_blocked_v01__L2__C2_D4__r03_s28103,scene_fc_blocked_v01,FC_BLOCKED,C2,D4,28103,0.0,False,False,True
v1__scene_fc_blocked_v01__L2__C2_D4__r04_s28104,scene_fc_blocked_v01,FC_BLOCKED,C2,D4,28104,0.0,False,False,True
v1__scene_fc_blocked_v01__L2__C2_D4__r05_s28105,scene_fc_blocked_v01,FC_BLOCKED,C2,D4,28105,0.0,False,False,True
v1__scene_fc_blocked_v01__L2__C2_D8__r01_s28101,scene_fc_blocked_v01,FC_BLOCKED,C2,D8,28101,0.0,False,False,True
v1__scene_fc_blocked_v01__L2__C2_D8__r02_s28102,scene_fc_blocked_v01,FC_BLOCKED,C2,D8,28102,0.0,False,False,True
v1__scene_fc_blocked_v01__L2__C2_D8__r03_s28103,scene_fc_blocked_v01,FC_BLOCKED,C2,D8,28103,0.0,False,False,True
v1__scene_fc_blocked_v01__L2__C2_D8__r04_s28104,scene_fc_blocked_v01,FC_BLOCKED,C2,D8,28104,0.0,False,True,False
v1__scene_fc_blocked_v01__L2__C2_D8__r05_s28105,scene_fc_blocked_v01,FC_BLOCKED,C2,D8,28105,0.0,False,False,True
v1__scene_fc_blocked_v01__L2__C3_D4__r01_s28101,scene_fc_blocked_v01,FC_BLOCKED,C3,D4,28101,0.0,False,False,True
v1__scene_fc_blocked_v01__L2__C3_D4__r02_s28102,scene_fc_blocked_v01,FC_BLOCKED,C3,D4,28102,0.0,False,False,True
v1__scene_fc_blocked_v01__L2__C3_D4__r03_s28103,scene_fc_blocked_v01,FC_BLOCKED,C3,D4,28103,0.0,False,False,True
v1__scene_fc_blocked_v01__L2__C3_D4__r04_s28104,scene_fc_blocked_v01,FC_BLOCKED,C3,D4,28104,0.0,False,False,True
v1__scene_fc_blocked_v01__L2__C3_D4__r05_s28105,scene_fc_blocked_v01,FC_BLOCKED,C3,D4,28105,0.0,False,False,True
v1__scene_fc_blocked_v01__L2__C3_D8__r01_s28101,scene_fc_blocked_v01,FC_BLOCKED,C3,D8,28101,0.0,False,False,True
v1__scene_fc_blocked_v01__L2__C3_D8__r02_s28102,scene_fc_blocked_v01,FC_BLOCKED,C3,D8,28102,0.0,False,False,True
v1__scene_fc_blocked_v01__L2__C3_D8__r03_s28103,scene_fc_blocked_v01,FC_BLOCKED,C3,D8,28103,0.0,False,False,True
v1__scene_fc_blocked_v01__L2__C3_D8__r04_s28104,scene_fc_blocked_v01,FC_BLOCKED,C3,D8,28104,0.0,False,False,True
v1__scene_fc_blocked_v01__L2__C3_D8__r05_s28105,scene_fc_blocked_v01,FC_BLOCKED,C3,D8,28105,0.0,False,False,True
v1__scene_fc_blocked_v01__L2__C4_D4__r01_s28101,scene_fc_blocked_v01,FC_BLOCKED,C4,D4,28101,0.0,False,False,True
v1__scene_fc_blocked_v01__L2__C4_D4__r02_s28102,scene_fc_blocked_v01,FC_BLOCKED,C4,D4,28102,0.0,False,False,True
v1__scene_fc_blocked_v01__L2__C4_D4__r03_s28103,scene_fc_blocked_v01,FC_BLOCKED,C4,D4,28103,0.0,False,False,True
v1__scene_fc_blocked_v01__L2__C4_D4__r04_s28104,scene_fc_blocked_v01,FC_BLOCKED,C4,D4,28104,0.0,False,False,True
v1__scene_fc_blocked_v01__L2__C4_D4__r05_s28105,scene_fc_blocked_v01,FC_BLOCKED,C4,D4,28105,0.0,False,False,True
v1__scene_fc_blocked_v01__L2__C4_D8__r01_s28101,scene_fc_blocked_v01,FC_BLOCKED,C4,D8,28101,0.0,False,False,True
v1__scene_fc_blocked_v01__L2__C4_D8__r02_s28102,scene_fc_blocked_v01,FC_BLOCKED,C4,D8,28102,0.0,False,False,True
v1__scene_fc_blocked_v01__L2__C4_D8__r03_s28103,scene_fc_blocked_v01,FC_BLOCKED,C4,D8,28103,0.0,False,False,True
v1__scene_fc_blocked_v01__L2__C4_D8__r04_s28104,scene_fc_blocked_v01,FC_BLOCKED,C4,D8,28104,0.0,False,False,True
v1__scene_fc_blocked_v01__L2__C4_D8__r05_s28105,scene_fc_blocked_v01,FC_BLOCKED,C4,D8,28105,0.0,False,False,True
v1__scene_fc_blocked_v01__L2__C5_D4__r01_s28101,scene_fc_blocked_v01,FC_BLOCKED,C5,D4,28101,0.0,False,False,True
v1__scene_fc_blocked_v01__L2__C5_D4__r02_s28102,scene_fc_blocked_v01,FC_BLOCKED,C5,D4,28102,0.0,False,False,True
v1__scene_fc_blocked_v01__L2__C5_D4__r03_s28103,scene_fc_blocked_v01,FC_BLOCKED,C5,D4,28103,0.0,False,False,True
v1__scene_fc_blocked_v01__L2__C5_D4__r04_s28104,scene_fc_blocked_v01,FC_BLOCKED,C5,D4,28104,0.0,False,False,True
v1__scene_fc_blocked_v01__L2__C5_D4__r05_s28105,scene_fc_blocked_v01,FC_BLOCKED,C5,D4,28105,0.0,False,False,True
v1__scene_fc_blocked_v01__L2__C5_D8__r01_s28101,scene_fc_blocked_v01,FC_BLOCKED,C5,D8,28101,0.0,False,False,True
v1__scene_fc_blocked_v01__L2__C5_D8__r02_s28102,scene_fc_blocked_v01,FC_BLOCKED,C5,D8,28102,0.0,False,False,True
v1__scene_fc_blocked_v01__L2__C5_D8__r03_s28103,scene_fc_blocked_v01,FC_BLOCKED,C5,D8,28103,0.0,False,False,True
v1__scene_fc_blocked_v01__L2__C5_D8__r04_s28104,scene_fc_blocked_v01,FC_BLOCKED,C5,D8,28104,0.0,False,False,True
v1__scene_fc_blocked_v01__L2__C5_D8__r05_s28105,scene_fc_blocked_v01,FC_BLOCKED,C5,D8,28105,0.0,False,False,True
v1__scene_fc_blocked_v01__L2__C6_D4__r01_s28101,scene_fc_blocked_v01,FC_BLOCKED,C6,D4,28101,0.0,False,False,True
v1__scene_fc_blocked_v01__L2__C6_D4__r02_s28102,scene_fc_blocked_v01,FC_BLOCKED,C6,D4,28102,0.0,False,False,True
v1__scene_fc_blocked_v01__L2__C6_D4__r03_s28103,scene_fc_blocked_v01,FC_BLOCKED,C6,D4,28103,0.0,False,False,True
v1__scene_fc_blocked_v01__L2__C6_D4__r04_s28104,scene_fc_blocked_v01,FC_BLOCKED,C6,D4,28104,0.0,False,False,True
v1__scene_fc_blocked_v01__L2__C6_D4__r05_s28105,scene_fc_blocked_v01,FC_BLOCKED,C6,D4,28105,0.0,False,False,True
v1__scene_fc_blocked_v01__L2__C6_D8__r01_s28101,scene_fc_blocked_v01,FC_BLOCKED,C6,D8,28101,0.0,False,False,True
v1__scene_fc_blocked_v01__L2__C6_D8__r02_s28102,scene_fc_blocked_v01,FC_BLOCKED,C6,D8,28102,0.0,False,False,True
v1__scene_fc_blocked_v01__L2__C6_D8__r03_s28103,scene_fc_blocked_v01,FC_BLOCKED,C6,D8,28103,0.0,False,False,True
v1__scene_fc_blocked_v01__L2__C6_D8__r04_s28104,scene_fc_blocked_v01,FC_BLOCKED,C6,D8,28104,0.0,False,False,True
v1__scene_fc_blocked_v01__L2__C6_D8__r05_s28105,scene_fc_blocked_v01,FC_BLOCKED,C6,D8,28105,0.0,False,False,True
v1__scene_fc_blocked_v02__L2__C0_NA__r01_s28101,scene_fc_blocked_v02,FC_BLOCKED,C0,,28101,0.0,False,False,True
v1__scene_fc_blocked_v02__L2__C0_NA__r02_s28102,scene_fc_blocked_v02,FC_BLOCKED,C0,,28102,0.0,False,False,True
v1__scene_fc_blocked_v02__L2__C0_NA__r03_s28103,scene_fc_blocked_v02,FC_BLOCKED,C0,,28103,0.0,False,False,True
v1__scene_fc_blocked_v02__L2__C0_NA__r04_s28104,scene_fc_blocked_v02,FC_BLOCKED,C0,,28104,0.0,False,False,True
v1__scene_fc_blocked_v02__L2__C0_NA__r05_s28105,scene_fc_blocked_v02,FC_BLOCKED,C0,,28105,0.0,False,False,True
v1__scene_fc_blocked_v02__L2__C1_NA__r01_s28101,scene_fc_blocked_v02,FC_BLOCKED,C1,,28101,0.0,False,False,True
v1__scene_fc_blocked_v02__L2__C1_NA__r02_s28102,scene_fc_blocked_v02,FC_BLOCKED,C1,,28102,0.0,False,False,True
v1__scene_fc_blocked_v02__L2__C1_NA__r03_s28103,scene_fc_blocked_v02,FC_BLOCKED,C1,,28103,0.0,False,False,True
v1__scene_fc_blocked_v02__L2__C1_NA__r04_s28104,scene_fc_blocked_v02,FC_BLOCKED,C1,,28104,0.0,False,False,True
v1__scene_fc_blocked_v02__L2__C1_NA__r05_s28105,scene_fc_blocked_v02,FC_BLOCKED,C1,,28105,0.0,False,False,True
v1__scene_fc_blocked_v02__L2__C2_D4__r01_s28101,scene_fc_blocked_v02,FC_BLOCKED,C2,D4,28101,0.0,False,False,True
v1__scene_fc_blocked_v02__L2__C2_D4__r02_s28102,scene_fc_blocked_v02,FC_BLOCKED,C2,D4,28102,0.0,False,False,True
v1__scene_fc_blocked_v02__L2__C2_D4__r03_s28103,scene_fc_blocked_v02,FC_BLOCKED,C2,D4,28103,0.0,False,False,True
v1__scene_fc_blocked_v02__L2__C2_D4__r04_s28104,scene_fc_blocked_v02,FC_BLOCKED,C2,D4,28104,0.0,False,False,True
v1__scene_fc_blocked_v02__L2__C2_D4__r05_s28105,scene_fc_blocked_v02,FC_BLOCKED,C2,D4,28105,0.0,False,False,True
v1__scene_fc_blocked_v02__L2__C2_D8__r01_s28101,scene_fc_blocked_v02,FC_BLOCKED,C2,D8,28101,0.0,False,False,True
v1__scene_fc_blocked_v02__L2__C2_D8__r02_s28102,scene_fc_blocked_v02,FC_BLOCKED,C2,D8,28102,0.0,False,False,True
v1__scene_fc_blocked_v02__L2__C2_D8__r03_s28103,scene_fc_blocked_v02,FC_BLOCKED,C2,D8,28103,0.0,False,False,True
v1__scene_fc_blocked_v02__L2__C2_D8__r04_s28104,scene_fc_blocked_v02,FC_BLOCKED,C2,D8,28104,0.0,False,False,True
v1__scene_fc_blocked_v02__L2__C2_D8__r05_s28105,scene_fc_blocked_v02,FC_BLOCKED,C2,D8,28105,0.0,False,False,True
v1__scene_fc_blocked_v02__L2__C3_D4__r01_s28101,scene_fc_blocked_v02,FC_BLOCKED,C3,D4,28101,0.0,False,False,True
v1__scene_fc_blocked_v02__L2__C3_D4__r02_s28102,scene_fc_blocked_v02,FC_BLOCKED,C3,D4,28102,0.0,False,False,True
v1__scene_fc_blocked_v02__L2__C3_D4__r03_s28103,scene_fc_blocked_v02,FC_BLOCKED,C3,D4,28103,0.0,False,False,True
v1__scene_fc_blocked_v02__L2__C3_D4__r04_s28104,scene_fc_blocked_v02,FC_BLOCKED,C3,D4,28104,0.0,False,False,True
v1__scene_fc_blocked_v02__L2__C3_D4__r05_s28105,scene_fc_blocked_v02,FC_BLOCKED,C3,D4,28105,0.0,False,False,True
v1__scene_fc_blocked_v02__L2__C3_D8__r01_s28101,scene_fc_blocked_v02,FC_BLOCKED,C3,D8,28101,0.0,False,False,True
v1__scene_fc_blocked_v02__L2__C3_D8__r02_s28102,scene_fc_blocked_v02,FC_BLOCKED,C3,D8,28102,0.0,False,False,True
v1__scene_fc_blocked_v02__L2__C3_D8__r03_s28103,scene_fc_blocked_v02,FC_BLOCKED,C3,D8,28103,0.0,False,False,True
v1__scene_fc_blocked_v02__L2__C3_D8__r04_s28104,scene_fc_blocked_v02,FC_BLOCKED,C3,D8,28104,0.0,False,False,True
v1__scene_fc_blocked_v02__L2__C3_D8__r05_s28105,scene_fc_blocked_v02,FC_BLOCKED,C3,D8,28105,0.0,False,False,True
v1__scene_fc_blocked_v02__L2__C4_D4__r01_s28101,scene_fc_blocked_v02,FC_BLOCKED,C4,D4,28101,0.0,False,False,True
v1__scene_fc_blocked_v02__L2__C4_D4__r02_s28102,scene_fc_blocked_v02,FC_BLOCKED,C4,D4,28102,0.0,False,False,True
v1__scene_fc_blocked_v02__L2__C4_D4__r03_s28103,scene_fc_blocked_v02,FC_BLOCKED,C4,D4,28103,0.0,False,False,True
v1__scene_fc_blocked_v02__L2__C4_D4__r04_s28104,scene_fc_blocked_v02,FC_BLOCKED,C4,D4,28104,0.0,False,False,True
v1__scene_fc_blocked_v02__L2__C4_D4__r05_s28105,scene_fc_blocked_v02,FC_BLOCKED,C4,D4,28105,0.0,False,False,True
v1__scene_fc_blocked_v02__L2__C4_D8__r01_s28101,scene_fc_blocked_v02,FC_BLOCKED,C4,D8,28101,0.0,False,False,True
v1__scene_fc_blocked_v02__L2__C4_D8__r02_s28102,scene_fc_blocked_v02,FC_BLOCKED,C4,D8,28102,0.0,False,False,True
v1__scene_fc_blocked_v02__L2__C4_D8__r03_s28103,scene_fc_blocked_v02,FC_BLOCKED,C4,D8,28103,0.0,False,False,True
v1__scene_fc_blocked_v02__L2__C4_D8__r04_s28104,scene_fc_blocked_v02,FC_BLOCKED,C4,D8,28104,0.0,False,False,True
v1__scene_fc_blocked_v02__L2__C4_D8__r05_s28105,scene_fc_blocked_v02,FC_BLOCKED,C4,D8,28105,0.0,False,False,True
v1__scene_fc_blocked_v02__L2__C5_D4__r01_s28101,scene_fc_blocked_v02,FC_BLOCKED,C5,D4,28101,0.0,False,False,True
v1__scene_fc_blocked_v02__L2__C5_D4__r02_s28102,scene_fc_blocked_v02,FC_BLOCKED,C5,D4,28102,0.0,False,False,True
v1__scene_fc_blocked_v02__L2__C5_D4__r03_s28103,scene_fc_blocked_v02,FC_BLOCKED,C5,D4,28103,0.0,False,False,True
v1__scene_fc_blocked_v02__L2__C5_D4__r04_s28104,scene_fc_blocked_v02,FC_BLOCKED,C5,D4,28104,0.0,False,False,True
v1__scene_fc_blocked_v02__L2__C5_D4__r05_s28105,scene_fc_blocked_v02,FC_BLOCKED,C5,D4,28105,0.0,False,False,True
v1__scene_fc_blocked_v02__L2__C5_D8__r01_s28101,scene_fc_blocked_v02,FC_BLOCKED,C5,D8,28101,0.0,False,False,True
v1__scene_fc_blocked_v02__L2__C5_D8__r02_s28102,scene_fc_blocked_v02,FC_BLOCKED,C5,D8,28102,0.0,False,False,True
v1__scene_fc_blocked_v02__L2__C5_D8__r03_s28103,scene_fc_blocked_v02,FC_BLOCKED,C5,D8,28103,0.0,False,False,True
v1__scene_fc_blocked_v02__L2__C5_D8__r04_s28104,scene_fc_blocked_v02,FC_BLOCKED,C5,D8,28104,0.0,False,False,True
v1__scene_fc_blocked_v02__L2__C5_D8__r05_s28105,scene_fc_blocked_v02,FC_BLOCKED,C5,D8,28105,0.0,False,False,True
v1__scene_fc_blocked_v02__L2__C6_D4__r01_s28101,scene_fc_blocked_v02,FC_BLOCKED,C6,D4,28101,0.0,False,False,True
v1__scene_fc_blocked_v02__L2__C6_D4__r02_s28102,scene_fc_blocked_v02,FC_BLOCKED,C6,D4,28102,0.0,False,False,True
v1__scene_fc_blocked_v02__L2__C6_D4__r03_s28103,scene_fc_blocked_v02,FC_BLOCKED,C6,D4,28103,0.0,False,False,True
v1__scene_fc_blocked_v02__L2__C6_D4__r04_s28104,scene_fc_blocked_v02,FC_BLOCKED,C6,D4,28104,0.0,False,False,True
v1__scene_fc_blocked_v02__L2__C6_D4__r05_s28105,scene_fc_blocked_v02,FC_BLOCKED,C6,D4,28105,0.0,False,False,True
v1__scene_fc_blocked_v02__L2__C6_D8__r01_s28101,scene_fc_blocked_v02,FC_BLOCKED,C6,D8,28101,0.0,False,False,True
v1__scene_fc_blocked_v02__L2__C6_D8__r02_s28102,scene_fc_blocked_v02,FC_BLOCKED,C6,D8,28102,0.0,False,False,True
v1__scene_fc_blocked_v02__L2__C6_D8__r03_s28103,scene_fc_blocked_v02,FC_BLOCKED,C6,D8,28103,0.0,False,False,True
v1__scene_fc_blocked_v02__L2__C6_D8__r04_s28104,scene_fc_blocked_v02,FC_BLOCKED,C6,D8,28104,0.0,False,False,True
v1__scene_fc_blocked_v02__L2__C6_D8__r05_s28105,scene_fc_blocked_v02,FC_BLOCKED,C6,D8,28105,0.0,False,False,True
v1__scene_fc_blocked_v03__L2__C0_NA__r01_s28101,scene_fc_blocked_v03,FC_BLOCKED,C0,,28101,0.0,False,False,True
v1__scene_fc_blocked_v03__L2__C0_NA__r02_s28102,scene_fc_blocked_v03,FC_BLOCKED,C0,,28102,0.0,False,False,True
v1__scene_fc_blocked_v03__L2__C0_NA__r03_s28103,scene_fc_blocked_v03,FC_BLOCKED,C0,,28103,0.0,False,False,True
v1__scene_fc_blocked_v03__L2__C0_NA__r04_s28104,scene_fc_blocked_v03,FC_BLOCKED,C0,,28104,0.0,False,False,True
v1__scene_fc_blocked_v03__L2__C0_NA__r05_s28105,scene_fc_blocked_v03,FC_BLOCKED,C0,,28105,0.0,False,False,True
v1__scene_fc_blocked_v03__L2__C1_NA__r01_s28101,scene_fc_blocked_v03,FC_BLOCKED,C1,,28101,0.0,False,False,True
v1__scene_fc_blocked_v03__L2__C1_NA__r02_s28102,scene_fc_blocked_v03,FC_BLOCKED,C1,,28102,0.0,False,False,True
v1__scene_fc_blocked_v03__L2__C1_NA__r03_s28103,scene_fc_blocked_v03,FC_BLOCKED,C1,,28103,0.0,False,False,True
v1__scene_fc_blocked_v03__L2__C1_NA__r04_s28104,scene_fc_blocked_v03,FC_BLOCKED,C1,,28104,0.0,False,False,True
v1__scene_fc_blocked_v03__L2__C1_NA__r05_s28105,scene_fc_blocked_v03,FC_BLOCKED,C1,,28105,0.0,False,False,True
v1__scene_fc_blocked_v03__L2__C2_D4__r01_s28101,scene_fc_blocked_v03,FC_BLOCKED,C2,D4,28101,0.0,False,False,True
v1__scene_fc_blocked_v03__L2__C2_D4__r02_s28102,scene_fc_blocked_v03,FC_BLOCKED,C2,D4,28102,0.0,False,False,True
v1__scene_fc_blocked_v03__L2__C2_D4__r03_s28103,scene_fc_blocked_v03,FC_BLOCKED,C2,D4,28103,0.0,False,False,True
v1__scene_fc_blocked_v03__L2__C2_D4__r04_s28104,scene_fc_blocked_v03,FC_BLOCKED,C2,D4,28104,0.0,False,False,True
v1__scene_fc_blocked_v03__L2__C2_D4__r05_s28105,scene_fc_blocked_v03,FC_BLOCKED,C2,D4,28105,0.0,False,False,True
v1__scene_fc_blocked_v03__L2__C2_D8__r01_s28101,scene_fc_blocked_v03,FC_BLOCKED,C2,D8,28101,0.0,False,False,True
v1__scene_fc_blocked_v03__L2__C2_D8__r02_s28102,scene_fc_blocked_v03,FC_BLOCKED,C2,D8,28102,0.0,False,False,True
v1__scene_fc_blocked_v03__L2__C2_D8__r03_s28103,scene_fc_blocked_v03,FC_BLOCKED,C2,D8,28103,0.0,False,False,True
v1__scene_fc_blocked_v03__L2__C2_D8__r04_s28104,scene_fc_blocked_v03,FC_BLOCKED,C2,D8,28104,0.0,False,False,True
v1__scene_fc_blocked_v03__L2__C2_D8__r05_s28105,scene_fc_blocked_v03,FC_BLOCKED,C2,D8,28105,0.0,False,False,True
v1__scene_fc_blocked_v03__L2__C3_D4__r01_s28101,scene_fc_blocked_v03,FC_BLOCKED,C3,D4,28101,0.0,False,False,True
v1__scene_fc_blocked_v03__L2__C3_D4__r02_s28102,scene_fc_blocked_v03,FC_BLOCKED,C3,D4,28102,0.0,False,False,True
v1__scene_fc_blocked_v03__L2__C3_D4__r03_s28103,scene_fc_blocked_v03,FC_BLOCKED,C3,D4,28103,0.0,False,False,True
v1__scene_fc_blocked_v03__L2__C3_D4__r04_s28104,scene_fc_blocked_v03,FC_BLOCKED,C3,D4,28104,0.0,False,False,True
v1__scene_fc_blocked_v03__L2__C3_D4__r05_s28105,scene_fc_blocked_v03,FC_BLOCKED,C3,D4,28105,0.0,False,False,True
v1__scene_fc_blocked_v03__L2__C3_D8__r01_s28101,scene_fc_blocked_v03,FC_BLOCKED,C3,D8,28101,0.0,False,False,True
v1__scene_fc_blocked_v03__L2__C3_D8__r02_s28102,scene_fc_blocked_v03,FC_BLOCKED,C3,D8,28102,0.0,False,False,True
v1__scene_fc_blocked_v03__L2__C3_D8__r03_s28103,scene_fc_blocked_v03,FC_BLOCKED,C3,D8,28103,0.0,False,False,True
v1__scene_fc_blocked_v03__L2__C3_D8__r04_s28104,scene_fc_blocked_v03,FC_BLOCKED,C3,D8,28104,0.0,False,False,True
v1__scene_fc_blocked_v03__L2__C3_D8__r05_s28105,scene_fc_blocked_v03,FC_BLOCKED,C3,D8,28105,0.0,False,False,True
v1__scene_fc_blocked_v03__L2__C4_D4__r01_s28101,scene_fc_blocked_v03,FC_BLOCKED,C4,D4,28101,0.0,False,False,True
v1__scene_fc_blocked_v03__L2__C4_D4__r02_s28102,scene_fc_blocked_v03,FC_BLOCKED,C4,D4,28102,0.0,False,False,True
v1__scene_fc_blocked_v03__L2__C4_D4__r03_s28103,scene_fc_blocked_v03,FC_BLOCKED,C4,D4,28103,0.0,False,False,True
v1__scene_fc_blocked_v03__L2__C4_D4__r04_s28104,scene_fc_blocked_v03,FC_BLOCKED,C4,D4,28104,0.0,False,False,True
v1__scene_fc_blocked_v03__L2__C4_D4__r05_s28105,scene_fc_blocked_v03,FC_BLOCKED,C4,D4,28105,0.0,False,False,True
v1__scene_fc_blocked_v03__L2__C4_D8__r01_s28101,scene_fc_blocked_v03,FC_BLOCKED,C4,D8,28101,0.0,False,False,True
v1__scene_fc_blocked_v03__L2__C4_D8__r02_s28102,scene_fc_blocked_v03,FC_BLOCKED,C4,D8,28102,0.0,False,False,True
v1__scene_fc_blocked_v03__L2__C4_D8__r03_s28103,scene_fc_blocked_v03,FC_BLOCKED,C4,D8,28103,0.0,False,False,True
v1__scene_fc_blocked_v03__L2__C4_D8__r04_s28104,scene_fc_blocked_v03,FC_BLOCKED,C4,D8,28104,0.0,False,False,True
v1__scene_fc_blocked_v03__L2__C4_D8__r05_s28105,scene_fc_blocked_v03,FC_BLOCKED,C4,D8,28105,0.0,False,False,True
v1__scene_fc_blocked_v03__L2__C5_D4__r01_s28101,scene_fc_blocked_v03,FC_BLOCKED,C5,D4,28101,0.0,False,False,True
v1__scene_fc_blocked_v03__L2__C5_D4__r02_s28102,scene_fc_blocked_v03,FC_BLOCKED,C5,D4,28102,0.0,False,False,True
v1__scene_fc_blocked_v03__L2__C5_D4__r03_s28103,scene_fc_blocked_v03,FC_BLOCKED,C5,D4,28103,0.0,False,False,True
v1__scene_fc_blocked_v03__L2__C5_D4__r04_s28104,scene_fc_blocked_v03,FC_BLOCKED,C5,D4,28104,0.0,False,False,True
v1__scene_fc_blocked_v03__L2__C5_D4__r05_s28105,scene_fc_blocked_v03,FC_BLOCKED,C5,D4,28105,0.0,False,False,True
v1__scene_fc_blocked_v03__L2__C5_D8__r01_s28101,scene_fc_blocked_v03,FC_BLOCKED,C5,D8,28101,0.0,False,False,True
v1__scene_fc_blocked_v03__L2__C5_D8__r02_s28102,scene_fc_blocked_v03,FC_BLOCKED,C5,D8,28102,0.0,False,False,True
v1__scene_fc_blocked_v03__L2__C5_D8__r03_s28103,scene_fc_blocked_v03,FC_BLOCKED,C5,D8,28103,0.0,False,False,True
v1__scene_fc_blocked_v03__L2__C5_D8__r04_s28104,scene_fc_blocked_v03,FC_BLOCKED,C5,D8,28104,0.0,False,False,True
v1__scene_fc_blocked_v03__L2__C5_D8__r05_s28105,scene_fc_blocked_v03,FC_BLOCKED,C5,D8,28105,0.0,False,False,True
v1__scene_fc_blocked_v03__L2__C6_D4__r01_s28101,scene_fc_blocked_v03,FC_BLOCKED,C6,D4,28101,0.0,False,False,True
v1__scene_fc_blocked_v03__L2__C6_D4__r02_s28102,scene_fc_blocked_v03,FC_BLOCKED,C6,D4,28102,0.0,False,False,True
v1__scene_fc_blocked_v03__L2__C6_D4__r03_s28103,scene_fc_blocked_v03,FC_BLOCKED,C6,D4,28103,0.0,False,False,True
v1__scene_fc_blocked_v03__L2__C6_D4__r04_s28104,scene_fc_blocked_v03,FC_BLOCKED,C6,D4,28104,0.0,False,False,True
v1__scene_fc_blocked_v03__L2__C6_D4__r05_s28105,scene_fc_blocked_v03,FC_BLOCKED,C6,D4,28105,0.0,False,False,True
v1__scene_fc_blocked_v03__L2__C6_D8__r01_s28101,scene_fc_blocked_v03,FC_BLOCKED,C6,D8,28101,0.0,False,False,True
v1__scene_fc_blocked_v03__L2__C6_D8__r02_s28102,scene_fc_blocked_v03,FC_BLOCKED,C6,D8,28102,0.0,False,False,True
v1__scene_fc_blocked_v03__L2__C6_D8__r03_s28103,scene_fc_blocked_v03,FC_BLOCKED,C6,D8,28103,0.0,False,False,True
v1__scene_fc_blocked_v03__L2__C6_D8__r04_s28104,scene_fc_blocked_v03,FC_BLOCKED,C6,D8,28104,0.0,False,False,True
v1__scene_fc_blocked_v03__L2__C6_D8__r05_s28105,scene_fc_blocked_v03,FC_BLOCKED,C6,D8,28105,0.0,False,False,True
v1__scene_fc_blocked_v04__L2__C0_NA__r01_s28101,scene_fc_blocked_v04,FC_BLOCKED,C0,,28101,0.0,False,False,True
v1__scene_fc_blocked_v04__L2__C0_NA__r02_s28102,scene_fc_blocked_v04,FC_BLOCKED,C0,,28102,0.0,False,False,True
v1__scene_fc_blocked_v04__L2__C0_NA__r03_s28103,scene_fc_blocked_v04,FC_BLOCKED,C0,,28103,0.0,False,False,True
v1__scene_fc_blocked_v04__L2__C0_NA__r04_s28104,scene_fc_blocked_v04,FC_BLOCKED,C0,,28104,0.0,False,False,True
v1__scene_fc_blocked_v04__L2__C0_NA__r05_s28105,scene_fc_blocked_v04,FC_BLOCKED,C0,,28105,0.0,False,False,True
v1__scene_fc_blocked_v04__L2__C1_NA__r01_s28101,scene_fc_blocked_v04,FC_BLOCKED,C1,,28101,0.0,False,False,True
v1__scene_fc_blocked_v04__L2__C1_NA__r02_s28102,scene_fc_blocked_v04,FC_BLOCKED,C1,,28102,0.0,False,False,True
v1__scene_fc_blocked_v04__L2__C1_NA__r03_s28103,scene_fc_blocked_v04,FC_BLOCKED,C1,,28103,0.0,False,False,True
v1__scene_fc_blocked_v04__L2__C1_NA__r04_s28104,scene_fc_blocked_v04,FC_BLOCKED,C1,,28104,0.0,False,False,True
v1__scene_fc_blocked_v04__L2__C1_NA__r05_s28105,scene_fc_blocked_v04,FC_BLOCKED,C1,,28105,0.0,False,False,True
v1__scene_fc_blocked_v04__L2__C2_D4__r01_s28101,scene_fc_blocked_v04,FC_BLOCKED,C2,D4,28101,0.0,False,False,True
v1__scene_fc_blocked_v04__L2__C2_D4__r02_s28102,scene_fc_blocked_v04,FC_BLOCKED,C2,D4,28102,0.0,False,False,True
v1__scene_fc_blocked_v04__L2__C2_D4__r03_s28103,scene_fc_blocked_v04,FC_BLOCKED,C2,D4,28103,0.0,False,False,True
v1__scene_fc_blocked_v04__L2__C2_D4__r04_s28104,scene_fc_blocked_v04,FC_BLOCKED,C2,D4,28104,0.0,False,False,True
v1__scene_fc_blocked_v04__L2__C2_D4__r05_s28105,scene_fc_blocked_v04,FC_BLOCKED,C2,D4,28105,0.0,False,False,True
v1__scene_fc_blocked_v04__L2__C2_D8__r01_s28101,scene_fc_blocked_v04,FC_BLOCKED,C2,D8,28101,0.0,False,False,True
v1__scene_fc_blocked_v04__L2__C2_D8__r02_s28102,scene_fc_blocked_v04,FC_BLOCKED,C2,D8,28102,0.0,False,False,True
v1__scene_fc_blocked_v04__L2__C2_D8__r03_s28103,scene_fc_blocked_v04,FC_BLOCKED,C2,D8,28103,0.0,False,False,True
v1__scene_fc_blocked_v04__L2__C2_D8__r04_s28104,scene_fc_blocked_v04,FC_BLOCKED,C2,D8,28104,0.0,False,False,True
v1__scene_fc_blocked_v04__L2__C2_D8__r05_s28105,scene_fc_blocked_v04,FC_BLOCKED,C2,D8,28105,0.0,False,False,True
v1__scene_fc_blocked_v04__L2__C3_D4__r01_s28101,scene_fc_blocked_v04,FC_BLOCKED,C3,D4,28101,0.0,False,False,True
v1__scene_fc_blocked_v04__L2__C3_D4__r02_s28102,scene_fc_blocked_v04,FC_BLOCKED,C3,D4,28102,0.0,False,False,True
v1__scene_fc_blocked_v04__L2__C3_D4__r03_s28103,scene_fc_blocked_v04,FC_BLOCKED,C3,D4,28103,0.0,False,False,True
v1__scene_fc_blocked_v04__L2__C3_D4__r04_s28104,scene_fc_blocked_v04,FC_BLOCKED,C3,D4,28104,0.0,False,False,True
v1__scene_fc_blocked_v04__L2__C3_D4__r05_s28105,scene_fc_blocked_v04,FC_BLOCKED,C3,D4,28105,0.0,False,False,True
v1__scene_fc_blocked_v04__L2__C3_D8__r01_s28101,scene_fc_blocked_v04,FC_BLOCKED,C3,D8,28101,0.0,False,False,True
v1__scene_fc_blocked_v04__L2__C3_D8__r02_s28102,scene_fc_blocked_v04,FC_BLOCKED,C3,D8,28102,0.0,False,False,True
v1__scene_fc_blocked_v04__L2__C3_D8__r03_s28103,scene_fc_blocked_v04,FC_BLOCKED,C3,D8,28103,0.0,False,False,True
v1__scene_fc_blocked_v04__L2__C3_D8__r04_s28104,scene_fc_blocked_v04,FC_BLOCKED,C3,D8,28104,0.0,False,False,True
v1__scene_fc_blocked_v04__L2__C3_D8__r05_s28105,scene_fc_blocked_v04,FC_BLOCKED,C3,D8,28105,0.0,False,False,True
v1__scene_fc_blocked_v04__L2__C4_D4__r01_s28101,scene_fc_blocked_v04,FC_BLOCKED,C4,D4,28101,0.0,False,False,True
v1__scene_fc_blocked_v04__L2__C4_D4__r02_s28102,scene_fc_blocked_v04,FC_BLOCKED,C4,D4,28102,0.0,False,False,True
v1__scene_fc_blocked_v04__L2__C4_D4__r03_s28103,scene_fc_blocked_v04,FC_BLOCKED,C4,D4,28103,0.0,False,False,True
v1__scene_fc_blocked_v04__L2__C4_D4__r04_s28104,scene_fc_blocked_v04,FC_BLOCKED,C4,D4,28104,0.0,False,False,True
v1__scene_fc_blocked_v04__L2__C4_D4__r05_s28105,scene_fc_blocked_v04,FC_BLOCKED,C4,D4,28105,0.0,False,False,True
v1__scene_fc_blocked_v04__L2__C4_D8__r01_s28101,scene_fc_blocked_v04,FC_BLOCKED,C4,D8,28101,0.0,False,False,True
v1__scene_fc_blocked_v04__L2__C4_D8__r02_s28102,scene_fc_blocked_v04,FC_BLOCKED,C4,D8,28102,0.0,False,False,True
v1__scene_fc_blocked_v04__L2__C4_D8__r03_s28103,scene_fc_blocked_v04,FC_BLOCKED,C4,D8,28103,0.0,False,False,True
v1__scene_fc_blocked_v04__L2__C4_D8__r04_s28104,scene_fc_blocked_v04,FC_BLOCKED,C4,D8,28104,0.0,False,False,True
v1__scene_fc_blocked_v04__L2__C4_D8__r05_s28105,scene_fc_blocked_v04,FC_BLOCKED,C4,D8,28105,0.0,False,False,True
v1__scene_fc_blocked_v04__L2__C5_D4__r01_s28101,scene_fc_blocked_v04,FC_BLOCKED,C5,D4,28101,0.0,False,False,True
v1__scene_fc_blocked_v04__L2__C5_D4__r02_s28102,scene_fc_blocked_v04,FC_BLOCKED,C5,D4,28102,0.0,False,False,True
v1__scene_fc_blocked_v04__L2__C5_D4__r03_s28103,scene_fc_blocked_v04,FC_BLOCKED,C5,D4,28103,0.0,False,False,True
v1__scene_fc_blocked_v04__L2__C5_D4__r04_s28104,scene_fc_blocked_v04,FC_BLOCKED,C5,D4,28104,0.0,False,False,True
v1__scene_fc_blocked_v04__L2__C5_D4__r05_s28105,scene_fc_blocked_v04,FC_BLOCKED,C5,D4,28105,0.0,False,False,True
v1__scene_fc_blocked_v04__L2__C5_D8__r01_s28101,scene_fc_blocked_v04,FC_BLOCKED,C5,D8,28101,0.0,False,False,True
v1__scene_fc_blocked_v04__L2__C5_D8__r02_s28102,scene_fc_blocked_v04,FC_BLOCKED,C5,D8,28102,0.0,False,False,True
v1__scene_fc_blocked_v04__L2__C5_D8__r03_s28103,scene_fc_blocked_v04,FC_BLOCKED,C5,D8,28103,0.0,False,False,True
v1__scene_fc_blocked_v04__L2__C5_D8__r04_s28104,scene_fc_blocked_v04,FC_BLOCKED,C5,D8,28104,0.0,False,False,True
v1__scene_fc_blocked_v04__L2__C5_D8__r05_s28105,scene_fc_blocked_v04,FC_BLOCKED,C5,D8,28105,0.0,False,False,True
v1__scene_fc_blocked_v04__L2__C6_D4__r01_s28101,scene_fc_blocked_v04,FC_BLOCKED,C6,D4,28101,0.0,False,False,True
v1__scene_fc_blocked_v04__L2__C6_D4__r02_s28102,scene_fc_blocked_v04,FC_BLOCKED,C6,D4,28102,0.0,False,False,True
v1__scene_fc_blocked_v04__L2__C6_D4__r03_s28103,scene_fc_blocked_v04,FC_BLOCKED,C6,D4,28103,0.0,False,False,True
v1__scene_fc_blocked_v04__L2__C6_D4__r04_s28104,scene_fc_blocked_v04,FC_BLOCKED,C6,D4,28104,0.0,False,False,True
v1__scene_fc_blocked_v04__L2__C6_D4__r05_s28105,scene_fc_blocked_v04,FC_BLOCKED,C6,D4,28105,0.0,False,False,True
v1__scene_fc_blocked_v04__L2__C6_D8__r01_s28101,scene_fc_blocked_v04,FC_BLOCKED,C6,D8,28101,0.0,False,False,True
v1__scene_fc_blocked_v04__L2__C6_D8__r02_s28102,scene_fc_blocked_v04,FC_BLOCKED,C6,D8,28102,0.0,False,False,True
v1__scene_fc_blocked_v04__L2__C6_D8__r03_s28103,scene_fc_blocked_v04,FC_BLOCKED,C6,D8,28103,0.0,False,False,True
v1__scene_fc_blocked_v04__L2__C6_D8__r04_s28104,scene_fc_blocked_v04,FC_BLOCKED,C6,D8,28104,0.0,False,False,True
v1__scene_fc_blocked_v04__L2__C6_D8__r05_s28105,scene_fc_blocked_v04,FC_BLOCKED,C6,D8,28105,0.0,False,False,True
v1__scene_fc_blocked_v05__L2__C0_NA__r01_s28101,scene_fc_blocked_v05,FC_BLOCKED,C0,,28101,0.004170287,False,False,True
v1__scene_fc_blocked_v05__L2__C0_NA__r02_s28102,scene_fc_blocked_v05,FC_BLOCKED,C0,,28102,0.004170287,False,False,True
v1__scene_fc_blocked_v05__L2__C0_NA__r03_s28103,scene_fc_blocked_v05,FC_BLOCKED,C0,,28103,0.004170287,False,False,True
v1__scene_fc_blocked_v05__L2__C0_NA__r04_s28104,scene_fc_blocked_v05,FC_BLOCKED,C0,,28104,0.004170287,False,False,True
v1__scene_fc_blocked_v05__L2__C0_NA__r05_s28105,scene_fc_blocked_v05,FC_BLOCKED,C0,,28105,0.004170287,False,False,True
v1__scene_fc_blocked_v05__L2__C1_NA__r01_s28101,scene_fc_blocked_v05,FC_BLOCKED,C1,,28101,0.004170287,False,True,False
v1__scene_fc_blocked_v05__L2__C1_NA__r02_s28102,scene_fc_blocked_v05,FC_BLOCKED,C1,,28102,0.004170287,False,False,True
v1__scene_fc_blocked_v05__L2__C1_NA__r03_s28103,scene_fc_blocked_v05,FC_BLOCKED,C1,,28103,0.004170287,False,False,True
v1__scene_fc_blocked_v05__L2__C1_NA__r04_s28104,scene_fc_blocked_v05,FC_BLOCKED,C1,,28104,0.004170287,False,True,False
v1__scene_fc_blocked_v05__L2__C1_NA__r05_s28105,scene_fc_blocked_v05,FC_BLOCKED,C1,,28105,0.004170287,False,False,True
v1__scene_fc_blocked_v05__L2__C2_D4__r01_s28101,scene_fc_blocked_v05,FC_BLOCKED,C2,D4,28101,0.004170287,False,False,True
v1__scene_fc_blocked_v05__L2__C2_D4__r02_s28102,scene_fc_blocked_v05,FC_BLOCKED,C2,D4,28102,0.004170287,False,False,True
v1__scene_fc_blocked_v05__L2__C2_D4__r03_s28103,scene_fc_blocked_v05,FC_BLOCKED,C2,D4,28103,0.004170287,False,False,True
v1__scene_fc_blocked_v05__L2__C2_D4__r04_s28104,scene_fc_blocked_v05,FC_BLOCKED,C2,D4,28104,0.004170287,False,False,True
v1__scene_fc_blocked_v05__L2__C2_D4__r05_s28105,scene_fc_blocked_v05,FC_BLOCKED,C2,D4,28105,0.004170287,False,False,True
v1__scene_fc_blocked_v05__L2__C2_D8__r01_s28101,scene_fc_blocked_v05,FC_BLOCKED,C2,D8,28101,0.004170287,False,True,False
v1__scene_fc_blocked_v05__L2__C2_D8__r02_s28102,scene_fc_blocked_v05,FC_BLOCKED,C2,D8,28102,0.004170287,False,True,False
v1__scene_fc_blocked_v05__L2__C2_D8__r03_s28103,scene_fc_blocked_v05,FC_BLOCKED,C2,D8,28103,0.004170287,False,False,True
v1__scene_fc_blocked_v05__L2__C2_D8__r04_s28104,scene_fc_blocked_v05,FC_BLOCKED,C2,D8,28104,0.004170287,False,True,False
v1__scene_fc_blocked_v05__L2__C2_D8__r05_s28105,scene_fc_blocked_v05,FC_BLOCKED,C2,D8,28105,0.004170287,False,True,False
v1__scene_fc_blocked_v05__L2__C3_D4__r01_s28101,scene_fc_blocked_v05,FC_BLOCKED,C3,D4,28101,0.004170287,False,False,True
v1__scene_fc_blocked_v05__L2__C3_D4__r02_s28102,scene_fc_blocked_v05,FC_BLOCKED,C3,D4,28102,0.004170287,False,False,True
v1__scene_fc_blocked_v05__L2__C3_D4__r03_s28103,scene_fc_blocked_v05,FC_BLOCKED,C3,D4,28103,0.004170287,False,False,True
v1__scene_fc_blocked_v05__L2__C3_D4__r04_s28104,scene_fc_blocked_v05,FC_BLOCKED,C3,D4,28104,0.004170287,False,False,True
v1__scene_fc_blocked_v05__L2__C3_D4__r05_s28105,scene_fc_blocked_v05,FC_BLOCKED,C3,D4,28105,0.004170287,False,False,True
v1__scene_fc_blocked_v05__L2__C3_D8__r01_s28101,scene_fc_blocked_v05,FC_BLOCKED,C3,D8,28101,0.004170287,False,False,True
v1__scene_fc_blocked_v05__L2__C3_D8__r02_s28102,scene_fc_blocked_v05,FC_BLOCKED,C3,D8,28102,0.004170287,False,False,True
v1__scene_fc_blocked_v05__L2__C3_D8__r03_s28103,scene_fc_blocked_v05,FC_BLOCKED,C3,D8,28103,0.004170287,False,False,True
v1__scene_fc_blocked_v05__L2__C3_D8__r04_s28104,scene_fc_blocked_v05,FC_BLOCKED,C3,D8,28104,0.004170287,False,False,True
v1__scene_fc_blocked_v05__L2__C3_D8__r05_s28105,scene_fc_blocked_v05,FC_BLOCKED,C3,D8,28105,0.004170287,False,False,True
v1__scene_fc_blocked_v05__L2__C4_D4__r01_s28101,scene_fc_blocked_v05,FC_BLOCKED,C4,D4,28101,0.004170287,False,False,True
v1__scene_fc_blocked_v05__L2__C4_D4__r02_s28102,scene_fc_blocked_v05,FC_BLOCKED,C4,D4,28102,0.004170287,False,False,True
v1__scene_fc_blocked_v05__L2__C4_D4__r03_s28103,scene_fc_blocked_v05,FC_BLOCKED,C4,D4,28103,0.004170287,False,False,True
v1__scene_fc_blocked_v05__L2__C4_D4__r04_s28104,scene_fc_blocked_v05,FC_BLOCKED,C4,D4,28104,0.004170287,False,False,True
v1__scene_fc_blocked_v05__L2__C4_D4__r05_s28105,scene_fc_blocked_v05,FC_BLOCKED,C4,D4,28105,0.004170287,False,False,True
v1__scene_fc_blocked_v05__L2__C4_D8__r01_s28101,scene_fc_blocked_v05,FC_BLOCKED,C4,D8,28101,0.004170287,False,False,True
v1__scene_fc_blocked_v05__L2__C4_D8__r02_s28102,scene_fc_blocked_v05,FC_BLOCKED,C4,D8,28102,0.004170287,False,False,True
v1__scene_fc_blocked_v05__L2__C4_D8__r03_s28103,scene_fc_blocked_v05,FC_BLOCKED,C4,D8,28103,0.004170287,False,False,True
v1__scene_fc_blocked_v05__L2__C4_D8__r04_s28104,scene_fc_blocked_v05,FC_BLOCKED,C4,D8,28104,0.004170287,False,False,True
v1__scene_fc_blocked_v05__L2__C4_D8__r05_s28105,scene_fc_blocked_v05,FC_BLOCKED,C4,D8,28105,0.004170287,False,False,True
v1__scene_fc_blocked_v05__L2__C5_D4__r01_s28101,scene_fc_blocked_v05,FC_BLOCKED,C5,D4,28101,0.004170287,False,False,True
v1__scene_fc_blocked_v05__L2__C5_D4__r02_s28102,scene_fc_blocked_v05,FC_BLOCKED,C5,D4,28102,0.004170287,False,False,True
v1__scene_fc_blocked_v05__L2__C5_D4__r03_s28103,scene_fc_blocked_v05,FC_BLOCKED,C5,D4,28103,0.004170287,False,False,True
v1__scene_fc_blocked_v05__L2__C5_D4__r04_s28104,scene_fc_blocked_v05,FC_BLOCKED,C5,D4,28104,0.004170287,False,False,True
v1__scene_fc_blocked_v05__L2__C5_D4__r05_s28105,scene_fc_blocked_v05,FC_BLOCKED,C5,D4,28105,0.004170287,False,False,True
v1__scene_fc_blocked_v05__L2__C5_D8__r01_s28101,scene_fc_blocked_v05,FC_BLOCKED,C5,D8,28101,0.004170287,False,False,True
v1__scene_fc_blocked_v05__L2__C5_D8__r02_s28102,scene_fc_blocked_v05,FC_BLOCKED,C5,D8,28102,0.004170287,False,True,False
v1__scene_fc_blocked_v05__L2__C5_D8__r03_s28103,scene_fc_blocked_v05,FC_BLOCKED,C5,D8,28103,0.004170287,False,False,True
v1__scene_fc_blocked_v05__L2__C5_D8__r04_s28104,scene_fc_blocked_v05,FC_BLOCKED,C5,D8,28104,0.004170287,False,False,True
v1__scene_fc_blocked_v05__L2__C5_D8__r05_s28105,scene_fc_blocked_v05,FC_BLOCKED,C5,D8,28105,0.004170287,False,False,True
v1__scene_fc_blocked_v05__L2__C6_D4__r01_s28101,scene_fc_blocked_v05,FC_BLOCKED,C6,D4,28101,0.004170287,False,False,True
v1__scene_fc_blocked_v05__L2__C6_D4__r02_s28102,scene_fc_blocked_v05,FC_BLOCKED,C6,D4,28102,0.004170287,False,False,True
v1__scene_fc_blocked_v05__L2__C6_D4__r03_s28103,scene_fc_blocked_v05,FC_BLOCKED,C6,D4,28103,0.004170287,False,False,True
v1__scene_fc_blocked_v05__L2__C6_D4__r04_s28104,scene_fc_blocked_v05,FC_BLOCKED,C6,D4,28104,0.004170287,False,False,True
v1__scene_fc_blocked_v05__L2__C6_D4__r05_s28105,scene_fc_blocked_v05,FC_BLOCKED,C6,D4,28105,0.004170287,False,False,True
v1__scene_fc_blocked_v05__L2__C6_D8__r01_s28101,scene_fc_blocked_v05,FC_BLOCKED,C6,D8,28101,0.004170287,False,False,True
v1__scene_fc_blocked_v05__L2__C6_D8__r02_s28102,scene_fc_blocked_v05,FC_BLOCKED,C6,D8,28102,0.004170287,False,False,True
v1__scene_fc_blocked_v05__L2__C6_D8__r03_s28103,scene_fc_blocked_v05,FC_BLOCKED,C6,D8,28103,0.004170287,False,False,True
v1__scene_fc_blocked_v05__L2__C6_D8__r04_s28104,scene_fc_blocked_v05,FC_BLOCKED,C6,D8,28104,0.004170287,False,False,True
v1__scene_fc_blocked_v05__L2__C6_D8__r05_s28105,scene_fc_blocked_v05,FC_BLOCKED,C6,D8,28105,0.004170287,False,False,True
v1__scene_fc_clear_v01__L2__C0_NA__r01_s28101,scene_fc_clear_v01,FC_CLEAR,C0,,28101,0.0,False,False,True
v1__scene_fc_clear_v01__L2__C0_NA__r02_s28102,scene_fc_clear_v01,FC_CLEAR,C0,,28102,0.0,False,False,True
v1__scene_fc_clear_v01__L2__C0_NA__r03_s28103,scene_fc_clear_v01,FC_CLEAR,C0,,28103,0.0,False,False,True
v1__scene_fc_clear_v01__L2__C0_NA__r04_s28104,scene_fc_clear_v01,FC_CLEAR,C0,,28104,0.0,False,False,True
v1__scene_fc_clear_v01__L2__C0_NA__r05_s28105,scene_fc_clear_v01,FC_CLEAR,C0,,28105,0.0,False,False,True
v1__scene_fc_clear_v01__L2__C1_NA__r01_s28101,scene_fc_clear_v01,FC_CLEAR,C1,,28101,0.0,False,False,True
v1__scene_fc_clear_v01__L2__C1_NA__r02_s28102,scene_fc_clear_v01,FC_CLEAR,C1,,28102,0.0,False,False,True
v1__scene_fc_clear_v01__L2__C1_NA__r03_s28103,scene_fc_clear_v01,FC_CLEAR,C1,,28103,0.0,False,False,True
v1__scene_fc_clear_v01__L2__C1_NA__r04_s28104,scene_fc_clear_v01,FC_CLEAR,C1,,28104,0.0,False,False,True
v1__scene_fc_clear_v01__L2__C1_NA__r05_s28105,scene_fc_clear_v01,FC_CLEAR,C1,,28105,0.0,False,False,True
v1__scene_fc_clear_v01__L2__C2_D4__r01_s28101,scene_fc_clear_v01,FC_CLEAR,C2,D4,28101,0.0,False,False,True
v1__scene_fc_clear_v01__L2__C2_D4__r02_s28102,scene_fc_clear_v01,FC_CLEAR,C2,D4,28102,0.0,False,False,True
v1__scene_fc_clear_v01__L2__C2_D4__r03_s28103,scene_fc_clear_v01,FC_CLEAR,C2,D4,28103,0.0,False,False,True
v1__scene_fc_clear_v01__L2__C2_D4__r04_s28104,scene_fc_clear_v01,FC_CLEAR,C2,D4,28104,0.0,False,False,True
v1__scene_fc_clear_v01__L2__C2_D4__r05_s28105,scene_fc_clear_v01,FC_CLEAR,C2,D4,28105,0.0,False,False,True
v1__scene_fc_clear_v01__L2__C2_D8__r01_s28101,scene_fc_clear_v01,FC_CLEAR,C2,D8,28101,0.0,False,False,True
v1__scene_fc_clear_v01__L2__C2_D8__r02_s28102,scene_fc_clear_v01,FC_CLEAR,C2,D8,28102,0.0,False,False,True
v1__scene_fc_clear_v01__L2__C2_D8__r03_s28103,scene_fc_clear_v01,FC_CLEAR,C2,D8,28103,0.0,False,False,True
v1__scene_fc_clear_v01__L2__C2_D8__r04_s28104,scene_fc_clear_v01,FC_CLEAR,C2,D8,28104,0.0,False,False,True
v1__scene_fc_clear_v01__L2__C2_D8__r05_s28105,scene_fc_clear_v01,FC_CLEAR,C2,D8,28105,0.0,False,False,True
v1__scene_fc_clear_v01__L2__C3_D4__r01_s28101,scene_fc_clear_v01,FC_CLEAR,C3,D4,28101,0.0,False,False,True
v1__scene_fc_clear_v01__L2__C3_D4__r02_s28102,scene_fc_clear_v01,FC_CLEAR,C3,D4,28102,0.0,False,False,True
v1__scene_fc_clear_v01__L2__C3_D4__r03_s28103,scene_fc_clear_v01,FC_CLEAR,C3,D4,28103,0.0,False,False,True
v1__scene_fc_clear_v01__L2__C3_D4__r04_s28104,scene_fc_clear_v01,FC_CLEAR,C3,D4,28104,0.0,False,False,True
v1__scene_fc_clear_v01__L2__C3_D4__r05_s28105,scene_fc_clear_v01,FC_CLEAR,C3,D4,28105,0.0,False,False,True
v1__scene_fc_clear_v01__L2__C3_D8__r01_s28101,scene_fc_clear_v01,FC_CLEAR,C3,D8,28101,0.0,False,False,True
v1__scene_fc_clear_v01__L2__C3_D8__r02_s28102,scene_fc_clear_v01,FC_CLEAR,C3,D8,28102,0.0,False,False,True
v1__scene_fc_clear_v01__L2__C3_D8__r03_s28103,scene_fc_clear_v01,FC_CLEAR,C3,D8,28103,0.0,False,False,True
v1__scene_fc_clear_v01__L2__C3_D8__r04_s28104,scene_fc_clear_v01,FC_CLEAR,C3,D8,28104,0.0,False,False,True
v1__scene_fc_clear_v01__L2__C3_D8__r05_s28105,scene_fc_clear_v01,FC_CLEAR,C3,D8,28105,0.0,False,False,True
v1__scene_fc_clear_v01__L2__C4_D4__r01_s28101,scene_fc_clear_v01,FC_CLEAR,C4,D4,28101,0.0,False,False,True
v1__scene_fc_clear_v01__L2__C4_D4__r02_s28102,scene_fc_clear_v01,FC_CLEAR,C4,D4,28102,0.0,False,False,True
v1__scene_fc_clear_v01__L2__C4_D4__r03_s28103,scene_fc_clear_v01,FC_CLEAR,C4,D4,28103,0.0,False,False,True
v1__scene_fc_clear_v01__L2__C4_D4__r04_s28104,scene_fc_clear_v01,FC_CLEAR,C4,D4,28104,0.0,False,False,True
v1__scene_fc_clear_v01__L2__C4_D4__r05_s28105,scene_fc_clear_v01,FC_CLEAR,C4,D4,28105,0.0,False,False,True
v1__scene_fc_clear_v01__L2__C4_D8__r01_s28101,scene_fc_clear_v01,FC_CLEAR,C4,D8,28101,0.0,False,False,True
v1__scene_fc_clear_v01__L2__C4_D8__r02_s28102,scene_fc_clear_v01,FC_CLEAR,C4,D8,28102,0.0,False,False,True
v1__scene_fc_clear_v01__L2__C4_D8__r03_s28103,scene_fc_clear_v01,FC_CLEAR,C4,D8,28103,0.0,False,False,True
v1__scene_fc_clear_v01__L2__C4_D8__r04_s28104,scene_fc_clear_v01,FC_CLEAR,C4,D8,28104,0.0,False,False,True
v1__scene_fc_clear_v01__L2__C4_D8__r05_s28105,scene_fc_clear_v01,FC_CLEAR,C4,D8,28105,0.0,False,False,True
v1__scene_fc_clear_v01__L2__C5_D4__r01_s28101,scene_fc_clear_v01,FC_CLEAR,C5,D4,28101,0.0,False,False,True
v1__scene_fc_clear_v01__L2__C5_D4__r02_s28102,scene_fc_clear_v01,FC_CLEAR,C5,D4,28102,0.0,False,False,True
v1__scene_fc_clear_v01__L2__C5_D4__r03_s28103,scene_fc_clear_v01,FC_CLEAR,C5,D4,28103,0.0,False,False,True
v1__scene_fc_clear_v01__L2__C5_D4__r04_s28104,scene_fc_clear_v01,FC_CLEAR,C5,D4,28104,0.0,False,False,True
v1__scene_fc_clear_v01__L2__C5_D4__r05_s28105,scene_fc_clear_v01,FC_CLEAR,C5,D4,28105,0.0,False,False,True
v1__scene_fc_clear_v01__L2__C5_D8__r01_s28101,scene_fc_clear_v01,FC_CLEAR,C5,D8,28101,0.0,False,False,True
v1__scene_fc_clear_v01__L2__C5_D8__r02_s28102,scene_fc_clear_v01,FC_CLEAR,C5,D8,28102,0.0,False,False,True
v1__scene_fc_clear_v01__L2__C5_D8__r03_s28103,scene_fc_clear_v01,FC_CLEAR,C5,D8,28103,0.0,False,False,True
v1__scene_fc_clear_v01__L2__C5_D8__r04_s28104,scene_fc_clear_v01,FC_CLEAR,C5,D8,28104,0.0,False,False,True
v1__scene_fc_clear_v01__L2__C5_D8__r05_s28105,scene_fc_clear_v01,FC_CLEAR,C5,D8,28105,0.0,False,False,True
v1__scene_fc_clear_v01__L2__C6_D4__r01_s28101,scene_fc_clear_v01,FC_CLEAR,C6,D4,28101,0.0,False,False,True
v1__scene_fc_clear_v01__L2__C6_D4__r02_s28102,scene_fc_clear_v01,FC_CLEAR,C6,D4,28102,0.0,False,False,True
v1__scene_fc_clear_v01__L2__C6_D4__r03_s28103,scene_fc_clear_v01,FC_CLEAR,C6,D4,28103,0.0,False,False,True
v1__scene_fc_clear_v01__L2__C6_D4__r04_s28104,scene_fc_clear_v01,FC_CLEAR,C6,D4,28104,0.0,False,False,True
v1__scene_fc_clear_v01__L2__C6_D4__r05_s28105,scene_fc_clear_v01,FC_CLEAR,C6,D4,28105,0.0,False,False,True
v1__scene_fc_clear_v01__L2__C6_D8__r01_s28101,scene_fc_clear_v01,FC_CLEAR,C6,D8,28101,0.0,False,False,True
v1__scene_fc_clear_v01__L2__C6_D8__r02_s28102,scene_fc_clear_v01,FC_CLEAR,C6,D8,28102,0.0,False,False,True
v1__scene_fc_clear_v01__L2__C6_D8__r03_s28103,scene_fc_clear_v01,FC_CLEAR,C6,D8,28103,0.0,False,False,True
v1__scene_fc_clear_v01__L2__C6_D8__r04_s28104,scene_fc_clear_v01,FC_CLEAR,C6,D8,28104,0.0,False,False,True
v1__scene_fc_clear_v01__L2__C6_D8__r05_s28105,scene_fc_clear_v01,FC_CLEAR,C6,D8,28105,0.0,False,False,True
v1__scene_fc_clear_v02__L2__C0_NA__r01_s28101,scene_fc_clear_v02,FC_CLEAR,C0,,28101,0.0,False,False,True
v1__scene_fc_clear_v02__L2__C0_NA__r02_s28102,scene_fc_clear_v02,FC_CLEAR,C0,,28102,0.0,False,False,True
v1__scene_fc_clear_v02__L2__C0_NA__r03_s28103,scene_fc_clear_v02,FC_CLEAR,C0,,28103,0.0,False,False,True
v1__scene_fc_clear_v02__L2__C0_NA__r04_s28104,scene_fc_clear_v02,FC_CLEAR,C0,,28104,0.0,False,False,True
v1__scene_fc_clear_v02__L2__C0_NA__r05_s28105,scene_fc_clear_v02,FC_CLEAR,C0,,28105,0.0,False,False,True
v1__scene_fc_clear_v02__L2__C1_NA__r01_s28101,scene_fc_clear_v02,FC_CLEAR,C1,,28101,0.0,False,False,True
v1__scene_fc_clear_v02__L2__C1_NA__r02_s28102,scene_fc_clear_v02,FC_CLEAR,C1,,28102,0.0,False,False,True
v1__scene_fc_clear_v02__L2__C1_NA__r03_s28103,scene_fc_clear_v02,FC_CLEAR,C1,,28103,0.0,False,False,True
v1__scene_fc_clear_v02__L2__C1_NA__r04_s28104,scene_fc_clear_v02,FC_CLEAR,C1,,28104,0.0,False,False,True
v1__scene_fc_clear_v02__L2__C1_NA__r05_s28105,scene_fc_clear_v02,FC_CLEAR,C1,,28105,0.0,False,False,True
v1__scene_fc_clear_v02__L2__C2_D4__r01_s28101,scene_fc_clear_v02,FC_CLEAR,C2,D4,28101,0.0,False,False,True
v1__scene_fc_clear_v02__L2__C2_D4__r02_s28102,scene_fc_clear_v02,FC_CLEAR,C2,D4,28102,0.0,False,False,True
v1__scene_fc_clear_v02__L2__C2_D4__r03_s28103,scene_fc_clear_v02,FC_CLEAR,C2,D4,28103,0.0,False,False,True
v1__scene_fc_clear_v02__L2__C2_D4__r04_s28104,scene_fc_clear_v02,FC_CLEAR,C2,D4,28104,0.0,False,False,True
v1__scene_fc_clear_v02__L2__C2_D4__r05_s28105,scene_fc_clear_v02,FC_CLEAR,C2,D4,28105,0.0,False,False,True
v1__scene_fc_clear_v02__L2__C2_D8__r01_s28101,scene_fc_clear_v02,FC_CLEAR,C2,D8,28101,0.0,False,False,True
v1__scene_fc_clear_v02__L2__C2_D8__r02_s28102,scene_fc_clear_v02,FC_CLEAR,C2,D8,28102,0.0,False,False,True
v1__scene_fc_clear_v02__L2__C2_D8__r03_s28103,scene_fc_clear_v02,FC_CLEAR,C2,D8,28103,0.0,False,False,True
v1__scene_fc_clear_v02__L2__C2_D8__r04_s28104,scene_fc_clear_v02,FC_CLEAR,C2,D8,28104,0.0,False,False,True
v1__scene_fc_clear_v02__L2__C2_D8__r05_s28105,scene_fc_clear_v02,FC_CLEAR,C2,D8,28105,0.0,False,False,True
v1__scene_fc_clear_v02__L2__C3_D4__r01_s28101,scene_fc_clear_v02,FC_CLEAR,C3,D4,28101,0.0,False,False,True
v1__scene_fc_clear_v02__L2__C3_D4__r02_s28102,scene_fc_clear_v02,FC_CLEAR,C3,D4,28102,0.0,False,False,True
v1__scene_fc_clear_v02__L2__C3_D4__r03_s28103,scene_fc_clear_v02,FC_CLEAR,C3,D4,28103,0.0,False,False,True
v1__scene_fc_clear_v02__L2__C3_D4__r04_s28104,scene_fc_clear_v02,FC_CLEAR,C3,D4,28104,0.0,False,False,True
v1__scene_fc_clear_v02__L2__C3_D4__r05_s28105,scene_fc_clear_v02,FC_CLEAR,C3,D4,28105,0.0,False,False,True
v1__scene_fc_clear_v02__L2__C3_D8__r01_s28101,scene_fc_clear_v02,FC_CLEAR,C3,D8,28101,0.0,False,False,True
v1__scene_fc_clear_v02__L2__C3_D8__r02_s28102,scene_fc_clear_v02,FC_CLEAR,C3,D8,28102,0.0,False,False,True
v1__scene_fc_clear_v02__L2__C3_D8__r03_s28103,scene_fc_clear_v02,FC_CLEAR,C3,D8,28103,0.0,False,False,True
v1__scene_fc_clear_v02__L2__C3_D8__r04_s28104,scene_fc_clear_v02,FC_CLEAR,C3,D8,28104,0.0,False,False,True
v1__scene_fc_clear_v02__L2__C3_D8__r05_s28105,scene_fc_clear_v02,FC_CLEAR,C3,D8,28105,0.0,False,False,True
v1__scene_fc_clear_v02__L2__C4_D4__r01_s28101,scene_fc_clear_v02,FC_CLEAR,C4,D4,28101,0.0,False,False,True
v1__scene_fc_clear_v02__L2__C4_D4__r02_s28102,scene_fc_clear_v02,FC_CLEAR,C4,D4,28102,0.0,False,False,True
v1__scene_fc_clear_v02__L2__C4_D4__r03_s28103,scene_fc_clear_v02,FC_CLEAR,C4,D4,28103,0.0,False,False,True
v1__scene_fc_clear_v02__L2__C4_D4__r04_s28104,scene_fc_clear_v02,FC_CLEAR,C4,D4,28104,0.0,False,False,True
v1__scene_fc_clear_v02__L2__C4_D4__r05_s28105,scene_fc_clear_v02,FC_CLEAR,C4,D4,28105,0.0,False,False,True
v1__scene_fc_clear_v02__L2__C4_D8__r01_s28101,scene_fc_clear_v02,FC_CLEAR,C4,D8,28101,0.0,False,False,True
v1__scene_fc_clear_v02__L2__C4_D8__r02_s28102,scene_fc_clear_v02,FC_CLEAR,C4,D8,28102,0.0,False,False,True
v1__scene_fc_clear_v02__L2__C4_D8__r03_s28103,scene_fc_clear_v02,FC_CLEAR,C4,D8,28103,0.0,False,False,True
v1__scene_fc_clear_v02__L2__C4_D8__r04_s28104,scene_fc_clear_v02,FC_CLEAR,C4,D8,28104,0.0,False,False,True
v1__scene_fc_clear_v02__L2__C4_D8__r05_s28105,scene_fc_clear_v02,FC_CLEAR,C4,D8,28105,0.0,False,False,True
v1__scene_fc_clear_v02__L2__C5_D4__r01_s28101,scene_fc_clear_v02,FC_CLEAR,C5,D4,28101,0.0,False,False,True
v1__scene_fc_clear_v02__L2__C5_D4__r02_s28102,scene_fc_clear_v02,FC_CLEAR,C5,D4,28102,0.0,False,False,True
v1__scene_fc_clear_v02__L2__C5_D4__r03_s28103,scene_fc_clear_v02,FC_CLEAR,C5,D4,28103,0.0,False,False,True
v1__scene_fc_clear_v02__L2__C5_D4__r04_s28104,scene_fc_clear_v02,FC_CLEAR,C5,D4,28104,0.0,False,False,True
v1__scene_fc_clear_v02__L2__C5_D4__r05_s28105,scene_fc_clear_v02,FC_CLEAR,C5,D4,28105,0.0,False,False,True
v1__scene_fc_clear_v02__L2__C5_D8__r01_s28101,scene_fc_clear_v02,FC_CLEAR,C5,D8,28101,0.0,False,False,True
v1__scene_fc_clear_v02__L2__C5_D8__r02_s28102,scene_fc_clear_v02,FC_CLEAR,C5,D8,28102,0.0,False,False,True
v1__scene_fc_clear_v02__L2__C5_D8__r03_s28103,scene_fc_clear_v02,FC_CLEAR,C5,D8,28103,0.0,False,False,True
v1__scene_fc_clear_v02__L2__C5_D8__r04_s28104,scene_fc_clear_v02,FC_CLEAR,C5,D8,28104,0.0,False,False,True
v1__scene_fc_clear_v02__L2__C5_D8__r05_s28105,scene_fc_clear_v02,FC_CLEAR,C5,D8,28105,0.0,False,False,True
v1__scene_fc_clear_v02__L2__C6_D4__r01_s28101,scene_fc_clear_v02,FC_CLEAR,C6,D4,28101,0.0,False,False,True
v1__scene_fc_clear_v02__L2__C6_D4__r02_s28102,scene_fc_clear_v02,FC_CLEAR,C6,D4,28102,0.0,False,False,True
v1__scene_fc_clear_v02__L2__C6_D4__r03_s28103,scene_fc_clear_v02,FC_CLEAR,C6,D4,28103,0.0,False,False,True
v1__scene_fc_clear_v02__L2__C6_D4__r04_s28104,scene_fc_clear_v02,FC_CLEAR,C6,D4,28104,0.0,False,False,True
v1__scene_fc_clear_v02__L2__C6_D4__r05_s28105,scene_fc_clear_v02,FC_CLEAR,C6,D4,28105,0.0,False,False,True
v1__scene_fc_clear_v02__L2__C6_D8__r01_s28101,scene_fc_clear_v02,FC_CLEAR,C6,D8,28101,0.0,False,False,True
v1__scene_fc_clear_v02__L2__C6_D8__r02_s28102,scene_fc_clear_v02,FC_CLEAR,C6,D8,28102,0.0,False,False,True
v1__scene_fc_clear_v02__L2__C6_D8__r03_s28103,scene_fc_clear_v02,FC_CLEAR,C6,D8,28103,0.0,False,False,True
v1__scene_fc_clear_v02__L2__C6_D8__r04_s28104,scene_fc_clear_v02,FC_CLEAR,C6,D8,28104,0.0,False,False,True
v1__scene_fc_clear_v02__L2__C6_D8__r05_s28105,scene_fc_clear_v02,FC_CLEAR,C6,D8,28105,0.0,False,False,True
v1__scene_fc_clear_v03__L2__C0_NA__r01_s28101,scene_fc_clear_v03,FC_CLEAR,C0,,28101,0.0,False,False,True
v1__scene_fc_clear_v03__L2__C0_NA__r02_s28102,scene_fc_clear_v03,FC_CLEAR,C0,,28102,0.0,False,False,True
v1__scene_fc_clear_v03__L2__C0_NA__r03_s28103,scene_fc_clear_v03,FC_CLEAR,C0,,28103,0.0,False,False,True
v1__scene_fc_clear_v03__L2__C0_NA__r04_s28104,scene_fc_clear_v03,FC_CLEAR,C0,,28104,0.0,False,False,True
v1__scene_fc_clear_v03__L2__C0_NA__r05_s28105,scene_fc_clear_v03,FC_CLEAR,C0,,28105,0.0,False,False,True
v1__scene_fc_clear_v03__L2__C1_NA__r01_s28101,scene_fc_clear_v03,FC_CLEAR,C1,,28101,0.0,False,False,True
v1__scene_fc_clear_v03__L2__C1_NA__r02_s28102,scene_fc_clear_v03,FC_CLEAR,C1,,28102,0.0,False,False,True
v1__scene_fc_clear_v03__L2__C1_NA__r03_s28103,scene_fc_clear_v03,FC_CLEAR,C1,,28103,0.0,False,False,True
v1__scene_fc_clear_v03__L2__C1_NA__r04_s28104,scene_fc_clear_v03,FC_CLEAR,C1,,28104,0.0,False,False,True
v1__scene_fc_clear_v03__L2__C1_NA__r05_s28105,scene_fc_clear_v03,FC_CLEAR,C1,,28105,0.0,False,False,True
v1__scene_fc_clear_v03__L2__C2_D4__r01_s28101,scene_fc_clear_v03,FC_CLEAR,C2,D4,28101,0.0,False,False,True
v1__scene_fc_clear_v03__L2__C2_D4__r02_s28102,scene_fc_clear_v03,FC_CLEAR,C2,D4,28102,0.0,False,False,True
v1__scene_fc_clear_v03__L2__C2_D4__r03_s28103,scene_fc_clear_v03,FC_CLEAR,C2,D4,28103,0.0,False,False,True
v1__scene_fc_clear_v03__L2__C2_D4__r04_s28104,scene_fc_clear_v03,FC_CLEAR,C2,D4,28104,0.0,False,False,True
v1__scene_fc_clear_v03__L2__C2_D4__r05_s28105,scene_fc_clear_v03,FC_CLEAR,C2,D4,28105,0.0,False,False,True
v1__scene_fc_clear_v03__L2__C2_D8__r01_s28101,scene_fc_clear_v03,FC_CLEAR,C2,D8,28101,0.0,False,False,True
v1__scene_fc_clear_v03__L2__C2_D8__r02_s28102,scene_fc_clear_v03,FC_CLEAR,C2,D8,28102,0.0,False,False,True
v1__scene_fc_clear_v03__L2__C2_D8__r03_s28103,scene_fc_clear_v03,FC_CLEAR,C2,D8,28103,0.0,False,False,True
v1__scene_fc_clear_v03__L2__C2_D8__r04_s28104,scene_fc_clear_v03,FC_CLEAR,C2,D8,28104,0.0,False,False,True
v1__scene_fc_clear_v03__L2__C2_D8__r05_s28105,scene_fc_clear_v03,FC_CLEAR,C2,D8,28105,0.0,False,False,True
v1__scene_fc_clear_v03__L2__C3_D4__r01_s28101,scene_fc_clear_v03,FC_CLEAR,C3,D4,28101,0.0,False,False,True
v1__scene_fc_clear_v03__L2__C3_D4__r02_s28102,scene_fc_clear_v03,FC_CLEAR,C3,D4,28102,0.0,False,False,True
v1__scene_fc_clear_v03__L2__C3_D4__r03_s28103,scene_fc_clear_v03,FC_CLEAR,C3,D4,28103,0.0,False,False,True
v1__scene_fc_clear_v03__L2__C3_D4__r04_s28104,scene_fc_clear_v03,FC_CLEAR,C3,D4,28104,0.0,False,False,True
v1__scene_fc_clear_v03__L2__C3_D4__r05_s28105,scene_fc_clear_v03,FC_CLEAR,C3,D4,28105,0.0,False,False,True
v1__scene_fc_clear_v03__L2__C3_D8__r01_s28101,scene_fc_clear_v03,FC_CLEAR,C3,D8,28101,0.0,False,False,True
v1__scene_fc_clear_v03__L2__C3_D8__r02_s28102,scene_fc_clear_v03,FC_CLEAR,C3,D8,28102,0.0,False,False,True
v1__scene_fc_clear_v03__L2__C3_D8__r03_s28103,scene_fc_clear_v03,FC_CLEAR,C3,D8,28103,0.0,False,False,True
v1__scene_fc_clear_v03__L2__C3_D8__r04_s28104,scene_fc_clear_v03,FC_CLEAR,C3,D8,28104,0.0,False,False,True
v1__scene_fc_clear_v03__L2__C3_D8__r05_s28105,scene_fc_clear_v03,FC_CLEAR,C3,D8,28105,0.0,False,False,True
v1__scene_fc_clear_v03__L2__C4_D4__r01_s28101,scene_fc_clear_v03,FC_CLEAR,C4,D4,28101,0.0,False,False,True
v1__scene_fc_clear_v03__L2__C4_D4__r02_s28102,scene_fc_clear_v03,FC_CLEAR,C4,D4,28102,0.0,False,False,True
v1__scene_fc_clear_v03__L2__C4_D4__r03_s28103,scene_fc_clear_v03,FC_CLEAR,C4,D4,28103,0.0,False,False,True
v1__scene_fc_clear_v03__L2__C4_D4__r04_s28104,scene_fc_clear_v03,FC_CLEAR,C4,D4,28104,0.0,False,False,True
v1__scene_fc_clear_v03__L2__C4_D4__r05_s28105,scene_fc_clear_v03,FC_CLEAR,C4,D4,28105,0.0,False,False,True
v1__scene_fc_clear_v03__L2__C4_D8__r01_s28101,scene_fc_clear_v03,FC_CLEAR,C4,D8,28101,0.0,False,False,True
v1__scene_fc_clear_v03__L2__C4_D8__r02_s28102,scene_fc_clear_v03,FC_CLEAR,C4,D8,28102,0.0,False,False,True
v1__scene_fc_clear_v03__L2__C4_D8__r03_s28103,scene_fc_clear_v03,FC_CLEAR,C4,D8,28103,0.0,False,False,True
v1__scene_fc_clear_v03__L2__C4_D8__r04_s28104,scene_fc_clear_v03,FC_CLEAR,C4,D8,28104,0.0,False,False,True
v1__scene_fc_clear_v03__L2__C4_D8__r05_s28105,scene_fc_clear_v03,FC_CLEAR,C4,D8,28105,0.0,False,False,True
v1__scene_fc_clear_v03__L2__C5_D4__r01_s28101,scene_fc_clear_v03,FC_CLEAR,C5,D4,28101,0.0,False,False,True
v1__scene_fc_clear_v03__L2__C5_D4__r02_s28102,scene_fc_clear_v03,FC_CLEAR,C5,D4,28102,0.0,False,False,True
v1__scene_fc_clear_v03__L2__C5_D4__r03_s28103,scene_fc_clear_v03,FC_CLEAR,C5,D4,28103,0.0,False,False,True
v1__scene_fc_clear_v03__L2__C5_D4__r04_s28104,scene_fc_clear_v03,FC_CLEAR,C5,D4,28104,0.0,False,False,True
v1__scene_fc_clear_v03__L2__C5_D4__r05_s28105,scene_fc_clear_v03,FC_CLEAR,C5,D4,28105,0.0,False,False,True
v1__scene_fc_clear_v03__L2__C5_D8__r01_s28101,scene_fc_clear_v03,FC_CLEAR,C5,D8,28101,0.0,False,False,True
v1__scene_fc_clear_v03__L2__C5_D8__r02_s28102,scene_fc_clear_v03,FC_CLEAR,C5,D8,28102,0.0,False,False,True
v1__scene_fc_clear_v03__L2__C5_D8__r03_s28103,scene_fc_clear_v03,FC_CLEAR,C5,D8,28103,0.0,False,False,True
v1__scene_fc_clear_v03__L2__C5_D8__r04_s28104,scene_fc_clear_v03,FC_CLEAR,C5,D8,28104,0.0,False,False,True
v1__scene_fc_clear_v03__L2__C5_D8__r05_s28105,scene_fc_clear_v03,FC_CLEAR,C5,D8,28105,0.0,False,False,True
v1__scene_fc_clear_v03__L2__C6_D4__r01_s28101,scene_fc_clear_v03,FC_CLEAR,C6,D4,28101,0.0,False,False,True
v1__scene_fc_clear_v03__L2__C6_D4__r02_s28102,scene_fc_clear_v03,FC_CLEAR,C6,D4,28102,0.0,False,False,True
v1__scene_fc_clear_v03__L2__C6_D4__r03_s28103,scene_fc_clear_v03,FC_CLEAR,C6,D4,28103,0.0,False,False,True
v1__scene_fc_clear_v03__L2__C6_D4__r04_s28104,scene_fc_clear_v03,FC_CLEAR,C6,D4,28104,0.0,False,False,True
v1__scene_fc_clear_v03__L2__C6_D4__r05_s28105,scene_fc_clear_v03,FC_CLEAR,C6,D4,28105,0.0,False,False,True
v1__scene_fc_clear_v03__L2__C6_D8__r01_s28101,scene_fc_clear_v03,FC_CLEAR,C6,D8,28101,0.0,False,False,True
v1__scene_fc_clear_v03__L2__C6_D8__r02_s28102,scene_fc_clear_v03,FC_CLEAR,C6,D8,28102,0.0,False,False,True
v1__scene_fc_clear_v03__L2__C6_D8__r03_s28103,scene_fc_clear_v03,FC_CLEAR,C6,D8,28103,0.0,False,False,True
v1__scene_fc_clear_v03__L2__C6_D8__r04_s28104,scene_fc_clear_v03,FC_CLEAR,C6,D8,28104,0.0,False,False,True
v1__scene_fc_clear_v03__L2__C6_D8__r05_s28105,scene_fc_clear_v03,FC_CLEAR,C6,D8,28105,0.0,False,False,True
v1__scene_fc_clear_v04__L2__C0_NA__r01_s28101,scene_fc_clear_v04,FC_CLEAR,C0,,28101,0.0,False,False,True
v1__scene_fc_clear_v04__L2__C0_NA__r02_s28102,scene_fc_clear_v04,FC_CLEAR,C0,,28102,0.0,False,False,True
v1__scene_fc_clear_v04__L2__C0_NA__r03_s28103,scene_fc_clear_v04,FC_CLEAR,C0,,28103,0.0,False,False,True
v1__scene_fc_clear_v04__L2__C0_NA__r04_s28104,scene_fc_clear_v04,FC_CLEAR,C0,,28104,0.0,False,False,True
v1__scene_fc_clear_v04__L2__C0_NA__r05_s28105,scene_fc_clear_v04,FC_CLEAR,C0,,28105,0.0,False,False,True
v1__scene_fc_clear_v04__L2__C1_NA__r01_s28101,scene_fc_clear_v04,FC_CLEAR,C1,,28101,0.0,False,False,True
v1__scene_fc_clear_v04__L2__C1_NA__r02_s28102,scene_fc_clear_v04,FC_CLEAR,C1,,28102,0.0,False,False,True
v1__scene_fc_clear_v04__L2__C1_NA__r03_s28103,scene_fc_clear_v04,FC_CLEAR,C1,,28103,0.0,False,False,True
v1__scene_fc_clear_v04__L2__C1_NA__r04_s28104,scene_fc_clear_v04,FC_CLEAR,C1,,28104,0.0,False,False,True
v1__scene_fc_clear_v04__L2__C1_NA__r05_s28105,scene_fc_clear_v04,FC_CLEAR,C1,,28105,0.0,False,False,True
v1__scene_fc_clear_v04__L2__C2_D4__r01_s28101,scene_fc_clear_v04,FC_CLEAR,C2,D4,28101,0.0,False,False,True
v1__scene_fc_clear_v04__L2__C2_D4__r02_s28102,scene_fc_clear_v04,FC_CLEAR,C2,D4,28102,0.0,False,False,True
v1__scene_fc_clear_v04__L2__C2_D4__r03_s28103,scene_fc_clear_v04,FC_CLEAR,C2,D4,28103,0.0,False,False,True
v1__scene_fc_clear_v04__L2__C2_D4__r04_s28104,scene_fc_clear_v04,FC_CLEAR,C2,D4,28104,0.0,False,False,True
v1__scene_fc_clear_v04__L2__C2_D4__r05_s28105,scene_fc_clear_v04,FC_CLEAR,C2,D4,28105,0.0,False,False,True
v1__scene_fc_clear_v04__L2__C2_D8__r01_s28101,scene_fc_clear_v04,FC_CLEAR,C2,D8,28101,0.0,False,False,True
v1__scene_fc_clear_v04__L2__C2_D8__r02_s28102,scene_fc_clear_v04,FC_CLEAR,C2,D8,28102,0.0,False,False,True
v1__scene_fc_clear_v04__L2__C2_D8__r03_s28103,scene_fc_clear_v04,FC_CLEAR,C2,D8,28103,0.0,False,False,True
v1__scene_fc_clear_v04__L2__C2_D8__r04_s28104,scene_fc_clear_v04,FC_CLEAR,C2,D8,28104,0.0,False,False,True
v1__scene_fc_clear_v04__L2__C2_D8__r05_s28105,scene_fc_clear_v04,FC_CLEAR,C2,D8,28105,0.0,False,False,True
v1__scene_fc_clear_v04__L2__C3_D4__r01_s28101,scene_fc_clear_v04,FC_CLEAR,C3,D4,28101,0.0,False,False,True
v1__scene_fc_clear_v04__L2__C3_D4__r02_s28102,scene_fc_clear_v04,FC_CLEAR,C3,D4,28102,0.0,False,False,True
v1__scene_fc_clear_v04__L2__C3_D4__r03_s28103,scene_fc_clear_v04,FC_CLEAR,C3,D4,28103,0.0,False,False,True
v1__scene_fc_clear_v04__L2__C3_D4__r04_s28104,scene_fc_clear_v04,FC_CLEAR,C3,D4,28104,0.0,False,False,True
v1__scene_fc_clear_v04__L2__C3_D4__r05_s28105,scene_fc_clear_v04,FC_CLEAR,C3,D4,28105,0.0,False,False,True
v1__scene_fc_clear_v04__L2__C3_D8__r01_s28101,scene_fc_clear_v04,FC_CLEAR,C3,D8,28101,0.0,False,False,True
v1__scene_fc_clear_v04__L2__C3_D8__r02_s28102,scene_fc_clear_v04,FC_CLEAR,C3,D8,28102,0.0,False,False,True
v1__scene_fc_clear_v04__L2__C3_D8__r03_s28103,scene_fc_clear_v04,FC_CLEAR,C3,D8,28103,0.0,False,False,True
v1__scene_fc_clear_v04__L2__C3_D8__r04_s28104,scene_fc_clear_v04,FC_CLEAR,C3,D8,28104,0.0,False,False,True
v1__scene_fc_clear_v04__L2__C3_D8__r05_s28105,scene_fc_clear_v04,FC_CLEAR,C3,D8,28105,0.0,False,False,True
v1__scene_fc_clear_v04__L2__C4_D4__r01_s28101,scene_fc_clear_v04,FC_CLEAR,C4,D4,28101,0.0,False,False,True
v1__scene_fc_clear_v04__L2__C4_D4__r02_s28102,scene_fc_clear_v04,FC_CLEAR,C4,D4,28102,0.0,False,False,True
v1__scene_fc_clear_v04__L2__C4_D4__r03_s28103,scene_fc_clear_v04,FC_CLEAR,C4,D4,28103,0.0,False,False,True
v1__scene_fc_clear_v04__L2__C4_D4__r04_s28104,scene_fc_clear_v04,FC_CLEAR,C4,D4,28104,0.0,False,False,True
v1__scene_fc_clear_v04__L2__C4_D4__r05_s28105,scene_fc_clear_v04,FC_CLEAR,C4,D4,28105,0.0,False,False,True
v1__scene_fc_clear_v04__L2__C4_D8__r01_s28101,scene_fc_clear_v04,FC_CLEAR,C4,D8,28101,0.0,False,False,True
v1__scene_fc_clear_v04__L2__C4_D8__r02_s28102,scene_fc_clear_v04,FC_CLEAR,C4,D8,28102,0.0,False,False,True
v1__scene_fc_clear_v04__L2__C4_D8__r03_s28103,scene_fc_clear_v04,FC_CLEAR,C4,D8,28103,0.0,False,False,True
v1__scene_fc_clear_v04__L2__C4_D8__r04_s28104,scene_fc_clear_v04,FC_CLEAR,C4,D8,28104,0.0,False,False,True
v1__scene_fc_clear_v04__L2__C4_D8__r05_s28105,scene_fc_clear_v04,FC_CLEAR,C4,D8,28105,0.0,False,False,True
v1__scene_fc_clear_v04__L2__C5_D4__r01_s28101,scene_fc_clear_v04,FC_CLEAR,C5,D4,28101,0.0,False,False,True
v1__scene_fc_clear_v04__L2__C5_D4__r02_s28102,scene_fc_clear_v04,FC_CLEAR,C5,D4,28102,0.0,False,False,True
v1__scene_fc_clear_v04__L2__C5_D4__r03_s28103,scene_fc_clear_v04,FC_CLEAR,C5,D4,28103,0.0,False,False,True
v1__scene_fc_clear_v04__L2__C5_D4__r04_s28104,scene_fc_clear_v04,FC_CLEAR,C5,D4,28104,0.0,False,False,True
v1__scene_fc_clear_v04__L2__C5_D4__r05_s28105,scene_fc_clear_v04,FC_CLEAR,C5,D4,28105,0.0,False,False,True
v1__scene_fc_clear_v04__L2__C5_D8__r01_s28101,scene_fc_clear_v04,FC_CLEAR,C5,D8,28101,0.0,False,False,True
v1__scene_fc_clear_v04__L2__C5_D8__r02_s28102,scene_fc_clear_v04,FC_CLEAR,C5,D8,28102,0.0,False,False,True
v1__scene_fc_clear_v04__L2__C5_D8__r03_s28103,scene_fc_clear_v04,FC_CLEAR,C5,D8,28103,0.0,False,False,True
v1__scene_fc_clear_v04__L2__C5_D8__r04_s28104,scene_fc_clear_v04,FC_CLEAR,C5,D8,28104,0.0,False,False,True
v1__scene_fc_clear_v04__L2__C5_D8__r05_s28105,scene_fc_clear_v04,FC_CLEAR,C5,D8,28105,0.0,False,False,True
v1__scene_fc_clear_v04__L2__C6_D4__r01_s28101,scene_fc_clear_v04,FC_CLEAR,C6,D4,28101,0.0,False,False,True
v1__scene_fc_clear_v04__L2__C6_D4__r02_s28102,scene_fc_clear_v04,FC_CLEAR,C6,D4,28102,0.0,False,False,True
v1__scene_fc_clear_v04__L2__C6_D4__r03_s28103,scene_fc_clear_v04,FC_CLEAR,C6,D4,28103,0.0,False,False,True
v1__scene_fc_clear_v04__L2__C6_D4__r04_s28104,scene_fc_clear_v04,FC_CLEAR,C6,D4,28104,0.0,False,False,True
v1__scene_fc_clear_v04__L2__C6_D4__r05_s28105,scene_fc_clear_v04,FC_CLEAR,C6,D4,28105,0.0,False,False,True
v1__scene_fc_clear_v04__L2__C6_D8__r01_s28101,scene_fc_clear_v04,FC_CLEAR,C6,D8,28101,0.0,False,False,True
v1__scene_fc_clear_v04__L2__C6_D8__r02_s28102,scene_fc_clear_v04,FC_CLEAR,C6,D8,28102,0.0,False,False,True
v1__scene_fc_clear_v04__L2__C6_D8__r03_s28103,scene_fc_clear_v04,FC_CLEAR,C6,D8,28103,0.0,False,False,True
v1__scene_fc_clear_v04__L2__C6_D8__r04_s28104,scene_fc_clear_v04,FC_CLEAR,C6,D8,28104,0.0,False,False,True
v1__scene_fc_clear_v04__L2__C6_D8__r05_s28105,scene_fc_clear_v04,FC_CLEAR,C6,D8,28105,0.0,False,False,True
v1__scene_fc_clear_v05__L2__C0_NA__r01_s28101,scene_fc_clear_v05,FC_CLEAR,C0,,28101,0.0,False,False,True
v1__scene_fc_clear_v05__L2__C0_NA__r02_s28102,scene_fc_clear_v05,FC_CLEAR,C0,,28102,0.0,False,False,True
v1__scene_fc_clear_v05__L2__C0_NA__r03_s28103,scene_fc_clear_v05,FC_CLEAR,C0,,28103,0.0,False,False,True
v1__scene_fc_clear_v05__L2__C0_NA__r04_s28104,scene_fc_clear_v05,FC_CLEAR,C0,,28104,0.0,False,False,True
v1__scene_fc_clear_v05__L2__C0_NA__r05_s28105,scene_fc_clear_v05,FC_CLEAR,C0,,28105,0.0,False,False,True
v1__scene_fc_clear_v05__L2__C1_NA__r01_s28101,scene_fc_clear_v05,FC_CLEAR,C1,,28101,0.0,False,False,True
v1__scene_fc_clear_v05__L2__C1_NA__r02_s28102,scene_fc_clear_v05,FC_CLEAR,C1,,28102,0.0,False,False,True
v1__scene_fc_clear_v05__L2__C1_NA__r03_s28103,scene_fc_clear_v05,FC_CLEAR,C1,,28103,0.0,False,False,True
v1__scene_fc_clear_v05__L2__C1_NA__r04_s28104,scene_fc_clear_v05,FC_CLEAR,C1,,28104,0.0,False,False,True
v1__scene_fc_clear_v05__L2__C1_NA__r05_s28105,scene_fc_clear_v05,FC_CLEAR,C1,,28105,0.0,False,False,True
v1__scene_fc_clear_v05__L2__C2_D4__r01_s28101,scene_fc_clear_v05,FC_CLEAR,C2,D4,28101,0.0,False,False,True
v1__scene_fc_clear_v05__L2__C2_D4__r02_s28102,scene_fc_clear_v05,FC_CLEAR,C2,D4,28102,0.0,False,False,True
v1__scene_fc_clear_v05__L2__C2_D4__r03_s28103,scene_fc_clear_v05,FC_CLEAR,C2,D4,28103,0.0,False,False,True
v1__scene_fc_clear_v05__L2__C2_D4__r04_s28104,scene_fc_clear_v05,FC_CLEAR,C2,D4,28104,0.0,False,False,True
v1__scene_fc_clear_v05__L2__C2_D4__r05_s28105,scene_fc_clear_v05,FC_CLEAR,C2,D4,28105,0.0,False,False,True
v1__scene_fc_clear_v05__L2__C2_D8__r01_s28101,scene_fc_clear_v05,FC_CLEAR,C2,D8,28101,0.0,False,False,True
v1__scene_fc_clear_v05__L2__C2_D8__r02_s28102,scene_fc_clear_v05,FC_CLEAR,C2,D8,28102,0.0,False,False,True
v1__scene_fc_clear_v05__L2__C2_D8__r03_s28103,scene_fc_clear_v05,FC_CLEAR,C2,D8,28103,0.0,False,False,True
v1__scene_fc_clear_v05__L2__C2_D8__r04_s28104,scene_fc_clear_v05,FC_CLEAR,C2,D8,28104,0.0,False,False,True
v1__scene_fc_clear_v05__L2__C2_D8__r05_s28105,scene_fc_clear_v05,FC_CLEAR,C2,D8,28105,0.0,False,False,True
v1__scene_fc_clear_v05__L2__C3_D4__r01_s28101,scene_fc_clear_v05,FC_CLEAR,C3,D4,28101,0.0,False,False,True
v1__scene_fc_clear_v05__L2__C3_D4__r02_s28102,scene_fc_clear_v05,FC_CLEAR,C3,D4,28102,0.0,False,False,True
v1__scene_fc_clear_v05__L2__C3_D4__r03_s28103,scene_fc_clear_v05,FC_CLEAR,C3,D4,28103,0.0,False,False,True
v1__scene_fc_clear_v05__L2__C3_D4__r04_s28104,scene_fc_clear_v05,FC_CLEAR,C3,D4,28104,0.0,False,False,True
v1__scene_fc_clear_v05__L2__C3_D4__r05_s28105,scene_fc_clear_v05,FC_CLEAR,C3,D4,28105,0.0,False,False,True
v1__scene_fc_clear_v05__L2__C3_D8__r01_s28101,scene_fc_clear_v05,FC_CLEAR,C3,D8,28101,0.0,False,False,True
v1__scene_fc_clear_v05__L2__C3_D8__r02_s28102,scene_fc_clear_v05,FC_CLEAR,C3,D8,28102,0.0,False,False,True
v1__scene_fc_clear_v05__L2__C3_D8__r03_s28103,scene_fc_clear_v05,FC_CLEAR,C3,D8,28103,0.0,False,False,True
v1__scene_fc_clear_v05__L2__C3_D8__r04_s28104,scene_fc_clear_v05,FC_CLEAR,C3,D8,28104,0.0,False,False,True
v1__scene_fc_clear_v05__L2__C3_D8__r05_s28105,scene_fc_clear_v05,FC_CLEAR,C3,D8,28105,0.0,False,False,True
v1__scene_fc_clear_v05__L2__C4_D4__r01_s28101,scene_fc_clear_v05,FC_CLEAR,C4,D4,28101,0.0,False,False,True
v1__scene_fc_clear_v05__L2__C4_D4__r02_s28102,scene_fc_clear_v05,FC_CLEAR,C4,D4,28102,0.0,False,False,True
v1__scene_fc_clear_v05__L2__C4_D4__r03_s28103,scene_fc_clear_v05,FC_CLEAR,C4,D4,28103,0.0,False,False,True
v1__scene_fc_clear_v05__L2__C4_D4__r04_s28104,scene_fc_clear_v05,FC_CLEAR,C4,D4,28104,0.0,False,False,True
v1__scene_fc_clear_v05__L2__C4_D4__r05_s28105,scene_fc_clear_v05,FC_CLEAR,C4,D4,28105,0.0,False,False,True
v1__scene_fc_clear_v05__L2__C4_D8__r01_s28101,scene_fc_clear_v05,FC_CLEAR,C4,D8,28101,0.0,False,False,True
v1__scene_fc_clear_v05__L2__C4_D8__r02_s28102,scene_fc_clear_v05,FC_CLEAR,C4,D8,28102,0.0,False,False,True
v1__scene_fc_clear_v05__L2__C4_D8__r03_s28103,scene_fc_clear_v05,FC_CLEAR,C4,D8,28103,0.0,False,False,True
v1__scene_fc_clear_v05__L2__C4_D8__r04_s28104,scene_fc_clear_v05,FC_CLEAR,C4,D8,28104,0.0,False,False,True
v1__scene_fc_clear_v05__L2__C4_D8__r05_s28105,scene_fc_clear_v05,FC_CLEAR,C4,D8,28105,0.0,False,False,True
v1__scene_fc_clear_v05__L2__C5_D4__r01_s28101,scene_fc_clear_v05,FC_CLEAR,C5,D4,28101,0.0,False,False,True
v1__scene_fc_clear_v05__L2__C5_D4__r02_s28102,scene_fc_clear_v05,FC_CLEAR,C5,D4,28102,0.0,False,False,True
v1__scene_fc_clear_v05__L2__C5_D4__r03_s28103,scene_fc_clear_v05,FC_CLEAR,C5,D4,28103,0.0,False,False,True
v1__scene_fc_clear_v05__L2__C5_D4__r04_s28104,scene_fc_clear_v05,FC_CLEAR,C5,D4,28104,0.0,False,False,True
v1__scene_fc_clear_v05__L2__C5_D4__r05_s28105,scene_fc_clear_v05,FC_CLEAR,C5,D4,28105,0.0,False,False,True
v1__scene_fc_clear_v05__L2__C5_D8__r01_s28101,scene_fc_clear_v05,FC_CLEAR,C5,D8,28101,0.0,False,False,True
v1__scene_fc_clear_v05__L2__C5_D8__r02_s28102,scene_fc_clear_v05,FC_CLEAR,C5,D8,28102,0.0,False,False,True
v1__scene_fc_clear_v05__L2__C5_D8__r03_s28103,scene_fc_clear_v05,FC_CLEAR,C5,D8,28103,0.0,False,False,True
v1__scene_fc_clear_v05__L2__C5_D8__r04_s28104,scene_fc_clear_v05,FC_CLEAR,C5,D8,28104,0.0,False,False,True
v1__scene_fc_clear_v05__L2__C5_D8__r05_s28105,scene_fc_clear_v05,FC_CLEAR,C5,D8,28105,0.0,False,False,True
v1__scene_fc_clear_v05__L2__C6_D4__r01_s28101,scene_fc_clear_v05,FC_CLEAR,C6,D4,28101,0.0,False,False,True
v1__scene_fc_clear_v05__L2__C6_D4__r02_s28102,scene_fc_clear_v05,FC_CLEAR,C6,D4,28102,0.0,False,False,True
v1__scene_fc_clear_v05__L2__C6_D4__r03_s28103,scene_fc_clear_v05,FC_CLEAR,C6,D4,28103,0.0,False,False,True
v1__scene_fc_clear_v05__L2__C6_D4__r04_s28104,scene_fc_clear_v05,FC_CLEAR,C6,D4,28104,0.0,False,False,True
v1__scene_fc_clear_v05__L2__C6_D4__r05_s28105,scene_fc_clear_v05,FC_CLEAR,C6,D4,28105,0.0,False,False,True
v1__scene_fc_clear_v05__L2__C6_D8__r01_s28101,scene_fc_clear_v05,FC_CLEAR,C6,D8,28101,0.0,False,False,True
v1__scene_fc_clear_v05__L2__C6_D8__r02_s28102,scene_fc_clear_v05,FC_CLEAR,C6,D8,28102,0.0,False,False,True
v1__scene_fc_clear_v05__L2__C6_D8__r03_s28103,scene_fc_clear_v05,FC_CLEAR,C6,D8,28103,0.0,False,False,True
v1__scene_fc_clear_v05__L2__C6_D8__r04_s28104,scene_fc_clear_v05,FC_CLEAR,C6,D8,28104,0.0,False,False,True
v1__scene_fc_clear_v05__L2__C6_D8__r05_s28105,scene_fc_clear_v05,FC_CLEAR,C6,D8,28105,0.0,False,False,True
v1__scene_lift_and_relocate_v01__L2__C0_NA__r01_s28101,scene_lift_and_relocate_v01,LIFT_AND_RELOCATE,C0,,28101,0.606130192,True,True,True
v1__scene_lift_and_relocate_v01__L2__C0_NA__r02_s28102,scene_lift_and_relocate_v01,LIFT_AND_RELOCATE,C0,,28102,0.606130192,True,False,False
v1__scene_lift_and_relocate_v01__L2__C0_NA__r03_s28103,scene_lift_and_relocate_v01,LIFT_AND_RELOCATE,C0,,28103,0.606130192,True,False,False
v1__scene_lift_and_relocate_v01__L2__C0_NA__r04_s28104,scene_lift_and_relocate_v01,LIFT_AND_RELOCATE,C0,,28104,0.606130192,True,True,True
v1__scene_lift_and_relocate_v01__L2__C0_NA__r05_s28105,scene_lift_and_relocate_v01,LIFT_AND_RELOCATE,C0,,28105,0.606130192,True,False,False
v1__scene_lift_and_relocate_v01__L2__C1_NA__r01_s28101,scene_lift_and_relocate_v01,LIFT_AND_RELOCATE,C1,,28101,0.606130192,True,False,False
v1__scene_lift_and_relocate_v01__L2__C1_NA__r02_s28102,scene_lift_and_relocate_v01,LIFT_AND_RELOCATE,C1,,28102,0.606130192,True,False,False
v1__scene_lift_and_relocate_v01__L2__C1_NA__r03_s28103,scene_lift_and_relocate_v01,LIFT_AND_RELOCATE,C1,,28103,0.606130192,True,False,False
v1__scene_lift_and_relocate_v01__L2__C1_NA__r04_s28104,scene_lift_and_relocate_v01,LIFT_AND_RELOCATE,C1,,28104,0.606130192,True,False,False
v1__scene_lift_and_relocate_v01__L2__C1_NA__r05_s28105,scene_lift_and_relocate_v01,LIFT_AND_RELOCATE,C1,,28105,0.606130192,True,False,False
v1__scene_lift_and_relocate_v01__L2__C2_D4__r01_s28101,scene_lift_and_relocate_v01,LIFT_AND_RELOCATE,C2,D4,28101,0.606130192,True,True,True
v1__scene_lift_and_relocate_v01__L2__C2_D4__r02_s28102,scene_lift_and_relocate_v01,LIFT_AND_RELOCATE,C2,D4,28102,0.606130192,True,False,False
v1__scene_lift_and_relocate_v01__L2__C2_D4__r03_s28103,scene_lift_and_relocate_v01,LIFT_AND_RELOCATE,C2,D4,28103,0.606130192,True,False,False
v1__scene_lift_and_relocate_v01__L2__C2_D4__r04_s28104,scene_lift_and_relocate_v01,LIFT_AND_RELOCATE,C2,D4,28104,0.606130192,True,True,True
v1__scene_lift_and_relocate_v01__L2__C2_D4__r05_s28105,scene_lift_and_relocate_v01,LIFT_AND_RELOCATE,C2,D4,28105,0.606130192,True,False,False
v1__scene_lift_and_relocate_v01__L2__C2_D8__r01_s28101,scene_lift_and_relocate_v01,LIFT_AND_RELOCATE,C2,D8,28101,0.606130192,True,True,True
v1__scene_lift_and_relocate_v01__L2__C2_D8__r02_s28102,scene_lift_and_relocate_v01,LIFT_AND_RELOCATE,C2,D8,28102,0.606130192,True,False,False
v1__scene_lift_and_relocate_v01__L2__C2_D8__r03_s28103,scene_lift_and_relocate_v01,LIFT_AND_RELOCATE,C2,D8,28103,0.606130192,True,False,False
v1__scene_lift_and_relocate_v01__L2__C2_D8__r04_s28104,scene_lift_and_relocate_v01,LIFT_AND_RELOCATE,C2,D8,28104,0.606130192,True,True,True
v1__scene_lift_and_relocate_v01__L2__C2_D8__r05_s28105,scene_lift_and_relocate_v01,LIFT_AND_RELOCATE,C2,D8,28105,0.606130192,True,False,False
v1__scene_lift_and_relocate_v01__L2__C3_D4__r01_s28101,scene_lift_and_relocate_v01,LIFT_AND_RELOCATE,C3,D4,28101,0.606130192,True,False,False
v1__scene_lift_and_relocate_v01__L2__C3_D4__r02_s28102,scene_lift_and_relocate_v01,LIFT_AND_RELOCATE,C3,D4,28102,0.606130192,True,False,False
v1__scene_lift_and_relocate_v01__L2__C3_D4__r03_s28103,scene_lift_and_relocate_v01,LIFT_AND_RELOCATE,C3,D4,28103,0.606130192,True,False,False
v1__scene_lift_and_relocate_v01__L2__C3_D4__r04_s28104,scene_lift_and_relocate_v01,LIFT_AND_RELOCATE,C3,D4,28104,0.606130192,True,False,False
v1__scene_lift_and_relocate_v01__L2__C3_D4__r05_s28105,scene_lift_and_relocate_v01,LIFT_AND_RELOCATE,C3,D4,28105,0.606130192,True,False,False
v1__scene_lift_and_relocate_v01__L2__C3_D8__r01_s28101,scene_lift_and_relocate_v01,LIFT_AND_RELOCATE,C3,D8,28101,0.606130192,True,False,False
v1__scene_lift_and_relocate_v01__L2__C3_D8__r02_s28102,scene_lift_and_relocate_v01,LIFT_AND_RELOCATE,C3,D8,28102,0.606130192,True,False,False
v1__scene_lift_and_relocate_v01__L2__C3_D8__r03_s28103,scene_lift_and_relocate_v01,LIFT_AND_RELOCATE,C3,D8,28103,0.606130192,True,False,False
v1__scene_lift_and_relocate_v01__L2__C3_D8__r04_s28104,scene_lift_and_relocate_v01,LIFT_AND_RELOCATE,C3,D8,28104,0.606130192,True,False,False
v1__scene_lift_and_relocate_v01__L2__C3_D8__r05_s28105,scene_lift_and_relocate_v01,LIFT_AND_RELOCATE,C3,D8,28105,0.606130192,True,False,False
v1__scene_lift_and_relocate_v01__L2__C4_D4__r01_s28101,scene_lift_and_relocate_v01,LIFT_AND_RELOCATE,C4,D4,28101,0.606130192,True,False,False
v1__scene_lift_and_relocate_v01__L2__C4_D4__r02_s28102,scene_lift_and_relocate_v01,LIFT_AND_RELOCATE,C4,D4,28102,0.606130192,True,False,False
v1__scene_lift_and_relocate_v01__L2__C4_D4__r03_s28103,scene_lift_and_relocate_v01,LIFT_AND_RELOCATE,C4,D4,28103,0.606130192,True,False,False
v1__scene_lift_and_relocate_v01__L2__C4_D4__r04_s28104,scene_lift_and_relocate_v01,LIFT_AND_RELOCATE,C4,D4,28104,0.606130192,True,False,False
v1__scene_lift_and_relocate_v01__L2__C4_D4__r05_s28105,scene_lift_and_relocate_v01,LIFT_AND_RELOCATE,C4,D4,28105,0.606130192,True,False,False
v1__scene_lift_and_relocate_v01__L2__C4_D8__r01_s28101,scene_lift_and_relocate_v01,LIFT_AND_RELOCATE,C4,D8,28101,0.606130192,True,False,False
v1__scene_lift_and_relocate_v01__L2__C4_D8__r02_s28102,scene_lift_and_relocate_v01,LIFT_AND_RELOCATE,C4,D8,28102,0.606130192,True,False,False
v1__scene_lift_and_relocate_v01__L2__C4_D8__r03_s28103,scene_lift_and_relocate_v01,LIFT_AND_RELOCATE,C4,D8,28103,0.606130192,True,False,False
v1__scene_lift_and_relocate_v01__L2__C4_D8__r04_s28104,scene_lift_and_relocate_v01,LIFT_AND_RELOCATE,C4,D8,28104,0.606130192,True,False,False
v1__scene_lift_and_relocate_v01__L2__C4_D8__r05_s28105,scene_lift_and_relocate_v01,LIFT_AND_RELOCATE,C4,D8,28105,0.606130192,True,False,False
v1__scene_lift_and_relocate_v01__L2__C5_D4__r01_s28101,scene_lift_and_relocate_v01,LIFT_AND_RELOCATE,C5,D4,28101,0.606130192,True,True,True
v1__scene_lift_and_relocate_v01__L2__C5_D4__r02_s28102,scene_lift_and_relocate_v01,LIFT_AND_RELOCATE,C5,D4,28102,0.606130192,True,False,False
v1__scene_lift_and_relocate_v01__L2__C5_D4__r03_s28103,scene_lift_and_relocate_v01,LIFT_AND_RELOCATE,C5,D4,28103,0.606130192,True,False,False
v1__scene_lift_and_relocate_v01__L2__C5_D4__r04_s28104,scene_lift_and_relocate_v01,LIFT_AND_RELOCATE,C5,D4,28104,0.606130192,True,True,True
v1__scene_lift_and_relocate_v01__L2__C5_D4__r05_s28105,scene_lift_and_relocate_v01,LIFT_AND_RELOCATE,C5,D4,28105,0.606130192,True,False,False
v1__scene_lift_and_relocate_v01__L2__C5_D8__r01_s28101,scene_lift_and_relocate_v01,LIFT_AND_RELOCATE,C5,D8,28101,0.606130192,True,False,False
v1__scene_lift_and_relocate_v01__L2__C5_D8__r02_s28102,scene_lift_and_relocate_v01,LIFT_AND_RELOCATE,C5,D8,28102,0.606130192,True,False,False
v1__scene_lift_and_relocate_v01__L2__C5_D8__r03_s28103,scene_lift_and_relocate_v01,LIFT_AND_RELOCATE,C5,D8,28103,0.606130192,True,False,False
v1__scene_lift_and_relocate_v01__L2__C5_D8__r04_s28104,scene_lift_and_relocate_v01,LIFT_AND_RELOCATE,C5,D8,28104,0.606130192,True,False,False
v1__scene_lift_and_relocate_v01__L2__C5_D8__r05_s28105,scene_lift_and_relocate_v01,LIFT_AND_RELOCATE,C5,D8,28105,0.606130192,True,False,False
v1__scene_lift_and_relocate_v01__L2__C6_D4__r01_s28101,scene_lift_and_relocate_v01,LIFT_AND_RELOCATE,C6,D4,28101,0.606130192,True,False,False
v1__scene_lift_and_relocate_v01__L2__C6_D4__r02_s28102,scene_lift_and_relocate_v01,LIFT_AND_RELOCATE,C6,D4,28102,0.606130192,True,False,False
v1__scene_lift_and_relocate_v01__L2__C6_D4__r03_s28103,scene_lift_and_relocate_v01,LIFT_AND_RELOCATE,C6,D4,28103,0.606130192,True,False,False
v1__scene_lift_and_relocate_v01__L2__C6_D4__r04_s28104,scene_lift_and_relocate_v01,LIFT_AND_RELOCATE,C6,D4,28104,0.606130192,True,True,True
v1__scene_lift_and_relocate_v01__L2__C6_D4__r05_s28105,scene_lift_and_relocate_v01,LIFT_AND_RELOCATE,C6,D4,28105,0.606130192,True,False,False
v1__scene_lift_and_relocate_v01__L2__C6_D8__r01_s28101,scene_lift_and_relocate_v01,LIFT_AND_RELOCATE,C6,D8,28101,0.606130192,True,False,False
v1__scene_lift_and_relocate_v01__L2__C6_D8__r02_s28102,scene_lift_and_relocate_v01,LIFT_AND_RELOCATE,C6,D8,28102,0.606130192,True,False,False
v1__scene_lift_and_relocate_v01__L2__C6_D8__r03_s28103,scene_lift_and_relocate_v01,LIFT_AND_RELOCATE,C6,D8,28103,0.606130192,True,False,False
v1__scene_lift_and_relocate_v01__L2__C6_D8__r04_s28104,scene_lift_and_relocate_v01,LIFT_AND_RELOCATE,C6,D8,28104,0.606130192,True,True,True
v1__scene_lift_and_relocate_v01__L2__C6_D8__r05_s28105,scene_lift_and_relocate_v01,LIFT_AND_RELOCATE,C6,D8,28105,0.606130192,True,False,False
v1__scene_lift_and_relocate_v02__L2__C0_NA__r01_s28101,scene_lift_and_relocate_v02,LIFT_AND_RELOCATE,C0,,28101,0.300692888,True,False,False
v1__scene_lift_and_relocate_v02__L2__C0_NA__r02_s28102,scene_lift_and_relocate_v02,LIFT_AND_RELOCATE,C0,,28102,0.300692888,True,False,False
v1__scene_lift_and_relocate_v02__L2__C0_NA__r03_s28103,scene_lift_and_relocate_v02,LIFT_AND_RELOCATE,C0,,28103,0.300692888,True,False,False
v1__scene_lift_and_relocate_v02__L2__C0_NA__r04_s28104,scene_lift_and_relocate_v02,LIFT_AND_RELOCATE,C0,,28104,0.300692888,True,False,False
v1__scene_lift_and_relocate_v02__L2__C0_NA__r05_s28105,scene_lift_and_relocate_v02,LIFT_AND_RELOCATE,C0,,28105,0.300692888,True,False,False
v1__scene_lift_and_relocate_v02__L2__C1_NA__r01_s28101,scene_lift_and_relocate_v02,LIFT_AND_RELOCATE,C1,,28101,0.300692888,True,False,False
v1__scene_lift_and_relocate_v02__L2__C1_NA__r02_s28102,scene_lift_and_relocate_v02,LIFT_AND_RELOCATE,C1,,28102,0.300692888,True,False,False
v1__scene_lift_and_relocate_v02__L2__C1_NA__r03_s28103,scene_lift_and_relocate_v02,LIFT_AND_RELOCATE,C1,,28103,0.300692888,True,False,False
v1__scene_lift_and_relocate_v02__L2__C1_NA__r04_s28104,scene_lift_and_relocate_v02,LIFT_AND_RELOCATE,C1,,28104,0.300692888,True,False,False
v1__scene_lift_and_relocate_v02__L2__C1_NA__r05_s28105,scene_lift_and_relocate_v02,LIFT_AND_RELOCATE,C1,,28105,0.300692888,True,False,False
v1__scene_lift_and_relocate_v02__L2__C2_D4__r01_s28101,scene_lift_and_relocate_v02,LIFT_AND_RELOCATE,C2,D4,28101,0.300692888,True,False,False
v1__scene_lift_and_relocate_v02__L2__C2_D4__r02_s28102,scene_lift_and_relocate_v02,LIFT_AND_RELOCATE,C2,D4,28102,0.300692888,True,False,False
v1__scene_lift_and_relocate_v02__L2__C2_D4__r03_s28103,scene_lift_and_relocate_v02,LIFT_AND_RELOCATE,C2,D4,28103,0.300692888,True,False,False
v1__scene_lift_and_relocate_v02__L2__C2_D4__r04_s28104,scene_lift_and_relocate_v02,LIFT_AND_RELOCATE,C2,D4,28104,0.300692888,True,False,False
v1__scene_lift_and_relocate_v02__L2__C2_D4__r05_s28105,scene_lift_and_relocate_v02,LIFT_AND_RELOCATE,C2,D4,28105,0.300692888,True,False,False
v1__scene_lift_and_relocate_v02__L2__C2_D8__r01_s28101,scene_lift_and_relocate_v02,LIFT_AND_RELOCATE,C2,D8,28101,0.300692888,True,False,False
v1__scene_lift_and_relocate_v02__L2__C2_D8__r02_s28102,scene_lift_and_relocate_v02,LIFT_AND_RELOCATE,C2,D8,28102,0.300692888,True,False,False
v1__scene_lift_and_relocate_v02__L2__C2_D8__r03_s28103,scene_lift_and_relocate_v02,LIFT_AND_RELOCATE,C2,D8,28103,0.300692888,True,False,False
v1__scene_lift_and_relocate_v02__L2__C2_D8__r04_s28104,scene_lift_and_relocate_v02,LIFT_AND_RELOCATE,C2,D8,28104,0.300692888,True,False,False
v1__scene_lift_and_relocate_v02__L2__C2_D8__r05_s28105,scene_lift_and_relocate_v02,LIFT_AND_RELOCATE,C2,D8,28105,0.300692888,True,False,False
v1__scene_lift_and_relocate_v02__L2__C3_D4__r01_s28101,scene_lift_and_relocate_v02,LIFT_AND_RELOCATE,C3,D4,28101,0.300692888,True,False,False
v1__scene_lift_and_relocate_v02__L2__C3_D4__r02_s28102,scene_lift_and_relocate_v02,LIFT_AND_RELOCATE,C3,D4,28102,0.300692888,True,False,False
v1__scene_lift_and_relocate_v02__L2__C3_D4__r03_s28103,scene_lift_and_relocate_v02,LIFT_AND_RELOCATE,C3,D4,28103,0.300692888,True,False,False
v1__scene_lift_and_relocate_v02__L2__C3_D4__r04_s28104,scene_lift_and_relocate_v02,LIFT_AND_RELOCATE,C3,D4,28104,0.300692888,True,False,False
v1__scene_lift_and_relocate_v02__L2__C3_D4__r05_s28105,scene_lift_and_relocate_v02,LIFT_AND_RELOCATE,C3,D4,28105,0.300692888,True,False,False
v1__scene_lift_and_relocate_v02__L2__C3_D8__r01_s28101,scene_lift_and_relocate_v02,LIFT_AND_RELOCATE,C3,D8,28101,0.300692888,True,False,False
v1__scene_lift_and_relocate_v02__L2__C3_D8__r02_s28102,scene_lift_and_relocate_v02,LIFT_AND_RELOCATE,C3,D8,28102,0.300692888,True,False,False
v1__scene_lift_and_relocate_v02__L2__C3_D8__r03_s28103,scene_lift_and_relocate_v02,LIFT_AND_RELOCATE,C3,D8,28103,0.300692888,True,False,False
v1__scene_lift_and_relocate_v02__L2__C3_D8__r04_s28104,scene_lift_and_relocate_v02,LIFT_AND_RELOCATE,C3,D8,28104,0.300692888,True,False,False
v1__scene_lift_and_relocate_v02__L2__C3_D8__r05_s28105,scene_lift_and_relocate_v02,LIFT_AND_RELOCATE,C3,D8,28105,0.300692888,True,False,False
v1__scene_lift_and_relocate_v02__L2__C4_D4__r01_s28101,scene_lift_and_relocate_v02,LIFT_AND_RELOCATE,C4,D4,28101,0.300692888,True,False,False
v1__scene_lift_and_relocate_v02__L2__C4_D4__r02_s28102,scene_lift_and_relocate_v02,LIFT_AND_RELOCATE,C4,D4,28102,0.300692888,True,False,False
v1__scene_lift_and_relocate_v02__L2__C4_D4__r03_s28103,scene_lift_and_relocate_v02,LIFT_AND_RELOCATE,C4,D4,28103,0.300692888,True,False,False
v1__scene_lift_and_relocate_v02__L2__C4_D4__r04_s28104,scene_lift_and_relocate_v02,LIFT_AND_RELOCATE,C4,D4,28104,0.300692888,True,False,False
v1__scene_lift_and_relocate_v02__L2__C4_D4__r05_s28105,scene_lift_and_relocate_v02,LIFT_AND_RELOCATE,C4,D4,28105,0.300692888,True,False,False
v1__scene_lift_and_relocate_v02__L2__C4_D8__r01_s28101,scene_lift_and_relocate_v02,LIFT_AND_RELOCATE,C4,D8,28101,0.300692888,True,False,False
v1__scene_lift_and_relocate_v02__L2__C4_D8__r02_s28102,scene_lift_and_relocate_v02,LIFT_AND_RELOCATE,C4,D8,28102,0.300692888,True,False,False
v1__scene_lift_and_relocate_v02__L2__C4_D8__r03_s28103,scene_lift_and_relocate_v02,LIFT_AND_RELOCATE,C4,D8,28103,0.300692888,True,False,False
v1__scene_lift_and_relocate_v02__L2__C4_D8__r04_s28104,scene_lift_and_relocate_v02,LIFT_AND_RELOCATE,C4,D8,28104,0.300692888,True,False,False
v1__scene_lift_and_relocate_v02__L2__C4_D8__r05_s28105,scene_lift_and_relocate_v02,LIFT_AND_RELOCATE,C4,D8,28105,0.300692888,True,False,False
v1__scene_lift_and_relocate_v02__L2__C5_D4__r01_s28101,scene_lift_and_relocate_v02,LIFT_AND_RELOCATE,C5,D4,28101,0.300692888,True,False,False
v1__scene_lift_and_relocate_v02__L2__C5_D4__r02_s28102,scene_lift_and_relocate_v02,LIFT_AND_RELOCATE,C5,D4,28102,0.300692888,True,False,False
v1__scene_lift_and_relocate_v02__L2__C5_D4__r03_s28103,scene_lift_and_relocate_v02,LIFT_AND_RELOCATE,C5,D4,28103,0.300692888,True,False,False
v1__scene_lift_and_relocate_v02__L2__C5_D4__r04_s28104,scene_lift_and_relocate_v02,LIFT_AND_RELOCATE,C5,D4,28104,0.300692888,True,False,False
v1__scene_lift_and_relocate_v02__L2__C5_D4__r05_s28105,scene_lift_and_relocate_v02,LIFT_AND_RELOCATE,C5,D4,28105,0.300692888,True,False,False
v1__scene_lift_and_relocate_v02__L2__C5_D8__r01_s28101,scene_lift_and_relocate_v02,LIFT_AND_RELOCATE,C5,D8,28101,0.300692888,True,False,False
v1__scene_lift_and_relocate_v02__L2__C5_D8__r02_s28102,scene_lift_and_relocate_v02,LIFT_AND_RELOCATE,C5,D8,28102,0.300692888,True,False,False
v1__scene_lift_and_relocate_v02__L2__C5_D8__r03_s28103,scene_lift_and_relocate_v02,LIFT_AND_RELOCATE,C5,D8,28103,0.300692888,True,False,False
v1__scene_lift_and_relocate_v02__L2__C5_D8__r04_s28104,scene_lift_and_relocate_v02,LIFT_AND_RELOCATE,C5,D8,28104,0.300692888,True,False,False
v1__scene_lift_and_relocate_v02__L2__C5_D8__r05_s28105,scene_lift_and_relocate_v02,LIFT_AND_RELOCATE,C5,D8,28105,0.300692888,True,False,False
v1__scene_lift_and_relocate_v02__L2__C6_D4__r01_s28101,scene_lift_and_relocate_v02,LIFT_AND_RELOCATE,C6,D4,28101,0.300692888,True,False,False
v1__scene_lift_and_relocate_v02__L2__C6_D4__r02_s28102,scene_lift_and_relocate_v02,LIFT_AND_RELOCATE,C6,D4,28102,0.300692888,True,False,False
v1__scene_lift_and_relocate_v02__L2__C6_D4__r03_s28103,scene_lift_and_relocate_v02,LIFT_AND_RELOCATE,C6,D4,28103,0.300692888,True,False,False
v1__scene_lift_and_relocate_v02__L2__C6_D4__r04_s28104,scene_lift_and_relocate_v02,LIFT_AND_RELOCATE,C6,D4,28104,0.300692888,True,False,False
v1__scene_lift_and_relocate_v02__L2__C6_D4__r05_s28105,scene_lift_and_relocate_v02,LIFT_AND_RELOCATE,C6,D4,28105,0.300692888,True,False,False
v1__scene_lift_and_relocate_v02__L2__C6_D8__r01_s28101,scene_lift_and_relocate_v02,LIFT_AND_RELOCATE,C6,D8,28101,0.300692888,True,False,False
v1__scene_lift_and_relocate_v02__L2__C6_D8__r02_s28102,scene_lift_and_relocate_v02,LIFT_AND_RELOCATE,C6,D8,28102,0.300692888,True,False,False
v1__scene_lift_and_relocate_v02__L2__C6_D8__r03_s28103,scene_lift_and_relocate_v02,LIFT_AND_RELOCATE,C6,D8,28103,0.300692888,True,False,False
v1__scene_lift_and_relocate_v02__L2__C6_D8__r04_s28104,scene_lift_and_relocate_v02,LIFT_AND_RELOCATE,C6,D8,28104,0.300692888,True,False,False
v1__scene_lift_and_relocate_v02__L2__C6_D8__r05_s28105,scene_lift_and_relocate_v02,LIFT_AND_RELOCATE,C6,D8,28105,0.300692888,True,False,False
v1__scene_lift_and_relocate_v03__L2__C0_NA__r01_s28101,scene_lift_and_relocate_v03,LIFT_AND_RELOCATE,C0,,28101,0.351479047,True,False,False
v1__scene_lift_and_relocate_v03__L2__C0_NA__r02_s28102,scene_lift_and_relocate_v03,LIFT_AND_RELOCATE,C0,,28102,0.351479047,True,False,False
v1__scene_lift_and_relocate_v03__L2__C0_NA__r03_s28103,scene_lift_and_relocate_v03,LIFT_AND_RELOCATE,C0,,28103,0.351479047,True,False,False
v1__scene_lift_and_relocate_v03__L2__C0_NA__r04_s28104,scene_lift_and_relocate_v03,LIFT_AND_RELOCATE,C0,,28104,0.351479047,True,False,False
v1__scene_lift_and_relocate_v03__L2__C0_NA__r05_s28105,scene_lift_and_relocate_v03,LIFT_AND_RELOCATE,C0,,28105,0.351479047,True,False,False
v1__scene_lift_and_relocate_v03__L2__C1_NA__r01_s28101,scene_lift_and_relocate_v03,LIFT_AND_RELOCATE,C1,,28101,0.351479047,True,False,False
v1__scene_lift_and_relocate_v03__L2__C1_NA__r02_s28102,scene_lift_and_relocate_v03,LIFT_AND_RELOCATE,C1,,28102,0.351479047,True,False,False
v1__scene_lift_and_relocate_v03__L2__C1_NA__r03_s28103,scene_lift_and_relocate_v03,LIFT_AND_RELOCATE,C1,,28103,0.351479047,True,False,False
v1__scene_lift_and_relocate_v03__L2__C1_NA__r04_s28104,scene_lift_and_relocate_v03,LIFT_AND_RELOCATE,C1,,28104,0.351479047,True,False,False
v1__scene_lift_and_relocate_v03__L2__C1_NA__r05_s28105,scene_lift_and_relocate_v03,LIFT_AND_RELOCATE,C1,,28105,0.351479047,True,False,False
v1__scene_lift_and_relocate_v03__L2__C2_D4__r01_s28101,scene_lift_and_relocate_v03,LIFT_AND_RELOCATE,C2,D4,28101,0.351479047,True,True,True
v1__scene_lift_and_relocate_v03__L2__C2_D4__r02_s28102,scene_lift_and_relocate_v03,LIFT_AND_RELOCATE,C2,D4,28102,0.351479047,True,False,False
v1__scene_lift_and_relocate_v03__L2__C2_D4__r03_s28103,scene_lift_and_relocate_v03,LIFT_AND_RELOCATE,C2,D4,28103,0.351479047,True,False,False
v1__scene_lift_and_relocate_v03__L2__C2_D4__r04_s28104,scene_lift_and_relocate_v03,LIFT_AND_RELOCATE,C2,D4,28104,0.351479047,True,True,True
v1__scene_lift_and_relocate_v03__L2__C2_D4__r05_s28105,scene_lift_and_relocate_v03,LIFT_AND_RELOCATE,C2,D4,28105,0.351479047,True,False,False
v1__scene_lift_and_relocate_v03__L2__C2_D8__r01_s28101,scene_lift_and_relocate_v03,LIFT_AND_RELOCATE,C2,D8,28101,0.351479047,True,True,True
v1__scene_lift_and_relocate_v03__L2__C2_D8__r02_s28102,scene_lift_and_relocate_v03,LIFT_AND_RELOCATE,C2,D8,28102,0.351479047,True,True,True
v1__scene_lift_and_relocate_v03__L2__C2_D8__r03_s28103,scene_lift_and_relocate_v03,LIFT_AND_RELOCATE,C2,D8,28103,0.351479047,True,False,False
v1__scene_lift_and_relocate_v03__L2__C2_D8__r04_s28104,scene_lift_and_relocate_v03,LIFT_AND_RELOCATE,C2,D8,28104,0.351479047,True,True,True
v1__scene_lift_and_relocate_v03__L2__C2_D8__r05_s28105,scene_lift_and_relocate_v03,LIFT_AND_RELOCATE,C2,D8,28105,0.351479047,True,True,True
v1__scene_lift_and_relocate_v03__L2__C3_D4__r01_s28101,scene_lift_and_relocate_v03,LIFT_AND_RELOCATE,C3,D4,28101,0.351479047,True,False,False
v1__scene_lift_and_relocate_v03__L2__C3_D4__r02_s28102,scene_lift_and_relocate_v03,LIFT_AND_RELOCATE,C3,D4,28102,0.351479047,True,False,False
v1__scene_lift_and_relocate_v03__L2__C3_D4__r03_s28103,scene_lift_and_relocate_v03,LIFT_AND_RELOCATE,C3,D4,28103,0.351479047,True,False,False
v1__scene_lift_and_relocate_v03__L2__C3_D4__r04_s28104,scene_lift_and_relocate_v03,LIFT_AND_RELOCATE,C3,D4,28104,0.351479047,True,False,False
v1__scene_lift_and_relocate_v03__L2__C3_D4__r05_s28105,scene_lift_and_relocate_v03,LIFT_AND_RELOCATE,C3,D4,28105,0.351479047,True,False,False
v1__scene_lift_and_relocate_v03__L2__C3_D8__r01_s28101,scene_lift_and_relocate_v03,LIFT_AND_RELOCATE,C3,D8,28101,0.351479047,True,False,False
v1__scene_lift_and_relocate_v03__L2__C3_D8__r02_s28102,scene_lift_and_relocate_v03,LIFT_AND_RELOCATE,C3,D8,28102,0.351479047,True,False,False
v1__scene_lift_and_relocate_v03__L2__C3_D8__r03_s28103,scene_lift_and_relocate_v03,LIFT_AND_RELOCATE,C3,D8,28103,0.351479047,True,False,False
v1__scene_lift_and_relocate_v03__L2__C3_D8__r04_s28104,scene_lift_and_relocate_v03,LIFT_AND_RELOCATE,C3,D8,28104,0.351479047,True,False,False
v1__scene_lift_and_relocate_v03__L2__C3_D8__r05_s28105,scene_lift_and_relocate_v03,LIFT_AND_RELOCATE,C3,D8,28105,0.351479047,True,False,False
v1__scene_lift_and_relocate_v03__L2__C4_D4__r01_s28101,scene_lift_and_relocate_v03,LIFT_AND_RELOCATE,C4,D4,28101,0.351479047,True,False,False
v1__scene_lift_and_relocate_v03__L2__C4_D4__r02_s28102,scene_lift_and_relocate_v03,LIFT_AND_RELOCATE,C4,D4,28102,0.351479047,True,False,False
v1__scene_lift_and_relocate_v03__L2__C4_D4__r03_s28103,scene_lift_and_relocate_v03,LIFT_AND_RELOCATE,C4,D4,28103,0.351479047,True,False,False
v1__scene_lift_and_relocate_v03__L2__C4_D4__r04_s28104,scene_lift_and_relocate_v03,LIFT_AND_RELOCATE,C4,D4,28104,0.351479047,True,False,False
v1__scene_lift_and_relocate_v03__L2__C4_D4__r05_s28105,scene_lift_and_relocate_v03,LIFT_AND_RELOCATE,C4,D4,28105,0.351479047,True,False,False
v1__scene_lift_and_relocate_v03__L2__C4_D8__r01_s28101,scene_lift_and_relocate_v03,LIFT_AND_RELOCATE,C4,D8,28101,0.351479047,True,False,False
v1__scene_lift_and_relocate_v03__L2__C4_D8__r02_s28102,scene_lift_and_relocate_v03,LIFT_AND_RELOCATE,C4,D8,28102,0.351479047,True,False,False
v1__scene_lift_and_relocate_v03__L2__C4_D8__r03_s28103,scene_lift_and_relocate_v03,LIFT_AND_RELOCATE,C4,D8,28103,0.351479047,True,False,False
v1__scene_lift_and_relocate_v03__L2__C4_D8__r04_s28104,scene_lift_and_relocate_v03,LIFT_AND_RELOCATE,C4,D8,28104,0.351479047,True,False,False
v1__scene_lift_and_relocate_v03__L2__C4_D8__r05_s28105,scene_lift_and_relocate_v03,LIFT_AND_RELOCATE,C4,D8,28105,0.351479047,True,False,False
v1__scene_lift_and_relocate_v03__L2__C5_D4__r01_s28101,scene_lift_and_relocate_v03,LIFT_AND_RELOCATE,C5,D4,28101,0.351479047,True,False,False
v1__scene_lift_and_relocate_v03__L2__C5_D4__r02_s28102,scene_lift_and_relocate_v03,LIFT_AND_RELOCATE,C5,D4,28102,0.351479047,True,False,False
v1__scene_lift_and_relocate_v03__L2__C5_D4__r03_s28103,scene_lift_and_relocate_v03,LIFT_AND_RELOCATE,C5,D4,28103,0.351479047,True,False,False
v1__scene_lift_and_relocate_v03__L2__C5_D4__r04_s28104,scene_lift_and_relocate_v03,LIFT_AND_RELOCATE,C5,D4,28104,0.351479047,True,False,False
v1__scene_lift_and_relocate_v03__L2__C5_D4__r05_s28105,scene_lift_and_relocate_v03,LIFT_AND_RELOCATE,C5,D4,28105,0.351479047,True,False,False
v1__scene_lift_and_relocate_v03__L2__C5_D8__r01_s28101,scene_lift_and_relocate_v03,LIFT_AND_RELOCATE,C5,D8,28101,0.351479047,True,False,False
v1__scene_lift_and_relocate_v03__L2__C5_D8__r02_s28102,scene_lift_and_relocate_v03,LIFT_AND_RELOCATE,C5,D8,28102,0.351479047,True,False,False
v1__scene_lift_and_relocate_v03__L2__C5_D8__r03_s28103,scene_lift_and_relocate_v03,LIFT_AND_RELOCATE,C5,D8,28103,0.351479047,True,False,False
v1__scene_lift_and_relocate_v03__L2__C5_D8__r04_s28104,scene_lift_and_relocate_v03,LIFT_AND_RELOCATE,C5,D8,28104,0.351479047,True,False,False
v1__scene_lift_and_relocate_v03__L2__C5_D8__r05_s28105,scene_lift_and_relocate_v03,LIFT_AND_RELOCATE,C5,D8,28105,0.351479047,True,False,False
v1__scene_lift_and_relocate_v03__L2__C6_D4__r01_s28101,scene_lift_and_relocate_v03,LIFT_AND_RELOCATE,C6,D4,28101,0.351479047,True,False,False
v1__scene_lift_and_relocate_v03__L2__C6_D4__r02_s28102,scene_lift_and_relocate_v03,LIFT_AND_RELOCATE,C6,D4,28102,0.351479047,True,False,False
v1__scene_lift_and_relocate_v03__L2__C6_D4__r03_s28103,scene_lift_and_relocate_v03,LIFT_AND_RELOCATE,C6,D4,28103,0.351479047,True,False,False
v1__scene_lift_and_relocate_v03__L2__C6_D4__r04_s28104,scene_lift_and_relocate_v03,LIFT_AND_RELOCATE,C6,D4,28104,0.351479047,True,False,False
v1__scene_lift_and_relocate_v03__L2__C6_D4__r05_s28105,scene_lift_and_relocate_v03,LIFT_AND_RELOCATE,C6,D4,28105,0.351479047,True,False,False
v1__scene_lift_and_relocate_v03__L2__C6_D8__r01_s28101,scene_lift_and_relocate_v03,LIFT_AND_RELOCATE,C6,D8,28101,0.351479047,True,False,False
v1__scene_lift_and_relocate_v03__L2__C6_D8__r02_s28102,scene_lift_and_relocate_v03,LIFT_AND_RELOCATE,C6,D8,28102,0.351479047,True,False,False
v1__scene_lift_and_relocate_v03__L2__C6_D8__r03_s28103,scene_lift_and_relocate_v03,LIFT_AND_RELOCATE,C6,D8,28103,0.351479047,True,False,False
v1__scene_lift_and_relocate_v03__L2__C6_D8__r04_s28104,scene_lift_and_relocate_v03,LIFT_AND_RELOCATE,C6,D8,28104,0.351479047,True,False,False
v1__scene_lift_and_relocate_v03__L2__C6_D8__r05_s28105,scene_lift_and_relocate_v03,LIFT_AND_RELOCATE,C6,D8,28105,0.351479047,True,False,False
v1__scene_lift_and_relocate_v04__L2__C0_NA__r01_s28101,scene_lift_and_relocate_v04,LIFT_AND_RELOCATE,C0,,28101,0.581504542,True,True,True
v1__scene_lift_and_relocate_v04__L2__C0_NA__r02_s28102,scene_lift_and_relocate_v04,LIFT_AND_RELOCATE,C0,,28102,0.581504542,True,True,True
v1__scene_lift_and_relocate_v04__L2__C0_NA__r03_s28103,scene_lift_and_relocate_v04,LIFT_AND_RELOCATE,C0,,28103,0.581504542,True,False,False
v1__scene_lift_and_relocate_v04__L2__C0_NA__r04_s28104,scene_lift_and_relocate_v04,LIFT_AND_RELOCATE,C0,,28104,0.581504542,True,True,True
v1__scene_lift_and_relocate_v04__L2__C0_NA__r05_s28105,scene_lift_and_relocate_v04,LIFT_AND_RELOCATE,C0,,28105,0.581504542,True,True,True
v1__scene_lift_and_relocate_v04__L2__C1_NA__r01_s28101,scene_lift_and_relocate_v04,LIFT_AND_RELOCATE,C1,,28101,0.581504542,True,True,True
v1__scene_lift_and_relocate_v04__L2__C1_NA__r02_s28102,scene_lift_and_relocate_v04,LIFT_AND_RELOCATE,C1,,28102,0.581504542,True,False,False
v1__scene_lift_and_relocate_v04__L2__C1_NA__r03_s28103,scene_lift_and_relocate_v04,LIFT_AND_RELOCATE,C1,,28103,0.581504542,True,False,False
v1__scene_lift_and_relocate_v04__L2__C1_NA__r04_s28104,scene_lift_and_relocate_v04,LIFT_AND_RELOCATE,C1,,28104,0.581504542,True,True,True
v1__scene_lift_and_relocate_v04__L2__C1_NA__r05_s28105,scene_lift_and_relocate_v04,LIFT_AND_RELOCATE,C1,,28105,0.581504542,True,True,True
v1__scene_lift_and_relocate_v04__L2__C2_D4__r01_s28101,scene_lift_and_relocate_v04,LIFT_AND_RELOCATE,C2,D4,28101,0.581504542,True,True,True
v1__scene_lift_and_relocate_v04__L2__C2_D4__r02_s28102,scene_lift_and_relocate_v04,LIFT_AND_RELOCATE,C2,D4,28102,0.581504542,True,True,True
v1__scene_lift_and_relocate_v04__L2__C2_D4__r03_s28103,scene_lift_and_relocate_v04,LIFT_AND_RELOCATE,C2,D4,28103,0.581504542,True,False,False
v1__scene_lift_and_relocate_v04__L2__C2_D4__r04_s28104,scene_lift_and_relocate_v04,LIFT_AND_RELOCATE,C2,D4,28104,0.581504542,True,True,True
v1__scene_lift_and_relocate_v04__L2__C2_D4__r05_s28105,scene_lift_and_relocate_v04,LIFT_AND_RELOCATE,C2,D4,28105,0.581504542,True,True,True
v1__scene_lift_and_relocate_v04__L2__C2_D8__r01_s28101,scene_lift_and_relocate_v04,LIFT_AND_RELOCATE,C2,D8,28101,0.581504542,True,True,True
v1__scene_lift_and_relocate_v04__L2__C2_D8__r02_s28102,scene_lift_and_relocate_v04,LIFT_AND_RELOCATE,C2,D8,28102,0.581504542,True,True,True
v1__scene_lift_and_relocate_v04__L2__C2_D8__r03_s28103,scene_lift_and_relocate_v04,LIFT_AND_RELOCATE,C2,D8,28103,0.581504542,True,True,True
v1__scene_lift_and_relocate_v04__L2__C2_D8__r04_s28104,scene_lift_and_relocate_v04,LIFT_AND_RELOCATE,C2,D8,28104,0.581504542,True,True,True
v1__scene_lift_and_relocate_v04__L2__C2_D8__r05_s28105,scene_lift_and_relocate_v04,LIFT_AND_RELOCATE,C2,D8,28105,0.581504542,True,True,True
v1__scene_lift_and_relocate_v04__L2__C3_D4__r01_s28101,scene_lift_and_relocate_v04,LIFT_AND_RELOCATE,C3,D4,28101,0.581504542,True,True,True
v1__scene_lift_and_relocate_v04__L2__C3_D4__r02_s28102,scene_lift_and_relocate_v04,LIFT_AND_RELOCATE,C3,D4,28102,0.581504542,True,False,False
v1__scene_lift_and_relocate_v04__L2__C3_D4__r03_s28103,scene_lift_and_relocate_v04,LIFT_AND_RELOCATE,C3,D4,28103,0.581504542,True,False,False
v1__scene_lift_and_relocate_v04__L2__C3_D4__r04_s28104,scene_lift_and_relocate_v04,LIFT_AND_RELOCATE,C3,D4,28104,0.581504542,True,True,True
v1__scene_lift_and_relocate_v04__L2__C3_D4__r05_s28105,scene_lift_and_relocate_v04,LIFT_AND_RELOCATE,C3,D4,28105,0.581504542,True,False,False
v1__scene_lift_and_relocate_v04__L2__C3_D8__r01_s28101,scene_lift_and_relocate_v04,LIFT_AND_RELOCATE,C3,D8,28101,0.581504542,True,True,True
v1__scene_lift_and_relocate_v04__L2__C3_D8__r02_s28102,scene_lift_and_relocate_v04,LIFT_AND_RELOCATE,C3,D8,28102,0.581504542,True,False,False
v1__scene_lift_and_relocate_v04__L2__C3_D8__r03_s28103,scene_lift_and_relocate_v04,LIFT_AND_RELOCATE,C3,D8,28103,0.581504542,True,False,False
v1__scene_lift_and_relocate_v04__L2__C3_D8__r04_s28104,scene_lift_and_relocate_v04,LIFT_AND_RELOCATE,C3,D8,28104,0.581504542,True,True,True
v1__scene_lift_and_relocate_v04__L2__C3_D8__r05_s28105,scene_lift_and_relocate_v04,LIFT_AND_RELOCATE,C3,D8,28105,0.581504542,True,False,False
v1__scene_lift_and_relocate_v04__L2__C4_D4__r01_s28101,scene_lift_and_relocate_v04,LIFT_AND_RELOCATE,C4,D4,28101,0.581504542,True,True,True
v1__scene_lift_and_relocate_v04__L2__C4_D4__r02_s28102,scene_lift_and_relocate_v04,LIFT_AND_RELOCATE,C4,D4,28102,0.581504542,True,True,True
v1__scene_lift_and_relocate_v04__L2__C4_D4__r03_s28103,scene_lift_and_relocate_v04,LIFT_AND_RELOCATE,C4,D4,28103,0.581504542,True,False,False
v1__scene_lift_and_relocate_v04__L2__C4_D4__r04_s28104,scene_lift_and_relocate_v04,LIFT_AND_RELOCATE,C4,D4,28104,0.581504542,True,True,True
v1__scene_lift_and_relocate_v04__L2__C4_D4__r05_s28105,scene_lift_and_relocate_v04,LIFT_AND_RELOCATE,C4,D4,28105,0.581504542,True,True,True
v1__scene_lift_and_relocate_v04__L2__C4_D8__r01_s28101,scene_lift_and_relocate_v04,LIFT_AND_RELOCATE,C4,D8,28101,0.581504542,True,True,True
v1__scene_lift_and_relocate_v04__L2__C4_D8__r02_s28102,scene_lift_and_relocate_v04,LIFT_AND_RELOCATE,C4,D8,28102,0.581504542,True,False,False
v1__scene_lift_and_relocate_v04__L2__C4_D8__r03_s28103,scene_lift_and_relocate_v04,LIFT_AND_RELOCATE,C4,D8,28103,0.581504542,True,False,False
v1__scene_lift_and_relocate_v04__L2__C4_D8__r04_s28104,scene_lift_and_relocate_v04,LIFT_AND_RELOCATE,C4,D8,28104,0.581504542,True,True,True
v1__scene_lift_and_relocate_v04__L2__C4_D8__r05_s28105,scene_lift_and_relocate_v04,LIFT_AND_RELOCATE,C4,D8,28105,0.581504542,True,False,False
v1__scene_lift_and_relocate_v04__L2__C5_D4__r01_s28101,scene_lift_and_relocate_v04,LIFT_AND_RELOCATE,C5,D4,28101,0.581504542,True,True,True
v1__scene_lift_and_relocate_v04__L2__C5_D4__r02_s28102,scene_lift_and_relocate_v04,LIFT_AND_RELOCATE,C5,D4,28102,0.581504542,True,False,False
v1__scene_lift_and_relocate_v04__L2__C5_D4__r03_s28103,scene_lift_and_relocate_v04,LIFT_AND_RELOCATE,C5,D4,28103,0.581504542,True,False,False
v1__scene_lift_and_relocate_v04__L2__C5_D4__r04_s28104,scene_lift_and_relocate_v04,LIFT_AND_RELOCATE,C5,D4,28104,0.581504542,True,True,True
v1__scene_lift_and_relocate_v04__L2__C5_D4__r05_s28105,scene_lift_and_relocate_v04,LIFT_AND_RELOCATE,C5,D4,28105,0.581504542,True,False,False
v1__scene_lift_and_relocate_v04__L2__C5_D8__r01_s28101,scene_lift_and_relocate_v04,LIFT_AND_RELOCATE,C5,D8,28101,0.581504542,True,True,True
v1__scene_lift_and_relocate_v04__L2__C5_D8__r02_s28102,scene_lift_and_relocate_v04,LIFT_AND_RELOCATE,C5,D8,28102,0.581504542,True,True,True
v1__scene_lift_and_relocate_v04__L2__C5_D8__r03_s28103,scene_lift_and_relocate_v04,LIFT_AND_RELOCATE,C5,D8,28103,0.581504542,True,False,False
v1__scene_lift_and_relocate_v04__L2__C5_D8__r04_s28104,scene_lift_and_relocate_v04,LIFT_AND_RELOCATE,C5,D8,28104,0.581504542,True,True,True
v1__scene_lift_and_relocate_v04__L2__C5_D8__r05_s28105,scene_lift_and_relocate_v04,LIFT_AND_RELOCATE,C5,D8,28105,0.581504542,True,True,True
v1__scene_lift_and_relocate_v04__L2__C6_D4__r01_s28101,scene_lift_and_relocate_v04,LIFT_AND_RELOCATE,C6,D4,28101,0.581504542,True,True,True
v1__scene_lift_and_relocate_v04__L2__C6_D4__r02_s28102,scene_lift_and_relocate_v04,LIFT_AND_RELOCATE,C6,D4,28102,0.581504542,True,True,True
v1__scene_lift_and_relocate_v04__L2__C6_D4__r03_s28103,scene_lift_and_relocate_v04,LIFT_AND_RELOCATE,C6,D4,28103,0.581504542,True,False,False
v1__scene_lift_and_relocate_v04__L2__C6_D4__r04_s28104,scene_lift_and_relocate_v04,LIFT_AND_RELOCATE,C6,D4,28104,0.581504542,True,True,True
v1__scene_lift_and_relocate_v04__L2__C6_D4__r05_s28105,scene_lift_and_relocate_v04,LIFT_AND_RELOCATE,C6,D4,28105,0.581504542,True,True,True
v1__scene_lift_and_relocate_v04__L2__C6_D8__r01_s28101,scene_lift_and_relocate_v04,LIFT_AND_RELOCATE,C6,D8,28101,0.581504542,True,True,True
v1__scene_lift_and_relocate_v04__L2__C6_D8__r02_s28102,scene_lift_and_relocate_v04,LIFT_AND_RELOCATE,C6,D8,28102,0.581504542,True,True,True
v1__scene_lift_and_relocate_v04__L2__C6_D8__r03_s28103,scene_lift_and_relocate_v04,LIFT_AND_RELOCATE,C6,D8,28103,0.581504542,True,False,False
v1__scene_lift_and_relocate_v04__L2__C6_D8__r04_s28104,scene_lift_and_relocate_v04,LIFT_AND_RELOCATE,C6,D8,28104,0.581504542,True,True,True
v1__scene_lift_and_relocate_v04__L2__C6_D8__r05_s28105,scene_lift_and_relocate_v04,LIFT_AND_RELOCATE,C6,D8,28105,0.581504542,True,True,True
v1__scene_lift_and_relocate_v05__L2__C0_NA__r01_s28101,scene_lift_and_relocate_v05,LIFT_AND_RELOCATE,C0,,28101,0.625038993,True,False,False
v1__scene_lift_and_relocate_v05__L2__C0_NA__r02_s28102,scene_lift_and_relocate_v05,LIFT_AND_RELOCATE,C0,,28102,0.625038993,True,False,False
v1__scene_lift_and_relocate_v05__L2__C0_NA__r03_s28103,scene_lift_and_relocate_v05,LIFT_AND_RELOCATE,C0,,28103,0.625038993,True,False,False
v1__scene_lift_and_relocate_v05__L2__C0_NA__r04_s28104,scene_lift_and_relocate_v05,LIFT_AND_RELOCATE,C0,,28104,0.625038993,True,False,False
v1__scene_lift_and_relocate_v05__L2__C0_NA__r05_s28105,scene_lift_and_relocate_v05,LIFT_AND_RELOCATE,C0,,28105,0.625038993,True,False,False
v1__scene_lift_and_relocate_v05__L2__C1_NA__r01_s28101,scene_lift_and_relocate_v05,LIFT_AND_RELOCATE,C1,,28101,0.625038993,True,False,False
v1__scene_lift_and_relocate_v05__L2__C1_NA__r02_s28102,scene_lift_and_relocate_v05,LIFT_AND_RELOCATE,C1,,28102,0.625038993,True,False,False
v1__scene_lift_and_relocate_v05__L2__C1_NA__r03_s28103,scene_lift_and_relocate_v05,LIFT_AND_RELOCATE,C1,,28103,0.625038993,True,False,False
v1__scene_lift_and_relocate_v05__L2__C1_NA__r04_s28104,scene_lift_and_relocate_v05,LIFT_AND_RELOCATE,C1,,28104,0.625038993,True,False,False
v1__scene_lift_and_relocate_v05__L2__C1_NA__r05_s28105,scene_lift_and_relocate_v05,LIFT_AND_RELOCATE,C1,,28105,0.625038993,True,False,False
v1__scene_lift_and_relocate_v05__L2__C2_D4__r01_s28101,scene_lift_and_relocate_v05,LIFT_AND_RELOCATE,C2,D4,28101,0.625038993,True,True,True
v1__scene_lift_and_relocate_v05__L2__C2_D4__r02_s28102,scene_lift_and_relocate_v05,LIFT_AND_RELOCATE,C2,D4,28102,0.625038993,True,True,True
v1__scene_lift_and_relocate_v05__L2__C2_D4__r03_s28103,scene_lift_and_relocate_v05,LIFT_AND_RELOCATE,C2,D4,28103,0.625038993,True,False,False
v1__scene_lift_and_relocate_v05__L2__C2_D4__r04_s28104,scene_lift_and_relocate_v05,LIFT_AND_RELOCATE,C2,D4,28104,0.625038993,True,True,True
v1__scene_lift_and_relocate_v05__L2__C2_D4__r05_s28105,scene_lift_and_relocate_v05,LIFT_AND_RELOCATE,C2,D4,28105,0.625038993,True,True,True
v1__scene_lift_and_relocate_v05__L2__C2_D8__r01_s28101,scene_lift_and_relocate_v05,LIFT_AND_RELOCATE,C2,D8,28101,0.625038993,True,True,True
v1__scene_lift_and_relocate_v05__L2__C2_D8__r02_s28102,scene_lift_and_relocate_v05,LIFT_AND_RELOCATE,C2,D8,28102,0.625038993,True,False,False
v1__scene_lift_and_relocate_v05__L2__C2_D8__r03_s28103,scene_lift_and_relocate_v05,LIFT_AND_RELOCATE,C2,D8,28103,0.625038993,True,False,False
v1__scene_lift_and_relocate_v05__L2__C2_D8__r04_s28104,scene_lift_and_relocate_v05,LIFT_AND_RELOCATE,C2,D8,28104,0.625038993,True,True,True
v1__scene_lift_and_relocate_v05__L2__C2_D8__r05_s28105,scene_lift_and_relocate_v05,LIFT_AND_RELOCATE,C2,D8,28105,0.625038993,True,False,False
v1__scene_lift_and_relocate_v05__L2__C3_D4__r01_s28101,scene_lift_and_relocate_v05,LIFT_AND_RELOCATE,C3,D4,28101,0.625038993,True,False,False
v1__scene_lift_and_relocate_v05__L2__C3_D4__r02_s28102,scene_lift_and_relocate_v05,LIFT_AND_RELOCATE,C3,D4,28102,0.625038993,True,False,False
v1__scene_lift_and_relocate_v05__L2__C3_D4__r03_s28103,scene_lift_and_relocate_v05,LIFT_AND_RELOCATE,C3,D4,28103,0.625038993,True,False,False
v1__scene_lift_and_relocate_v05__L2__C3_D4__r04_s28104,scene_lift_and_relocate_v05,LIFT_AND_RELOCATE,C3,D4,28104,0.625038993,True,False,False
v1__scene_lift_and_relocate_v05__L2__C3_D4__r05_s28105,scene_lift_and_relocate_v05,LIFT_AND_RELOCATE,C3,D4,28105,0.625038993,True,False,False
v1__scene_lift_and_relocate_v05__L2__C3_D8__r01_s28101,scene_lift_and_relocate_v05,LIFT_AND_RELOCATE,C3,D8,28101,0.625038993,True,False,False
v1__scene_lift_and_relocate_v05__L2__C3_D8__r02_s28102,scene_lift_and_relocate_v05,LIFT_AND_RELOCATE,C3,D8,28102,0.625038993,True,False,False
v1__scene_lift_and_relocate_v05__L2__C3_D8__r03_s28103,scene_lift_and_relocate_v05,LIFT_AND_RELOCATE,C3,D8,28103,0.625038993,True,False,False
v1__scene_lift_and_relocate_v05__L2__C3_D8__r04_s28104,scene_lift_and_relocate_v05,LIFT_AND_RELOCATE,C3,D8,28104,0.625038993,True,False,False
v1__scene_lift_and_relocate_v05__L2__C3_D8__r05_s28105,scene_lift_and_relocate_v05,LIFT_AND_RELOCATE,C3,D8,28105,0.625038993,True,False,False
v1__scene_lift_and_relocate_v05__L2__C4_D4__r01_s28101,scene_lift_and_relocate_v05,LIFT_AND_RELOCATE,C4,D4,28101,0.625038993,True,False,False
v1__scene_lift_and_relocate_v05__L2__C4_D4__r02_s28102,scene_lift_and_relocate_v05,LIFT_AND_RELOCATE,C4,D4,28102,0.625038993,True,False,False
v1__scene_lift_and_relocate_v05__L2__C4_D4__r03_s28103,scene_lift_and_relocate_v05,LIFT_AND_RELOCATE,C4,D4,28103,0.625038993,True,False,False
v1__scene_lift_and_relocate_v05__L2__C4_D4__r04_s28104,scene_lift_and_relocate_v05,LIFT_AND_RELOCATE,C4,D4,28104,0.625038993,True,False,False
v1__scene_lift_and_relocate_v05__L2__C4_D4__r05_s28105,scene_lift_and_relocate_v05,LIFT_AND_RELOCATE,C4,D4,28105,0.625038993,True,False,False
v1__scene_lift_and_relocate_v05__L2__C4_D8__r01_s28101,scene_lift_and_relocate_v05,LIFT_AND_RELOCATE,C4,D8,28101,0.625038993,True,False,False
v1__scene_lift_and_relocate_v05__L2__C4_D8__r02_s28102,scene_lift_and_relocate_v05,LIFT_AND_RELOCATE,C4,D8,28102,0.625038993,True,False,False
v1__scene_lift_and_relocate_v05__L2__C4_D8__r03_s28103,scene_lift_and_relocate_v05,LIFT_AND_RELOCATE,C4,D8,28103,0.625038993,True,False,False
v1__scene_lift_and_relocate_v05__L2__C4_D8__r04_s28104,scene_lift_and_relocate_v05,LIFT_AND_RELOCATE,C4,D8,28104,0.625038993,True,False,False
v1__scene_lift_and_relocate_v05__L2__C4_D8__r05_s28105,scene_lift_and_relocate_v05,LIFT_AND_RELOCATE,C4,D8,28105,0.625038993,True,False,False
v1__scene_lift_and_relocate_v05__L2__C5_D4__r01_s28101,scene_lift_and_relocate_v05,LIFT_AND_RELOCATE,C5,D4,28101,0.625038993,True,True,True
v1__scene_lift_and_relocate_v05__L2__C5_D4__r02_s28102,scene_lift_and_relocate_v05,LIFT_AND_RELOCATE,C5,D4,28102,0.625038993,True,False,False
v1__scene_lift_and_relocate_v05__L2__C5_D4__r03_s28103,scene_lift_and_relocate_v05,LIFT_AND_RELOCATE,C5,D4,28103,0.625038993,True,False,False
v1__scene_lift_and_relocate_v05__L2__C5_D4__r04_s28104,scene_lift_and_relocate_v05,LIFT_AND_RELOCATE,C5,D4,28104,0.625038993,True,True,True
v1__scene_lift_and_relocate_v05__L2__C5_D4__r05_s28105,scene_lift_and_relocate_v05,LIFT_AND_RELOCATE,C5,D4,28105,0.625038993,True,False,False
v1__scene_lift_and_relocate_v05__L2__C5_D8__r01_s28101,scene_lift_and_relocate_v05,LIFT_AND_RELOCATE,C5,D8,28101,0.625038993,True,False,False
v1__scene_lift_and_relocate_v05__L2__C5_D8__r02_s28102,scene_lift_and_relocate_v05,LIFT_AND_RELOCATE,C5,D8,28102,0.625038993,True,False,False
v1__scene_lift_and_relocate_v05__L2__C5_D8__r03_s28103,scene_lift_and_relocate_v05,LIFT_AND_RELOCATE,C5,D8,28103,0.625038993,True,False,False
v1__scene_lift_and_relocate_v05__L2__C5_D8__r04_s28104,scene_lift_and_relocate_v05,LIFT_AND_RELOCATE,C5,D8,28104,0.625038993,True,False,False
v1__scene_lift_and_relocate_v05__L2__C5_D8__r05_s28105,scene_lift_and_relocate_v05,LIFT_AND_RELOCATE,C5,D8,28105,0.625038993,True,False,False
v1__scene_lift_and_relocate_v05__L2__C6_D4__r01_s28101,scene_lift_and_relocate_v05,LIFT_AND_RELOCATE,C6,D4,28101,0.625038993,True,False,False
v1__scene_lift_and_relocate_v05__L2__C6_D4__r02_s28102,scene_lift_and_relocate_v05,LIFT_AND_RELOCATE,C6,D4,28102,0.625038993,True,False,False
v1__scene_lift_and_relocate_v05__L2__C6_D4__r03_s28103,scene_lift_and_relocate_v05,LIFT_AND_RELOCATE,C6,D4,28103,0.625038993,True,False,False
v1__scene_lift_and_relocate_v05__L2__C6_D4__r04_s28104,scene_lift_and_relocate_v05,LIFT_AND_RELOCATE,C6,D4,28104,0.625038993,True,False,False
v1__scene_lift_and_relocate_v05__L2__C6_D4__r05_s28105,scene_lift_and_relocate_v05,LIFT_AND_RELOCATE,C6,D4,28105,0.625038993,True,False,False
v1__scene_lift_and_relocate_v05__L2__C6_D8__r01_s28101,scene_lift_and_relocate_v05,LIFT_AND_RELOCATE,C6,D8,28101,0.625038993,True,True,True
v1__scene_lift_and_relocate_v05__L2__C6_D8__r02_s28102,scene_lift_and_relocate_v05,LIFT_AND_RELOCATE,C6,D8,28102,0.625038993,True,False,False
v1__scene_lift_and_relocate_v05__L2__C6_D8__r03_s28103,scene_lift_and_relocate_v05,LIFT_AND_RELOCATE,C6,D8,28103,0.625038993,True,False,False
v1__scene_lift_and_relocate_v05__L2__C6_D8__r04_s28104,scene_lift_and_relocate_v05,LIFT_AND_RELOCATE,C6,D8,28104,0.625038993,True,False,False
v1__scene_lift_and_relocate_v05__L2__C6_D8__r05_s28105,scene_lift_and_relocate_v05,LIFT_AND_RELOCATE,C6,D8,28105,0.625038993,True,False,False
v1__scene_rotate_v01__L2__C0_NA__r01_s28101,scene_rotate_v01,ROTATE,C0,,28101,0.190150625,True,True,True
v1__scene_rotate_v01__L2__C0_NA__r02_s28102,scene_rotate_v01,ROTATE,C0,,28102,0.190150625,True,False,False
v1__scene_rotate_v01__L2__C0_NA__r03_s28103,scene_rotate_v01,ROTATE,C0,,28103,0.190150625,True,False,False
v1__scene_rotate_v01__L2__C0_NA__r04_s28104,scene_rotate_v01,ROTATE,C0,,28104,0.190150625,True,True,True
v1__scene_rotate_v01__L2__C0_NA__r05_s28105,scene_rotate_v01,ROTATE,C0,,28105,0.190150625,True,False,False
v1__scene_rotate_v01__L2__C1_NA__r01_s28101,scene_rotate_v01,ROTATE,C1,,28101,0.190150625,True,False,False
v1__scene_rotate_v01__L2__C1_NA__r02_s28102,scene_rotate_v01,ROTATE,C1,,28102,0.190150625,True,False,False
v1__scene_rotate_v01__L2__C1_NA__r03_s28103,scene_rotate_v01,ROTATE,C1,,28103,0.190150625,True,False,False
v1__scene_rotate_v01__L2__C1_NA__r04_s28104,scene_rotate_v01,ROTATE,C1,,28104,0.190150625,True,False,False
v1__scene_rotate_v01__L2__C1_NA__r05_s28105,scene_rotate_v01,ROTATE,C1,,28105,0.190150625,True,False,False
v1__scene_rotate_v01__L2__C2_D4__r01_s28101,scene_rotate_v01,ROTATE,C2,D4,28101,0.190150625,True,True,True
v1__scene_rotate_v01__L2__C2_D4__r02_s28102,scene_rotate_v01,ROTATE,C2,D4,28102,0.190150625,True,True,True
v1__scene_rotate_v01__L2__C2_D4__r03_s28103,scene_rotate_v01,ROTATE,C2,D4,28103,0.190150625,True,False,False
v1__scene_rotate_v01__L2__C2_D4__r04_s28104,scene_rotate_v01,ROTATE,C2,D4,28104,0.190150625,True,True,True
v1__scene_rotate_v01__L2__C2_D4__r05_s28105,scene_rotate_v01,ROTATE,C2,D4,28105,0.190150625,True,True,True
v1__scene_rotate_v01__L2__C2_D8__r01_s28101,scene_rotate_v01,ROTATE,C2,D8,28101,0.190150625,True,True,True
v1__scene_rotate_v01__L2__C2_D8__r02_s28102,scene_rotate_v01,ROTATE,C2,D8,28102,0.190150625,True,True,True
v1__scene_rotate_v01__L2__C2_D8__r03_s28103,scene_rotate_v01,ROTATE,C2,D8,28103,0.190150625,True,False,False
v1__scene_rotate_v01__L2__C2_D8__r04_s28104,scene_rotate_v01,ROTATE,C2,D8,28104,0.190150625,True,True,True
v1__scene_rotate_v01__L2__C2_D8__r05_s28105,scene_rotate_v01,ROTATE,C2,D8,28105,0.190150625,True,True,True
v1__scene_rotate_v01__L2__C3_D4__r01_s28101,scene_rotate_v01,ROTATE,C3,D4,28101,0.190150625,True,False,False
v1__scene_rotate_v01__L2__C3_D4__r02_s28102,scene_rotate_v01,ROTATE,C3,D4,28102,0.190150625,True,False,False
v1__scene_rotate_v01__L2__C3_D4__r03_s28103,scene_rotate_v01,ROTATE,C3,D4,28103,0.190150625,True,False,False
v1__scene_rotate_v01__L2__C3_D4__r04_s28104,scene_rotate_v01,ROTATE,C3,D4,28104,0.190150625,True,False,False
v1__scene_rotate_v01__L2__C3_D4__r05_s28105,scene_rotate_v01,ROTATE,C3,D4,28105,0.190150625,True,False,False
v1__scene_rotate_v01__L2__C3_D8__r01_s28101,scene_rotate_v01,ROTATE,C3,D8,28101,0.190150625,True,False,False
v1__scene_rotate_v01__L2__C3_D8__r02_s28102,scene_rotate_v01,ROTATE,C3,D8,28102,0.190150625,True,False,False
v1__scene_rotate_v01__L2__C3_D8__r03_s28103,scene_rotate_v01,ROTATE,C3,D8,28103,0.190150625,True,False,False
v1__scene_rotate_v01__L2__C3_D8__r04_s28104,scene_rotate_v01,ROTATE,C3,D8,28104,0.190150625,True,False,False
v1__scene_rotate_v01__L2__C3_D8__r05_s28105,scene_rotate_v01,ROTATE,C3,D8,28105,0.190150625,True,False,False
v1__scene_rotate_v01__L2__C4_D4__r01_s28101,scene_rotate_v01,ROTATE,C4,D4,28101,0.190150625,True,False,False
v1__scene_rotate_v01__L2__C4_D4__r02_s28102,scene_rotate_v01,ROTATE,C4,D4,28102,0.190150625,True,False,False
v1__scene_rotate_v01__L2__C4_D4__r03_s28103,scene_rotate_v01,ROTATE,C4,D4,28103,0.190150625,True,False,False
v1__scene_rotate_v01__L2__C4_D4__r04_s28104,scene_rotate_v01,ROTATE,C4,D4,28104,0.190150625,True,False,False
v1__scene_rotate_v01__L2__C4_D4__r05_s28105,scene_rotate_v01,ROTATE,C4,D4,28105,0.190150625,True,False,False
v1__scene_rotate_v01__L2__C4_D8__r01_s28101,scene_rotate_v01,ROTATE,C4,D8,28101,0.190150625,True,False,False
v1__scene_rotate_v01__L2__C4_D8__r02_s28102,scene_rotate_v01,ROTATE,C4,D8,28102,0.190150625,True,False,False
v1__scene_rotate_v01__L2__C4_D8__r03_s28103,scene_rotate_v01,ROTATE,C4,D8,28103,0.190150625,True,False,False
v1__scene_rotate_v01__L2__C4_D8__r04_s28104,scene_rotate_v01,ROTATE,C4,D8,28104,0.190150625,True,False,False
v1__scene_rotate_v01__L2__C4_D8__r05_s28105,scene_rotate_v01,ROTATE,C4,D8,28105,0.190150625,True,False,False
v1__scene_rotate_v01__L2__C5_D4__r01_s28101,scene_rotate_v01,ROTATE,C5,D4,28101,0.190150625,True,True,True
v1__scene_rotate_v01__L2__C5_D4__r02_s28102,scene_rotate_v01,ROTATE,C5,D4,28102,0.190150625,True,False,False
v1__scene_rotate_v01__L2__C5_D4__r03_s28103,scene_rotate_v01,ROTATE,C5,D4,28103,0.190150625,True,False,False
v1__scene_rotate_v01__L2__C5_D4__r04_s28104,scene_rotate_v01,ROTATE,C5,D4,28104,0.190150625,True,True,True
v1__scene_rotate_v01__L2__C5_D4__r05_s28105,scene_rotate_v01,ROTATE,C5,D4,28105,0.190150625,True,False,False
v1__scene_rotate_v01__L2__C5_D8__r01_s28101,scene_rotate_v01,ROTATE,C5,D8,28101,0.190150625,True,True,True
v1__scene_rotate_v01__L2__C5_D8__r02_s28102,scene_rotate_v01,ROTATE,C5,D8,28102,0.190150625,True,False,False
v1__scene_rotate_v01__L2__C5_D8__r03_s28103,scene_rotate_v01,ROTATE,C5,D8,28103,0.190150625,True,False,False
v1__scene_rotate_v01__L2__C5_D8__r04_s28104,scene_rotate_v01,ROTATE,C5,D8,28104,0.190150625,True,False,False
v1__scene_rotate_v01__L2__C5_D8__r05_s28105,scene_rotate_v01,ROTATE,C5,D8,28105,0.190150625,True,False,False
v1__scene_rotate_v01__L2__C6_D4__r01_s28101,scene_rotate_v01,ROTATE,C6,D4,28101,0.190150625,True,False,False
v1__scene_rotate_v01__L2__C6_D4__r02_s28102,scene_rotate_v01,ROTATE,C6,D4,28102,0.190150625,True,False,False
v1__scene_rotate_v01__L2__C6_D4__r03_s28103,scene_rotate_v01,ROTATE,C6,D4,28103,0.190150625,True,False,False
v1__scene_rotate_v01__L2__C6_D4__r04_s28104,scene_rotate_v01,ROTATE,C6,D4,28104,0.190150625,True,False,False
v1__scene_rotate_v01__L2__C6_D4__r05_s28105,scene_rotate_v01,ROTATE,C6,D4,28105,0.190150625,True,False,False
v1__scene_rotate_v01__L2__C6_D8__r01_s28101,scene_rotate_v01,ROTATE,C6,D8,28101,0.190150625,True,False,False
v1__scene_rotate_v01__L2__C6_D8__r02_s28102,scene_rotate_v01,ROTATE,C6,D8,28102,0.190150625,True,False,False
v1__scene_rotate_v01__L2__C6_D8__r03_s28103,scene_rotate_v01,ROTATE,C6,D8,28103,0.190150625,True,False,False
v1__scene_rotate_v01__L2__C6_D8__r04_s28104,scene_rotate_v01,ROTATE,C6,D8,28104,0.190150625,True,False,False
v1__scene_rotate_v01__L2__C6_D8__r05_s28105,scene_rotate_v01,ROTATE,C6,D8,28105,0.190150625,True,False,False
v1__scene_rotate_v02__L2__C0_NA__r01_s28101,scene_rotate_v02,ROTATE,C0,,28101,0.34054756,True,False,False
v1__scene_rotate_v02__L2__C0_NA__r02_s28102,scene_rotate_v02,ROTATE,C0,,28102,0.34054756,True,False,False
v1__scene_rotate_v02__L2__C0_NA__r03_s28103,scene_rotate_v02,ROTATE,C0,,28103,0.34054756,True,False,False
v1__scene_rotate_v02__L2__C0_NA__r04_s28104,scene_rotate_v02,ROTATE,C0,,28104,0.34054756,True,False,False
v1__scene_rotate_v02__L2__C0_NA__r05_s28105,scene_rotate_v02,ROTATE,C0,,28105,0.34054756,True,False,False
v1__scene_rotate_v02__L2__C1_NA__r01_s28101,scene_rotate_v02,ROTATE,C1,,28101,0.34054756,True,False,False
v1__scene_rotate_v02__L2__C1_NA__r02_s28102,scene_rotate_v02,ROTATE,C1,,28102,0.34054756,True,False,False
v1__scene_rotate_v02__L2__C1_NA__r03_s28103,scene_rotate_v02,ROTATE,C1,,28103,0.34054756,True,False,False
v1__scene_rotate_v02__L2__C1_NA__r04_s28104,scene_rotate_v02,ROTATE,C1,,28104,0.34054756,True,False,False
v1__scene_rotate_v02__L2__C1_NA__r05_s28105,scene_rotate_v02,ROTATE,C1,,28105,0.34054756,True,False,False
v1__scene_rotate_v02__L2__C2_D4__r01_s28101,scene_rotate_v02,ROTATE,C2,D4,28101,0.34054756,True,False,False
v1__scene_rotate_v02__L2__C2_D4__r02_s28102,scene_rotate_v02,ROTATE,C2,D4,28102,0.34054756,True,False,False
v1__scene_rotate_v02__L2__C2_D4__r03_s28103,scene_rotate_v02,ROTATE,C2,D4,28103,0.34054756,True,False,False
v1__scene_rotate_v02__L2__C2_D4__r04_s28104,scene_rotate_v02,ROTATE,C2,D4,28104,0.34054756,True,False,False
v1__scene_rotate_v02__L2__C2_D4__r05_s28105,scene_rotate_v02,ROTATE,C2,D4,28105,0.34054756,True,False,False
v1__scene_rotate_v02__L2__C2_D8__r01_s28101,scene_rotate_v02,ROTATE,C2,D8,28101,0.34054756,True,True,True
v1__scene_rotate_v02__L2__C2_D8__r02_s28102,scene_rotate_v02,ROTATE,C2,D8,28102,0.34054756,True,False,False
v1__scene_rotate_v02__L2__C2_D8__r03_s28103,scene_rotate_v02,ROTATE,C2,D8,28103,0.34054756,True,False,False
v1__scene_rotate_v02__L2__C2_D8__r04_s28104,scene_rotate_v02,ROTATE,C2,D8,28104,0.34054756,True,True,True
v1__scene_rotate_v02__L2__C2_D8__r05_s28105,scene_rotate_v02,ROTATE,C2,D8,28105,0.34054756,True,False,False
v1__scene_rotate_v02__L2__C3_D4__r01_s28101,scene_rotate_v02,ROTATE,C3,D4,28101,0.34054756,True,False,False
v1__scene_rotate_v02__L2__C3_D4__r02_s28102,scene_rotate_v02,ROTATE,C3,D4,28102,0.34054756,True,False,False
v1__scene_rotate_v02__L2__C3_D4__r03_s28103,scene_rotate_v02,ROTATE,C3,D4,28103,0.34054756,True,False,False
v1__scene_rotate_v02__L2__C3_D4__r04_s28104,scene_rotate_v02,ROTATE,C3,D4,28104,0.34054756,True,False,False
v1__scene_rotate_v02__L2__C3_D4__r05_s28105,scene_rotate_v02,ROTATE,C3,D4,28105,0.34054756,True,False,False
v1__scene_rotate_v02__L2__C3_D8__r01_s28101,scene_rotate_v02,ROTATE,C3,D8,28101,0.34054756,True,False,False
v1__scene_rotate_v02__L2__C3_D8__r02_s28102,scene_rotate_v02,ROTATE,C3,D8,28102,0.34054756,True,False,False
v1__scene_rotate_v02__L2__C3_D8__r03_s28103,scene_rotate_v02,ROTATE,C3,D8,28103,0.34054756,True,False,False
v1__scene_rotate_v02__L2__C3_D8__r04_s28104,scene_rotate_v02,ROTATE,C3,D8,28104,0.34054756,True,False,False
v1__scene_rotate_v02__L2__C3_D8__r05_s28105,scene_rotate_v02,ROTATE,C3,D8,28105,0.34054756,True,False,False
v1__scene_rotate_v02__L2__C4_D4__r01_s28101,scene_rotate_v02,ROTATE,C4,D4,28101,0.34054756,True,False,False
v1__scene_rotate_v02__L2__C4_D4__r02_s28102,scene_rotate_v02,ROTATE,C4,D4,28102,0.34054756,True,False,False
v1__scene_rotate_v02__L2__C4_D4__r03_s28103,scene_rotate_v02,ROTATE,C4,D4,28103,0.34054756,True,False,False
v1__scene_rotate_v02__L2__C4_D4__r04_s28104,scene_rotate_v02,ROTATE,C4,D4,28104,0.34054756,True,False,False
v1__scene_rotate_v02__L2__C4_D4__r05_s28105,scene_rotate_v02,ROTATE,C4,D4,28105,0.34054756,True,False,False
v1__scene_rotate_v02__L2__C4_D8__r01_s28101,scene_rotate_v02,ROTATE,C4,D8,28101,0.34054756,True,False,False
v1__scene_rotate_v02__L2__C4_D8__r02_s28102,scene_rotate_v02,ROTATE,C4,D8,28102,0.34054756,True,False,False
v1__scene_rotate_v02__L2__C4_D8__r03_s28103,scene_rotate_v02,ROTATE,C4,D8,28103,0.34054756,True,False,False
v1__scene_rotate_v02__L2__C4_D8__r04_s28104,scene_rotate_v02,ROTATE,C4,D8,28104,0.34054756,True,False,False
v1__scene_rotate_v02__L2__C4_D8__r05_s28105,scene_rotate_v02,ROTATE,C4,D8,28105,0.34054756,True,False,False
v1__scene_rotate_v02__L2__C5_D4__r01_s28101,scene_rotate_v02,ROTATE,C5,D4,28101,0.34054756,True,False,False
v1__scene_rotate_v02__L2__C5_D4__r02_s28102,scene_rotate_v02,ROTATE,C5,D4,28102,0.34054756,True,False,False
v1__scene_rotate_v02__L2__C5_D4__r03_s28103,scene_rotate_v02,ROTATE,C5,D4,28103,0.34054756,True,False,False
v1__scene_rotate_v02__L2__C5_D4__r04_s28104,scene_rotate_v02,ROTATE,C5,D4,28104,0.34054756,True,False,False
v1__scene_rotate_v02__L2__C5_D4__r05_s28105,scene_rotate_v02,ROTATE,C5,D4,28105,0.34054756,True,False,False
v1__scene_rotate_v02__L2__C5_D8__r01_s28101,scene_rotate_v02,ROTATE,C5,D8,28101,0.34054756,True,False,False
v1__scene_rotate_v02__L2__C5_D8__r02_s28102,scene_rotate_v02,ROTATE,C5,D8,28102,0.34054756,True,False,False
v1__scene_rotate_v02__L2__C5_D8__r03_s28103,scene_rotate_v02,ROTATE,C5,D8,28103,0.34054756,True,False,False
v1__scene_rotate_v02__L2__C5_D8__r04_s28104,scene_rotate_v02,ROTATE,C5,D8,28104,0.34054756,True,False,False
v1__scene_rotate_v02__L2__C5_D8__r05_s28105,scene_rotate_v02,ROTATE,C5,D8,28105,0.34054756,True,False,False
v1__scene_rotate_v02__L2__C6_D4__r01_s28101,scene_rotate_v02,ROTATE,C6,D4,28101,0.34054756,True,False,False
v1__scene_rotate_v02__L2__C6_D4__r02_s28102,scene_rotate_v02,ROTATE,C6,D4,28102,0.34054756,True,False,False
v1__scene_rotate_v02__L2__C6_D4__r03_s28103,scene_rotate_v02,ROTATE,C6,D4,28103,0.34054756,True,False,False
v1__scene_rotate_v02__L2__C6_D4__r04_s28104,scene_rotate_v02,ROTATE,C6,D4,28104,0.34054756,True,False,False
v1__scene_rotate_v02__L2__C6_D4__r05_s28105,scene_rotate_v02,ROTATE,C6,D4,28105,0.34054756,True,False,False
v1__scene_rotate_v02__L2__C6_D8__r01_s28101,scene_rotate_v02,ROTATE,C6,D8,28101,0.34054756,True,False,False
v1__scene_rotate_v02__L2__C6_D8__r02_s28102,scene_rotate_v02,ROTATE,C6,D8,28102,0.34054756,True,False,False
v1__scene_rotate_v02__L2__C6_D8__r03_s28103,scene_rotate_v02,ROTATE,C6,D8,28103,0.34054756,True,False,False
v1__scene_rotate_v02__L2__C6_D8__r04_s28104,scene_rotate_v02,ROTATE,C6,D8,28104,0.34054756,True,False,False
v1__scene_rotate_v02__L2__C6_D8__r05_s28105,scene_rotate_v02,ROTATE,C6,D8,28105,0.34054756,True,False,False
v1__scene_rotate_v03__L2__C0_NA__r01_s28101,scene_rotate_v03,ROTATE,C0,,28101,0.230317274,True,True,True
v1__scene_rotate_v03__L2__C0_NA__r02_s28102,scene_rotate_v03,ROTATE,C0,,28102,0.230317274,True,False,False
v1__scene_rotate_v03__L2__C0_NA__r03_s28103,scene_rotate_v03,ROTATE,C0,,28103,0.230317274,True,False,False
v1__scene_rotate_v03__L2__C0_NA__r04_s28104,scene_rotate_v03,ROTATE,C0,,28104,0.230317274,True,True,True
v1__scene_rotate_v03__L2__C0_NA__r05_s28105,scene_rotate_v03,ROTATE,C0,,28105,0.230317274,True,False,False
v1__scene_rotate_v03__L2__C1_NA__r01_s28101,scene_rotate_v03,ROTATE,C1,,28101,0.230317274,True,False,False
v1__scene_rotate_v03__L2__C1_NA__r02_s28102,scene_rotate_v03,ROTATE,C1,,28102,0.230317274,True,False,False
v1__scene_rotate_v03__L2__C1_NA__r03_s28103,scene_rotate_v03,ROTATE,C1,,28103,0.230317274,True,False,False
v1__scene_rotate_v03__L2__C1_NA__r04_s28104,scene_rotate_v03,ROTATE,C1,,28104,0.230317274,True,False,False
v1__scene_rotate_v03__L2__C1_NA__r05_s28105,scene_rotate_v03,ROTATE,C1,,28105,0.230317274,True,False,False
v1__scene_rotate_v03__L2__C2_D4__r01_s28101,scene_rotate_v03,ROTATE,C2,D4,28101,0.230317274,True,True,True
v1__scene_rotate_v03__L2__C2_D4__r02_s28102,scene_rotate_v03,ROTATE,C2,D4,28102,0.230317274,True,True,True
v1__scene_rotate_v03__L2__C2_D4__r03_s28103,scene_rotate_v03,ROTATE,C2,D4,28103,0.230317274,True,False,False
v1__scene_rotate_v03__L2__C2_D4__r04_s28104,scene_rotate_v03,ROTATE,C2,D4,28104,0.230317274,True,True,True
v1__scene_rotate_v03__L2__C2_D4__r05_s28105,scene_rotate_v03,ROTATE,C2,D4,28105,0.230317274,True,True,True
v1__scene_rotate_v03__L2__C2_D8__r01_s28101,scene_rotate_v03,ROTATE,C2,D8,28101,0.230317274,True,True,True
v1__scene_rotate_v03__L2__C2_D8__r02_s28102,scene_rotate_v03,ROTATE,C2,D8,28102,0.230317274,True,True,True
v1__scene_rotate_v03__L2__C2_D8__r03_s28103,scene_rotate_v03,ROTATE,C2,D8,28103,0.230317274,True,True,True
v1__scene_rotate_v03__L2__C2_D8__r04_s28104,scene_rotate_v03,ROTATE,C2,D8,28104,0.230317274,True,True,True
v1__scene_rotate_v03__L2__C2_D8__r05_s28105,scene_rotate_v03,ROTATE,C2,D8,28105,0.230317274,True,True,True
v1__scene_rotate_v03__L2__C3_D4__r01_s28101,scene_rotate_v03,ROTATE,C3,D4,28101,0.230317274,True,False,False
v1__scene_rotate_v03__L2__C3_D4__r02_s28102,scene_rotate_v03,ROTATE,C3,D4,28102,0.230317274,True,False,False
v1__scene_rotate_v03__L2__C3_D4__r03_s28103,scene_rotate_v03,ROTATE,C3,D4,28103,0.230317274,True,False,False
v1__scene_rotate_v03__L2__C3_D4__r04_s28104,scene_rotate_v03,ROTATE,C3,D4,28104,0.230317274,True,False,False
v1__scene_rotate_v03__L2__C3_D4__r05_s28105,scene_rotate_v03,ROTATE,C3,D4,28105,0.230317274,True,False,False
v1__scene_rotate_v03__L2__C3_D8__r01_s28101,scene_rotate_v03,ROTATE,C3,D8,28101,0.230317274,True,False,False
v1__scene_rotate_v03__L2__C3_D8__r02_s28102,scene_rotate_v03,ROTATE,C3,D8,28102,0.230317274,True,False,False
v1__scene_rotate_v03__L2__C3_D8__r03_s28103,scene_rotate_v03,ROTATE,C3,D8,28103,0.230317274,True,False,False
v1__scene_rotate_v03__L2__C3_D8__r04_s28104,scene_rotate_v03,ROTATE,C3,D8,28104,0.230317274,True,False,False
v1__scene_rotate_v03__L2__C3_D8__r05_s28105,scene_rotate_v03,ROTATE,C3,D8,28105,0.230317274,True,False,False
v1__scene_rotate_v03__L2__C4_D4__r01_s28101,scene_rotate_v03,ROTATE,C4,D4,28101,0.230317274,True,True,True
v1__scene_rotate_v03__L2__C4_D4__r02_s28102,scene_rotate_v03,ROTATE,C4,D4,28102,0.230317274,True,False,False
v1__scene_rotate_v03__L2__C4_D4__r03_s28103,scene_rotate_v03,ROTATE,C4,D4,28103,0.230317274,True,False,False
v1__scene_rotate_v03__L2__C4_D4__r04_s28104,scene_rotate_v03,ROTATE,C4,D4,28104,0.230317274,True,True,True
v1__scene_rotate_v03__L2__C4_D4__r05_s28105,scene_rotate_v03,ROTATE,C4,D4,28105,0.230317274,True,False,False
v1__scene_rotate_v03__L2__C4_D8__r01_s28101,scene_rotate_v03,ROTATE,C4,D8,28101,0.230317274,True,False,False
v1__scene_rotate_v03__L2__C4_D8__r02_s28102,scene_rotate_v03,ROTATE,C4,D8,28102,0.230317274,True,False,False
v1__scene_rotate_v03__L2__C4_D8__r03_s28103,scene_rotate_v03,ROTATE,C4,D8,28103,0.230317274,True,False,False
v1__scene_rotate_v03__L2__C4_D8__r04_s28104,scene_rotate_v03,ROTATE,C4,D8,28104,0.230317274,True,False,False
v1__scene_rotate_v03__L2__C4_D8__r05_s28105,scene_rotate_v03,ROTATE,C4,D8,28105,0.230317274,True,False,False
v1__scene_rotate_v03__L2__C5_D4__r01_s28101,scene_rotate_v03,ROTATE,C5,D4,28101,0.230317274,True,False,False
v1__scene_rotate_v03__L2__C5_D4__r02_s28102,scene_rotate_v03,ROTATE,C5,D4,28102,0.230317274,True,False,False
v1__scene_rotate_v03__L2__C5_D4__r03_s28103,scene_rotate_v03,ROTATE,C5,D4,28103,0.230317274,True,False,False
v1__scene_rotate_v03__L2__C5_D4__r04_s28104,scene_rotate_v03,ROTATE,C5,D4,28104,0.230317274,True,False,False
v1__scene_rotate_v03__L2__C5_D4__r05_s28105,scene_rotate_v03,ROTATE,C5,D4,28105,0.230317274,True,False,False
v1__scene_rotate_v03__L2__C5_D8__r01_s28101,scene_rotate_v03,ROTATE,C5,D8,28101,0.230317274,True,False,False
v1__scene_rotate_v03__L2__C5_D8__r02_s28102,scene_rotate_v03,ROTATE,C5,D8,28102,0.230317274,True,False,False
v1__scene_rotate_v03__L2__C5_D8__r03_s28103,scene_rotate_v03,ROTATE,C5,D8,28103,0.230317274,True,False,False
v1__scene_rotate_v03__L2__C5_D8__r04_s28104,scene_rotate_v03,ROTATE,C5,D8,28104,0.230317274,True,False,False
v1__scene_rotate_v03__L2__C5_D8__r05_s28105,scene_rotate_v03,ROTATE,C5,D8,28105,0.230317274,True,False,False
v1__scene_rotate_v03__L2__C6_D4__r01_s28101,scene_rotate_v03,ROTATE,C6,D4,28101,0.230317274,True,True,True
v1__scene_rotate_v03__L2__C6_D4__r02_s28102,scene_rotate_v03,ROTATE,C6,D4,28102,0.230317274,True,False,False
v1__scene_rotate_v03__L2__C6_D4__r03_s28103,scene_rotate_v03,ROTATE,C6,D4,28103,0.230317274,True,False,False
v1__scene_rotate_v03__L2__C6_D4__r04_s28104,scene_rotate_v03,ROTATE,C6,D4,28104,0.230317274,True,True,True
v1__scene_rotate_v03__L2__C6_D4__r05_s28105,scene_rotate_v03,ROTATE,C6,D4,28105,0.230317274,True,False,False
v1__scene_rotate_v03__L2__C6_D8__r01_s28101,scene_rotate_v03,ROTATE,C6,D8,28101,0.230317274,True,True,True
v1__scene_rotate_v03__L2__C6_D8__r02_s28102,scene_rotate_v03,ROTATE,C6,D8,28102,0.230317274,True,False,False
v1__scene_rotate_v03__L2__C6_D8__r03_s28103,scene_rotate_v03,ROTATE,C6,D8,28103,0.230317274,True,False,False
v1__scene_rotate_v03__L2__C6_D8__r04_s28104,scene_rotate_v03,ROTATE,C6,D8,28104,0.230317274,True,True,True
v1__scene_rotate_v03__L2__C6_D8__r05_s28105,scene_rotate_v03,ROTATE,C6,D8,28105,0.230317274,True,False,False
v1__scene_rotate_v04__L2__C0_NA__r01_s28101,scene_rotate_v04,ROTATE,C0,,28101,0.423330808,True,False,False
v1__scene_rotate_v04__L2__C0_NA__r02_s28102,scene_rotate_v04,ROTATE,C0,,28102,0.423330808,True,False,False
v1__scene_rotate_v04__L2__C0_NA__r03_s28103,scene_rotate_v04,ROTATE,C0,,28103,0.423330808,True,False,False
v1__scene_rotate_v04__L2__C0_NA__r04_s28104,scene_rotate_v04,ROTATE,C0,,28104,0.423330808,True,False,False
v1__scene_rotate_v04__L2__C0_NA__r05_s28105,scene_rotate_v04,ROTATE,C0,,28105,0.423330808,True,False,False
v1__scene_rotate_v04__L2__C1_NA__r01_s28101,scene_rotate_v04,ROTATE,C1,,28101,0.423330808,True,False,False
v1__scene_rotate_v04__L2__C1_NA__r02_s28102,scene_rotate_v04,ROTATE,C1,,28102,0.423330808,True,False,False
v1__scene_rotate_v04__L2__C1_NA__r03_s28103,scene_rotate_v04,ROTATE,C1,,28103,0.423330808,True,False,False
v1__scene_rotate_v04__L2__C1_NA__r04_s28104,scene_rotate_v04,ROTATE,C1,,28104,0.423330808,True,False,False
v1__scene_rotate_v04__L2__C1_NA__r05_s28105,scene_rotate_v04,ROTATE,C1,,28105,0.423330808,True,False,False
v1__scene_rotate_v04__L2__C2_D4__r01_s28101,scene_rotate_v04,ROTATE,C2,D4,28101,0.423330808,True,False,False
v1__scene_rotate_v04__L2__C2_D4__r02_s28102,scene_rotate_v04,ROTATE,C2,D4,28102,0.423330808,True,False,False
v1__scene_rotate_v04__L2__C2_D4__r03_s28103,scene_rotate_v04,ROTATE,C2,D4,28103,0.423330808,True,False,False
v1__scene_rotate_v04__L2__C2_D4__r04_s28104,scene_rotate_v04,ROTATE,C2,D4,28104,0.423330808,True,False,False
v1__scene_rotate_v04__L2__C2_D4__r05_s28105,scene_rotate_v04,ROTATE,C2,D4,28105,0.423330808,True,False,False
v1__scene_rotate_v04__L2__C2_D8__r01_s28101,scene_rotate_v04,ROTATE,C2,D8,28101,0.423330808,True,False,False
v1__scene_rotate_v04__L2__C2_D8__r02_s28102,scene_rotate_v04,ROTATE,C2,D8,28102,0.423330808,True,False,False
v1__scene_rotate_v04__L2__C2_D8__r03_s28103,scene_rotate_v04,ROTATE,C2,D8,28103,0.423330808,True,False,False
v1__scene_rotate_v04__L2__C2_D8__r04_s28104,scene_rotate_v04,ROTATE,C2,D8,28104,0.423330808,True,False,False
v1__scene_rotate_v04__L2__C2_D8__r05_s28105,scene_rotate_v04,ROTATE,C2,D8,28105,0.423330808,True,False,False
v1__scene_rotate_v04__L2__C3_D4__r01_s28101,scene_rotate_v04,ROTATE,C3,D4,28101,0.423330808,True,False,False
v1__scene_rotate_v04__L2__C3_D4__r02_s28102,scene_rotate_v04,ROTATE,C3,D4,28102,0.423330808,True,False,False
v1__scene_rotate_v04__L2__C3_D4__r03_s28103,scene_rotate_v04,ROTATE,C3,D4,28103,0.423330808,True,False,False
v1__scene_rotate_v04__L2__C3_D4__r04_s28104,scene_rotate_v04,ROTATE,C3,D4,28104,0.423330808,True,False,False
v1__scene_rotate_v04__L2__C3_D4__r05_s28105,scene_rotate_v04,ROTATE,C3,D4,28105,0.423330808,True,False,False
v1__scene_rotate_v04__L2__C3_D8__r01_s28101,scene_rotate_v04,ROTATE,C3,D8,28101,0.423330808,True,False,False
v1__scene_rotate_v04__L2__C3_D8__r02_s28102,scene_rotate_v04,ROTATE,C3,D8,28102,0.423330808,True,False,False
v1__scene_rotate_v04__L2__C3_D8__r03_s28103,scene_rotate_v04,ROTATE,C3,D8,28103,0.423330808,True,False,False
v1__scene_rotate_v04__L2__C3_D8__r04_s28104,scene_rotate_v04,ROTATE,C3,D8,28104,0.423330808,True,False,False
v1__scene_rotate_v04__L2__C3_D8__r05_s28105,scene_rotate_v04,ROTATE,C3,D8,28105,0.423330808,True,False,False
v1__scene_rotate_v04__L2__C4_D4__r01_s28101,scene_rotate_v04,ROTATE,C4,D4,28101,0.423330808,True,False,False
v1__scene_rotate_v04__L2__C4_D4__r02_s28102,scene_rotate_v04,ROTATE,C4,D4,28102,0.423330808,True,False,False
v1__scene_rotate_v04__L2__C4_D4__r03_s28103,scene_rotate_v04,ROTATE,C4,D4,28103,0.423330808,True,False,False
v1__scene_rotate_v04__L2__C4_D4__r04_s28104,scene_rotate_v04,ROTATE,C4,D4,28104,0.423330808,True,False,False
v1__scene_rotate_v04__L2__C4_D4__r05_s28105,scene_rotate_v04,ROTATE,C4,D4,28105,0.423330808,True,False,False
v1__scene_rotate_v04__L2__C4_D8__r01_s28101,scene_rotate_v04,ROTATE,C4,D8,28101,0.423330808,True,False,False
v1__scene_rotate_v04__L2__C4_D8__r02_s28102,scene_rotate_v04,ROTATE,C4,D8,28102,0.423330808,True,False,False
v1__scene_rotate_v04__L2__C4_D8__r03_s28103,scene_rotate_v04,ROTATE,C4,D8,28103,0.423330808,True,False,False
v1__scene_rotate_v04__L2__C4_D8__r04_s28104,scene_rotate_v04,ROTATE,C4,D8,28104,0.423330808,True,False,False
v1__scene_rotate_v04__L2__C4_D8__r05_s28105,scene_rotate_v04,ROTATE,C4,D8,28105,0.423330808,True,False,False
v1__scene_rotate_v04__L2__C5_D4__r01_s28101,scene_rotate_v04,ROTATE,C5,D4,28101,0.423330808,True,False,False
v1__scene_rotate_v04__L2__C5_D4__r02_s28102,scene_rotate_v04,ROTATE,C5,D4,28102,0.423330808,True,False,False
v1__scene_rotate_v04__L2__C5_D4__r03_s28103,scene_rotate_v04,ROTATE,C5,D4,28103,0.423330808,True,False,False
v1__scene_rotate_v04__L2__C5_D4__r04_s28104,scene_rotate_v04,ROTATE,C5,D4,28104,0.423330808,True,False,False
v1__scene_rotate_v04__L2__C5_D4__r05_s28105,scene_rotate_v04,ROTATE,C5,D4,28105,0.423330808,True,False,False
v1__scene_rotate_v04__L2__C5_D8__r01_s28101,scene_rotate_v04,ROTATE,C5,D8,28101,0.423330808,True,False,False
v1__scene_rotate_v04__L2__C5_D8__r02_s28102,scene_rotate_v04,ROTATE,C5,D8,28102,0.423330808,True,False,False
v1__scene_rotate_v04__L2__C5_D8__r03_s28103,scene_rotate_v04,ROTATE,C5,D8,28103,0.423330808,True,False,False
v1__scene_rotate_v04__L2__C5_D8__r04_s28104,scene_rotate_v04,ROTATE,C5,D8,28104,0.423330808,True,False,False
v1__scene_rotate_v04__L2__C5_D8__r05_s28105,scene_rotate_v04,ROTATE,C5,D8,28105,0.423330808,True,False,False
v1__scene_rotate_v04__L2__C6_D4__r01_s28101,scene_rotate_v04,ROTATE,C6,D4,28101,0.423330808,True,False,False
v1__scene_rotate_v04__L2__C6_D4__r02_s28102,scene_rotate_v04,ROTATE,C6,D4,28102,0.423330808,True,False,False
v1__scene_rotate_v04__L2__C6_D4__r03_s28103,scene_rotate_v04,ROTATE,C6,D4,28103,0.423330808,True,False,False
v1__scene_rotate_v04__L2__C6_D4__r04_s28104,scene_rotate_v04,ROTATE,C6,D4,28104,0.423330808,True,False,False
v1__scene_rotate_v04__L2__C6_D4__r05_s28105,scene_rotate_v04,ROTATE,C6,D4,28105,0.423330808,True,False,False
v1__scene_rotate_v04__L2__C6_D8__r01_s28101,scene_rotate_v04,ROTATE,C6,D8,28101,0.423330808,True,False,False
v1__scene_rotate_v04__L2__C6_D8__r02_s28102,scene_rotate_v04,ROTATE,C6,D8,28102,0.423330808,True,False,False
v1__scene_rotate_v04__L2__C6_D8__r03_s28103,scene_rotate_v04,ROTATE,C6,D8,28103,0.423330808,True,False,False
v1__scene_rotate_v04__L2__C6_D8__r04_s28104,scene_rotate_v04,ROTATE,C6,D8,28104,0.423330808,True,False,False
v1__scene_rotate_v04__L2__C6_D8__r05_s28105,scene_rotate_v04,ROTATE,C6,D8,28105,0.423330808,True,False,False
v1__scene_rotate_v05__L2__C0_NA__r01_s28101,scene_rotate_v05,ROTATE,C0,,28101,0.70983892,True,True,True
v1__scene_rotate_v05__L2__C0_NA__r02_s28102,scene_rotate_v05,ROTATE,C0,,28102,0.70983892,True,False,False
v1__scene_rotate_v05__L2__C0_NA__r03_s28103,scene_rotate_v05,ROTATE,C0,,28103,0.70983892,True,False,False
v1__scene_rotate_v05__L2__C0_NA__r04_s28104,scene_rotate_v05,ROTATE,C0,,28104,0.70983892,True,False,False
v1__scene_rotate_v05__L2__C0_NA__r05_s28105,scene_rotate_v05,ROTATE,C0,,28105,0.70983892,True,False,False
v1__scene_rotate_v05__L2__C1_NA__r01_s28101,scene_rotate_v05,ROTATE,C1,,28101,0.70983892,True,False,False
v1__scene_rotate_v05__L2__C1_NA__r02_s28102,scene_rotate_v05,ROTATE,C1,,28102,0.70983892,True,False,False
v1__scene_rotate_v05__L2__C1_NA__r03_s28103,scene_rotate_v05,ROTATE,C1,,28103,0.70983892,True,False,False
v1__scene_rotate_v05__L2__C1_NA__r04_s28104,scene_rotate_v05,ROTATE,C1,,28104,0.70983892,True,False,False
v1__scene_rotate_v05__L2__C1_NA__r05_s28105,scene_rotate_v05,ROTATE,C1,,28105,0.70983892,True,False,False
v1__scene_rotate_v05__L2__C2_D4__r01_s28101,scene_rotate_v05,ROTATE,C2,D4,28101,0.70983892,True,True,True
v1__scene_rotate_v05__L2__C2_D4__r02_s28102,scene_rotate_v05,ROTATE,C2,D4,28102,0.70983892,True,False,False
v1__scene_rotate_v05__L2__C2_D4__r03_s28103,scene_rotate_v05,ROTATE,C2,D4,28103,0.70983892,True,False,False
v1__scene_rotate_v05__L2__C2_D4__r04_s28104,scene_rotate_v05,ROTATE,C2,D4,28104,0.70983892,True,True,True
v1__scene_rotate_v05__L2__C2_D4__r05_s28105,scene_rotate_v05,ROTATE,C2,D4,28105,0.70983892,True,True,True
v1__scene_rotate_v05__L2__C2_D8__r01_s28101,scene_rotate_v05,ROTATE,C2,D8,28101,0.70983892,True,True,True
v1__scene_rotate_v05__L2__C2_D8__r02_s28102,scene_rotate_v05,ROTATE,C2,D8,28102,0.70983892,True,False,False
v1__scene_rotate_v05__L2__C2_D8__r03_s28103,scene_rotate_v05,ROTATE,C2,D8,28103,0.70983892,True,False,False
v1__scene_rotate_v05__L2__C2_D8__r04_s28104,scene_rotate_v05,ROTATE,C2,D8,28104,0.70983892,True,True,True
v1__scene_rotate_v05__L2__C2_D8__r05_s28105,scene_rotate_v05,ROTATE,C2,D8,28105,0.70983892,True,False,False
v1__scene_rotate_v05__L2__C3_D4__r01_s28101,scene_rotate_v05,ROTATE,C3,D4,28101,0.70983892,True,False,False
v1__scene_rotate_v05__L2__C3_D4__r02_s28102,scene_rotate_v05,ROTATE,C3,D4,28102,0.70983892,True,False,False
v1__scene_rotate_v05__L2__C3_D4__r03_s28103,scene_rotate_v05,ROTATE,C3,D4,28103,0.70983892,True,False,False
v1__scene_rotate_v05__L2__C3_D4__r04_s28104,scene_rotate_v05,ROTATE,C3,D4,28104,0.70983892,True,False,False
v1__scene_rotate_v05__L2__C3_D4__r05_s28105,scene_rotate_v05,ROTATE,C3,D4,28105,0.70983892,True,False,False
v1__scene_rotate_v05__L2__C3_D8__r01_s28101,scene_rotate_v05,ROTATE,C3,D8,28101,0.70983892,True,False,False
v1__scene_rotate_v05__L2__C3_D8__r02_s28102,scene_rotate_v05,ROTATE,C3,D8,28102,0.70983892,True,False,False
v1__scene_rotate_v05__L2__C3_D8__r03_s28103,scene_rotate_v05,ROTATE,C3,D8,28103,0.70983892,True,False,False
v1__scene_rotate_v05__L2__C3_D8__r04_s28104,scene_rotate_v05,ROTATE,C3,D8,28104,0.70983892,True,False,False
v1__scene_rotate_v05__L2__C3_D8__r05_s28105,scene_rotate_v05,ROTATE,C3,D8,28105,0.70983892,True,False,False
v1__scene_rotate_v05__L2__C4_D4__r01_s28101,scene_rotate_v05,ROTATE,C4,D4,28101,0.70983892,True,False,False
v1__scene_rotate_v05__L2__C4_D4__r02_s28102,scene_rotate_v05,ROTATE,C4,D4,28102,0.70983892,True,False,False
v1__scene_rotate_v05__L2__C4_D4__r03_s28103,scene_rotate_v05,ROTATE,C4,D4,28103,0.70983892,True,False,False
v1__scene_rotate_v05__L2__C4_D4__r04_s28104,scene_rotate_v05,ROTATE,C4,D4,28104,0.70983892,True,False,False
v1__scene_rotate_v05__L2__C4_D4__r05_s28105,scene_rotate_v05,ROTATE,C4,D4,28105,0.70983892,True,False,False
v1__scene_rotate_v05__L2__C4_D8__r01_s28101,scene_rotate_v05,ROTATE,C4,D8,28101,0.70983892,True,False,False
v1__scene_rotate_v05__L2__C4_D8__r02_s28102,scene_rotate_v05,ROTATE,C4,D8,28102,0.70983892,True,False,False
v1__scene_rotate_v05__L2__C4_D8__r03_s28103,scene_rotate_v05,ROTATE,C4,D8,28103,0.70983892,True,False,False
v1__scene_rotate_v05__L2__C4_D8__r04_s28104,scene_rotate_v05,ROTATE,C4,D8,28104,0.70983892,True,False,False
v1__scene_rotate_v05__L2__C4_D8__r05_s28105,scene_rotate_v05,ROTATE,C4,D8,28105,0.70983892,True,False,False
v1__scene_rotate_v05__L2__C5_D4__r01_s28101,scene_rotate_v05,ROTATE,C5,D4,28101,0.70983892,True,False,False
v1__scene_rotate_v05__L2__C5_D4__r02_s28102,scene_rotate_v05,ROTATE,C5,D4,28102,0.70983892,True,False,False
v1__scene_rotate_v05__L2__C5_D4__r03_s28103,scene_rotate_v05,ROTATE,C5,D4,28103,0.70983892,True,False,False
v1__scene_rotate_v05__L2__C5_D4__r04_s28104,scene_rotate_v05,ROTATE,C5,D4,28104,0.70983892,True,False,False
v1__scene_rotate_v05__L2__C5_D4__r05_s28105,scene_rotate_v05,ROTATE,C5,D4,28105,0.70983892,True,False,False
v1__scene_rotate_v05__L2__C5_D8__r01_s28101,scene_rotate_v05,ROTATE,C5,D8,28101,0.70983892,True,False,False
v1__scene_rotate_v05__L2__C5_D8__r02_s28102,scene_rotate_v05,ROTATE,C5,D8,28102,0.70983892,True,False,False
v1__scene_rotate_v05__L2__C5_D8__r03_s28103,scene_rotate_v05,ROTATE,C5,D8,28103,0.70983892,True,False,False
v1__scene_rotate_v05__L2__C5_D8__r04_s28104,scene_rotate_v05,ROTATE,C5,D8,28104,0.70983892,True,False,False
v1__scene_rotate_v05__L2__C5_D8__r05_s28105,scene_rotate_v05,ROTATE,C5,D8,28105,0.70983892,True,False,False
v1__scene_rotate_v05__L2__C6_D4__r01_s28101,scene_rotate_v05,ROTATE,C6,D4,28101,0.70983892,True,True,True
v1__scene_rotate_v05__L2__C6_D4__r02_s28102,scene_rotate_v05,ROTATE,C6,D4,28102,0.70983892,True,False,False
v1__scene_rotate_v05__L2__C6_D4__r03_s28103,scene_rotate_v05,ROTATE,C6,D4,28103,0.70983892,True,False,False
v1__scene_rotate_v05__L2__C6_D4__r04_s28104,scene_rotate_v05,ROTATE,C6,D4,28104,0.70983892,True,True,True
v1__scene_rotate_v05__L2__C6_D4__r05_s28105,scene_rotate_v05,ROTATE,C6,D4,28105,0.70983892,True,False,False
v1__scene_rotate_v05__L2__C6_D8__r01_s28101,scene_rotate_v05,ROTATE,C6,D8,28101,0.70983892,True,True,True
v1__scene_rotate_v05__L2__C6_D8__r02_s28102,scene_rotate_v05,ROTATE,C6,D8,28102,0.70983892,True,False,False
v1__scene_rotate_v05__L2__C6_D8__r03_s28103,scene_rotate_v05,ROTATE,C6,D8,28103,0.70983892,True,False,False
v1__scene_rotate_v05__L2__C6_D8__r04_s28104,scene_rotate_v05,ROTATE,C6,D8,28104,0.70983892,True,True,True
v1__scene_rotate_v05__L2__C6_D8__r05_s28105,scene_rotate_v05,ROTATE,C6,D8,28105,0.70983892,True,False,False
v1__scene_translate_v01__L2__C0_NA__r01_s28101,scene_translate_v01,TRANSLATE,C0,,28101,0.630291534,True,True,True
v1__scene_translate_v01__L2__C0_NA__r02_s28102,scene_translate_v01,TRANSLATE,C0,,28102,0.630291534,True,True,True
v1__scene_translate_v01__L2__C0_NA__r03_s28103,scene_translate_v01,TRANSLATE,C0,,28103,0.630291534,True,True,True
v1__scene_translate_v01__L2__C0_NA__r04_s28104,scene_translate_v01,TRANSLATE,C0,,28104,0.630291534,True,True,True
v1__scene_translate_v01__L2__C0_NA__r05_s28105,scene_translate_v01,TRANSLATE,C0,,28105,0.630291534,True,True,True
v1__scene_translate_v01__L2__C1_NA__r01_s28101,scene_translate_v01,TRANSLATE,C1,,28101,0.630291534,True,True,True
v1__scene_translate_v01__L2__C1_NA__r02_s28102,scene_translate_v01,TRANSLATE,C1,,28102,0.630291534,True,False,False
v1__scene_translate_v01__L2__C1_NA__r03_s28103,scene_translate_v01,TRANSLATE,C1,,28103,0.630291534,True,False,False
v1__scene_translate_v01__L2__C1_NA__r04_s28104,scene_translate_v01,TRANSLATE,C1,,28104,0.630291534,True,True,True
v1__scene_translate_v01__L2__C1_NA__r05_s28105,scene_translate_v01,TRANSLATE,C1,,28105,0.630291534,True,False,False
v1__scene_translate_v01__L2__C2_D4__r01_s28101,scene_translate_v01,TRANSLATE,C2,D4,28101,0.630291534,True,True,True
v1__scene_translate_v01__L2__C2_D4__r02_s28102,scene_translate_v01,TRANSLATE,C2,D4,28102,0.630291534,True,False,False
v1__scene_translate_v01__L2__C2_D4__r03_s28103,scene_translate_v01,TRANSLATE,C2,D4,28103,0.630291534,True,False,False
v1__scene_translate_v01__L2__C2_D4__r04_s28104,scene_translate_v01,TRANSLATE,C2,D4,28104,0.630291534,True,True,True
v1__scene_translate_v01__L2__C2_D4__r05_s28105,scene_translate_v01,TRANSLATE,C2,D4,28105,0.630291534,True,True,True
v1__scene_translate_v01__L2__C2_D8__r01_s28101,scene_translate_v01,TRANSLATE,C2,D8,28101,0.630291534,True,True,True
v1__scene_translate_v01__L2__C2_D8__r02_s28102,scene_translate_v01,TRANSLATE,C2,D8,28102,0.630291534,True,True,True
v1__scene_translate_v01__L2__C2_D8__r03_s28103,scene_translate_v01,TRANSLATE,C2,D8,28103,0.630291534,True,True,True
v1__scene_translate_v01__L2__C2_D8__r04_s28104,scene_translate_v01,TRANSLATE,C2,D8,28104,0.630291534,True,True,True
v1__scene_translate_v01__L2__C2_D8__r05_s28105,scene_translate_v01,TRANSLATE,C2,D8,28105,0.630291534,True,True,True
v1__scene_translate_v01__L2__C3_D4__r01_s28101,scene_translate_v01,TRANSLATE,C3,D4,28101,0.630291534,True,True,True
v1__scene_translate_v01__L2__C3_D4__r02_s28102,scene_translate_v01,TRANSLATE,C3,D4,28102,0.630291534,True,True,True
v1__scene_translate_v01__L2__C3_D4__r03_s28103,scene_translate_v01,TRANSLATE,C3,D4,28103,0.630291534,True,False,False
v1__scene_translate_v01__L2__C3_D4__r04_s28104,scene_translate_v01,TRANSLATE,C3,D4,28104,0.630291534,True,True,True
v1__scene_translate_v01__L2__C3_D4__r05_s28105,scene_translate_v01,TRANSLATE,C3,D4,28105,0.630291534,True,True,True
v1__scene_translate_v01__L2__C3_D8__r01_s28101,scene_translate_v01,TRANSLATE,C3,D8,28101,0.630291534,True,True,True
v1__scene_translate_v01__L2__C3_D8__r02_s28102,scene_translate_v01,TRANSLATE,C3,D8,28102,0.630291534,True,True,True
v1__scene_translate_v01__L2__C3_D8__r03_s28103,scene_translate_v01,TRANSLATE,C3,D8,28103,0.630291534,True,True,True
v1__scene_translate_v01__L2__C3_D8__r04_s28104,scene_translate_v01,TRANSLATE,C3,D8,28104,0.630291534,True,True,True
v1__scene_translate_v01__L2__C3_D8__r05_s28105,scene_translate_v01,TRANSLATE,C3,D8,28105,0.630291534,True,True,True
v1__scene_translate_v01__L2__C4_D4__r01_s28101,scene_translate_v01,TRANSLATE,C4,D4,28101,0.630291534,True,False,False
v1__scene_translate_v01__L2__C4_D4__r02_s28102,scene_translate_v01,TRANSLATE,C4,D4,28102,0.630291534,True,False,False
v1__scene_translate_v01__L2__C4_D4__r03_s28103,scene_translate_v01,TRANSLATE,C4,D4,28103,0.630291534,True,False,False
v1__scene_translate_v01__L2__C4_D4__r04_s28104,scene_translate_v01,TRANSLATE,C4,D4,28104,0.630291534,True,False,False
v1__scene_translate_v01__L2__C4_D4__r05_s28105,scene_translate_v01,TRANSLATE,C4,D4,28105,0.630291534,True,False,False
v1__scene_translate_v01__L2__C4_D8__r01_s28101,scene_translate_v01,TRANSLATE,C4,D8,28101,0.630291534,True,True,True
v1__scene_translate_v01__L2__C4_D8__r02_s28102,scene_translate_v01,TRANSLATE,C4,D8,28102,0.630291534,True,True,True
v1__scene_translate_v01__L2__C4_D8__r03_s28103,scene_translate_v01,TRANSLATE,C4,D8,28103,0.630291534,True,False,False
v1__scene_translate_v01__L2__C4_D8__r04_s28104,scene_translate_v01,TRANSLATE,C4,D8,28104,0.630291534,True,True,True
v1__scene_translate_v01__L2__C4_D8__r05_s28105,scene_translate_v01,TRANSLATE,C4,D8,28105,0.630291534,True,True,True
v1__scene_translate_v01__L2__C5_D4__r01_s28101,scene_translate_v01,TRANSLATE,C5,D4,28101,0.630291534,True,True,True
v1__scene_translate_v01__L2__C5_D4__r02_s28102,scene_translate_v01,TRANSLATE,C5,D4,28102,0.630291534,True,True,True
v1__scene_translate_v01__L2__C5_D4__r03_s28103,scene_translate_v01,TRANSLATE,C5,D4,28103,0.630291534,True,True,True
v1__scene_translate_v01__L2__C5_D4__r04_s28104,scene_translate_v01,TRANSLATE,C5,D4,28104,0.630291534,True,True,True
v1__scene_translate_v01__L2__C5_D4__r05_s28105,scene_translate_v01,TRANSLATE,C5,D4,28105,0.630291534,True,True,True
v1__scene_translate_v01__L2__C5_D8__r01_s28101,scene_translate_v01,TRANSLATE,C5,D8,28101,0.630291534,True,True,True
v1__scene_translate_v01__L2__C5_D8__r02_s28102,scene_translate_v01,TRANSLATE,C5,D8,28102,0.630291534,True,True,True
v1__scene_translate_v01__L2__C5_D8__r03_s28103,scene_translate_v01,TRANSLATE,C5,D8,28103,0.630291534,True,False,False
v1__scene_translate_v01__L2__C5_D8__r04_s28104,scene_translate_v01,TRANSLATE,C5,D8,28104,0.630291534,True,True,True
v1__scene_translate_v01__L2__C5_D8__r05_s28105,scene_translate_v01,TRANSLATE,C5,D8,28105,0.630291534,True,True,True
v1__scene_translate_v01__L2__C6_D4__r01_s28101,scene_translate_v01,TRANSLATE,C6,D4,28101,0.630291534,True,True,True
v1__scene_translate_v01__L2__C6_D4__r02_s28102,scene_translate_v01,TRANSLATE,C6,D4,28102,0.630291534,True,True,True
v1__scene_translate_v01__L2__C6_D4__r03_s28103,scene_translate_v01,TRANSLATE,C6,D4,28103,0.630291534,True,True,True
v1__scene_translate_v01__L2__C6_D4__r04_s28104,scene_translate_v01,TRANSLATE,C6,D4,28104,0.630291534,True,True,True
v1__scene_translate_v01__L2__C6_D4__r05_s28105,scene_translate_v01,TRANSLATE,C6,D4,28105,0.630291534,True,True,True
v1__scene_translate_v01__L2__C6_D8__r01_s28101,scene_translate_v01,TRANSLATE,C6,D8,28101,0.630291534,True,True,True
v1__scene_translate_v01__L2__C6_D8__r02_s28102,scene_translate_v01,TRANSLATE,C6,D8,28102,0.630291534,True,True,True
v1__scene_translate_v01__L2__C6_D8__r03_s28103,scene_translate_v01,TRANSLATE,C6,D8,28103,0.630291534,True,True,True
v1__scene_translate_v01__L2__C6_D8__r04_s28104,scene_translate_v01,TRANSLATE,C6,D8,28104,0.630291534,True,True,True
v1__scene_translate_v01__L2__C6_D8__r05_s28105,scene_translate_v01,TRANSLATE,C6,D8,28105,0.630291534,True,True,True
v1__scene_translate_v02__L2__C0_NA__r01_s28101,scene_translate_v02,TRANSLATE,C0,,28101,0.230800612,True,False,False
v1__scene_translate_v02__L2__C0_NA__r02_s28102,scene_translate_v02,TRANSLATE,C0,,28102,0.230800612,True,False,False
v1__scene_translate_v02__L2__C0_NA__r03_s28103,scene_translate_v02,TRANSLATE,C0,,28103,0.230800612,True,False,False
v1__scene_translate_v02__L2__C0_NA__r04_s28104,scene_translate_v02,TRANSLATE,C0,,28104,0.230800612,True,False,False
v1__scene_translate_v02__L2__C0_NA__r05_s28105,scene_translate_v02,TRANSLATE,C0,,28105,0.230800612,True,False,False
v1__scene_translate_v02__L2__C1_NA__r01_s28101,scene_translate_v02,TRANSLATE,C1,,28101,0.230800612,True,False,False
v1__scene_translate_v02__L2__C1_NA__r02_s28102,scene_translate_v02,TRANSLATE,C1,,28102,0.230800612,True,False,False
v1__scene_translate_v02__L2__C1_NA__r03_s28103,scene_translate_v02,TRANSLATE,C1,,28103,0.230800612,True,False,False
v1__scene_translate_v02__L2__C1_NA__r04_s28104,scene_translate_v02,TRANSLATE,C1,,28104,0.230800612,True,False,False
v1__scene_translate_v02__L2__C1_NA__r05_s28105,scene_translate_v02,TRANSLATE,C1,,28105,0.230800612,True,False,False
v1__scene_translate_v02__L2__C2_D4__r01_s28101,scene_translate_v02,TRANSLATE,C2,D4,28101,0.230800612,True,True,True
v1__scene_translate_v02__L2__C2_D4__r02_s28102,scene_translate_v02,TRANSLATE,C2,D4,28102,0.230800612,True,False,False
v1__scene_translate_v02__L2__C2_D4__r03_s28103,scene_translate_v02,TRANSLATE,C2,D4,28103,0.230800612,True,False,False
v1__scene_translate_v02__L2__C2_D4__r04_s28104,scene_translate_v02,TRANSLATE,C2,D4,28104,0.230800612,True,False,False
v1__scene_translate_v02__L2__C2_D4__r05_s28105,scene_translate_v02,TRANSLATE,C2,D4,28105,0.230800612,True,False,False
v1__scene_translate_v02__L2__C2_D8__r01_s28101,scene_translate_v02,TRANSLATE,C2,D8,28101,0.230800612,True,False,False
v1__scene_translate_v02__L2__C2_D8__r02_s28102,scene_translate_v02,TRANSLATE,C2,D8,28102,0.230800612,True,False,False
v1__scene_translate_v02__L2__C2_D8__r03_s28103,scene_translate_v02,TRANSLATE,C2,D8,28103,0.230800612,True,False,False
v1__scene_translate_v02__L2__C2_D8__r04_s28104,scene_translate_v02,TRANSLATE,C2,D8,28104,0.230800612,True,False,False
v1__scene_translate_v02__L2__C2_D8__r05_s28105,scene_translate_v02,TRANSLATE,C2,D8,28105,0.230800612,True,False,False
v1__scene_translate_v02__L2__C3_D4__r01_s28101,scene_translate_v02,TRANSLATE,C3,D4,28101,0.230800612,True,True,True
v1__scene_translate_v02__L2__C3_D4__r02_s28102,scene_translate_v02,TRANSLATE,C3,D4,28102,0.230800612,True,False,False
v1__scene_translate_v02__L2__C3_D4__r03_s28103,scene_translate_v02,TRANSLATE,C3,D4,28103,0.230800612,True,False,False
v1__scene_translate_v02__L2__C3_D4__r04_s28104,scene_translate_v02,TRANSLATE,C3,D4,28104,0.230800612,True,True,True
v1__scene_translate_v02__L2__C3_D4__r05_s28105,scene_translate_v02,TRANSLATE,C3,D4,28105,0.230800612,True,False,False
v1__scene_translate_v02__L2__C3_D8__r01_s28101,scene_translate_v02,TRANSLATE,C3,D8,28101,0.230800612,True,False,False
v1__scene_translate_v02__L2__C3_D8__r02_s28102,scene_translate_v02,TRANSLATE,C3,D8,28102,0.230800612,True,False,False
v1__scene_translate_v02__L2__C3_D8__r03_s28103,scene_translate_v02,TRANSLATE,C3,D8,28103,0.230800612,True,False,False
v1__scene_translate_v02__L2__C3_D8__r04_s28104,scene_translate_v02,TRANSLATE,C3,D8,28104,0.230800612,True,False,False
v1__scene_translate_v02__L2__C3_D8__r05_s28105,scene_translate_v02,TRANSLATE,C3,D8,28105,0.230800612,True,False,False
v1__scene_translate_v02__L2__C4_D4__r01_s28101,scene_translate_v02,TRANSLATE,C4,D4,28101,0.230800612,True,False,False
v1__scene_translate_v02__L2__C4_D4__r02_s28102,scene_translate_v02,TRANSLATE,C4,D4,28102,0.230800612,True,False,False
v1__scene_translate_v02__L2__C4_D4__r03_s28103,scene_translate_v02,TRANSLATE,C4,D4,28103,0.230800612,True,False,False
v1__scene_translate_v02__L2__C4_D4__r04_s28104,scene_translate_v02,TRANSLATE,C4,D4,28104,0.230800612,True,False,False
v1__scene_translate_v02__L2__C4_D4__r05_s28105,scene_translate_v02,TRANSLATE,C4,D4,28105,0.230800612,True,False,False
v1__scene_translate_v02__L2__C4_D8__r01_s28101,scene_translate_v02,TRANSLATE,C4,D8,28101,0.230800612,True,False,False
v1__scene_translate_v02__L2__C4_D8__r02_s28102,scene_translate_v02,TRANSLATE,C4,D8,28102,0.230800612,True,False,False
v1__scene_translate_v02__L2__C4_D8__r03_s28103,scene_translate_v02,TRANSLATE,C4,D8,28103,0.230800612,True,False,False
v1__scene_translate_v02__L2__C4_D8__r04_s28104,scene_translate_v02,TRANSLATE,C4,D8,28104,0.230800612,True,False,False
v1__scene_translate_v02__L2__C4_D8__r05_s28105,scene_translate_v02,TRANSLATE,C4,D8,28105,0.230800612,True,False,False
v1__scene_translate_v02__L2__C5_D4__r01_s28101,scene_translate_v02,TRANSLATE,C5,D4,28101,0.230800612,True,False,False
v1__scene_translate_v02__L2__C5_D4__r02_s28102,scene_translate_v02,TRANSLATE,C5,D4,28102,0.230800612,True,False,False
v1__scene_translate_v02__L2__C5_D4__r03_s28103,scene_translate_v02,TRANSLATE,C5,D4,28103,0.230800612,True,False,False
v1__scene_translate_v02__L2__C5_D4__r04_s28104,scene_translate_v02,TRANSLATE,C5,D4,28104,0.230800612,True,False,False
v1__scene_translate_v02__L2__C5_D4__r05_s28105,scene_translate_v02,TRANSLATE,C5,D4,28105,0.230800612,True,False,False
v1__scene_translate_v02__L2__C5_D8__r01_s28101,scene_translate_v02,TRANSLATE,C5,D8,28101,0.230800612,True,False,False
v1__scene_translate_v02__L2__C5_D8__r02_s28102,scene_translate_v02,TRANSLATE,C5,D8,28102,0.230800612,True,False,False
v1__scene_translate_v02__L2__C5_D8__r03_s28103,scene_translate_v02,TRANSLATE,C5,D8,28103,0.230800612,True,False,False
v1__scene_translate_v02__L2__C5_D8__r04_s28104,scene_translate_v02,TRANSLATE,C5,D8,28104,0.230800612,True,False,False
v1__scene_translate_v02__L2__C5_D8__r05_s28105,scene_translate_v02,TRANSLATE,C5,D8,28105,0.230800612,True,False,False
v1__scene_translate_v02__L2__C6_D4__r01_s28101,scene_translate_v02,TRANSLATE,C6,D4,28101,0.230800612,True,False,False
v1__scene_translate_v02__L2__C6_D4__r02_s28102,scene_translate_v02,TRANSLATE,C6,D4,28102,0.230800612,True,False,False
v1__scene_translate_v02__L2__C6_D4__r03_s28103,scene_translate_v02,TRANSLATE,C6,D4,28103,0.230800612,True,False,False
v1__scene_translate_v02__L2__C6_D4__r04_s28104,scene_translate_v02,TRANSLATE,C6,D4,28104,0.230800612,True,False,False
v1__scene_translate_v02__L2__C6_D4__r05_s28105,scene_translate_v02,TRANSLATE,C6,D4,28105,0.230800612,True,False,False
v1__scene_translate_v02__L2__C6_D8__r01_s28101,scene_translate_v02,TRANSLATE,C6,D8,28101,0.230800612,True,False,False
v1__scene_translate_v02__L2__C6_D8__r02_s28102,scene_translate_v02,TRANSLATE,C6,D8,28102,0.230800612,True,False,False
v1__scene_translate_v02__L2__C6_D8__r03_s28103,scene_translate_v02,TRANSLATE,C6,D8,28103,0.230800612,True,False,False
v1__scene_translate_v02__L2__C6_D8__r04_s28104,scene_translate_v02,TRANSLATE,C6,D8,28104,0.230800612,True,False,False
v1__scene_translate_v02__L2__C6_D8__r05_s28105,scene_translate_v02,TRANSLATE,C6,D8,28105,0.230800612,True,False,False
v1__scene_translate_v03__L2__C0_NA__r01_s28101,scene_translate_v03,TRANSLATE,C0,,28101,0.464483846,True,False,False
v1__scene_translate_v03__L2__C0_NA__r02_s28102,scene_translate_v03,TRANSLATE,C0,,28102,0.464483846,True,False,False
v1__scene_translate_v03__L2__C0_NA__r03_s28103,scene_translate_v03,TRANSLATE,C0,,28103,0.464483846,True,False,False
v1__scene_translate_v03__L2__C0_NA__r04_s28104,scene_translate_v03,TRANSLATE,C0,,28104,0.464483846,True,False,False
v1__scene_translate_v03__L2__C0_NA__r05_s28105,scene_translate_v03,TRANSLATE,C0,,28105,0.464483846,True,False,False
v1__scene_translate_v03__L2__C1_NA__r01_s28101,scene_translate_v03,TRANSLATE,C1,,28101,0.464483846,True,False,False
v1__scene_translate_v03__L2__C1_NA__r02_s28102,scene_translate_v03,TRANSLATE,C1,,28102,0.464483846,True,False,False
v1__scene_translate_v03__L2__C1_NA__r03_s28103,scene_translate_v03,TRANSLATE,C1,,28103,0.464483846,True,False,False
v1__scene_translate_v03__L2__C1_NA__r04_s28104,scene_translate_v03,TRANSLATE,C1,,28104,0.464483846,True,False,False
v1__scene_translate_v03__L2__C1_NA__r05_s28105,scene_translate_v03,TRANSLATE,C1,,28105,0.464483846,True,False,False
v1__scene_translate_v03__L2__C2_D4__r01_s28101,scene_translate_v03,TRANSLATE,C2,D4,28101,0.464483846,True,False,False
v1__scene_translate_v03__L2__C2_D4__r02_s28102,scene_translate_v03,TRANSLATE,C2,D4,28102,0.464483846,True,False,False
v1__scene_translate_v03__L2__C2_D4__r03_s28103,scene_translate_v03,TRANSLATE,C2,D4,28103,0.464483846,True,False,False
v1__scene_translate_v03__L2__C2_D4__r04_s28104,scene_translate_v03,TRANSLATE,C2,D4,28104,0.464483846,True,False,False
v1__scene_translate_v03__L2__C2_D4__r05_s28105,scene_translate_v03,TRANSLATE,C2,D4,28105,0.464483846,True,False,False
v1__scene_translate_v03__L2__C2_D8__r01_s28101,scene_translate_v03,TRANSLATE,C2,D8,28101,0.464483846,True,False,False
v1__scene_translate_v03__L2__C2_D8__r02_s28102,scene_translate_v03,TRANSLATE,C2,D8,28102,0.464483846,True,False,False
v1__scene_translate_v03__L2__C2_D8__r03_s28103,scene_translate_v03,TRANSLATE,C2,D8,28103,0.464483846,True,False,False
v1__scene_translate_v03__L2__C2_D8__r04_s28104,scene_translate_v03,TRANSLATE,C2,D8,28104,0.464483846,True,False,False
v1__scene_translate_v03__L2__C2_D8__r05_s28105,scene_translate_v03,TRANSLATE,C2,D8,28105,0.464483846,True,False,False
v1__scene_translate_v03__L2__C3_D4__r01_s28101,scene_translate_v03,TRANSLATE,C3,D4,28101,0.464483846,True,False,False
v1__scene_translate_v03__L2__C3_D4__r02_s28102,scene_translate_v03,TRANSLATE,C3,D4,28102,0.464483846,True,False,False
v1__scene_translate_v03__L2__C3_D4__r03_s28103,scene_translate_v03,TRANSLATE,C3,D4,28103,0.464483846,True,False,False
v1__scene_translate_v03__L2__C3_D4__r04_s28104,scene_translate_v03,TRANSLATE,C3,D4,28104,0.464483846,True,False,False
v1__scene_translate_v03__L2__C3_D4__r05_s28105,scene_translate_v03,TRANSLATE,C3,D4,28105,0.464483846,True,False,False
v1__scene_translate_v03__L2__C3_D8__r01_s28101,scene_translate_v03,TRANSLATE,C3,D8,28101,0.464483846,True,False,False
v1__scene_translate_v03__L2__C3_D8__r02_s28102,scene_translate_v03,TRANSLATE,C3,D8,28102,0.464483846,True,False,False
v1__scene_translate_v03__L2__C3_D8__r03_s28103,scene_translate_v03,TRANSLATE,C3,D8,28103,0.464483846,True,False,False
v1__scene_translate_v03__L2__C3_D8__r04_s28104,scene_translate_v03,TRANSLATE,C3,D8,28104,0.464483846,True,False,False
v1__scene_translate_v03__L2__C3_D8__r05_s28105,scene_translate_v03,TRANSLATE,C3,D8,28105,0.464483846,True,False,False
v1__scene_translate_v03__L2__C4_D4__r01_s28101,scene_translate_v03,TRANSLATE,C4,D4,28101,0.464483846,True,False,False
v1__scene_translate_v03__L2__C4_D4__r02_s28102,scene_translate_v03,TRANSLATE,C4,D4,28102,0.464483846,True,False,False
v1__scene_translate_v03__L2__C4_D4__r03_s28103,scene_translate_v03,TRANSLATE,C4,D4,28103,0.464483846,True,False,False
v1__scene_translate_v03__L2__C4_D4__r04_s28104,scene_translate_v03,TRANSLATE,C4,D4,28104,0.464483846,True,False,False
v1__scene_translate_v03__L2__C4_D4__r05_s28105,scene_translate_v03,TRANSLATE,C4,D4,28105,0.464483846,True,False,False
v1__scene_translate_v03__L2__C4_D8__r01_s28101,scene_translate_v03,TRANSLATE,C4,D8,28101,0.464483846,True,False,False
v1__scene_translate_v03__L2__C4_D8__r02_s28102,scene_translate_v03,TRANSLATE,C4,D8,28102,0.464483846,True,False,False
v1__scene_translate_v03__L2__C4_D8__r03_s28103,scene_translate_v03,TRANSLATE,C4,D8,28103,0.464483846,True,False,False
v1__scene_translate_v03__L2__C4_D8__r04_s28104,scene_translate_v03,TRANSLATE,C4,D8,28104,0.464483846,True,False,False
v1__scene_translate_v03__L2__C4_D8__r05_s28105,scene_translate_v03,TRANSLATE,C4,D8,28105,0.464483846,True,False,False
v1__scene_translate_v03__L2__C5_D4__r01_s28101,scene_translate_v03,TRANSLATE,C5,D4,28101,0.464483846,True,False,False
v1__scene_translate_v03__L2__C5_D4__r02_s28102,scene_translate_v03,TRANSLATE,C5,D4,28102,0.464483846,True,False,False
v1__scene_translate_v03__L2__C5_D4__r03_s28103,scene_translate_v03,TRANSLATE,C5,D4,28103,0.464483846,True,False,False
v1__scene_translate_v03__L2__C5_D4__r04_s28104,scene_translate_v03,TRANSLATE,C5,D4,28104,0.464483846,True,False,False
v1__scene_translate_v03__L2__C5_D4__r05_s28105,scene_translate_v03,TRANSLATE,C5,D4,28105,0.464483846,True,False,False
v1__scene_translate_v03__L2__C5_D8__r01_s28101,scene_translate_v03,TRANSLATE,C5,D8,28101,0.464483846,True,False,False
v1__scene_translate_v03__L2__C5_D8__r02_s28102,scene_translate_v03,TRANSLATE,C5,D8,28102,0.464483846,True,False,False
v1__scene_translate_v03__L2__C5_D8__r03_s28103,scene_translate_v03,TRANSLATE,C5,D8,28103,0.464483846,True,False,False
v1__scene_translate_v03__L2__C5_D8__r04_s28104,scene_translate_v03,TRANSLATE,C5,D8,28104,0.464483846,True,False,False
v1__scene_translate_v03__L2__C5_D8__r05_s28105,scene_translate_v03,TRANSLATE,C5,D8,28105,0.464483846,True,False,False
v1__scene_translate_v03__L2__C6_D4__r01_s28101,scene_translate_v03,TRANSLATE,C6,D4,28101,0.464483846,True,False,False
v1__scene_translate_v03__L2__C6_D4__r02_s28102,scene_translate_v03,TRANSLATE,C6,D4,28102,0.464483846,True,False,False
v1__scene_translate_v03__L2__C6_D4__r03_s28103,scene_translate_v03,TRANSLATE,C6,D4,28103,0.464483846,True,False,False
v1__scene_translate_v03__L2__C6_D4__r04_s28104,scene_translate_v03,TRANSLATE,C6,D4,28104,0.464483846,True,False,False
v1__scene_translate_v03__L2__C6_D4__r05_s28105,scene_translate_v03,TRANSLATE,C6,D4,28105,0.464483846,True,False,False
v1__scene_translate_v03__L2__C6_D8__r01_s28101,scene_translate_v03,TRANSLATE,C6,D8,28101,0.464483846,True,False,False
v1__scene_translate_v03__L2__C6_D8__r02_s28102,scene_translate_v03,TRANSLATE,C6,D8,28102,0.464483846,True,False,False
v1__scene_translate_v03__L2__C6_D8__r03_s28103,scene_translate_v03,TRANSLATE,C6,D8,28103,0.464483846,True,False,False
v1__scene_translate_v03__L2__C6_D8__r04_s28104,scene_translate_v03,TRANSLATE,C6,D8,28104,0.464483846,True,False,False
v1__scene_translate_v03__L2__C6_D8__r05_s28105,scene_translate_v03,TRANSLATE,C6,D8,28105,0.464483846,True,False,False
v1__scene_translate_v04__L2__C0_NA__r01_s28101,scene_translate_v04,TRANSLATE,C0,,28101,0.572727273,True,True,True
v1__scene_translate_v04__L2__C0_NA__r02_s28102,scene_translate_v04,TRANSLATE,C0,,28102,0.572727273,True,False,False
v1__scene_translate_v04__L2__C0_NA__r03_s28103,scene_translate_v04,TRANSLATE,C0,,28103,0.572727273,True,False,False
v1__scene_translate_v04__L2__C0_NA__r04_s28104,scene_translate_v04,TRANSLATE,C0,,28104,0.572727273,True,True,True
v1__scene_translate_v04__L2__C0_NA__r05_s28105,scene_translate_v04,TRANSLATE,C0,,28105,0.572727273,True,False,False
v1__scene_translate_v04__L2__C1_NA__r01_s28101,scene_translate_v04,TRANSLATE,C1,,28101,0.572727273,True,True,True
v1__scene_translate_v04__L2__C1_NA__r02_s28102,scene_translate_v04,TRANSLATE,C1,,28102,0.572727273,True,False,False
v1__scene_translate_v04__L2__C1_NA__r03_s28103,scene_translate_v04,TRANSLATE,C1,,28103,0.572727273,True,False,False
v1__scene_translate_v04__L2__C1_NA__r04_s28104,scene_translate_v04,TRANSLATE,C1,,28104,0.572727273,True,True,True
v1__scene_translate_v04__L2__C1_NA__r05_s28105,scene_translate_v04,TRANSLATE,C1,,28105,0.572727273,True,False,False
v1__scene_translate_v04__L2__C2_D4__r01_s28101,scene_translate_v04,TRANSLATE,C2,D4,28101,0.572727273,True,True,True
v1__scene_translate_v04__L2__C2_D4__r02_s28102,scene_translate_v04,TRANSLATE,C2,D4,28102,0.572727273,True,True,True
v1__scene_translate_v04__L2__C2_D4__r03_s28103,scene_translate_v04,TRANSLATE,C2,D4,28103,0.572727273,True,True,True
v1__scene_translate_v04__L2__C2_D4__r04_s28104,scene_translate_v04,TRANSLATE,C2,D4,28104,0.572727273,True,True,True
v1__scene_translate_v04__L2__C2_D4__r05_s28105,scene_translate_v04,TRANSLATE,C2,D4,28105,0.572727273,True,True,True
v1__scene_translate_v04__L2__C2_D8__r01_s28101,scene_translate_v04,TRANSLATE,C2,D8,28101,0.572727273,True,True,True
v1__scene_translate_v04__L2__C2_D8__r02_s28102,scene_translate_v04,TRANSLATE,C2,D8,28102,0.572727273,True,True,True
v1__scene_translate_v04__L2__C2_D8__r03_s28103,scene_translate_v04,TRANSLATE,C2,D8,28103,0.572727273,True,True,True
v1__scene_translate_v04__L2__C2_D8__r04_s28104,scene_translate_v04,TRANSLATE,C2,D8,28104,0.572727273,True,True,True
v1__scene_translate_v04__L2__C2_D8__r05_s28105,scene_translate_v04,TRANSLATE,C2,D8,28105,0.572727273,True,True,True
v1__scene_translate_v04__L2__C3_D4__r01_s28101,scene_translate_v04,TRANSLATE,C3,D4,28101,0.572727273,True,True,True
v1__scene_translate_v04__L2__C3_D4__r02_s28102,scene_translate_v04,TRANSLATE,C3,D4,28102,0.572727273,True,False,False
v1__scene_translate_v04__L2__C3_D4__r03_s28103,scene_translate_v04,TRANSLATE,C3,D4,28103,0.572727273,True,False,False
v1__scene_translate_v04__L2__C3_D4__r04_s28104,scene_translate_v04,TRANSLATE,C3,D4,28104,0.572727273,True,True,True
v1__scene_translate_v04__L2__C3_D4__r05_s28105,scene_translate_v04,TRANSLATE,C3,D4,28105,0.572727273,True,True,True
v1__scene_translate_v04__L2__C3_D8__r01_s28101,scene_translate_v04,TRANSLATE,C3,D8,28101,0.572727273,True,True,True
v1__scene_translate_v04__L2__C3_D8__r02_s28102,scene_translate_v04,TRANSLATE,C3,D8,28102,0.572727273,True,True,True
v1__scene_translate_v04__L2__C3_D8__r03_s28103,scene_translate_v04,TRANSLATE,C3,D8,28103,0.572727273,True,False,False
v1__scene_translate_v04__L2__C3_D8__r04_s28104,scene_translate_v04,TRANSLATE,C3,D8,28104,0.572727273,True,True,True
v1__scene_translate_v04__L2__C3_D8__r05_s28105,scene_translate_v04,TRANSLATE,C3,D8,28105,0.572727273,True,False,False
v1__scene_translate_v04__L2__C4_D4__r01_s28101,scene_translate_v04,TRANSLATE,C4,D4,28101,0.572727273,True,True,True
v1__scene_translate_v04__L2__C4_D4__r02_s28102,scene_translate_v04,TRANSLATE,C4,D4,28102,0.572727273,True,False,False
v1__scene_translate_v04__L2__C4_D4__r03_s28103,scene_translate_v04,TRANSLATE,C4,D4,28103,0.572727273,True,False,False
v1__scene_translate_v04__L2__C4_D4__r04_s28104,scene_translate_v04,TRANSLATE,C4,D4,28104,0.572727273,True,True,True
v1__scene_translate_v04__L2__C4_D4__r05_s28105,scene_translate_v04,TRANSLATE,C4,D4,28105,0.572727273,True,False,False
v1__scene_translate_v04__L2__C4_D8__r01_s28101,scene_translate_v04,TRANSLATE,C4,D8,28101,0.572727273,True,False,False
v1__scene_translate_v04__L2__C4_D8__r02_s28102,scene_translate_v04,TRANSLATE,C4,D8,28102,0.572727273,True,False,False
v1__scene_translate_v04__L2__C4_D8__r03_s28103,scene_translate_v04,TRANSLATE,C4,D8,28103,0.572727273,True,False,False
v1__scene_translate_v04__L2__C4_D8__r04_s28104,scene_translate_v04,TRANSLATE,C4,D8,28104,0.572727273,True,False,False
v1__scene_translate_v04__L2__C4_D8__r05_s28105,scene_translate_v04,TRANSLATE,C4,D8,28105,0.572727273,True,False,False
v1__scene_translate_v04__L2__C5_D4__r01_s28101,scene_translate_v04,TRANSLATE,C5,D4,28101,0.572727273,True,True,True
v1__scene_translate_v04__L2__C5_D4__r02_s28102,scene_translate_v04,TRANSLATE,C5,D4,28102,0.572727273,True,False,False
v1__scene_translate_v04__L2__C5_D4__r03_s28103,scene_translate_v04,TRANSLATE,C5,D4,28103,0.572727273,True,False,False
v1__scene_translate_v04__L2__C5_D4__r04_s28104,scene_translate_v04,TRANSLATE,C5,D4,28104,0.572727273,True,True,True
v1__scene_translate_v04__L2__C5_D4__r05_s28105,scene_translate_v04,TRANSLATE,C5,D4,28105,0.572727273,True,False,False
v1__scene_translate_v04__L2__C5_D8__r01_s28101,scene_translate_v04,TRANSLATE,C5,D8,28101,0.572727273,True,True,True
v1__scene_translate_v04__L2__C5_D8__r02_s28102,scene_translate_v04,TRANSLATE,C5,D8,28102,0.572727273,True,True,True
v1__scene_translate_v04__L2__C5_D8__r03_s28103,scene_translate_v04,TRANSLATE,C5,D8,28103,0.572727273,True,False,False
v1__scene_translate_v04__L2__C5_D8__r04_s28104,scene_translate_v04,TRANSLATE,C5,D8,28104,0.572727273,True,True,True
v1__scene_translate_v04__L2__C5_D8__r05_s28105,scene_translate_v04,TRANSLATE,C5,D8,28105,0.572727273,True,True,True
v1__scene_translate_v04__L2__C6_D4__r01_s28101,scene_translate_v04,TRANSLATE,C6,D4,28101,0.572727273,True,True,True
v1__scene_translate_v04__L2__C6_D4__r02_s28102,scene_translate_v04,TRANSLATE,C6,D4,28102,0.572727273,True,True,True
v1__scene_translate_v04__L2__C6_D4__r03_s28103,scene_translate_v04,TRANSLATE,C6,D4,28103,0.572727273,True,True,True
v1__scene_translate_v04__L2__C6_D4__r04_s28104,scene_translate_v04,TRANSLATE,C6,D4,28104,0.572727273,True,True,True
v1__scene_translate_v04__L2__C6_D4__r05_s28105,scene_translate_v04,TRANSLATE,C6,D4,28105,0.572727273,True,True,True
v1__scene_translate_v04__L2__C6_D8__r01_s28101,scene_translate_v04,TRANSLATE,C6,D8,28101,0.572727273,True,True,True
v1__scene_translate_v04__L2__C6_D8__r02_s28102,scene_translate_v04,TRANSLATE,C6,D8,28102,0.572727273,True,True,True
v1__scene_translate_v04__L2__C6_D8__r03_s28103,scene_translate_v04,TRANSLATE,C6,D8,28103,0.572727273,True,False,False
v1__scene_translate_v04__L2__C6_D8__r04_s28104,scene_translate_v04,TRANSLATE,C6,D8,28104,0.572727273,True,True,True
v1__scene_translate_v04__L2__C6_D8__r05_s28105,scene_translate_v04,TRANSLATE,C6,D8,28105,0.572727273,True,True,True
v1__scene_translate_v05__L2__C0_NA__r01_s28101,scene_translate_v05,TRANSLATE,C0,,28101,0.524458386,True,True,True
v1__scene_translate_v05__L2__C0_NA__r02_s28102,scene_translate_v05,TRANSLATE,C0,,28102,0.524458386,True,True,True
v1__scene_translate_v05__L2__C0_NA__r03_s28103,scene_translate_v05,TRANSLATE,C0,,28103,0.524458386,True,True,True
v1__scene_translate_v05__L2__C0_NA__r04_s28104,scene_translate_v05,TRANSLATE,C0,,28104,0.524458386,True,True,True
v1__scene_translate_v05__L2__C0_NA__r05_s28105,scene_translate_v05,TRANSLATE,C0,,28105,0.524458386,True,True,True
v1__scene_translate_v05__L2__C1_NA__r01_s28101,scene_translate_v05,TRANSLATE,C1,,28101,0.524458386,True,False,False
v1__scene_translate_v05__L2__C1_NA__r02_s28102,scene_translate_v05,TRANSLATE,C1,,28102,0.524458386,True,False,False
v1__scene_translate_v05__L2__C1_NA__r03_s28103,scene_translate_v05,TRANSLATE,C1,,28103,0.524458386,True,False,False
v1__scene_translate_v05__L2__C1_NA__r04_s28104,scene_translate_v05,TRANSLATE,C1,,28104,0.524458386,True,False,False
v1__scene_translate_v05__L2__C1_NA__r05_s28105,scene_translate_v05,TRANSLATE,C1,,28105,0.524458386,True,False,False
v1__scene_translate_v05__L2__C2_D4__r01_s28101,scene_translate_v05,TRANSLATE,C2,D4,28101,0.524458386,True,False,False
v1__scene_translate_v05__L2__C2_D4__r02_s28102,scene_translate_v05,TRANSLATE,C2,D4,28102,0.524458386,True,False,False
v1__scene_translate_v05__L2__C2_D4__r03_s28103,scene_translate_v05,TRANSLATE,C2,D4,28103,0.524458386,True,False,False
v1__scene_translate_v05__L2__C2_D4__r04_s28104,scene_translate_v05,TRANSLATE,C2,D4,28104,0.524458386,True,False,False
v1__scene_translate_v05__L2__C2_D4__r05_s28105,scene_translate_v05,TRANSLATE,C2,D4,28105,0.524458386,True,False,False
v1__scene_translate_v05__L2__C2_D8__r01_s28101,scene_translate_v05,TRANSLATE,C2,D8,28101,0.524458386,True,False,False
v1__scene_translate_v05__L2__C2_D8__r02_s28102,scene_translate_v05,TRANSLATE,C2,D8,28102,0.524458386,True,False,False
v1__scene_translate_v05__L2__C2_D8__r03_s28103,scene_translate_v05,TRANSLATE,C2,D8,28103,0.524458386,True,False,False
v1__scene_translate_v05__L2__C2_D8__r04_s28104,scene_translate_v05,TRANSLATE,C2,D8,28104,0.524458386,True,False,False
v1__scene_translate_v05__L2__C2_D8__r05_s28105,scene_translate_v05,TRANSLATE,C2,D8,28105,0.524458386,True,False,False
v1__scene_translate_v05__L2__C3_D4__r01_s28101,scene_translate_v05,TRANSLATE,C3,D4,28101,0.524458386,True,False,False
v1__scene_translate_v05__L2__C3_D4__r02_s28102,scene_translate_v05,TRANSLATE,C3,D4,28102,0.524458386,True,False,False
v1__scene_translate_v05__L2__C3_D4__r03_s28103,scene_translate_v05,TRANSLATE,C3,D4,28103,0.524458386,True,False,False
v1__scene_translate_v05__L2__C3_D4__r04_s28104,scene_translate_v05,TRANSLATE,C3,D4,28104,0.524458386,True,False,False
v1__scene_translate_v05__L2__C3_D4__r05_s28105,scene_translate_v05,TRANSLATE,C3,D4,28105,0.524458386,True,False,False
v1__scene_translate_v05__L2__C3_D8__r01_s28101,scene_translate_v05,TRANSLATE,C3,D8,28101,0.524458386,True,False,False
v1__scene_translate_v05__L2__C3_D8__r02_s28102,scene_translate_v05,TRANSLATE,C3,D8,28102,0.524458386,True,False,False
v1__scene_translate_v05__L2__C3_D8__r03_s28103,scene_translate_v05,TRANSLATE,C3,D8,28103,0.524458386,True,False,False
v1__scene_translate_v05__L2__C3_D8__r04_s28104,scene_translate_v05,TRANSLATE,C3,D8,28104,0.524458386,True,False,False
v1__scene_translate_v05__L2__C3_D8__r05_s28105,scene_translate_v05,TRANSLATE,C3,D8,28105,0.524458386,True,False,False
v1__scene_translate_v05__L2__C4_D4__r01_s28101,scene_translate_v05,TRANSLATE,C4,D4,28101,0.524458386,True,False,False
v1__scene_translate_v05__L2__C4_D4__r02_s28102,scene_translate_v05,TRANSLATE,C4,D4,28102,0.524458386,True,False,False
v1__scene_translate_v05__L2__C4_D4__r03_s28103,scene_translate_v05,TRANSLATE,C4,D4,28103,0.524458386,True,False,False
v1__scene_translate_v05__L2__C4_D4__r04_s28104,scene_translate_v05,TRANSLATE,C4,D4,28104,0.524458386,True,False,False
v1__scene_translate_v05__L2__C4_D4__r05_s28105,scene_translate_v05,TRANSLATE,C4,D4,28105,0.524458386,True,False,False
v1__scene_translate_v05__L2__C4_D8__r01_s28101,scene_translate_v05,TRANSLATE,C4,D8,28101,0.524458386,True,False,False
v1__scene_translate_v05__L2__C4_D8__r02_s28102,scene_translate_v05,TRANSLATE,C4,D8,28102,0.524458386,True,False,False
v1__scene_translate_v05__L2__C4_D8__r03_s28103,scene_translate_v05,TRANSLATE,C4,D8,28103,0.524458386,True,False,False
v1__scene_translate_v05__L2__C4_D8__r04_s28104,scene_translate_v05,TRANSLATE,C4,D8,28104,0.524458386,True,False,False
v1__scene_translate_v05__L2__C4_D8__r05_s28105,scene_translate_v05,TRANSLATE,C4,D8,28105,0.524458386,True,False,False
v1__scene_translate_v05__L2__C5_D4__r01_s28101,scene_translate_v05,TRANSLATE,C5,D4,28101,0.524458386,True,False,False
v1__scene_translate_v05__L2__C5_D4__r02_s28102,scene_translate_v05,TRANSLATE,C5,D4,28102,0.524458386,True,False,False
v1__scene_translate_v05__L2__C5_D4__r03_s28103,scene_translate_v05,TRANSLATE,C5,D4,28103,0.524458386,True,False,False
v1__scene_translate_v05__L2__C5_D4__r04_s28104,scene_translate_v05,TRANSLATE,C5,D4,28104,0.524458386,True,False,False
v1__scene_translate_v05__L2__C5_D4__r05_s28105,scene_translate_v05,TRANSLATE,C5,D4,28105,0.524458386,True,False,False
v1__scene_translate_v05__L2__C5_D8__r01_s28101,scene_translate_v05,TRANSLATE,C5,D8,28101,0.524458386,True,False,False
v1__scene_translate_v05__L2__C5_D8__r02_s28102,scene_translate_v05,TRANSLATE,C5,D8,28102,0.524458386,True,False,False
v1__scene_translate_v05__L2__C5_D8__r03_s28103,scene_translate_v05,TRANSLATE,C5,D8,28103,0.524458386,True,False,False
v1__scene_translate_v05__L2__C5_D8__r04_s28104,scene_translate_v05,TRANSLATE,C5,D8,28104,0.524458386,True,False,False
v1__scene_translate_v05__L2__C5_D8__r05_s28105,scene_translate_v05,TRANSLATE,C5,D8,28105,0.524458386,True,False,False
v1__scene_translate_v05__L2__C6_D4__r01_s28101,scene_translate_v05,TRANSLATE,C6,D4,28101,0.524458386,True,True,True
v1__scene_translate_v05__L2__C6_D4__r02_s28102,scene_translate_v05,TRANSLATE,C6,D4,28102,0.524458386,True,False,False
v1__scene_translate_v05__L2__C6_D4__r03_s28103,scene_translate_v05,TRANSLATE,C6,D4,28103,0.524458386,True,False,False
v1__scene_translate_v05__L2__C6_D4__r04_s28104,scene_translate_v05,TRANSLATE,C6,D4,28104,0.524458386,True,True,True
v1__scene_translate_v05__L2__C6_D4__r05_s28105,scene_translate_v05,TRANSLATE,C6,D4,28105,0.524458386,True,False,False
v1__scene_translate_v05__L2__C6_D8__r01_s28101,scene_translate_v05,TRANSLATE,C6,D8,28101,0.524458386,True,False,False
v1__scene_translate_v05__L2__C6_D8__r02_s28102,scene_translate_v05,TRANSLATE,C6,D8,28102,0.524458386,True,False,False
v1__scene_translate_v05__L2__C6_D8__r03_s28103,scene_translate_v05,TRANSLATE,C6,D8,28103,0.524458386,True,False,False
v1__scene_translate_v05__L2__C6_D8__r04_s28104,scene_translate_v05,TRANSLATE,C6,D8,28104,0.524458386,True,False,False
v1__scene_translate_v05__L2__C6_D8__r05_s28105,scene_translate_v05,TRANSLATE,C6,D8,28105,0.524458386,True,False,False
